protocol,dataset_tag,model,svd_dim,split_seed,model_seed,impact_mean,detectability_feature_sharednorm_mean,detectability_standard_sharednorm_mean,detectability_label_marginal_sharednorm_mean,detectability_joint_outcome_sharednorm_mean,detectability_full_sharednorm_mean,stealth_standard_sharednorm_mean,stealth_full_sharednorm_mean,n_attacks,seed_unit,gate,max_train,max_test
id,id6292a46b,qsvc_pauli_xyz_r1,8,42,42,0.017362383919843596,0.2162951474369248,0.22399711035450187,0.07638740501592309,0.08389999839670262,0.1334784766757606,0.01467681505949844,0.015382703210940167,18,42|42,gate5a_id_unsw,128,128
id,id6292a46b,qsvc_pauli_xyz_r1,8,42,43,0.047720071644802825,0.19987416548650516,0.2034791848375312,0.09721925447629062,0.12091839934132992,0.14663156772812325,0.031507358151618856,0.0326156613190739,18,42|43,gate5a_id_unsw,128,128
id,id6292a46b,qsvc_pauli_xyz_r1,8,43,42,0.02761558316201603,0.19141238815043313,0.19205825830933365,0.08641535418570365,0.05004427985611614,0.1082986491717566,0.022638833497126528,0.023302366926724747,18,43|42,gate5a_id_unsw,128,128
id,id6292a46b,qsvc_pauli_xyz_r1,8,43,43,0.015341054554764227,0.19668292882599345,0.18930812242468512,0.09721925447629062,0.07846415361264408,0.12218106970132199,0.012892545028257072,0.01276413995965941,18,43|43,gate5a_id_unsw,128,128
id,id6292a46b,qsvc_pauli_xyz_r1,8,44,42,0.025216973808026663,0.20880337052007591,0.20685956295598237,0.11727515281585174,0.09854495930326948,0.1413375776338164,0.018637712907721052,0.019562930347038716,18,44|42,gate5a_id_unsw,128,128
id,id6292a46b,qsvc_pauli_xyz_r1,8,44,43,0.03271076481761964,0.1992042244238686,0.20639379638561392,0.09721925447629062,0.08503449192571745,0.131380559465784,0.02663220172747882,0.026462027199330825,18,44|43,gate5a_id_unsw,128,128
id,id6292a46b,qsvc_pauli_xyz_r1,8,45,42,0.01883411564405551,0.2053331750318027,0.20290479199999834,0.0920060883452081,0.06320089458807783,0.11923961978461807,0.01765392849431854,0.016938484438656934,18,45|42,gate5a_id_unsw,128,128
id,id6292a46b,qsvc_pauli_xyz_r1,8,45,43,0.02499173525767656,0.1993142160338011,0.20966891700459747,0.10220889783263903,0.17990951201981453,0.1766037294347946,0.019036028573980388,0.018290331399782454,18,45|43,gate5a_id_unsw,128,128
id,id6292a46b,qsvc_pauli_xyz_r1,8,46,42,0.029592003289919948,0.20574155553990217,0.2032412343122744,0.05555555555555555,0.08115337980969572,0.12089481340078977,0.024200057142121704,0.025505930932862568,18,46|42,gate5a_id_unsw,128,128
id,id6292a46b,qsvc_pauli_xyz_r1,8,46,43,0.024380102362293217,0.20374533075014828,0.22242345195456967,0.09875927420876114,0.12833972499668622,0.15717372556538473,0.017446023886294806,0.018052075880626888,18,46|43,gate5a_id_unsw,128,128
id,id6292a46b,qsvc_pauli_xyz_r1,10,42,42,0.03607818779189747,0.2215085854923094,0.2200130916807432,0.07638740501592309,0.1017058192853828,0.14012329756197572,0.02359409019708418,0.026264541861792945,18,42|42,gate5a_id_unsw,128,128
id,id6292a46b,qsvc_pauli_xyz_r1,10,42,43,0.050758912284449904,0.2036733361115717,0.2091854130006601,0.09721925447629062,0.12657167254448506,0.15127622942524063,0.03424437222152986,0.03553232017467734,18,42|43,gate5a_id_unsw,128,128
id,id6292a46b,qsvc_pauli_xyz_r1,10,43,42,0.03282391649534937,0.19293763642151773,0.19071767065923206,0.08641535418570365,0.04896759332629223,0.10732175978543607,0.026714247866060113,0.02746979655192982,18,43|42,gate5a_id_unsw,128,128
id,id6292a46b,qsvc_pauli_xyz_r1,10,43,43,0.01664313788809756,0.19056107358317065,0.18944229058173648,0.09721925447629062,0.034277950910144295,0.1021452205300226,0.014446352239003427,0.014568954730320608,18,43|43,gate5a_id_unsw,128,128
id,id6292a46b,qsvc_pauli_xyz_r1,10,44,42,0.02825516825247111,0.2024385532045983,0.20633948703377378,0.11727515281585174,0.1382832930159318,0.1592113380769507,0.0207140675004555,0.0209107149836608,18,44|42,gate5a_id_unsw,128,128
id,id6292a46b,qsvc_pauli_xyz_r1,10,44,43,0.037485070373175194,0.19784691391981227,0.19833540383689646,0.09721925447629062,0.0880200076666232,0.12980728751211665,0.030409931700551056,0.029971574942501966,18,44|43,gate5a_id_unsw,128,128
id,id6292a46b,qsvc_pauli_xyz_r1,10,45,42,0.018304841927323623,0.22328263867591142,0.21347777737466767,0.0920060883452081,0.040433100234792595,0.11273534430573179,0.016029142940636218,0.01623368422339405,18,45|42,gate5a_id_unsw,128,128
id,id6292a46b,qsvc_pauli_xyz_r1,10,45,43,0.026340984007353112,0.202343843782597,0.21837392278134912,0.10220889783263903,0.08446762687173032,0.1363865110135751,0.021270945800289418,0.02176530868647567,18,45|43,gate5a_id_unsw,128,128
id,id6292a46b,qsvc_pauli_xyz_r1,10,46,42,0.02437031525573192,0.19774982101526373,0.1995554480296503,0.05555555555555555,0.05981509246437133,0.10985530595923354,0.019772812506054657,0.021127191602072708,18,46|42,gate5a_id_unsw,128,128
id,id6292a46b,qsvc_pauli_xyz_r1,10,46,43,0.01791040562881961,0.2146502454891867,0.205550733336482,0.09875927420876114,0.07704089198674234,0.12772054015428747,0.013615789633556866,0.015031049714046995,18,46|43,gate5a_id_unsw,128,128
id,id6292a46b,qsvc_pauli_xyz_r1,12,42,42,0.03479010535462149,0.22312953295564825,0.22568807977728542,0.07638740501592309,0.11747691244721999,0.14935560830700798,0.021457390451478393,0.024059230665606737,18,42|42,gate5a_id_unsw,128,128
id,id6292a46b,qsvc_pauli_xyz_r1,12,42,43,0.05509854386702504,0.20694882894048192,0.2033324123849651,0.09721925447629062,0.13102243965872923,0.15117094152600796,0.03758811817257893,0.03821183066838316,18,42|43,gate5a_id_unsw,128,128
id,id6292a46b,qsvc_pauli_xyz_r1,12,43,42,0.031955860939793815,0.18654202313882245,0.19138249364577378,0.08641535418570365,0.05280598563811079,0.10930823737682331,0.026478733987405672,0.027038186681012828,18,43|42,gate5a_id_unsw,128,128
id,id6292a46b,qsvc_pauli_xyz_r1,12,43,43,0.019219524999094885,0.18997781833290062,0.1928851077988675,0.09721925447629062,0.03428552061246865,0.1034005948373086,0.016808608049842525,0.016966759895209294,18,43|43,gate5a_id_unsw,128,128
id,id6292a46b,qsvc_pauli_xyz_r1,12,44,42,0.03652028157069589,0.21505496583721262,0.22900986859699582,0.11727515281585174,0.07576944539881598,0.13903972791034244,0.023140118851214732,0.027853373784312012,18,44|42,gate5a_id_unsw,128,128
id,id6292a46b,qsvc_pauli_xyz_r1,12,44,43,0.028276298882817692,0.20819522717240638,0.2145409898118535,0.09721925447629062,0.08114911677961666,0.13257709564527986,0.02197338678564473,0.022147191905415597,18,44|43,gate5a_id_unsw,128,128
id,id6292a46b,qsvc_pauli_xyz_r1,12,45,42,0.016134703038434735,0.2282004916925665,0.2142741913999656,0.0920060883452081,0.04675277351726774,0.11589752817060155,0.015082678269334598,0.014608454153550825,18,45|42,gate5a_id_unsw,128,128
id,id6292a46b,qsvc_pauli_xyz_r1,12,45,43,0.031123890578644516,0.20337368145325724,0.2067555146787798,0.10220889783263903,0.0846186508376722,0.13223028259715985,0.026584817202034337,0.025449467138295892,18,45|43,gate5a_id_unsw,128,128
id,id6292a46b,qsvc_pauli_xyz_r1,12,46,42,0.04167694766653099,0.20218362497673742,0.20814416949534828,0.05555555555555555,0.0786380227845509,0.12153435481956897,0.033052094815251114,0.03511627312728085,18,46|42,gate5a_id_unsw,128,128
id,id6292a46b,qsvc_pauli_xyz_r1,12,46,43,0.008300184358652095,0.20899026655592637,0.2057341209665788,0.09875927420876114,0.08002177970206655,0.12914217552674273,0.007761230644198799,0.007464207546170217,18,46|43,gate5a_id_unsw,128,128
id,id6292a46b,qsvc_z_r1,8,42,42,0.026593637346325513,0.2162951474369248,0.2197004525517188,0.07638740501592309,0.07320079249180614,0.12705278024525019,0.016099477985603548,0.019911005752625582,18,42|42,gate5a_id_unsw,128,128
id,id6292a46b,qsvc_z_r1,8,42,43,0.027323400290470177,0.19987416548650516,0.20375239595621764,0.09721925447629062,0.06417801058713604,0.12093983142846652,0.020682433899615504,0.02268954256024586,18,42|43,gate5a_id_unsw,128,128
id,id6292a46b,qsvc_z_r1,8,43,42,0.02070115171565506,0.19141238815043313,0.18591617995845924,0.08641535418570365,0.0427795972098584,0.1027630376595033,0.018013694266210446,0.018119494025738467,18,43|42,gate5a_id_unsw,128,128
id,id6292a46b,qsvc_z_r1,8,43,43,0.019324917291987168,0.19668292882599345,0.19716122104859735,0.09721925447629062,0.11167339219285449,0.14013185037374937,0.01650172897303289,0.01487614649423918,18,43|43,gate5a_id_unsw,128,128
id,id6292a46b,qsvc_z_r1,8,44,42,0.020779311161735606,0.20880337052007591,0.20858403672330159,0.11727515281585174,0.09054140026152382,0.138326677621139,0.018251644009644394,0.01752333348779127,18,44|42,gate5a_id_unsw,128,128
id,id6292a46b,qsvc_z_r1,8,44,43,0.03265709487147658,0.1992042244238686,0.20316638165115938,0.09721925447629062,0.07680149886715952,0.12646468453572876,0.025981338023070264,0.027281992449994956,18,44|43,gate5a_id_unsw,128,128
id,id6292a46b,qsvc_z_r1,8,45,42,0.019644022217877713,0.2053331750318027,0.22762546615855994,0.0920060883452081,0.06865273980479196,0.1307070673044196,0.017316051924419353,0.017191519782296823,18,45|42,gate5a_id_unsw,128,128
id,id6292a46b,qsvc_z_r1,8,45,43,0.018835270545143182,0.1993142160338011,0.1948712982494581,0.10220889783263903,0.09440802208103864,0.13235846355166395,0.016802845369918128,0.015755277093273165,18,45|43,gate5a_id_unsw,128,128
id,id6292a46b,qsvc_z_r1,8,46,42,0.02229493114909781,0.20574155553990217,0.19461438885440777,0.05555555555555555,0.05735287571115314,0.10693936773495527,0.02031817910791334,0.020166760715044668,18,46|42,gate5a_id_unsw,128,128
id,id6292a46b,qsvc_z_r1,8,46,43,0.0303714458704378,0.20374533075014828,0.2237449850813624,0.09875927420876114,0.10412586802996815,0.14664798444480115,0.023614404236247957,0.024727472413981443,18,46|43,gate5a_id_unsw,128,128
id,id6292a46b,qsvc_z_r1,10,42,42,0.027086218366460302,0.2215085854923094,0.2104604411868174,0.07638740501592309,0.07814271142275654,0.12593910289935442,0.017093793001862496,0.02110004731301332,18,42|42,gate5a_id_unsw,128,128
id,id6292a46b,qsvc_z_r1,10,42,43,0.026021731280467825,0.2036733361115717,0.20223583186310187,0.09721925447629062,0.07359732261704403,0.12466985904456444,0.02011353057872127,0.020992753830032483,18,42|43,gate5a_id_unsw,128,128
id,id6292a46b,qsvc_z_r1,10,43,42,0.02330531838232173,0.19293763642151773,0.18780356314561375,0.08641535418570365,0.03462889096995465,0.09974449234578504,0.01992633922130671,0.02040396394732732,18,43|42,gate5a_id_unsw,128,128
id,id6292a46b,qsvc_z_r1,10,43,43,0.02236311173643161,0.19056107358317065,0.17834780247027618,0.09721925447629062,0.04911127367249146,0.10485328065419484,0.019357999517745486,0.018988798723437856,18,43|43,gate5a_id_unsw,128,128
id,id6292a46b,qsvc_z_r1,10,44,42,0.016873061161735606,0.2024385532045983,0.2025110619512532,0.11727515281585174,0.11019603878859957,0.1450522497617922,0.014409446325909443,0.01368399751054739,18,44|42,gate5a_id_unsw,128,128
id,id6292a46b,qsvc_z_r1,10,44,43,0.039167511538143254,0.19784691391981227,0.2013655342741091,0.09721925447629062,0.07658564326054862,0.12571171475925097,0.031764393753049874,0.03289041699439657,18,44|43,gate5a_id_unsw,128,128
id,id6292a46b,qsvc_z_r1,10,45,42,0.016605827773433265,0.22328263867591142,0.2098206428943892,0.0920060883452081,0.03142558437506726,0.10731115183120993,0.01401301523877522,0.01469302083632202,18,45|42,gate5a_id_unsw,128,128
id,id6292a46b,qsvc_z_r1,10,45,43,0.02070764787073514,0.202343843782597,0.2015198442752255,0.10220889783263903,0.058338840273605336,0.11838103401220061,0.018828955307668704,0.018522709896181325,18,45|43,gate5a_id_unsw,128,128
id,id6292a46b,qsvc_z_r1,10,46,42,0.02532623626373626,0.19774982101526373,0.18631054725058427,0.05555555555555555,0.04144069229369871,0.09668697832563106,0.022577704487306963,0.022987772317235082,18,46|42,gate5a_id_unsw,128,128
id,id6292a46b,qsvc_z_r1,10,46,43,0.02214602029790201,0.2146502454891867,0.20172333952781066,0.09875927420876114,0.06834975687662737,0.12237824462835471,0.018424907731280377,0.01959004530431175,18,46|43,gate5a_id_unsw,128,128
id,id6292a46b,qsvc_z_r1,12,42,42,0.020928369718692292,0.22312953295564825,0.21875488961631906,0.07638740501592309,0.06535253641909528,0.12314155005387262,0.016630335226368524,0.01794288787355626,18,42|42,gate5a_id_unsw,128,128
id,id6292a46b,qsvc_z_r1,12,42,43,0.02862312107943827,0.20694882894048192,0.2035510501007952,0.09721925447629062,0.0748362264660524,0.12571125833509308,0.02305206935727692,0.02402932628879585,18,42|43,gate5a_id_unsw,128,128
id,id6292a46b,qsvc_z_r1,12,43,42,0.024170613849908984,0.18654202313882245,0.1905749455807224,0.08641535418570365,0.045332728531133515,0.1056176484863604,0.02005095586990661,0.020939515645326492,18,43|42,gate5a_id_unsw,128,128
id,id6292a46b,qsvc_z_r1,12,43,43,0.01843035467867456,0.18997781833290062,0.18379919811901735,0.09721925447629062,0.042692258540936445,0.10391787219393936,0.01582199406509113,0.015501092693752778,18,43|43,gate5a_id_unsw,128,128
id,id6292a46b,qsvc_z_r1,12,44,42,0.031248125822619988,0.21505496583721262,0.2210526841884469,0.11727515281585174,0.07388334014089992,0.1352888857354537,0.021207860489713324,0.024372466887902622,18,44|42,gate5a_id_unsw,128,128
id,id6292a46b,qsvc_z_r1,12,44,43,0.028751268830233878,0.20819522717240638,0.1983012694388831,0.09721925447629062,0.06319555002263905,0.11851103062011899,0.02293141140879198,0.02411347885406665,18,44|43,gate5a_id_unsw,128,128
id,id6292a46b,qsvc_z_r1,12,45,42,0.015737772217877713,0.2282004916925665,0.21637271735556818,0.0920060883452081,0.03739512019672069,0.11240714973602658,0.01466681540373248,0.014354886421000464,18,45|42,gate5a_id_unsw,128,128
id,id6292a46b,qsvc_z_r1,12,45,43,0.022877786759624028,0.20337368145325724,0.20775192625959157,0.10220889783263903,0.06870917964683768,0.1253610362670757,0.01989525177830787,0.019429050821511917,18,45|43,gate5a_id_unsw,128,128
id,id6292a46b,qsvc_z_r1,12,46,42,0.024316472493555827,0.20218362497673742,0.20072186358065428,0.05555555555555555,0.07220712733197644,0.11591220019032823,0.021917787365569905,0.021766907318315112,18,46|42,gate5a_id_unsw,128,128
id,id6292a46b,qsvc_z_r1,12,46,43,0.01836150613872388,0.20899026655592637,0.19864749286500877,0.09875927420876114,0.06625109114186173,0.12030581596244239,0.01548269947639243,0.015806086227746607,18,46|43,gate5a_id_unsw,128,128
id,id6292a46b,qsvc_zz_r1,8,42,42,0.035252134924513956,0.2162951474369248,0.24371973865607918,0.07638740501592309,0.15647095282499876,0.17363713898010513,0.020884867395410994,0.02307189704163198,18,42|42,gate5a_id_unsw,128,128
id,id6292a46b,qsvc_zz_r1,8,42,43,0.046854067191768795,0.19987416548650516,0.23141137120627894,0.09721925447629062,0.09975906115100439,0.14717084541206535,0.03568867497546127,0.03708979877542948,18,42|43,gate5a_id_unsw,128,128
id,id6292a46b,qsvc_zz_r1,8,43,42,0.0653623733736251,0.19141238815043313,0.21759889898446425,0.08641535418570365,0.16580603777865716,0.17020513574568635,0.03878985938434158,0.041002981446727836,18,43|42,gate5a_id_unsw,128,128
id,id6292a46b,qsvc_zz_r1,8,43,43,0.036361157261694886,0.19668292882599345,0.21568649417268804,0.09721925447629062,0.2182760572505603,0.19532407017237588,0.028760494882693707,0.025330535614116467,18,43|43,gate5a_id_unsw,128,128
id,id6292a46b,qsvc_zz_r1,8,44,42,0.04537871840114099,0.20880337052007591,0.23877223934533365,0.11727515281585174,0.21203614280834865,0.20452908882316193,0.027542496981305748,0.028823995390400987,18,44|42,gate5a_id_unsw,128,128
id,id6292a46b,qsvc_zz_r1,8,44,43,0.036656896468724415,0.1992042244238686,0.22785650543472669,0.09721925447629062,0.1670597989412094,0.1764694113997759,0.027280450073333778,0.025482633507561605,18,44|43,gate5a_id_unsw,128,128
id,id6292a46b,qsvc_zz_r1,8,45,42,0.02780317222483425,0.2053331750318027,0.23514779184783713,0.0920060883452081,0.22553390241657903,0.20475207783315086,0.021637632473877424,0.018880655523679853,18,45|42,gate5a_id_unsw,128,128
id,id6292a46b,qsvc_zz_r1,8,45,43,0.030178973922911936,0.1993142160338011,0.22685615872989226,0.10220889783263903,0.18957193802957947,0.1872456473393404,0.023503286541351365,0.020708897050359276,18,45|43,gate5a_id_unsw,128,128
id,id6292a46b,qsvc_zz_r1,8,46,42,0.05224973714557048,0.20574155553990217,0.2387041550900905,0.05555555555555555,0.1619278175545763,0.1705060744767595,0.034386589294027936,0.03526366962736412,18,46|42,gate5a_id_unsw,128,128
id,id6292a46b,qsvc_zz_r1,8,46,43,0.03484067020693364,0.20374533075014828,0.23003544527448247,0.09875927420876114,0.15396003448697285,0.17158731835911967,0.022926022804445934,0.023564896251345783,18,46|43,gate5a_id_unsw,128,128
id,id6292a46b,qsvc_zz_r1,10,42,42,0.05050971747040295,0.2215085854923094,0.24917806019968738,0.07638740501592309,0.1568113479339711,0.17577670822731375,0.024355216817270403,0.027252598538467048,18,42|42,gate5a_id_unsw,128,128
id,id6292a46b,qsvc_zz_r1,10,42,43,0.048070954085739026,0.2036733361115717,0.23907383393560666,0.09721925447629062,0.11691056515287787,0.15775333367812702,0.03436153606701187,0.03554408532958445,18,42|43,gate5a_id_unsw,128,128
id,id6292a46b,qsvc_zz_r1,10,43,42,0.0740511222006936,0.19293763642151773,0.22868610315589313,0.08641535418570365,0.1581340562077146,0.17074958200305024,0.04236014104408934,0.045840788637333964,18,43|42,gate5a_id_unsw,128,128
id,id6292a46b,qsvc_zz_r1,10,43,43,0.06109777164044636,0.19056107358317065,0.21013551826702348,0.09721925447629062,0.14559677591631068,0.1602694965092935,0.04294937966149725,0.041485522565974875,18,43|43,gate5a_id_unsw,128,128
id,id6292a46b,qsvc_zz_r1,10,44,42,0.048045858943395234,0.2024385532045983,0.2345824163184002,0.11727515281585174,0.23943367531077872,0.21545894067810892,0.02855833033658988,0.028097589527980152,18,44|42,gate5a_id_unsw,128,128
id,id6292a46b,qsvc_zz_r1,10,44,43,0.05751632253648382,0.19784691391981227,0.22635127584059292,0.09721925447629062,0.18232050445294748,0.1828587395072446,0.043093302206556584,0.04002350193799921,18,44|43,gate5a_id_unsw,128,128
id,id6292a46b,qsvc_zz_r1,10,45,42,0.04780278375147193,0.22328263867591142,0.22408355210845998,0.0920060883452081,0.14878154210056924,0.1658412814206457,0.029976135188668165,0.03229491531755494,18,45|42,gate5a_id_unsw,128,128
id,id6292a46b,qsvc_zz_r1,10,45,43,0.0532373709633032,0.202343843782597,0.2361577900256496,0.10220889783263903,0.1339341068730036,0.16533813546662676,0.03402422415082451,0.035510573875494666,18,45|43,gate5a_id_unsw,128,128
id,id6292a46b,qsvc_zz_r1,10,46,42,0.06787473714557048,0.19774982101526373,0.23548107567356602,0.05555555555555555,0.16944451532910942,0.17275072640462932,0.0406819637305165,0.04275426662637037,18,46|42,gate5a_id_unsw,128,128
id,id6292a46b,qsvc_zz_r1,10,46,43,0.04628721164339443,0.2146502454891867,0.21792669443164997,0.09875927420876114,0.13164621087683429,0.15704148913893579,0.029192550389329077,0.030344431935970344,18,46|43,gate5a_id_unsw,128,128
id,id6292a46b,qsvc_zz_r1,12,42,42,0.05441596747040295,0.22312953295564825,0.25612151163712016,0.07638740501592309,0.1779743125086357,0.18792112901122773,0.026402726713158978,0.028620548348610924,18,42|42,gate5a_id_unsw,128,128
id,id6292a46b,qsvc_zz_r1,12,42,43,0.046755284179679335,0.20694882894048192,0.24369272429785604,0.09721925447629062,0.14917337103609085,0.17409784193858727,0.031637712483493945,0.03096664092195106,18,42|43,gate5a_id_unsw,128,128
id,id6292a46b,qsvc_zz_r1,12,43,42,0.0857698722006936,0.18654202313882245,0.2256981259879309,0.08641535418570365,0.19294691168742842,0.18548707006911572,0.05362981964114373,0.051684227936447474,18,43|42,gate5a_id_unsw,128,128
id,id6292a46b,qsvc_zz_r1,12,43,43,0.07151443830711303,0.18997781833290062,0.2096289998830607,0.09721925447629062,0.17808365003099583,0.17485206896725486,0.04770580734957581,0.04551085399914721,18,43|43,gate5a_id_unsw,128,128
id,id6292a46b,qsvc_zz_r1,12,44,42,0.06375241835942982,0.21505496583721262,0.2527835041811832,0.11727515281585174,0.1548752130783107,0.18364185343163544,0.03144002653395945,0.03810392215313201,18,44|42,gate5a_id_unsw,128,128
id,id6292a46b,qsvc_zz_r1,12,44,43,0.05668963310932397,0.20819522717240638,0.23038865155627736,0.09721925447629062,0.14263878663682006,0.16628973166925373,0.040271749036030625,0.038546211865518154,18,44|43,gate5a_id_unsw,128,128
id,id6292a46b,qsvc_zz_r1,12,45,42,0.060434554432381105,0.2282004916925665,0.23520077657599378,0.0920060883452081,0.18911901129389527,0.18821912176944253,0.03294766370039523,0.03493154589863862,18,45|42,gate5a_id_unsw,128,128
id,id6292a46b,qsvc_zz_r1,12,45,43,0.05837309776657946,0.20337368145325724,0.24324332201390048,0.10220889783263903,0.14265171950022035,0.1718772437474529,0.03755045084666708,0.0388689629728213,18,45|43,gate5a_id_unsw,128,128
id,id6292a46b,qsvc_zz_r1,12,46,42,0.07481918159001492,0.20218362497673742,0.2422067083189042,0.05555555555555555,0.2054161854314117,0.1915471701403442,0.04128980908251903,0.04135737850914521,18,46|42,gate5a_id_unsw,128,128
id,id6292a46b,qsvc_zz_r1,12,46,43,0.052457282682686346,0.20899026655592637,0.2274048699414014,0.09875927420876114,0.14775851041046756,0.16781187093049688,0.031042916187140484,0.032581860365644894,18,46|43,gate5a_id_unsw,128,128
id,id6292a46b,svc_rbf,8,42,42,0.009548611111111112,0.16820290809763236,0.16023800996293003,0.07638740501592309,0.027385686392095716,0.0846050256221859,0.009127959940179696,0.009099792510693544,18,42|42,gate5a_id_unsw,128,128
id,id6292a46b,svc_rbf,8,42,43,0.03730620235996578,0.13897869364823967,0.1288690801741564,0.09721925447629062,0.0725747974129013,0.09752625606488302,0.031432988026348474,0.03202684203850315,18,42|43,gate5a_id_unsw,128,128
id,id6292a46b,svc_rbf,8,43,42,0.018058778779391983,0.1494122778419934,0.14276550540303665,0.08641535418570365,0.02369112566873703,0.07839530530247628,0.0177860234018222,0.01693220555171866,18,43|42,gate5a_id_unsw,128,128
id,id6292a46b,svc_rbf,8,43,43,0.01769414532351359,0.15707027616233424,0.14688667491562754,0.09721925447629062,0.04311447155301767,0.09068705148910725,0.017374321345318255,0.01571729930871135,18,43|43,gate5a_id_unsw,128,128
id,id6292a46b,svc_rbf,8,44,42,0.0182900518943709,0.16707636376130192,0.16558717032583217,0.11727515281585174,0.05601331032922688,0.1069968671437424,0.016600477590115556,0.016295979782612786,18,44|42,gate5a_id_unsw,128,128
id,id6292a46b,svc_rbf,8,44,43,0.024025543229172257,0.16098375455489167,0.1490298207740177,0.09721925447629062,0.0486279184776024,0.09397248949424218,0.02332856577414536,0.021747960591850007,18,44|43,gate5a_id_unsw,128,128
id,id6292a46b,svc_rbf,8,45,42,0.01963743591189023,0.15696510200965508,0.15990797920096145,0.0920060883452081,0.051499987917395164,0.09828582118920343,0.019282590466914672,0.01782946498659293,18,45|42,gate5a_id_unsw,128,128
id,id6292a46b,svc_rbf,8,45,43,0.016334270269689994,0.15830608500829443,0.14798966273398995,0.10220889783263903,0.07237469736211048,0.10529544849198093,0.015674676924039288,0.014329290480105474,18,45|43,gate5a_id_unsw,128,128
id,id6292a46b,svc_rbf,8,46,42,0.016232320919820912,0.16680041592905726,0.1630930493226117,0.05555555555555555,0.028112539947558975,0.08218600073994116,0.01586297804499621,0.015027501412147946,18,46|42,gate5a_id_unsw,128,128
id,id6292a46b,svc_rbf,8,46,43,0.014144414779351114,0.1555540367314399,0.14733683035380618,0.09875927420876114,0.04442468488644329,0.09172629947863303,0.0130394051249303,0.012828579047907091,18,46|43,gate5a_id_unsw,128,128
id,id6292a46b,svc_rbf,10,42,42,0.009152845611178939,0.16537471379270707,0.15052396247606417,0.07638740501592309,0.028093008004293034,0.0813941545415971,0.009087187084650054,0.008943508810328711,18,42|42,gate5a_id_unsw,128,128
id,id6292a46b,svc_rbf,10,42,43,0.009966186243067962,0.14601394164899834,0.13455709792258788,0.09721925447629062,0.01776731558967824,0.07468213441739308,0.009574203508424554,0.009214923587195445,18,42|43,gate5a_id_unsw,128,128
id,id6292a46b,svc_rbf,10,43,42,0.015028777606460477,0.1471157165132432,0.1433161828896975,0.08641535418570365,0.015680382152825485,0.07495430460857497,0.014865222343139358,0.014138141829240542,18,43|42,gate5a_id_unsw,128,128
id,id6292a46b,svc_rbf,10,43,43,0.01769414532351359,0.17913959088307363,0.16574952432076703,0.09721925447629062,0.02266983360053351,0.08825325220348336,0.017261915307194738,0.016137419942817012,18,43|43,gate5a_id_unsw,128,128
id,id6292a46b,svc_rbf,10,44,42,0.017856024116593122,0.15403770298417688,0.15601888153750865,0.11727515281585174,0.07667326637712252,0.1129083785152137,0.016427436956992524,0.015519609669610433,18,44|42,gate5a_id_unsw,128,128
id,id6292a46b,svc_rbf,10,44,43,0.02273767277127491,0.1696697511307806,0.14967003484123545,0.09721925447629062,0.033340172914391036,0.08725631935358892,0.022143867627827676,0.021038799990437576,18,44|43,gate5a_id_unsw,128,128
id,id6292a46b,svc_rbf,10,45,42,0.018380317703910527,0.1554677068207786,0.14452712877583915,0.0920060883452081,0.025993331373390768,0.08109884987824786,0.017727164705956946,0.017042589454082813,18,45|42,gate5a_id_unsw,128,128
id,id6292a46b,svc_rbf,10,45,43,0.01214654099509496,0.1548369434300839,0.14519802157287953,0.10220889783263903,0.01980889733732911,0.08038676078576744,0.011862734426511135,0.010925681165991184,18,45|43,gate5a_id_unsw,128,128
id,id6292a46b,svc_rbf,10,46,42,0.015798293142043132,0.16117828576258972,0.17196323482229264,0.05555555555555555,0.018318310345316304,0.0809596001933512,0.01547395401491865,0.014815455229936362,18,46|42,gate5a_id_unsw,128,128
id,id6292a46b,svc_rbf,10,46,43,0.00954479268491365,0.16456718395061812,0.1488883204164731,0.09875927420876114,0.01434003568970604,0.07861563713926772,0.009016650713100219,0.008834441959580185,18,46|43,gate5a_id_unsw,128,128
id,id6292a46b,svc_rbf,12,42,42,0.009614218728802056,0.16157498523645503,0.14825492445852947,0.07638740501592309,0.0213477018221068,0.07750300154331799,0.009179074668013933,0.009309390015882268,18,42|42,gate5a_id_unsw,128,128
id,id6292a46b,svc_rbf,12,42,43,0.011702519590624405,0.1432346576192821,0.13138771738511784,0.09721925447629062,0.022742770758704834,0.07579120293514335,0.01143731745184927,0.010699434061029363,18,42|43,gate5a_id_unsw,128,128
id,id6292a46b,svc_rbf,12,43,42,0.015501011653834678,0.1579717797576725,0.1496617610841834,0.08641535418570365,0.030807331347468887,0.0841376735859532,0.015222006660772855,0.014486307207585813,18,43|42,gate5a_id_unsw,128,128
id,id6292a46b,svc_rbf,12,43,43,0.018996228656846924,0.15981104362952317,0.15139973639557025,0.09721925447629062,0.024947661343760506,0.08407052375033315,0.018525037902006675,0.01729966618289928,18,43|43,gate5a_id_unsw,128,128
id,id6292a46b,svc_rbf,12,44,42,0.012707056031724073,0.15228205469046918,0.1486504276778897,0.11727515281585174,0.03661986587433255,0.09202284961044772,0.011941256627652226,0.011692483173970881,18,44|42,gate5a_id_unsw,128,128
id,id6292a46b,svc_rbf,12,44,43,0.021841191464847372,0.16244718918707612,0.14156800234954547,0.09721925447629062,0.03026428642675582,0.08291199549859476,0.0210128922326247,0.02029228149570917,18,44|43,gate5a_id_unsw,128,128
id,id6292a46b,svc_rbf,12,45,42,0.018814345481688304,0.15583777229191784,0.14534145661398556,0.0920060883452081,0.02160466263070471,0.07940011966362563,0.01840631663988637,0.017609263345752097,18,45|42,gate5a_id_unsw,128,128
id,id6292a46b,svc_rbf,12,45,43,0.012941990020593423,0.15289139581656197,0.13979621917248294,0.10220889783263903,0.01757632199431404,0.07740766202970727,0.012632146087604572,0.01170802942394792,18,45|43,gate5a_id_unsw,128,128
id,id6292a46b,svc_rbf,12,46,42,0.012326070919820912,0.16276034718437318,0.16774579242298168,0.05555555555555555,0.014829485577374192,0.07784015533544625,0.012235381136891819,0.011513403412123618,18,46|42,gate5a_id_unsw,128,128
id,id6292a46b,svc_rbf,12,46,43,0.00652059913652655,0.1533398619932996,0.13520107676780316,0.09875927420876114,0.01797429736196793,0.07529039475441587,0.0064669797977785866,0.0059952426679774065,18,46|43,gate5a_id_unsw,128,128
id,id8c8771f4,qsvc_zz_r1,8,42,42,0.03298282442748092,0.21975255691769188,0.2394053942860076,0.05555555555555555,0.1074773347635468,0.14601085109753412,0.021703416493295873,0.023371692418273693,18,42|42,gate2_id_256,256,256
id,id8c8771f4,qsvc_zz_r1,8,42,43,0.04056560295738094,0.21930295807550138,0.24074171054154642,0.08641865399230839,0.09064410270189144,0.14445678760547814,0.023951656799223724,0.026242774841265575,18,42|43,gate2_id_256,256,256
id,id8c8771f4,qsvc_zz_r1,8,43,42,0.05041853080512398,0.25174672888466415,0.2686771628380197,0.07338184640296369,0.15509190828797062,0.1815392623270781,0.024008119343014604,0.027604894096078685,18,43|42,gate2_id_256,256,256
id,id8c8771f4,qsvc_zz_r1,8,43,43,0.06393923759037991,0.2283083822004299,0.2534399927198796,0.15354560149003277,0.14924468384208356,0.1879158720972729,0.03473277328357104,0.03726478922863341,18,43|43,gate2_id_256,256,256
id,id8c8771f4,qsvc_zz_r1,8,44,42,0.060612285117214934,0.2359518175828185,0.2541322034099685,0.10112278232254127,0.19346902123428783,0.1987381349505814,0.026434657120347115,0.03001491835398446,18,44|42,gate2_id_256,256,256
id,id8c8771f4,qsvc_zz_r1,8,44,43,0.04429828365445991,0.22764574771214907,0.24468885524746586,0.10724534773624662,0.14002450254293825,0.17212442083427706,0.02137676617519287,0.024055505396382224,18,44|43,gate2_id_256,256,256
id,id8c8771f4,qsvc_zz_r1,8,45,42,0.05224928883231461,0.22325193175043745,0.24818323852040874,0.0711094490352123,0.133656313271019,0.16393031077337772,0.028038962539802773,0.03211356320910981,18,45|42,gate2_id_256,256,256
id,id8c8771f4,qsvc_zz_r1,8,45,43,0.03660078277707832,0.22025007384748804,0.24914409719898048,0.1319440735473822,0.0944000208532951,0.1574967854688329,0.020192994491815837,0.022403308978204056,18,45|43,gate2_id_256,256,256
id,id8c8771f4,qsvc_zz_r1,8,46,42,0.046672896004630905,0.23795484104654907,0.2564811993507712,0.08492586556069444,0.1461550938922596,0.17514109072597925,0.023583534931449317,0.026946998168906774,18,46|42,gate2_id_256,256,256
id,id8c8771f4,qsvc_zz_r1,8,46,43,0.05613644657513491,0.2304035368621353,0.24882688330988692,0.07638851799182662,0.14898387615346573,0.17209126818095724,0.0273621501352689,0.03060983496048124,18,46|43,gate2_id_256,256,256
id,id8c8771f4,qsvc_zz_r1,10,42,42,0.04080053276081425,0.22683539113741202,0.2514764396164478,0.05555555555555555,0.13096160048362568,0.1610749883631846,0.026774832723251808,0.028820698033636166,18,42|42,gate2_id_256,256,256
id,id8c8771f4,qsvc_zz_r1,10,42,43,0.05150099869796116,0.2145943147678685,0.2388297711722741,0.08641865399230839,0.14006306893032794,0.1662247033932139,0.026963816205045125,0.03028284078013808,18,42|43,gate2_id_256,256,256
id,id8c8771f4,qsvc_zz_r1,10,43,42,0.0764175861989284,0.254822254506419,0.26662567093114187,0.07338184640296369,0.2627881967547306,0.22974612366401345,0.03330933905711857,0.03764801188973135,18,43|42,gate2_id_256,256,256
id,id8c8771f4,qsvc_zz_r1,10,43,43,0.07636111481728085,0.225454361367465,0.2534596755356333,0.15354560149003277,0.20795995302336412,0.2146117882035836,0.03773260229237594,0.039748137003585565,18,43|43,gate2_id_256,256,256
id,id8c8771f4,qsvc_zz_r1,10,44,42,0.08970351524129189,0.24260047085036948,0.26002716582653523,0.10112278232254127,0.3116107598294604,0.25458254791804774,0.04101890769352178,0.04281246269904895,18,44|42,gate2_id_256,256,256
id,id8c8771f4,qsvc_zz_r1,10,44,43,0.0664210898187596,0.2224055292909022,0.25018248005524324,0.10724534773624662,0.19772386763829683,0.20034908671681367,0.03496743556476216,0.03804154163695962,18,44|43,gate2_id_256,256,256
id,id8c8771f4,qsvc_zz_r1,10,45,42,0.10353529969323455,0.21997992600999494,0.24560304892244542,0.0711094490352123,0.30051328736816607,0.23883613914554877,0.05121692033684098,0.0525332634798939,18,45|42,gate2_id_256,256,256
id,id8c8771f4,qsvc_zz_r1,10,45,43,0.04550539928401603,0.22317164178101156,0.2515722752640288,0.1319440735473822,0.13816920199483024,0.17827484164773008,0.02473889660146115,0.02771053144771239,18,45|43,gate2_id_256,256,256
id,id8c8771f4,qsvc_zz_r1,10,46,42,0.06155524036424273,0.2313061850834815,0.25248669208718616,0.08492586556069444,0.22881400615753117,0.21126077547798083,0.031400315361164804,0.034241720104343946,18,46|42,gate2_id_256,256,256
id,id8c8771f4,qsvc_zz_r1,10,46,43,0.07047466830044424,0.22308736485784827,0.24044066537937217,0.07638851799182662,0.20612596645217937,0.19501541179654897,0.03515175574576437,0.036938555654679454,18,46|43,gate2_id_256,256,256
id,id8c8771f4,qsvc_zz_r1,12,42,42,0.05366518235793045,0.23240887783699746,0.2546074020614087,0.05555555555555555,0.12526387619829008,0.15962364548619964,0.029724353252436372,0.034476063727838964,18,42|42,gate2_id_256,256,256
id,id8c8771f4,qsvc_zz_r1,12,42,43,0.053780843679221535,0.21391101236005794,0.2390403438335359,0.08641865399230839,0.11902683132615782,0.15673934908632267,0.029931957904745718,0.03302040201464755,18,42|43,gate2_id_256,256,256
id,id8c8771f4,qsvc_zz_r1,12,43,42,0.05513360777595197,0.25707797626368606,0.27551707423808774,0.07338184640296369,0.1692519591763796,0.1904628896036524,0.025206439674637694,0.029259459015175245,18,43|42,gate2_id_256,256,256
id,id8c8771f4,qsvc_zz_r1,12,43,43,0.07106089153001584,0.22197998634709967,0.251112089845235,0.15354560149003277,0.17068386056596876,0.19681444229007722,0.03603733502127915,0.036976608360147906,18,43|43,gate2_id_256,256,256
id,id8c8771f4,qsvc_zz_r1,12,44,42,0.07539535766033277,0.24339172760502711,0.2735731004959937,0.10112278232254127,0.22967016625319958,0.22226261799045957,0.03289659131684233,0.03546382656482382,18,44|42,gate2_id_256,256,256
id,id8c8771f4,qsvc_zz_r1,12,44,43,0.06118701823496052,0.21813183638381045,0.24764950271634087,0.10724534773624662,0.17263117196242372,0.1880222332863614,0.031768552345675855,0.03294373900212678,18,44|43,gate2_id_256,256,256
id,id8c8771f4,qsvc_zz_r1,12,45,42,0.08222921731041782,0.22643851977402388,0.25177898246751795,0.0711094490352123,0.22772324238950675,0.20799554908073004,0.039876705168177456,0.041149425366619106,18,45|42,gate2_id_256,256,256
id,id8c8771f4,qsvc_zz_r1,12,45,43,0.06288440599044577,0.2204947272774082,0.2489521058326998,0.1319440735473822,0.16944444677051662,0.19153807311619517,0.03243985060362889,0.03394251386159048,18,45|43,gate2_id_256,256,256
id,id8c8771f4,qsvc_zz_r1,12,46,42,0.06380929715211808,0.23140637421558255,0.2540056220726312,0.08492586556069444,0.1811599464641803,0.19015217743025595,0.03318854772918526,0.03518359146575211,18,46|42,gate2_id_256,256,256
id,id8c8771f4,qsvc_zz_r1,12,46,43,0.06419985688274939,0.2242080948833216,0.25182450568142895,0.07638851799182662,0.16971474023919547,0.18260443271866786,0.03336267251753831,0.035569064542057674,18,46|43,gate2_id_256,256,256
id,id8c8771f4,svc_rbf,8,42,42,0.01987488072519084,0.15959228987367827,0.13984290407201688,0.05555555555555555,0.020334176047299556,0.07019578251233421,0.019570120949149845,0.019016678996444245,18,42|42,gate2_id_256,256,256
id,id8c8771f4,svc_rbf,8,42,43,0.015416533022568322,0.13036491456668006,0.13312254686761835,0.08641865399230839,0.013464187182699983,0.07024076648805364,0.015234994195367271,0.014300062141422345,18,42|43,gate2_id_256,256,256
id,id8c8771f4,svc_rbf,8,43,42,0.011634853976582643,0.1625071313658405,0.144532637133451,0.07338184640296369,0.006844976890772668,0.06901082961759952,0.011432731697742352,0.011210484037686229,18,43|42,gate2_id_256,256,256
id,id8c8771f4,svc_rbf,8,43,43,0.02078168939461294,0.14892427231061678,0.12199714861424657,0.15354560149003277,0.014968908376655508,0.07908403084730267,0.020545327516379927,0.019452210078133508,18,43|43,gate2_id_256,256,256
id,id8c8771f4,svc_rbf,8,44,42,0.015871861846080127,0.15536342611927445,0.13410730489163392,0.10112278232254127,0.009249858810665304,0.07135673438772225,0.015754917564266703,0.015041153586646415,18,44|42,gate2_id_256,256,256
id,id8c8771f4,svc_rbf,8,44,43,0.01612381305968587,0.15131707143805692,0.12984118745660683,0.10724534773624662,0.012405052154540384,0.0723527914610566,0.01594663114974385,0.015266687941853738,18,44|43,gate2_id_256,256,256
id,id8c8771f4,svc_rbf,8,45,42,0.018822122173942073,0.16005689968709244,0.14836007804818024,0.0711094490352123,0.011640780760799118,0.07216937400610374,0.018495220943743333,0.017682251803681506,18,45|42,gate2_id_256,256,256
id,id8c8771f4,svc_rbf,8,45,43,0.018336314799421563,0.13139386706439324,0.11337561069080479,0.1319440735473822,0.013328326242814607,0.07127565646109606,0.01810601100528951,0.017325676253880706,18,45|43,gate2_id_256,256,256
id,id8c8771f4,svc_rbf,8,46,42,0.018220371931737693,0.160929807112174,0.14352452877067703,0.08492586556069444,0.014073561310526672,0.07402887752333913,0.017977690489912147,0.017315083572707404,18,46|42,gate2_id_256,256,256
id,id8c8771f4,svc_rbf,8,46,43,0.01509686355784922,0.14620082212749796,0.11860388532352999,0.07638851799182662,0.007557460255622043,0.06045271623235303,0.01498675722956157,0.014535871540361154,18,46|43,gate2_id_256,256,256
id,id8c8771f4,svc_rbf,10,42,42,0.018138769614079727,0.15251955522025418,0.1405039251984156,0.05555555555555555,0.02780921799218168,0.07383390016960743,0.01789785334872366,0.01723624874881209,18,42|42,gate2_id_256,256,256
id,id8c8771f4,svc_rbf,10,42,43,0.014982505244790544,0.13074092884992736,0.12446442848591126,0.08641865399230839,0.01129003997350114,0.0661041110723425,0.014805350222232644,0.013850021154328282,18,42|43,gate2_id_256,256,256
id,id8c8771f4,svc_rbf,10,43,42,0.009271114461959589,0.15618987474465051,0.14429886726531693,0.07338184640296369,0.007119559602326965,0.06905063271625728,0.009194319797925532,0.00894182753003724,18,43|42,gate2_id_256,256,256
id,id8c8771f4,svc_rbf,10,43,43,0.01879510820387657,0.14749053917015903,0.1319887761208699,0.15354560149003277,0.013726868208603547,0.08215278622786934,0.018431402180963907,0.0174450477559784,18,43|43,gate2_id_256,256,256
id,id8c8771f4,svc_rbf,10,44,42,0.01739095906830235,0.15141538309265581,0.1312814019496793,0.10112278232254127,0.010122257419698888,0.07072567814020857,0.017146276027216682,0.016447253158097915,18,44|42,gate2_id_256,256,256
id,id8c8771f4,svc_rbf,10,44,43,0.017212992839293798,0.1450994056844889,0.11859932039003092,0.10724534773624662,0.012285847924493129,0.06821065605955295,0.016967642437819126,0.016284274163726506,18,44|43,gate2_id_256,256,256
id,id8c8771f4,svc_rbf,10,45,42,0.017725555637408425,0.15121765354073127,0.1456533719548284,0.0711094490352123,0.012750509522411977,0.07168953940925436,0.017515376597680227,0.01666251846682798,18,45|42,gate2_id_256,256,256
id,id8c8771f4,svc_rbf,10,45,43,0.015513557955346884,0.1317781559080461,0.12030255800048947,0.1319440735473822,0.01115755185839048,0.0728078307626068,0.015274311851833878,0.014543087430749493,18,45|43,gate2_id_256,256,256
id,id8c8771f4,svc_rbf,10,46,42,0.01691828859840436,0.15221929617132926,0.14070625792084995,0.08492586556069444,0.012530110565015675,0.07230248323907883,0.0168157010350432,0.016158658405919766,18,46|42,gate2_id_256,256,256
id,id8c8771f4,svc_rbf,10,46,43,0.014879849668960332,0.14182354661301555,0.1294683739105077,0.07638851799182662,0.008101257743000492,0.0646506200309715,0.01474960342756879,0.014297723357896083,18,46|43,gate2_id_256,256,256
id,id8c8771f4,svc_rbf,12,42,42,0.022090701865988122,0.150308431514354,0.1304247391128145,0.05555555555555555,0.01574223086073275,0.06468374744236662,0.02185301516262251,0.02123401926929579,18,42|42,gate2_id_256,256,256
id,id8c8771f4,svc_rbf,12,42,43,0.01812905419461558,0.1288046535753038,0.12046251297212367,0.08641865399230839,0.013049088844031925,0.0654484367357519,0.017747878244082912,0.016768591122430773,18,42|43,gate2_id_256,256,256
id,id8c8771f4,svc_rbf,12,43,42,0.011021526330883966,0.15046635732416325,0.1402559937509802,0.07338184640296369,0.006541193892451402,0.06731760338837318,0.010971861949857768,0.010564588263126354,18,43|42,gate2_id_256,256,256
id,id8c8771f4,svc_rbf,12,43,43,0.020648618745730422,0.1416740577688734,0.1208684174828528,0.15354560149003277,0.016867068851833356,0.07953638337914942,0.02043943684296658,0.019225778657714243,18,43|43,gate2_id_256,256,256
id,id8c8771f4,svc_rbf,12,44,42,0.018699669376474177,0.15130300089037627,0.12936522182461677,0.10112278232254127,0.011754689237054111,0.07077089982989275,0.018363498000006615,0.01763072563208243,18,44|42,gate2_id_256,256,256
id,id8c8771f4,svc_rbf,12,44,43,0.021944093861209206,0.1400949747227589,0.12081209796649693,0.10724534773624662,0.015142739908576357,0.07031388971648751,0.021623631313416405,0.0207147563164181,18,44|43,gate2_id_256,256,256
id,id8c8771f4,svc_rbf,12,45,42,0.02508344579125094,0.15035986914910465,0.1620879193504086,0.0711094490352123,0.01644832147753337,0.07934656207815688,0.02430221149337604,0.02374033160305701,18,45|42,gate2_id_256,256,256
id,id8c8771f4,svc_rbf,12,45,43,0.017718309212541028,0.13022359893435204,0.1149489277947286,0.1319440735473822,0.011345931164548654,0.07094668309967472,0.01754379708266955,0.016681395762414012,18,45|43,gate2_id_256,256,256
id,id8c8771f4,svc_rbf,12,46,42,0.02164144439423883,0.1484481500315672,0.1290738697184805,0.08492586556069444,0.01420418114721795,0.06883346506649096,0.021359398717156596,0.02041344338644061,18,46|42,gate2_id_256,256,256
id,id8c8771f4,svc_rbf,12,46,43,0.015325392767472586,0.1404091562241769,0.12517713475643,0.07638851799182662,0.008625889906962322,0.0633286385949259,0.015212417462215161,0.0147811469640755,18,46|43,gate2_id_256,256,256
id,idcc6a61e9,qsvc_pauli_xyz_r1,8,42,42,0.04017067162228452,0.21256156898569728,0.22957526528465577,0.07638740501592309,0.07816809967686589,0.13290148814134534,0.025239349022957356,0.029630712035253408,18,42|42,gate5b_id_ton_iot,128,128
id,idcc6a61e9,qsvc_pauli_xyz_r1,8,42,43,0.007372212614148083,0.2347803275342268,0.21338318259274047,0.09721925447629062,0.024818935520046468,0.1065514469930705,0.004118452213383844,0.005526806881763082,18,42|43,gate5b_id_ton_iot,128,128
id,idcc6a61e9,qsvc_pauli_xyz_r1,8,43,42,0.034886807571619806,0.20009933067453808,0.2017409589308691,0.08641535418570365,0.08637171278073788,0.12833210072714302,0.02084736262949774,0.026676430225023768,18,43|42,gate5b_id_ton_iot,128,128
id,idcc6a61e9,qsvc_pauli_xyz_r1,8,43,43,0.07714948146735782,0.18215237054095923,0.19955812922233745,0.09721925447629062,0.13333296817670037,0.15084871515685752,0.04263879462456985,0.05073908492517603,18,43|43,gate5b_id_ton_iot,128,128
id,idcc6a61e9,qsvc_pauli_xyz_r1,8,44,42,0.00433264092538285,0.22622311044082194,0.24198230413372354,0.11727515281585174,0.03723530069505551,0.1262414568765341,0.00424732624657893,0.004178273725773178,18,44|42,gate5b_id_ton_iot,128,128
id,idcc6a61e9,qsvc_pauli_xyz_r1,8,44,43,0.020010889088510047,0.2142693910551889,0.22747320870769647,0.09721925447629062,0.13949638759336572,0.16380120743183596,0.010901888438317053,0.011883461397543342,18,44|43,gate5b_id_ton_iot,128,128
id,idcc6a61e9,qsvc_pauli_xyz_r1,8,45,42,0.020713212272239996,0.2379191957129458,0.24012065243587422,0.0920060883452081,0.07010911333773272,0.13591275937477967,0.009950224509700751,0.012047351502733148,18,45|42,gate5b_id_ton_iot,128,128
id,idcc6a61e9,qsvc_pauli_xyz_r1,8,45,43,0.023192273981990433,0.2280298000774149,0.2372933368799277,0.10220889783263903,0.030887030989020632,0.11891148164819018,0.018525210170007814,0.02041344335106499,18,45|43,gate5b_id_ton_iot,128,128
id,idcc6a61e9,qsvc_pauli_xyz_r1,8,46,42,0.04319641585266585,0.22144437865749694,0.2496153732727336,0.05555555555555555,0.08809246838484773,0.14091226782966218,0.023504197524853408,0.032282484701093773,18,46|42,gate5b_id_ton_iot,128,128
id,idcc6a61e9,qsvc_pauli_xyz_r1,8,46,43,0.009776918185856355,0.23267709711509305,0.21898029104558528,0.09875927420876114,0.03178657477124439,0.11203387149600778,0.006452110833516455,0.00794581310982028,18,46|43,gate5b_id_ton_iot,128,128
id,idcc6a61e9,qsvc_pauli_xyz_r1,10,42,42,0.0493765428493251,0.21375735120208497,0.2252538665011962,0.07638740501592309,0.11539085575129882,0.14824950498119321,0.025478266395024075,0.030435955857328254,18,42|42,gate5b_id_ton_iot,128,128
id,idcc6a61e9,qsvc_pauli_xyz_r1,10,42,43,0.014307580797836165,0.21488390045945774,0.21538758761800994,0.09721925447629062,0.03232022774447643,0.11068999983154576,0.012613858421800316,0.012542132449511703,18,42|43,gate5b_id_ton_iot,128,128
id,idcc6a61e9,qsvc_pauli_xyz_r1,10,43,42,0.048775696460508694,0.20719270024833403,0.20148570487272843,0.08641535418570365,0.12159127241383867,0.14424817181195584,0.02581220925964368,0.03333264912369952,18,43|42,gate5b_id_ton_iot,128,128
id,idcc6a61e9,qsvc_pauli_xyz_r1,10,43,43,0.06641112521488864,0.2073204283576994,0.21121262349774306,0.09721925447629062,0.11576293713066482,0.14710033532698888,0.037081703267735425,0.04495865026983231,18,43|43,gate5b_id_ton_iot,128,128
id,idcc6a61e9,qsvc_pauli_xyz_r1,10,44,42,0.022588686891641223,0.21434266253902892,0.2183816233216908,0.11727515281585174,0.050061472334880855,0.12348946914480645,0.016194906584039444,0.01847155474958793,18,44|42,gate5b_id_ton_iot,128,128
id,idcc6a61e9,qsvc_pauli_xyz_r1,10,44,43,0.031303886277004554,0.21922544544714703,0.22607428696897225,0.09721925447629062,0.08483136155333616,0.1384447695086501,0.015351389473500883,0.020643959883113006,18,44|43,gate5b_id_ton_iot,128,128
id,idcc6a61e9,qsvc_pauli_xyz_r1,10,45,42,0.029139274463693528,0.2198778091233436,0.22801565701156065,0.0920060883452081,0.06970635018717844,0.13132786869750462,0.016207467494809825,0.019425165432159795,18,45|42,gate5b_id_ton_iot,128,128
id,idcc6a61e9,qsvc_pauli_xyz_r1,10,45,43,0.03859924241244049,0.22057842399582073,0.22386652930051706,0.10220889783263903,0.078403545315025,0.1356274217674974,0.02742651144579419,0.029107378474053695,18,45|43,gate5b_id_ton_iot,128,128
id,idcc6a61e9,qsvc_pauli_xyz_r1,10,46,42,0.049713721849138505,0.20684868770571324,0.21891284754059814,0.05555555555555555,0.13570725480688445,0.151390797755266,0.02822109017112879,0.03602377051094569,18,46|42,gate5b_id_ton_iot,128,128
id,idcc6a61e9,qsvc_pauli_xyz_r1,10,46,43,0.023023513598110366,0.2175470078298731,0.22232168198413113,0.09875927420876114,0.08762394415585625,0.1386295451939389,0.018050032350093705,0.01901336135927156,18,46|43,gate5b_id_ton_iot,128,128
id,idcc6a61e9,qsvc_pauli_xyz_r1,12,42,42,0.06413348729376954,0.2182080677145456,0.22834329023348296,0.07638740501592309,0.14409196676487318,0.16241889134455856,0.030421382453356578,0.0376908770325551,18,42|42,gate5b_id_ton_iot,128,128
id,idcc6a61e9,qsvc_pauli_xyz_r1,12,42,43,0.04685353693250199,0.22033670893342538,0.21720391131583316,0.09721925447629062,0.11305380555724742,0.14804756200019556,0.03436240900613208,0.03547899770329851,18,42|43,gate5b_id_ton_iot,128,128
id,idcc6a61e9,qsvc_pauli_xyz_r1,12,43,42,0.08287201101781608,0.20873824107494013,0.22400328924994023,0.08641535418570365,0.17563469853291724,0.17700157800325042,0.039582212488724594,0.048237874940596476,18,43|42,gate5b_id_ton_iot,128,128
id,idcc6a61e9,qsvc_pauli_xyz_r1,12,43,43,0.071590618474019,0.21591583385536348,0.23428354397993034,0.09721925447629062,0.11083048826652615,0.15324773874590306,0.03213410227588326,0.04415541557505549,18,43|43,gate5b_id_ton_iot,128,128
id,idcc6a61e9,qsvc_pauli_xyz_r1,12,44,42,0.018682436891641223,0.20249205850241017,0.20681765133436983,0.11727515281585174,0.03287428357100866,0.11147202989311146,0.012392286857262591,0.015034841142492447,18,44|42,gate5b_id_ton_iot,128,128
id,idcc6a61e9,qsvc_pauli_xyz_r1,12,44,43,0.0574908666726543,0.22066926310909177,0.23326181414699068,0.09721925447629062,0.11569587505024982,0.1550877400719812,0.02971917668716031,0.03617347260161381,18,44|43,gate5b_id_ton_iot,128,128
id,idcc6a61e9,qsvc_pauli_xyz_r1,12,45,42,0.0148632344711938,0.23106842461337415,0.23529995675545823,0.0920060883452081,0.041923818617163364,0.12134828152709691,0.012634732974930679,0.012473202568121783,18,45|42,gate5b_id_ton_iot,128,128
id,idcc6a61e9,qsvc_pauli_xyz_r1,12,45,43,0.031157110505794512,0.2271633672644789,0.23291448186956826,0.10220889783263903,0.07001967973280926,0.13510673834614523,0.021468547615721662,0.022932926134390647,18,45|43,gate5b_id_ton_iot,128,128
id,idcc6a61e9,qsvc_pauli_xyz_r1,12,46,42,0.06581906712115045,0.20924213602511169,0.21184118665500826,0.05555555555555555,0.09494083013044215,0.13028909167121408,0.04508568420385389,0.05141351506886235,18,46|42,gate5b_id_ton_iot,128,128
id,idcc6a61e9,qsvc_pauli_xyz_r1,12,46,43,0.01809502353904055,0.2182373350769369,0.21652626330315833,0.09875927420876114,0.11536010903657606,0.14912946789209416,0.016844793873788604,0.01608703111379432,18,46|43,gate5b_id_ton_iot,128,128
id,idcc6a61e9,qsvc_z_r1,8,42,42,0.04322266461883397,0.21256156898569728,0.21691514682103027,0.07638740501592309,0.08144603327817103,0.12978777851880205,0.02627059490591309,0.032684016345326264,18,42|42,gate5b_id_ton_iot,128,128
id,idcc6a61e9,qsvc_z_r1,8,42,43,0.00216387928081475,0.2347803275342268,0.2043777790460927,0.09721925447629062,0.002626832745354275,0.09318943535124759,0.0021552297076121124,0.002008867049788531,18,42|43,gate5b_id_ton_iot,128,128
id,idcc6a61e9,qsvc_z_r1,8,43,42,0.026254563105986922,0.20009933067453808,0.2120669322922884,0.08641535418570365,0.1223661279447973,0.14844809793314068,0.01478302938677791,0.01653711365296714,18,43|42,gate5b_id_ton_iot,128,128
id,idcc6a61e9,qsvc_z_r1,8,43,43,0.04316277951190585,0.18215237054095923,0.19015664774380153,0.09721925447629062,0.13403940153185717,0.1477511006897339,0.02752560945705698,0.030084506062372673,18,43|43,gate5b_id_ton_iot,128,128
id,idcc6a61e9,qsvc_z_r1,8,44,42,0.01804120808097815,0.22622311044082194,0.2358584190825272,0.11727515281585174,0.029109008728078683,0.12032082050929144,0.011485234697307976,0.01477260814642735,18,44|42,gate5b_id_ton_iot,128,128
id,idcc6a61e9,qsvc_z_r1,8,44,43,0.013958896477377651,0.2142693910551889,0.22063339133404,0.09721925447629062,0.0974051384103915,0.14218161512188168,0.009512129250921797,0.010521904312502274,18,44|43,gate5b_id_ton_iot,128,128
id,idcc6a61e9,qsvc_z_r1,8,45,42,0.015605440566107631,0.2379191957129458,0.23079808895993098,0.0920060883452081,0.01876526666363155,0.10918462416802707,0.008018926792145704,0.011936970215812977,18,45|42,gate5b_id_ton_iot,128,128
id,idcc6a61e9,qsvc_z_r1,8,45,43,0.051404079537545985,0.2280298000774149,0.23222718415154078,0.10220889783263903,0.0989294781830912,0.147997629380627,0.030493509913271148,0.03525341134142554,18,45|43,gate5b_id_ton_iot,128,128
id,idcc6a61e9,qsvc_z_r1,8,46,42,0.06356901200651201,0.22144437865749694,0.22150290063424186,0.05555555555555555,0.1341286254645781,0.1516150764519063,0.035844125569359425,0.04587734886115416,18,46|42,gate5b_id_ton_iot,128,128
id,idcc6a61e9,qsvc_z_r1,8,46,43,0.005810967084488583,0.23267709711509305,0.2287255573372583,0.09875927420876114,0.04585533909438007,0.12197249756713235,0.005384149087653325,0.005264420605381872,18,46|43,gate5b_id_ton_iot,128,128
id,idcc6a61e9,qsvc_z_r1,10,42,42,0.03852584840488065,0.21375735120208497,0.2276112185655316,0.07638740501592309,0.05752564747659001,0.12280435651608387,0.02129038640315424,0.02691797159848684,18,42|42,gate5b_id_ton_iot,128,128
id,idcc6a61e9,qsvc_z_r1,10,42,43,0.01083623664268825,0.21488390045945774,0.19533413307574468,0.09721925447629062,0.018878534440992103,0.09728797395095641,0.010275110365643762,0.010129511416794246,18,42|43,gate5b_id_ton_iot,128,128
id,idcc6a61e9,qsvc_z_r1,10,43,42,0.029732218511753776,0.20719270024833403,0.2140376841809366,0.08641535418570365,0.11845636450553819,0.14738756978389497,0.016836168836008764,0.019424735986511912,18,43|42,gate5b_id_ton_iot,128,128
id,idcc6a61e9,qsvc_z_r1,10,43,43,0.038635043893780446,0.2073204283576994,0.21147445414385913,0.09721925447629062,0.1041467390187141,0.14191545642014436,0.022492651019013057,0.0262811175295692,18,43|43,gate5b_id_ton_iot,128,128
id,idcc6a61e9,qsvc_z_r1,10,44,42,0.019097879128972005,0.21434266253902892,0.20838494293607482,0.11727515281585174,0.04328431725702329,0.11677378760555629,0.014581715964227986,0.01604085226807266,18,44|42,gate5b_id_ton_iot,128,128
id,idcc6a61e9,qsvc_z_r1,10,44,43,0.022120995541694458,0.21922544544714703,0.23200566824478802,0.09721925447629062,0.039695033876441306,0.1200851228467218,0.014296247519282192,0.01780041336668452,18,44|43,gate5b_id_ton_iot,128,128
id,idcc6a61e9,qsvc_z_r1,10,45,42,0.024462126395905393,0.2198778091233436,0.23976934820245951,0.0920060883452081,0.048124932507065545,0.12579220291232562,0.015627529946997537,0.019305585671726404,18,45|42,gate5b_id_ton_iot,128,128
id,idcc6a61e9,qsvc_z_r1,10,45,43,0.02347375325658546,0.22057842399582073,0.23164078843016764,0.10220889783263903,0.09286609338367366,0.1450283105731197,0.016841657269388792,0.016818086504120887,18,45|43,gate5b_id_ton_iot,128,128
id,idcc6a61e9,qsvc_z_r1,10,46,42,0.022730336792836797,0.20684868770571324,0.20682466094873464,0.05555555555555555,0.05835728683753564,0.11183601719033891,0.018253111648243343,0.01965765584019756,18,46|42,gate5b_id_ton_iot,128,128
id,idcc6a61e9,qsvc_z_r1,10,46,43,0.01896626314132171,0.2175470078298731,0.21835891830925655,0.09875927420876114,0.04511003934399515,0.11786403803404766,0.018150454505201596,0.017499460195426336,18,46|43,gate5b_id_ton_iot,128,128
id,idcc6a61e9,qsvc_z_r1,12,42,42,0.05458487618265843,0.2182080677145456,0.21787155682577597,0.07638740501592309,0.10358634015353207,0.14019933982751004,0.026936553726879156,0.03465279086461009,18,42|42,gate5b_id_ton_iot,128,128
id,idcc6a61e9,qsvc_z_r1,12,42,43,0.04859056589567342,0.22033670893342538,0.2167169199490969,0.09721925447629062,0.130896780850944,0.15598091754578988,0.032643582336349335,0.03351121170543981,18,42|43,gate5b_id_ton_iot,128,128
id,idcc6a61e9,qsvc_z_r1,12,43,42,0.06382662152024784,0.20873824107494013,0.21569201635764065,0.08641535418570365,0.15672572686539685,0.16538430982990493,0.02928822871842932,0.0368381660028238,18,43|42,gate5b_id_ton_iot,128,128
id,idcc6a61e9,qsvc_z_r1,12,43,43,0.0555332871529108,0.21591583385536348,0.22480052601618444,0.09721925447629062,0.0922612475651375,0.1413588046220915,0.027845107121017097,0.03770342554543522,18,43|43,gate5b_id_ton_iot,128,128
id,idcc6a61e9,qsvc_z_r1,12,44,42,0.017361768017860893,0.20249205850241017,0.20297383966368554,0.11727515281585174,0.030258025689514887,0.1088850720667291,0.012118006625319625,0.014160056773652301,18,44|42,gate5b_id_ton_iot,128,128
id,idcc6a61e9,qsvc_z_r1,12,44,43,0.037959404693275654,0.22066926310909177,0.23032636243867938,0.09721925447629062,0.057597140371676875,0.12761178732415301,0.025173792586902763,0.029102612451701544,18,44|43,gate5b_id_ton_iot,128,128
id,idcc6a61e9,qsvc_z_r1,12,45,42,0.020121848618127616,0.23106842461337415,0.23251601917525175,0.0920060883452081,0.044156380825888054,0.12135074159280577,0.0162578868008986,0.016649345606326058,18,45|42,gate5b_id_ton_iot,128,128
id,idcc6a61e9,qsvc_z_r1,12,45,43,0.020805926905495042,0.2271633672644789,0.2357144227962801,0.10220889783263903,0.10634665113976689,0.15263715841356665,0.014529801925479896,0.014611024410135778,18,45|43,gate5b_id_ton_iot,128,128
id,idcc6a61e9,qsvc_z_r1,12,46,42,0.021448921448921444,0.20924213602511169,0.2139283451550712,0.05555555555555555,0.1274362413380372,0.14581869985650744,0.019102784029009025,0.018125038383581087,18,46|42,gate5b_id_ton_iot,128,128
id,idcc6a61e9,qsvc_z_r1,12,46,43,0.020740365541452234,0.2182373350769369,0.21800842433829415,0.09875927420876114,0.057540171827912046,0.12338664590093264,0.01685235469808688,0.018289120509857766,18,46|43,gate5b_id_ton_iot,128,128
id,idcc6a61e9,qsvc_zz_r1,8,42,42,0.1340484771600363,0.21256156898569728,0.2472232794699809,0.07638740501592309,0.19121997116954692,0.19070616215995495,0.05980948072806872,0.07755428151910901,18,42|42,gate5b_id_ton_iot,128,128
id,idcc6a61e9,qsvc_zz_r1,8,42,43,0.0846150340101953,0.2347803275342268,0.25681727552703715,0.09721925447629062,0.25618117809915164,0.22751031832331708,0.04164049446270648,0.04489924039049469,18,42|43,gate5b_id_ton_iot,128,128
id,idcc6a61e9,qsvc_zz_r1,8,43,42,0.1380299609944883,0.20009933067453808,0.22334614890064663,0.08641535418570365,0.203129746027766,0.18926036673752944,0.0689999159980976,0.08071720289036106,18,43|42,gate5b_id_ton_iot,128,128
id,idcc6a61e9,qsvc_zz_r1,8,43,43,0.08029794621696502,0.18215237054095923,0.2213548349056661,0.09721925447629062,0.11448996045736602,0.1502097864420069,0.04947696969399166,0.05659014977956316,18,43|43,gate5b_id_ton_iot,128,128
id,idcc6a61e9,qsvc_zz_r1,8,44,42,0.11766362129929463,0.22622311044082194,0.24987774844916416,0.11727515281585174,0.21727674615707335,0.2109495482012479,0.055842484865292134,0.06876020615166804,18,44|42,gate5b_id_ton_iot,128,128
id,idcc6a61e9,qsvc_zz_r1,8,44,43,0.11224073554382695,0.2142693910551889,0.2254972483028099,0.09721925447629062,0.12212930101974583,0.15518854611477728,0.06203831594998885,0.08021207790040691,18,44|43,gate5b_id_ton_iot,128,128
id,idcc6a61e9,qsvc_zz_r1,8,45,42,0.09674395937248292,0.2379191957129458,0.25482450434268034,0.0920060883452081,0.09646868826623677,0.15324123958112013,0.04211314134238591,0.06396495102983916,18,45|42,gate5b_id_ton_iot,128,128
id,idcc6a61e9,qsvc_zz_r1,8,45,43,0.08693607584150628,0.2280298000774149,0.2516583778464796,0.10220889783263903,0.11636010161682107,0.16298652864866378,0.05119379564843404,0.060098214100799865,18,45|43,gate5b_id_ton_iot,128,128
id,idcc6a61e9,qsvc_zz_r1,8,46,42,0.09544731888481889,0.22144437865749694,0.24746881841460144,0.05555555555555555,0.2155219664563738,0.198054201550126,0.045083035234042716,0.05440358986930132,18,46|42,gate5b_id_ton_iot,128,128
id,idcc6a61e9,qsvc_zz_r1,8,46,43,0.07495997847980373,0.23267709711509305,0.25800518173122,0.09875927420876114,0.19255823122645893,0.19930276649769973,0.034530239638578784,0.04094677711570438,18,46|43,gate5b_id_ton_iot,128,128
id,idcc6a61e9,qsvc_zz_r1,10,42,42,0.1323115175097702,0.21375735120208497,0.25141889025729686,0.07638740501592309,0.2485339696089828,0.21828365628235888,0.06240495332446824,0.07042143701962504,18,42|42,gate5b_id_ton_iot,128,128
id,idcc6a61e9,qsvc_zz_r1,10,42,43,0.10197301702678047,0.21488390045945774,0.24027371258984564,0.09721925447629062,0.233012911748795,0.21096344709599443,0.054442064794203965,0.06014615960760487,18,42|43,gate5b_id_ton_iot,128,128
id,idcc6a61e9,qsvc_zz_r1,10,43,42,0.14932287648822348,0.20719270024833403,0.24258931364952993,0.08641535418570365,0.200270749987112,0.1949583375368261,0.07206494415774084,0.0891950610303689,18,43|42,gate5b_id_ton_iot,128,128
id,idcc6a61e9,qsvc_zz_r1,10,43,43,0.11415211288363168,0.2073204283576994,0.2423413212532012,0.09721925447629062,0.21558486229441315,0.20379346413067745,0.062334935422705,0.06726898832827764,18,43|43,gate5b_id_ton_iot,128,128
id,idcc6a61e9,qsvc_zz_r1,10,44,42,0.0861851891399133,0.21434266253902892,0.23154762129414064,0.11727515281585174,0.2764188637486067,0.23116682814102718,0.050109437797485716,0.04957594586928521,18,44|42,gate5b_id_ton_iot,128,128
id,idcc6a61e9,qsvc_zz_r1,10,44,43,0.1409249660509741,0.21922544544714703,0.2473119411757644,0.09721925447629062,0.24515372318633288,0.21904135359884574,0.07219117572910835,0.0815050956162419,18,44|43,gate5b_id_ton_iot,128,128
id,idcc6a61e9,qsvc_zz_r1,10,45,42,0.07416452448261744,0.2198778091233436,0.2511755344768991,0.0920060883452081,0.18755201256057996,0.19331585249099206,0.04172263011792477,0.04634577131415045,18,45|42,gate5b_id_ton_iot,128,128
id,idcc6a61e9,qsvc_zz_r1,10,45,43,0.11262877545096332,0.22057842399582073,0.24553528260036128,0.10220889783263903,0.12839751212651906,0.16623149879084714,0.06373583140316896,0.0810187906427773,18,45|43,gate5b_id_ton_iot,128,128
id,idcc6a61e9,qsvc_zz_r1,10,46,42,0.12585618471035137,0.20684868770571324,0.23820669645679812,0.05555555555555555,0.208069789375622,0.1912988039833103,0.06533344436204838,0.07609492490914185,18,46|42,gate5b_id_ton_iot,128,128
id,idcc6a61e9,qsvc_zz_r1,10,46,43,0.08353990102141982,0.2175470078298731,0.24671682493959976,0.09875927420876114,0.17524999465655514,0.18733052922351792,0.039083893662755914,0.049790471729161775,18,46|43,gate5b_id_ton_iot,128,128
id,idcc6a61e9,qsvc_zz_r1,12,42,42,0.15789177127382772,0.2182080677145456,0.24372904420280783,0.07638740501592309,0.3009564498481774,0.23931574873490583,0.07937117990033586,0.08143481187281038,18,42|42,gate5b_id_ton_iot,128,128
id,idcc6a61e9,qsvc_zz_r1,12,42,43,0.14710845332485117,0.22033670893342538,0.249655409704224,0.09721925447629062,0.17014770220812694,0.18579987807364656,0.07759587390010261,0.09703702073747383,18,42|43,gate5b_id_ton_iot,128,128
id,idcc6a61e9,qsvc_zz_r1,12,43,42,0.1597723162409419,0.20873824107494013,0.24779777582073326,0.08641535418570365,0.314123897467931,0.2486037544539996,0.08134395143454516,0.08315324943825203,18,43|42,gate5b_id_ton_iot,128,128
id,idcc6a61e9,qsvc_zz_r1,12,43,43,0.12763369303187852,0.21591583385536348,0.2564833486950179,0.09721925447629062,0.23438229645634623,0.21748030781948946,0.06233284304560068,0.07230912896594972,18,43|43,gate5b_id_ton_iot,128,128
id,idcc6a61e9,qsvc_zz_r1,12,44,42,0.12782966163900966,0.20249205850241017,0.2254711399268923,0.11727515281585174,0.2567708211060096,0.22002627007902914,0.07074946077433025,0.07758116226065113,18,44|42,gate5b_id_ton_iot,128,128
id,idcc6a61e9,qsvc_zz_r1,12,44,43,0.1482775575181489,0.22066926310909177,0.2549403183254043,0.09721925447629062,0.29973843340736017,0.2466265408446363,0.07334303024838575,0.08049216583316049,18,44|43,gate5b_id_ton_iot,128,128
id,idcc6a61e9,qsvc_zz_r1,12,45,42,0.11134007093070489,0.23106842461337415,0.2551429320910991,0.0920060883452081,0.2474332748594444,0.22197729812291223,0.053226268300952485,0.061995027839873124,18,45|42,gate5b_id_ton_iot,128,128
id,idcc6a61e9,qsvc_zz_r1,12,45,43,0.12267507402427597,0.2271633672644789,0.25050212953850576,0.10220889783263903,0.14345209987213473,0.1748806193799977,0.06257124386193831,0.08210594631005108,18,45|43,gate5b_id_ton_iot,128,128
id,idcc6a61e9,qsvc_zz_r1,12,46,42,0.12497413851580516,0.20924213602511169,0.24456703307112213,0.05555555555555555,0.16874370087777624,0.17573615888949826,0.06432106778699066,0.079636959460358,18,46|42,gate5b_id_ton_iot,128,128
id,idcc6a61e9,qsvc_zz_r1,12,46,43,0.08054242651016845,0.2182373350769369,0.2545262175202071,0.09875927420876114,0.22709949879977837,0.21373826477247657,0.03685127589915425,0.042546442662102224,18,46|43,gate5b_id_ton_iot,128,128
id,idcc6a61e9,svc_rbf,8,42,42,0.0110751330509395,0.19065041035150967,0.1859509567241149,0.07638740501592309,0.009502995554434259,0.08582669224549791,0.010690330350165077,0.010755360074810084,18,42|42,gate5b_id_ton_iot,128,128
id,idcc6a61e9,svc_rbf,8,42,43,0.007371748870404772,0.18660869771810093,0.15072015577286277,0.09721925447629062,0.011795932360064923,0.07784534489494155,0.0067442359134326675,0.006780027305267333,18,42|43,gate5b_id_ton_iot,128,128
id,idcc6a61e9,svc_rbf,8,43,42,0.010642341021889516,0.1526519085021095,0.13926739687040876,0.08641535418570365,0.008818871225606047,0.0703631501800975,0.010547125249073723,0.010172721406907658,18,43|42,gate5b_id_ton_iot,128,128
id,idcc6a61e9,svc_rbf,8,43,43,0.01848156541536916,0.15456553185320385,0.15515235372889521,0.09721925447629062,0.019207157151748814,0.0828257917842642,0.017811646711294104,0.017487514681840333,18,43|43,gate5b_id_ton_iot,128,128
id,idcc6a61e9,svc_rbf,8,44,42,0.0024569877889954387,0.1958345960129106,0.1617001066724129,0.11727515281585174,0.0028340352916980784,0.08141099170725868,0.0024208540072038214,0.0022946584498674477,18,44|42,gate5b_id_ton_iot,128,128
id,idcc6a61e9,svc_rbf,8,44,43,0.004021865169378605,0.16506309353872975,0.14128246473942666,0.09721925447629062,0.0033269349312215622,0.07056391296058143,0.004021865169378605,0.0036374412773875326,18,44|43,gate5b_id_ton_iot,128,128
id,idcc6a61e9,svc_rbf,8,45,42,0.005264666135464317,0.16501032999683776,0.1461239940714071,0.0920060883452081,0.004341135947437239,0.07183762115574827,0.005235549688021943,0.0048829141210395555,18,45|42,gate5b_id_ton_iot,128,128
id,idcc6a61e9,svc_rbf,8,45,43,0.008260986684536228,0.18046913852636431,0.16123481898845615,0.10220889783263903,0.006547994685182166,0.0801906404586376,0.008126639143701578,0.007726976535567613,18,45|43,gate5b_id_ton_iot,128,128
id,idcc6a61e9,svc_rbf,8,46,42,0.008334181250847917,0.20200342434248408,0.17812016688742882,0.05555555555555555,0.00902788892922195,0.078975565755176,0.008182753990370419,0.007851011697812701,18,46|42,gate5b_id_ton_iot,128,128
id,idcc6a61e9,svc_rbf,8,46,43,0.006875674556759067,0.1846457929609348,0.15145552248472566,0.09875927420876114,0.006191200170737894,0.0758451490191013,0.006853762762348835,0.006479582805027029,18,46|43,gate5b_id_ton_iot,128,128
id,idcc6a61e9,svc_rbf,10,42,42,0.021758411341744666,0.16580687370915026,0.1645725247322925,0.07638740501592309,0.03200389741407162,0.08828039963921584,0.01901864784144086,0.019980846908557007,18,42|42,gate5b_id_ton_iot,128,128
id,idcc6a61e9,svc_rbf,10,42,43,0.01126892260964841,0.16528205455751366,0.14749086447813503,0.09721925447629062,0.01294397605000492,0.07719289519228599,0.011179270309768195,0.01049251481990191,18,42|43,gate5b_id_ton_iot,128,128
id,idcc6a61e9,svc_rbf,10,43,42,0.014548591021889518,0.14636296808414867,0.13725405886661027,0.08641535418570365,0.01681520626720857,0.07326572501580829,0.01417786565979019,0.013878746889601622,18,43|42,gate5b_id_ton_iot,128,128
id,idcc6a61e9,svc_rbf,10,43,43,0.02241432247312623,0.15850809525040663,0.15677604270081844,0.09721925447629062,0.03350428069801451,0.08991491665872069,0.0215545236308086,0.02103646070631052,18,43|43,gate5b_id_ton_iot,128,128
id,idcc6a61e9,svc_rbf,10,44,42,0.006985881059211506,0.17323771700425786,0.16352405415938043,0.11727515281585174,0.00966653751402392,0.08517992816721316,0.006901187822461074,0.006450616783524815,18,44|42,gate5b_id_ton_iot,128,128
id,idcc6a61e9,svc_rbf,10,44,43,0.016520849098134047,0.15779325839211392,0.1510641419406696,0.09721925447629062,0.02269236719688837,0.08292335569997286,0.016037482084150484,0.015185864028679382,18,44|43,gate5b_id_ton_iot,128,128
id,idcc6a61e9,svc_rbf,10,45,42,0.024526233246336623,0.14720533879903247,0.15068876727481945,0.0920060883452081,0.03954250598304629,0.08949816142772049,0.019800091668663394,0.021620433747131077,18,45|42,gate5b_id_ton_iot,128,128
id,idcc6a61e9,svc_rbf,10,45,43,0.018329079607675876,0.16053369070654278,0.15819829537015703,0.10220889783263903,0.01218452454343474,0.08164850907846181,0.01610393613866409,0.0168177254746274,18,45|43,gate5b_id_ton_iot,128,128
id,idcc6a61e9,svc_rbf,10,46,42,0.01885143213268213,0.15762353349820962,0.15469357601690137,0.05555555555555555,0.014186422776054586,0.07280159355081722,0.018676514982386982,0.01785780093784236,18,46|42,gate5b_id_ton_iot,128,128
id,idcc6a61e9,svc_rbf,10,46,43,0.015051096939280861,0.16060737244628995,0.1500152136805199,0.09875927420876114,0.013393580596724915,0.07859520964756604,0.014803026158687125,0.014252849957708591,18,46|43,gate5b_id_ton_iot,128,128
id,idcc6a61e9,svc_rbf,12,42,42,0.019875391994007584,0.14989626172727888,0.14105947961823068,0.07638740501592309,0.01878204739245239,0.0737202695879119,0.01909949220273429,0.018819547585705327,18,42|42,gate5b_id_ton_iot,128,128
id,idcc6a61e9,svc_rbf,12,42,43,0.012569945424448111,0.15540475244600382,0.13625580433706608,0.09721925447629062,0.008231247020819362,0.07096526921863112,0.0124755769231625,0.011711946901334367,18,42|43,gate5b_id_ton_iot,128,128
id,idcc6a61e9,svc_rbf,12,43,42,0.01793344734543766,0.13438356234649834,0.1305652388337884,0.08641535418570365,0.019478771894098686,0.07204413847064131,0.017076342385614306,0.01688175759998461,18,43|42,gate5b_id_ton_iot,128,128
id,idcc6a61e9,svc_rbf,12,43,43,0.010723352028795567,0.1472210834020253,0.15434208502226654,0.09721925447629062,0.05353984817284993,0.09813691726417245,0.010713858647161519,0.010044859545341787,18,43|43,gate5b_id_ton_iot,128,128
id,idcc6a61e9,svc_rbf,12,44,42,0.00785393661476706,0.16548266148912447,0.15331246335885063,0.11727515281585174,0.008393750763245996,0.08088808298939418,0.007782147966879256,0.0073161723342000905,18,44|42,gate5b_id_ton_iot,128,128
id,idcc6a61e9,svc_rbf,12,44,43,0.029280545594389678,0.14802248670984572,0.14228299514641624,0.09721925447629062,0.03595855177604543,0.08576029531077028,0.02657785715806493,0.02598840517521803,18,44|43,gate5b_id_ton_iot,128,128
id,idcc6a61e9,svc_rbf,12,45,42,0.006517319481825839,0.1467945285483208,0.14055521788723682,0.0920060883452081,0.0084312943241124,0.0716717745327205,0.0064344762681598795,0.006171779949407996,18,45|42,gate5b_id_ton_iot,128,128
id,idcc6a61e9,svc_rbf,12,45,43,0.013491114367696573,0.16105128282841105,0.1493999212738718,0.10220889783263903,0.006981743386495152,0.07608419979029463,0.013152426936165428,0.012701439135224837,18,45|43,gate5b_id_ton_iot,128,128
id,idcc6a61e9,svc_rbf,12,46,42,0.01451115435490435,0.1607445915269937,0.14667087199702428,0.05555555555555555,0.008862042440013491,0.0674640737544796,0.014488832194808525,0.013686993042448116,18,46|42,gate5b_id_ton_iot,128,128
id,idcc6a61e9,svc_rbf,12,46,43,0.016787208050391973,0.1560139662971907,0.14494766408659737,0.09875927420876114,0.019690903803379057,0.07961488398007338,0.01646290867702446,0.015866396963672244,18,46|43,gate5b_id_ton_iot,128,128
ood,tr649b5ffb__te0e535a99,qsvc_zz_r1,8,42,42,1.4000896057344445e-05,0.24776779384491757,0.2618066361501455,0.08641535418570365,0.18356352001191162,0.1943522593665043,1.4000896057344445e-05,1.2048970564899143e-05,18,42|42,gate3b_ood_tue_fri_portscan,128,128
ood,tr649b5ffb__te0e535a99,qsvc_zz_r1,8,42,43,0.016055313165528218,0.25836104975446544,0.2401550046012433,0.09721925447629062,0.10871778599198306,0.15442249611976996,0.00802518833899759,0.011907956975583632,18,42|43,gate3b_ood_tue_fri_portscan,128,128
ood,tr649b5ffb__te0e535a99,qsvc_zz_r1,8,43,42,0.1483734889633288,0.28181037004232934,0.2874011942288298,0.08641535418570365,0.3405204683819649,0.2750034388360501,0.05332020074101054,0.06418405015203948,18,43|42,gate3b_ood_tue_fri_portscan,128,128
ood,tr649b5ffb__te0e535a99,qsvc_zz_r1,8,43,43,0.0,0.2811493250425754,0.2804232241718519,0.09721925447629062,0.022969541728123814,0.1300890103891462,0.0,0.0,18,43|43,gate3b_ood_tue_fri_portscan,128,128
ood,tr649b5ffb__te0e535a99,qsvc_zz_r1,8,44,42,0.0,0.2602523569603235,0.2576457886964501,0.11283348162388346,0.0568174509230203,0.14003067024078808,0.0,0.0,18,44|42,gate3b_ood_tue_fri_portscan,128,128
ood,tr649b5ffb__te0e535a99,qsvc_zz_r1,8,44,43,0.0,0.27845536488957073,0.273538488482584,0.0729129553374834,0.018910437851407287,0.12132109580566722,0.0,0.0,18,44|43,gate3b_ood_tue_fri_portscan,128,128
ood,tr649b5ffb__te0e535a99,qsvc_zz_r1,8,45,42,0.0,0.3099569168992411,0.29686020076465464,0.07638740501592309,0.017165106647337742,0.12964010421155941,0.0,0.0,18,45|42,gate3b_ood_tue_fri_portscan,128,128
ood,tr649b5ffb__te0e535a99,qsvc_zz_r1,8,45,43,0.08255990786628041,0.24912561407116454,0.26315393226168937,0.0729129553374834,0.19955756615028847,0.19965722458846968,0.039329380509400026,0.043997373006297136,18,45|43,gate3b_ood_tue_fri_portscan,128,128
ood,tr649b5ffb__te0e535a99,qsvc_zz_r1,8,46,42,0.13569380553411597,0.29787209873264076,0.2930141150641502,0.08641535418570365,0.3394827439476253,0.27657280803328493,0.04788652382873577,0.0589624101099403,18,46|42,gate3b_ood_tue_fri_portscan,128,128
ood,tr649b5ffb__te0e535a99,qsvc_zz_r1,8,46,43,0.0,0.2796810818281771,0.2847535386750874,0.09721925447629062,0.015397010140623526,0.1282216103960044,0.0,0.0,18,46|43,gate3b_ood_tue_fri_portscan,128,128
ood,tr649b5ffb__te0e535a99,qsvc_zz_r1,10,42,42,0.004340277777777778,0.2479025285220588,0.24996616742388778,0.08641535418570365,0.11992801333043351,0.1611214040653751,0.003527658916315434,0.0032018441715900483,18,42|42,gate3b_ood_tue_fri_portscan,128,128
ood,tr649b5ffb__te0e535a99,qsvc_zz_r1,10,42,43,0.127146081405154,0.26582324241754873,0.26803156066414024,0.09721925447629062,0.3014804501792658,0.2521788184095883,0.05662288719099354,0.06378826734975164,18,42|43,gate3b_ood_tue_fri_portscan,128,128
ood,tr649b5ffb__te0e535a99,qsvc_zz_r1,10,43,42,0.16409624827284183,0.28709713266450293,0.2914034309352429,0.08641535418570365,0.361313110766242,0.28590999872214445,0.06012009369246466,0.07011719977481552,18,43|42,gate3b_ood_tue_fri_portscan,128,128
ood,tr649b5ffb__te0e535a99,qsvc_zz_r1,10,43,43,0.0,0.28911062889788114,0.2946730969724923,0.09721925447629062,0.0388877017905035,0.14250630961773345,0.0,0.0,18,43|43,gate3b_ood_tue_fri_portscan,128,128
ood,tr649b5ffb__te0e535a99,qsvc_zz_r1,10,44,42,0.12874210371120698,0.2563378442144617,0.2705124654755599,0.11283348162388346,0.29102003345841443,0.25116518113109804,0.05120020202776595,0.05758584852746914,18,44|42,gate3b_ood_tue_fri_portscan,128,128
ood,tr649b5ffb__te0e535a99,qsvc_zz_r1,10,44,43,0.1122961818274318,0.28539094990707026,0.2890966934459416,0.0729129553374834,0.34585792619873446,0.2755911195865823,0.04067157146811303,0.04515661358180517,18,44|43,gate3b_ood_tue_fri_portscan,128,128
ood,tr649b5ffb__te0e535a99,qsvc_zz_r1,10,45,42,0.0,0.30729429322608315,0.30879018273490044,0.07638740501592309,0.017165106647337742,0.133978279473467,0.0,0.0,18,45|42,gate3b_ood_tue_fri_portscan,128,128
ood,tr649b5ffb__te0e535a99,qsvc_zz_r1,10,45,43,0.10599740786628041,0.25909644595486087,0.2764578070658979,0.0729129553374834,0.2880993767406066,0.24474127478559923,0.0438440193329638,0.04644983455725044,18,45|43,gate3b_ood_tue_fri_portscan,128,128
ood,tr649b5ffb__te0e535a99,qsvc_zz_r1,10,46,42,0.1565687797793851,0.2964606694504846,0.2971731877629759,0.08641535418570365,0.36363959089663217,0.2890655830824065,0.054917763697415294,0.0646435936141815,18,46|42,gate3b_ood_tue_fri_portscan,128,128
ood,tr649b5ffb__te0e535a99,qsvc_zz_r1,10,46,43,0.0,0.29084056590981855,0.2923956376499065,0.09721925447629062,0.015397010140623526,0.1310005554777568,0.0,0.0,18,46|43,gate3b_ood_tue_fri_portscan,128,128
ood,tr649b5ffb__te0e535a99,qsvc_zz_r1,12,42,42,0.12312814515075989,0.24957778613380308,0.26591379223055206,0.08641535418570365,0.30459806527238587,0.250861473059595,0.042069295631258476,0.049110356671992095,18,42|42,gate3b_ood_tue_fri_portscan,128,128
ood,tr649b5ffb__te0e535a99,qsvc_zz_r1,12,42,43,0.09720170373732201,0.2601860143441013,0.2670742369391252,0.09721925447629062,0.23704918844710005,0.22254376354041655,0.04629181095663562,0.04976749450775434,18,42|43,gate3b_ood_tue_fri_portscan,128,128
ood,tr649b5ffb__te0e535a99,qsvc_zz_r1,12,43,42,0.1676010569315684,0.2921171515221528,0.30030238757489036,0.08641535418570365,0.36531923766508584,0.29096694972694526,0.059870615401039884,0.07024765498399893,18,43|42,gate3b_ood_tue_fri_portscan,128,128
ood,tr649b5ffb__te0e535a99,qsvc_zz_r1,12,43,43,0.0,0.2843548429348809,0.28960697195208013,0.09721925447629062,0.0388877017905035,0.14066408233758357,0.0,0.0,18,43|43,gate3b_ood_tue_fri_portscan,128,128
ood,tr649b5ffb__te0e535a99,qsvc_zz_r1,12,44,42,0.11788410676412421,0.2568433466823802,0.27091758736113275,0.11283348162388346,0.289390859423625,0.2505719645282203,0.048185191957633204,0.05115070972690499,18,44|42,gate3b_ood_tue_fri_portscan,128,128
ood,tr649b5ffb__te0e535a99,qsvc_zz_r1,12,44,43,0.14828849096618704,0.28459417963465666,0.28010276123844996,0.0729129553374834,0.34451098155077786,0.2717083512166051,0.057484796275468444,0.06200780787797419,18,44|43,gate3b_ood_tue_fri_portscan,128,128
ood,tr649b5ffb__te0e535a99,qsvc_zz_r1,12,45,42,0.1401276230241284,0.3135244330024659,0.31812824873117923,0.07638740501592309,0.345727717804475,0.2867205812708125,0.04388464473510448,0.05442693841826793,18,45|42,gate3b_ood_tue_fri_portscan,128,128
ood,tr649b5ffb__te0e535a99,qsvc_zz_r1,12,45,43,0.11715781665230193,0.2626347832261253,0.2795676681617325,0.0729129553374834,0.28871829919618475,0.24615346175480182,0.049203565418860534,0.05412965961401185,18,45|43,gate3b_ood_tue_fri_portscan,128,128
ood,tr649b5ffb__te0e535a99,qsvc_zz_r1,12,46,42,0.16266146821890792,0.30010353602139794,0.3055209352694901,0.08641535418570365,0.3607701065881818,0.29079681658093426,0.05519984279401116,0.06554500190287334,18,46|42,gate3b_ood_tue_fri_portscan,128,128
ood,tr649b5ffb__te0e535a99,qsvc_zz_r1,12,46,43,0.0,0.2918258787717078,0.2879475390872761,0.09721925447629062,0.015397010140623526,0.12938306509134576,0.0,0.0,18,46|43,gate3b_ood_tue_fri_portscan,128,128
ood,tr649b5ffb__te0e535a99,svc_rbf,8,42,42,0.0004620295698924722,0.17137682599018653,0.17098556814146162,0.08641535418570365,0.10777535900432601,0.12687725235989852,0.00026038255708020404,0.00028920118705318625,18,42|42,gate3b_ood_tue_fri_portscan,128,128
ood,tr649b5ffb__te0e535a99,svc_rbf,8,42,43,6.889329805994444e-06,0.19905760751867616,0.19495436412503864,0.09721925447629062,0.0020613420223790403,0.08950569777860282,6.889329805994444e-06,6.407488063772213e-06,18,42|43,gate3b_ood_tue_fri_portscan,128,128
ood,tr649b5ffb__te0e535a99,svc_rbf,8,43,42,0.0004693743022504222,0.19258609428256843,0.19948043998787252,0.08641535418570365,0.003598887331014439,0.0898860822707245,0.00040585832112306243,0.0004319813832266365,18,43|42,gate3b_ood_tue_fri_portscan,128,128
ood,tr649b5ffb__te0e535a99,svc_rbf,8,43,43,0.00043402777777777775,0.20240698454783201,0.22136762733308685,0.09721925447629062,0.07296954172812106,0.13134152062959398,0.00036147575264568985,0.00023008840500248287,18,43|43,gate3b_ood_tue_fri_portscan,128,128
ood,tr649b5ffb__te0e535a99,svc_rbf,8,44,42,2.8935185185183336e-05,0.19723479246023318,0.19411710854200098,0.11283348162388346,0.0015364644896420036,0.09180161089672553,2.8935185185183336e-05,2.3540742019205386e-05,18,44|42,gate3b_ood_tue_fri_portscan,128,128
ood,tr649b5ffb__te0e535a99,svc_rbf,8,44,43,0.0008680555555555555,0.1819874184161049,0.2032212553949998,0.0729129553374834,0.1605771045180698,0.160145132258665,0.0005750484650402376,0.0004261224216308032,18,44|43,gate3b_ood_tue_fri_portscan,128,128
ood,tr649b5ffb__te0e535a99,svc_rbf,8,45,42,1.3778659611988887e-05,0.22105991202557038,0.21116653536982735,0.07638740501592309,0.12381018565754455,0.14695380725444349,1.3778659611988887e-05,1.2201549261014689e-05,18,45|42,gate3b_ood_tue_fri_portscan,128,128
ood,tr649b5ffb__te0e535a99,svc_rbf,8,45,43,0.0004684744268077611,0.1647730990716817,0.1527190382265324,0.0729129553374834,0.0034057179507749774,0.07033915030317922,0.00044479739299985106,0.0004566798628762039,18,45|43,gate3b_ood_tue_fri_portscan,128,128
ood,tr649b5ffb__te0e535a99,svc_rbf,8,46,42,0.0009747836976320554,0.2029530805665358,0.1978226664314374,0.08641535418570365,0.0051092076599609775,0.08996976476336016,0.0005348166349837391,0.0007896549271409428,18,46|42,gate3b_ood_tue_fri_portscan,128,128
ood,tr649b5ffb__te0e535a99,svc_rbf,8,46,43,0.0,0.17671422351608565,0.15197305303609931,0.09721925447629062,0.07302254675033269,0.10613122316805836,0.0,0.0,18,46|43,gate3b_ood_tue_fri_portscan,128,128
ood,tr649b5ffb__te0e535a99,svc_rbf,10,42,42,0.0013300851254480278,0.16959473219099028,0.1644734884303255,0.08641535418570365,0.0070811445832929315,0.07873912590992489,0.0006389913511503895,0.0010661409413831677,18,42|42,gate3b_ood_tue_fri_portscan,128,128
ood,tr649b5ffb__te0e535a99,svc_rbf,10,42,43,6.889329805994444e-06,0.19774050139043398,0.20122769365832172,0.09721925447629062,0.002126177335435256,0.09181637911482222,6.889329805994444e-06,6.407497884286116e-06,18,42|43,gate3b_ood_tue_fri_portscan,128,128
ood,tr649b5ffb__te0e535a99,svc_rbf,10,43,42,0.0004693743022504222,0.1898859231848128,0.17691075043936888,0.08641535418570365,0.0021541945336457586,0.08102224389064651,0.0004242407012294472,0.000445044882977397,18,43|42,gate3b_ood_tue_fri_portscan,128,128
ood,tr649b5ffb__te0e535a99,svc_rbf,10,43,43,0.0,0.20034695282381823,0.22151600802483187,0.09721925447629062,0.0388877017905035,0.11590373181858421,0.0,0.0,18,43|43,gate3b_ood_tue_fri_portscan,128,128
ood,tr649b5ffb__te0e535a99,svc_rbf,10,44,42,2.8935185185183336e-05,0.1894909913145992,0.17321112217235174,0.11283348162388346,0.001504183409922046,0.08418476081698038,2.8935185185183336e-05,2.3515117877358442e-05,18,44|42,gate3b_ood_tue_fri_portscan,128,128
ood,tr649b5ffb__te0e535a99,svc_rbf,10,44,43,0.00043402777777777775,0.18040358346363405,0.1980349837407575,0.0729129553374834,0.002165545933952875,0.08625396139161466,0.00020967357707506564,0.0003491652056068091,18,44|43,gate3b_ood_tue_fri_portscan,128,128
ood,tr649b5ffb__te0e535a99,svc_rbf,10,45,42,1.3778659611988887e-05,0.21418624380089074,0.19790041429017738,0.07638740501592309,0.12160982324527218,0.14112959849262877,1.3778659611988887e-05,1.2201549261014689e-05,18,45|42,gate3b_ood_tue_fri_portscan,128,128
ood,tr649b5ffb__te0e535a99,svc_rbf,10,45,43,0.0004684744268077611,0.1636079904609128,0.1628652871934042,0.0729129553374834,0.0027956579212972577,0.07375139536864271,0.0004500109058644448,0.0004585756857360561,18,45|43,gate3b_ood_tue_fri_portscan,128,128
ood,tr649b5ffb__te0e535a99,svc_rbf,10,46,42,0.0005407559198542778,0.19748061890929247,0.18178203870410262,0.08641535418570365,0.0034809800883118833,0.08339670578448884,0.0005289715340122485,0.0005142958081720268,18,46|42,gate3b_ood_tue_fri_portscan,128,128
ood,tr649b5ffb__te0e535a99,svc_rbf,10,46,43,0.0,0.17980739225803638,0.163116329716126,0.09721925447629062,0.03382611559313526,0.09236676416206922,0.0,0.0,18,46|43,gate3b_ood_tue_fri_portscan,128,128
ood,tr649b5ffb__te0e535a99,svc_rbf,12,42,42,2.8001792114694443e-05,0.162531807583508,0.15391500854107376,0.08641535418570365,0.002144525687638616,0.07265576099762686,2.8001792114694443e-05,2.5084334454877644e-05,18,42|42,gate3b_ood_tue_fri_portscan,128,128
ood,tr649b5ffb__te0e535a99,svc_rbf,12,42,43,0.00043402777777777775,0.1915832155121512,0.20754745396639912,0.09721925447629062,0.00116878106921659,0.09367929365129643,0.00042438114171872984,0.00042836299373871393,18,42|43,gate3b_ood_tue_fri_portscan,128,128
ood,tr649b5ffb__te0e535a99,svc_rbf,12,43,42,0.0005047208267230722,0.1873694468300127,0.17483161760613086,0.08641535418570365,0.0029294749028330198,0.08061859575546326,0.0004690413353486811,0.0004785350290694453,18,43|42,gate3b_ood_tue_fri_portscan,128,128
ood,tr649b5ffb__te0e535a99,svc_rbf,12,43,43,0.0,0.19927486423745266,0.2096904600148064,0.09721925447629062,0.0388877017905035,0.11160353254221131,0.0,0.0,18,43|43,gate3b_ood_tue_fri_portscan,128,128
ood,tr649b5ffb__te0e535a99,svc_rbf,12,44,42,0.0,0.17965460827446245,0.1735274841059183,0.11283348162388346,0.0014612136148120399,0.08428026979504549,0.0,0.0,18,44|42,gate3b_ood_tue_fri_portscan,128,128
ood,tr649b5ffb__te0e535a99,svc_rbf,12,44,43,0.0,0.18254958384746145,0.20819533458465914,0.0729129553374834,0.0010316922078077182,0.089433246368422,0.0,0.0,18,44|43,gate3b_ood_tue_fri_portscan,128,128
ood,tr649b5ffb__te0e535a99,svc_rbf,12,45,42,1.3778659611988887e-05,0.2093009568755989,0.1937658534841575,0.07638740501592309,0.001988771465576113,0.08525291648148697,1.3778659611988887e-05,1.2821249227973377e-05,18,45|42,gate3b_ood_tue_fri_portscan,128,128
ood,tr649b5ffb__te0e535a99,svc_rbf,12,45,43,3.444664902998333e-05,0.16436860194329853,0.1528530079367354,0.0729129553374834,0.0023139499692408643,0.06989160838801024,3.444664902998333e-05,3.340978770754402e-05,18,45|43,gate3b_ood_tue_fri_portscan,128,128
ood,tr649b5ffb__te0e535a99,svc_rbf,12,46,42,0.0009534380692167555,0.18866861562668621,0.17649210537402826,0.08641535418570365,0.002556809951747109,0.08105301632965962,0.000878503843890367,0.0009060036873620247,18,46|42,gate3b_ood_tue_fri_portscan,128,128
ood,tr649b5ffb__te0e535a99,svc_rbf,12,46,43,0.00043402777777777775,0.17802059102925127,0.18453023082704056,0.09721925447629062,0.07216379591201319,0.11757985562007359,0.00043020059402240797,0.00029649374391617334,18,46|43,gate3b_ood_tue_fri_portscan,128,128
ood,tr649b5ffb__tec82af0ba,qsvc_zz_r1,8,42,42,0.0009100582437275945,0.17687275646170197,0.20931312423043907,0.08641535418570365,0.1751565681413679,0.17144236781818212,0.00039690157899690084,0.0005389236719371807,18,42|42,gate3a_ood_tue_wed,128,128
ood,tr649b5ffb__tec82af0ba,qsvc_zz_r1,8,42,43,0.00046158509700176104,0.17129821047275154,0.19727590201891257,0.09721925447629062,0.2136184020070611,0.18651219336941247,0.00045293639966734054,0.00042469066759763345,18,42|43,gate3a_ood_tue_wed,128,128
ood,tr649b5ffb__tec82af0ba,qsvc_zz_r1,8,43,42,0.0010136518568360333,0.17573779455755723,0.20615399246614716,0.08641535418570365,0.3425414670031054,0.24637763756832026,0.0009971327220173968,0.0008825953029406486,18,43|42,gate3a_ood_tue_wed,128,128
ood,tr649b5ffb__tec82af0ba,qsvc_zz_r1,8,43,43,0.0,0.16955916405140425,0.19884437549389042,0.09721925447629062,0.011668577588125569,0.0952871726244337,0.0,0.0,18,43|43,gate3a_ood_tue_wed,128,128
ood,tr649b5ffb__tec82af0ba,qsvc_zz_r1,8,44,42,0.0009548611111111112,0.1757873004554463,0.20075337690260545,0.11283348162388346,0.07573790225630318,0.12794272564906406,0.0005274747486698403,0.0003882667210585355,18,44|42,gate3a_ood_tue_wed,128,128
ood,tr649b5ffb__tec82af0ba,qsvc_zz_r1,8,44,43,0.0,0.19638953002665654,0.22397820417859465,0.0729129553374834,0.025660949470394465,0.10636758861284706,0.0,0.0,18,44|43,gate3a_ood_tue_wed,128,128
ood,tr649b5ffb__tec82af0ba,qsvc_zz_r1,8,45,42,6.889329805994444e-06,0.19465151244641007,0.2089517778732891,0.07638740501592309,0.1503138100687159,0.15819554289714385,6.889329805994444e-06,6.102946715175072e-06,18,45|42,gate3a_ood_tue_wed,128,128
ood,tr649b5ffb__tec82af0ba,qsvc_zz_r1,8,45,43,0.0030159927218750666,0.17816247814700534,0.2025788090404327,0.0729129553374834,0.25051735902528777,0.20079344926937606,0.002111314599358863,0.002225508187240632,18,45|43,gate3a_ood_tue_wed,128,128
ood,tr649b5ffb__tec82af0ba,qsvc_zz_r1,8,46,42,0.0,0.17966037103683608,0.19860484187815472,0.08641535418570365,0.3280000398698026,0.23702275229391262,0.0,0.0,18,46|42,gate3a_ood_tue_wed,128,128
ood,tr649b5ffb__tec82af0ba,qsvc_zz_r1,8,46,43,0.0,0.18237133074096057,0.19592124122227844,0.09721925447629062,0.19484894211555145,0.17748801676540477,0.0,0.0,18,46|43,gate3a_ood_tue_wed,128,128
ood,tr649b5ffb__tec82af0ba,qsvc_zz_r1,10,42,42,0.004774305555555556,0.17366855165413392,0.1995766133295604,0.08641535418570365,0.1716742669382398,0.16631895421644072,0.004268683294884556,0.004190144632170775,18,42|42,gate3a_ood_tue_wed,128,128
ood,tr649b5ffb__tec82af0ba,qsvc_zz_r1,10,42,43,2.7557319223983334e-05,0.17941440891456104,0.2029859209230076,0.09721925447629062,0.06919615660362492,0.12294208869661238,2.7557319223983334e-05,2.5628851276878198e-05,18,42|43,gate3a_ood_tue_wed,128,128
ood,tr649b5ffb__tec82af0ba,qsvc_zz_r1,10,43,42,0.00017673262236323888,0.17991070124768624,0.2032783946169393,0.08641535418570365,0.3344330770799353,0.24164633383989464,0.00017673262236323888,0.00014163212073583904,18,43|42,gate3a_ood_tue_wed,128,128
ood,tr649b5ffb__tec82af0ba,qsvc_zz_r1,10,43,43,0.0,0.17496339194615917,0.2039801438858979,0.09721925447629062,0.022595881975172576,0.1021216813065487,0.0,0.0,18,43|43,gate3a_ood_tue_wed,128,128
ood,tr649b5ffb__tec82af0ba,qsvc_zz_r1,10,44,42,0.011038627205984017,0.1727104978983622,0.21154834516180393,0.11283348162388346,0.25322858837351053,0.21254575325113956,0.007631878711546913,0.008373686194375658,18,44|42,gate3a_ood_tue_wed,128,128
ood,tr649b5ffb__tec82af0ba,qsvc_zz_r1,10,44,43,0.0008680555555555555,0.19359354772198706,0.2244875898295704,0.0729129553374834,0.3717099932964699,0.2638478396795998,0.00048567021494701435,0.0006262811489882469,18,44|43,gate3a_ood_tue_wed,128,128
ood,tr649b5ffb__tec82af0ba,qsvc_zz_r1,10,45,42,6.889329805994444e-06,0.2000285709301086,0.21739708739777888,0.07638740501592309,0.2560768473064105,0.20934067237772858,6.889329805994444e-06,6.100821401163235e-06,18,45|42,gate3a_ood_tue_wed,128,128
ood,tr649b5ffb__tec82af0ba,qsvc_zz_r1,10,45,43,0.0017139093885417333,0.1805957214091011,0.21222027475161603,0.0729129553374834,0.3014091896043732,0.22743208706393606,0.0011753671967845128,0.0013488979538113395,18,45|43,gate3a_ood_tue_wed,128,128
ood,tr649b5ffb__tec82af0ba,qsvc_zz_r1,10,46,42,0.0,0.18723019032359842,0.21321781347663366,0.08641535418570365,0.34717275667068603,0.2510514314210338,0.0,0.0,18,46|42,gate3a_ood_tue_wed,128,128
ood,tr649b5ffb__tec82af0ba,qsvc_zz_r1,10,46,43,0.0,0.18666582461518993,0.20750218000739795,0.09721925447629062,0.25630865301785016,0.20963549946103852,0.0,0.0,18,46|43,gate3a_ood_tue_wed,128,128
ood,tr649b5ffb__tec82af0ba,qsvc_zz_r1,12,42,42,0.04841373129089713,0.17711109136730055,0.21767269998507535,0.08641535418570365,0.2779828497856263,0.22122143247634912,0.03198160987120071,0.03172564188309052,18,42|42,gate3a_ood_tue_wed,128,128
ood,tr649b5ffb__tec82af0ba,qsvc_zz_r1,12,42,43,0.021687812262409033,0.1765932242491625,0.20309458797724106,0.09721925447629062,0.2270875015146013,0.19475039713041378,0.012594575195908654,0.012527418477921068,18,42|43,gate3a_ood_tue_wed,128,128
ood,tr649b5ffb__tec82af0ba,qsvc_zz_r1,12,43,42,0.00014138609789058888,0.1783648201420473,0.20640071666004706,0.08641535418570365,0.36578993850896097,0.2570348425051273,0.00014138609789058888,0.0001115814772433869,18,43|42,gate3a_ood_tue_wed,128,128
ood,tr649b5ffb__tec82af0ba,qsvc_zz_r1,12,43,43,0.0,0.1830305038175159,0.20828740921002697,0.09721925447629062,0.022595881975172576,0.103687959606232,0.0,0.0,18,43|43,gate3a_ood_tue_wed,128,128
ood,tr649b5ffb__tec82af0ba,qsvc_zz_r1,12,44,42,0.005399917346192067,0.17488218707339587,0.20433595912456579,0.11283348162388346,0.27582595621696615,0.22019459825735097,0.004931836152707872,0.004542333899817584,18,44|42,gate3a_ood_tue_wed,128,128
ood,tr649b5ffb__tec82af0ba,qsvc_zz_r1,12,44,43,0.0,0.19777254494356697,0.21139784795501523,0.0729129553374834,0.36081195050271386,0.25413427772805425,0.0,0.0,18,44|43,gate3a_ood_tue_wed,128,128
ood,tr649b5ffb__tec82af0ba,qsvc_zz_r1,12,45,42,0.01495355531813865,0.2050179096059318,0.23104930592043596,0.07638740501592309,0.33664657310629215,0.2509277181131864,0.009823237829996662,0.009517777703471057,18,45|42,gate3a_ood_tue_wed,128,128
ood,tr649b5ffb__tec82af0ba,qsvc_zz_r1,12,45,43,0.0006864827483699944,0.18070423429785137,0.21387829668558586,0.0729129553374834,0.3374593951638948,0.24442146120334401,0.0005008739937311951,0.0005530842274150945,18,45|43,gate3a_ood_tue_wed,128,128
ood,tr649b5ffb__tec82af0ba,qsvc_zz_r1,12,46,42,0.0,0.18445033846291736,0.2064931697443539,0.08641535418570365,0.3675057981884327,0.2578483980264533,0.0,0.0,18,46|42,gate3a_ood_tue_wed,128,128
ood,tr649b5ffb__tec82af0ba,qsvc_zz_r1,12,46,43,0.0,0.18710546905469758,0.21239161115993033,0.09721925447629062,0.2174197641289641,0.19373670674882937,0.0,0.0,18,46|43,gate3a_ood_tue_wed,128,128
ood,tr649b5ffb__tec82af0ba,svc_rbf,8,42,42,2.8001792114694443e-05,0.1529963558153426,0.16235048855987927,0.08641535418570365,0.06670170243277584,0.10506737952498216,2.8001792114694443e-05,2.3438411388779225e-05,18,42|42,gate3a_ood_tue_wed,128,128
ood,tr649b5ffb__tec82af0ba,svc_rbf,8,42,43,1.3778659611988887e-05,0.14810275464415512,0.15685792245300764,0.09721925447629062,0.0223117570031027,0.08485718034364775,1.3778659611988887e-05,1.2522643778017531e-05,18,42|43,gate3a_ood_tue_wed,128,128
ood,tr649b5ffb__tec82af0ba,svc_rbf,8,43,42,0.0013695421961550944,0.13893203672349036,0.15255530759372796,0.08641535418570365,0.026403735029698772,0.08318823762680119,0.0013298352085017796,0.0013024228452830208,18,43|42,gate3a_ood_tue_wed,128,128
ood,tr649b5ffb__tec82af0ba,svc_rbf,8,43,43,1.3778659611988887e-05,0.1521558147558882,0.1402938660219144,0.09721925447629062,0.12023575406646812,0.12334479485205269,1.3778659611988887e-05,1.2515476692000144e-05,18,43|43,gate3a_ood_tue_wed,128,128
ood,tr649b5ffb__tec82af0ba,svc_rbf,8,44,42,0.00014467592592592223,0.16664709446811019,0.16731459921471897,0.11283348162388346,0.010058619067061467,0.08592895049472274,0.00014467592592592223,0.00011699063648353416,18,44|42,gate3a_ood_tue_wed,128,128
ood,tr649b5ffb__tec82af0ba,svc_rbf,8,44,43,0.0013020833333333333,0.15628714354838372,0.181083992213542,0.0729129553374834,0.16739501905039092,0.15519427043464448,0.0009505962986935648,0.000671192214676448,18,44|43,gate3a_ood_tue_wed,128,128
ood,tr649b5ffb__tec82af0ba,svc_rbf,8,45,42,6.889329805994444e-06,0.14864907764556612,0.16171765915814396,0.07638740501592309,0.14744483949308454,0.13971542219362224,6.889329805994444e-06,6.102946715175072e-06,18,45|42,gate3a_ood_tue_wed,128,128
ood,tr649b5ffb__tec82af0ba,svc_rbf,8,45,43,0.0,0.13984928047074513,0.15088291664080872,0.0729129553374834,0.0068856175568225925,0.07125324227475588,0.0,0.0,18,45|43,gate3a_ood_tue_wed,128,128
ood,tr649b5ffb__tec82af0ba,svc_rbf,8,46,42,0.003919876455057584,0.13373933598873788,0.14530295098742066,0.08641535418570365,0.044850712012789146,0.08893600658045779,0.003621550112219599,0.0031527223000474363,18,46|42,gate3a_ood_tue_wed,128,128
ood,tr649b5ffb__tec82af0ba,svc_rbf,8,46,43,0.00043402777777777775,0.14509124839893608,0.12728559221445793,0.09721925447629062,0.102893493585331,0.1107316677942789,0.00042871260002657377,0.0003452680625059219,18,46|43,gate3a_ood_tue_wed,128,128
ood,tr649b5ffb__tec82af0ba,svc_rbf,10,42,42,2.8001792114694443e-05,0.15316386077813007,0.15831027671628106,0.08641535418570365,0.008737363823305483,0.07725078494118717,2.8001792114694443e-05,2.4963462820578728e-05,18,42|42,gate3a_ood_tue_wed,128,128
ood,tr649b5ffb__tec82af0ba,svc_rbf,10,42,43,1.3778659611988887e-05,0.15303803958168624,0.16727921006305527,0.09721925447629062,0.0017597813555791449,0.07930493236206346,1.3778659611988887e-05,1.2814432777674759e-05,18,42|43,gate3a_ood_tue_wed,128,128
ood,tr649b5ffb__tec82af0ba,svc_rbf,10,43,42,8.230829803410556e-05,0.13966267817190742,0.13544270061984945,0.08641535418570365,0.06623077008390277,0.09506866920639262,8.230829803410556e-05,7.093363711679645e-05,18,43|42,gate3a_ood_tue_wed,128,128
ood,tr649b5ffb__tec82af0ba,svc_rbf,10,43,43,6.889329805994444e-06,0.14955709985573404,0.15355248901391869,0.09721925447629062,0.04482100874334004,0.09388668261135964,6.889329805994444e-06,6.102946715175072e-06,18,43|43,gate3a_ood_tue_wed,128,128
ood,tr649b5ffb__tec82af0ba,svc_rbf,10,44,42,0.0005208333333333333,0.1730656469694956,0.15771856632378675,0.11283348162388346,0.0082489879608603,0.08161692439520139,0.00029559554480020826,0.0004188268119839037,18,44|42,gate3a_ood_tue_wed,128,128
ood,tr649b5ffb__tec82af0ba,svc_rbf,10,44,43,0.0,0.15215000145491708,0.16148912043732264,0.0729129553374834,0.029254272465533828,0.08527761406835695,0.0,0.0,18,44|43,gate3a_ood_tue_wed,128,128
ood,tr649b5ffb__tec82af0ba,svc_rbf,10,45,42,1.3778659611988887e-05,0.1492562414133563,0.1475150540421726,0.07638740501592309,0.10488236138002868,0.11520425755460728,1.3778659611988887e-05,1.2201549261014689e-05,18,45|42,gate3a_ood_tue_wed,128,128
ood,tr649b5ffb__tec82af0ba,svc_rbf,10,45,43,0.0,0.1326047684815765,0.15123446177186992,0.0729129553374834,0.0068856175568225925,0.07138107686786904,0.0,0.0,18,45|43,gate3a_ood_tue_wed,128,128
ood,tr649b5ffb__tec82af0ba,svc_rbf,10,46,42,0.0021837653439464723,0.1428335343606521,0.14994388675327372,0.08641535418570365,0.016844274662163778,0.07789342079048373,0.002179541399238196,0.0018286501173062433,18,46|42,gate3a_ood_tue_wed,128,128
ood,tr649b5ffb__tec82af0ba,svc_rbf,10,46,43,0.005018966435297072,0.1434683227601179,0.15015072517560676,0.09721925447629062,0.15885506056889837,0.14448333749995454,0.004693803170992328,0.0038971787985079167,18,46|43,gate3a_ood_tue_wed,128,128
ood,tr649b5ffb__tec82af0ba,svc_rbf,12,42,42,2.8001792114694443e-05,0.15836130666685133,0.15422721999497901,0.08641535418570365,0.005402029447447282,0.07424997596259635,2.8001792114694443e-05,2.4977502429101275e-05,18,42|42,gate3a_ood_tue_wed,128,128
ood,tr649b5ffb__tec82af0ba,svc_rbf,12,42,43,0.0,0.14728801863014584,0.16672126753524663,0.09721925447629062,0.0013672523653699064,0.07892362190185613,0.0,0.0,18,42|43,gate3a_ood_tue_wed,128,128
ood,tr649b5ffb__tec82af0ba,svc_rbf,12,43,42,0.0005163360758118833,0.13270391009952195,0.1232062054782595,0.08641535418570365,0.05674236608461812,0.08630612370068508,0.0004995679496103304,0.0004654174940953146,18,43|42,gate3a_ood_tue_wed,128,128
ood,tr649b5ffb__tec82af0ba,svc_rbf,12,43,43,6.889329805994444e-06,0.14178836450393428,0.17020274212941253,0.09721925447629062,0.13370989763221497,0.14034536051193694,6.889329805994444e-06,6.102946715175072e-06,18,43|43,gate3a_ood_tue_wed,128,128
ood,tr649b5ffb__tec82af0ba,svc_rbf,12,44,42,0.0004918981481481445,0.17269009000625868,0.1556099138853303,0.11283348162388346,0.006265083372899794,0.07994836687759882,0.0004828573707424293,0.0004740131995218323,18,44|42,gate3a_ood_tue_wed,128,128
ood,tr649b5ffb__tec82af0ba,svc_rbf,12,44,43,0.0008680555555555555,0.14803116039573755,0.17674947743276775,0.0729129553374834,0.022323346173099258,0.08767641375195764,0.0008260570764097123,0.0008040585958400149,18,44|43,gate3a_ood_tue_wed,128,128
ood,tr649b5ffb__tec82af0ba,svc_rbf,12,45,42,6.889329805994444e-06,0.15307303033915998,0.14809554559222077,0.07638740501592309,0.002640234586825642,0.06894165139407796,6.889329805994444e-06,6.397815208432048e-06,18,45|42,gate3a_ood_tue_wed,128,128
ood,tr649b5ffb__tec82af0ba,svc_rbf,12,45,43,0.00043402777777777775,0.13126912345938152,0.14986581926914938,0.0729129553374834,0.020675181288781853,0.07715137219958851,0.00038883682407091615,0.00038493385018132173,18,45|43,gate3a_ood_tue_wed,128,128
ood,tr649b5ffb__tec82af0ba,svc_rbf,12,46,42,0.0008680555555555555,0.14069273573566102,0.17171210898056913,0.08641535418570365,0.024626848428965707,0.08934667149441022,0.0006589256108233003,0.0007053957278152119,18,46|42,gate3a_ood_tue_wed,128,128
ood,tr649b5ffb__tec82af0ba,svc_rbf,12,46,43,0.004584938657519294,0.13969756084298657,0.12969750457976115,0.09721925447629062,0.2049118802455666,0.15798072077267808,0.0043562520433222795,0.0035205776930580263,18,46|43,gate3a_ood_tue_wed,128,128
ood,tr993984ca__teb9107599,qsvc_zz_r1,8,42,42,0.04842060556896894,0.21141670820448866,0.23759359382034026,0.08506164872519485,0.22488342854424573,0.20408316504117993,0.03042288760148503,0.030255506181187646,18,42|42,gate6_ood_unsw,128,128
ood,tr993984ca__teb9107599,qsvc_zz_r1,8,42,43,0.037307490709708443,0.2142826556824526,0.23933265571986911,0.09721925447629062,0.13981650719200284,0.168259242526552,0.02484973274674058,0.024177091302322568,18,42|43,gate6_ood_unsw,128,128
ood,tr993984ca__teb9107599,qsvc_zz_r1,8,43,42,0.06263591639095673,0.21041709409316023,0.24154492310305584,0.13194296057147864,0.15440735753887694,0.18200930920450595,0.036111748061473686,0.03960875412728455,18,43|42,gate6_ood_unsw,128,128
ood,tr993984ca__teb9107599,qsvc_zz_r1,8,43,43,0.04184646803084118,0.23164449031618384,0.2536823959861527,0.12845662113486064,0.13263513083824124,0.1758925891277762,0.027639081540303742,0.028268638966981778,18,43|43,gate6_ood_unsw,128,128
ood,tr993984ca__teb9107599,qsvc_zz_r1,8,44,42,0.028303050712815733,0.22095087339467062,0.24910878919884766,0.11727515281585174,0.17766178647928849,0.19266312680213965,0.018636314346111776,0.018475878227440384,18,44|42,gate6_ood_unsw,128,128
ood,tr993984ca__teb9107599,qsvc_zz_r1,8,44,43,0.03203170513219531,0.18275739769961669,0.2209403387790107,0.0729129553374834,0.13900839800720763,0.15678447780245888,0.025282327836932707,0.023144848875789714,18,44|43,gate6_ood_unsw,128,128
ood,tr993984ca__teb9107599,qsvc_zz_r1,8,45,42,0.04378277186109923,0.20761980402318816,0.22795044745789717,0.08641535418570365,0.1770550640546008,0.17908252895236362,0.028026724279294726,0.028738264226388602,18,45|42,gate6_ood_unsw,128,128
ood,tr993984ca__teb9107599,qsvc_zz_r1,8,45,43,0.04122549888264268,0.20477220096703502,0.23994575024275872,0.09719545763906451,0.21280303084453436,0.20165355186107597,0.029096678861896937,0.02794151687660272,18,45|43,gate6_ood_unsw,128,128
ood,tr993984ca__teb9107599,qsvc_zz_r1,8,46,42,0.047116407201026674,0.2057138282046049,0.23873166013468575,0.08665335650478356,0.1345107119699001,0.1637079012179828,0.02838020651036073,0.03064640934805763,18,46|42,gate6_ood_unsw,128,128
ood,tr993984ca__teb9107599,qsvc_zz_r1,8,46,43,0.020384618679309522,0.2239166689135443,0.24638776518155212,0.09721925447629062,0.15816333985156084,0.17916420626696306,0.014773799322688975,0.01527798264466388,18,46|43,gate6_ood_unsw,128,128
ood,tr993984ca__teb9107599,qsvc_zz_r1,10,42,42,0.05484008875009428,0.21086348441711456,0.24286096185118541,0.08506164872519485,0.2161393505514758,0.20202399069204638,0.03244300405240482,0.03145194975489687,18,42|42,gate6_ood_unsw,128,128
ood,tr993984ca__teb9107599,qsvc_zz_r1,10,42,43,0.05466799541060293,0.2104999491008595,0.2469216982598502,0.09721925447629062,0.1337363946700384,0.16825520684928852,0.034679238429871286,0.03581285060629945,18,42|43,gate6_ood_unsw,128,128
ood,tr993984ca__teb9107599,qsvc_zz_r1,10,43,42,0.07346719545140243,0.20769473583110298,0.2398629773680887,0.13194296057147864,0.17955055617722426,0.19282641922740304,0.04057934758027962,0.04440273389001756,18,43|42,gate6_ood_unsw,128,128
ood,tr993984ca__teb9107599,qsvc_zz_r1,10,43,43,0.05834292772583029,0.23740661515704792,0.2618810461449326,0.12845662113486064,0.17646927106242183,0.198798525651051,0.03157022275913362,0.032950015981079335,18,43|43,gate6_ood_unsw,128,128
ood,tr993984ca__teb9107599,qsvc_zz_r1,10,44,42,0.042105923019391756,0.24510533488499067,0.2637661286120151,0.11727515281585174,0.16309825447795762,0.19137328113359564,0.022388198915293048,0.0248039774237465,18,44|42,gate6_ood_unsw,128,128
ood,tr993984ca__teb9107599,qsvc_zz_r1,10,44,43,0.03596710229675915,0.1887240844133783,0.23245029774685536,0.0729129553374834,0.21352539961086336,0.19484128179242774,0.027255289335286592,0.023390275334771074,18,44|43,gate6_ood_unsw,128,128
ood,tr993984ca__teb9107599,qsvc_zz_r1,10,45,42,0.06935506422551548,0.2260622272244418,0.26078493164268224,0.08641535418570365,0.19489204059242438,0.1991300579912962,0.0326046117582219,0.037856471602928495,18,45|42,gate6_ood_unsw,128,128
ood,tr993984ca__teb9107599,qsvc_zz_r1,10,45,43,0.05546631374306962,0.2047520754301938,0.24604994654426418,0.09719545763906451,0.16254531940595396,0.18102884531681415,0.03515478442820327,0.03678959485085766,18,45|43,gate6_ood_unsw,128,128
ood,tr993984ca__teb9107599,qsvc_zz_r1,10,46,42,0.05926918497880445,0.2184471550016703,0.24372860672842,0.08665335650478356,0.13330607993690397,0.16497741269161514,0.03197043423207643,0.03738755948683984,18,46|42,gate6_ood_unsw,128,128
ood,tr993984ca__teb9107599,qsvc_zz_r1,10,46,43,0.048160153267680146,0.22938107635793367,0.24660950416416133,0.09721925447629062,0.15127039631716854,0.17611168247227904,0.025486493053331113,0.029801703169939266,18,46|43,gate6_ood_unsw,128,128
ood,tr993984ca__teb9107599,qsvc_zz_r1,12,42,42,0.07133314430564983,0.20218728449263834,0.24095529033892404,0.08506164872519485,0.2564752525340508,0.21966552013421273,0.03980040326248819,0.03783138052730617,18,42|42,gate6_ood_unsw,128,128
ood,tr993984ca__teb9107599,qsvc_zz_r1,12,42,43,0.05727236442122195,0.21291742923636667,0.24908872453238834,0.09721925447629062,0.14587703448461006,0.1745616890459259,0.034271056738329676,0.035812507000367824,18,42|43,gate6_ood_unsw,128,128
ood,tr993984ca__teb9107599,qsvc_zz_r1,12,43,42,0.0921498052798456,0.21248950999235988,0.25084827456237363,0.13194296057147864,0.23803449495656862,0.22340468128866314,0.04799759353719752,0.04952690401863932,18,43|42,gate6_ood_unsw,128,128
ood,tr993984ca__teb9107599,qsvc_zz_r1,12,43,43,0.05658965640364022,0.2346562745293442,0.2613815193114618,0.12845662113486064,0.1707438414222885,0.19601441151154644,0.028401492905732753,0.030590060179766152,18,43|43,gate6_ood_unsw,128,128
ood,tr993984ca__teb9107599,qsvc_zz_r1,12,44,42,0.05556078413050287,0.2396661169979114,0.2679281295981091,0.11727515281585174,0.20928265080681335,0.21387964345983695,0.026527836974264463,0.02927853805691756,18,44|42,gate6_ood_unsw,128,128
ood,tr993984ca__teb9107599,qsvc_zz_r1,12,44,43,0.05899929772478791,0.2006697919934869,0.24123284102301257,0.0729129553374834,0.13647681665853906,0.16301285073270114,0.03556463079738521,0.037285654899671464,18,44|43,gate6_ood_unsw,128,128
ood,tr993984ca__teb9107599,qsvc_zz_r1,12,45,42,0.08103846770104282,0.217167209199544,0.24987096323124958,0.08641535418570365,0.23410234461760687,0.2129842076713127,0.039471541805507396,0.04046902738631545,18,45|42,gate6_ood_unsw,128,128
ood,tr993984ca__teb9107599,qsvc_zz_r1,12,45,43,0.057120323047940985,0.2040731440794692,0.24139043675725183,0.09719545763906451,0.16486767683543552,0.18039009513493764,0.0339511595507135,0.03661121048758108,18,45|43,gate6_ood_unsw,128,128
ood,tr993984ca__teb9107599,qsvc_zz_r1,12,46,42,0.07574831373696872,0.22287313624525776,0.2514482219128022,0.08665335650478356,0.17681992192849666,0.18756356457302356,0.040323753809333056,0.04587526381057667,18,46|42,gate6_ood_unsw,128,128
ood,tr993984ca__teb9107599,qsvc_zz_r1,12,46,43,0.05076496612954946,0.22741560777540076,0.2596624394117144,0.09721925447629062,0.18369396836064314,0.1955961916729686,0.025563271390779872,0.027951829511702456,18,46|43,gate6_ood_unsw,128,128
ood,tr993984ca__teb9107599,svc_rbf,8,42,42,0.022090081108305324,0.17140622101629266,0.1709061262512688,0.08506164872519485,0.06507422993092976,0.10719263201001034,0.019184365919611247,0.019392207332750905,18,42|42,gate6_ood_unsw,128,128
ood,tr993984ca__teb9107599,svc_rbf,8,42,43,0.01821405925068558,0.1678206903460437,0.15622208594296527,0.09721925447629062,0.039237459529649986,0.0923194682156993,0.017301080971850093,0.01675549825690129,18,42|43,gate6_ood_unsw,128,128
ood,tr993984ca__teb9107599,svc_rbf,8,43,42,0.023162622112554893,0.16533393065379942,0.15906956400852268,0.13194296057147864,0.03270141187359169,0.09669738514045513,0.02075889777503028,0.020886580852361045,18,43|42,gate6_ood_unsw,128,128
ood,tr993984ca__teb9107599,svc_rbf,8,43,43,0.017264826522322484,0.17405116215080949,0.15307381709019047,0.12845662113486064,0.026603970949329217,0.09111166957973901,0.016854843516022736,0.01583559057388616,18,43|43,gate6_ood_unsw,128,128
ood,tr993984ca__teb9107599,svc_rbf,8,44,42,0.014690063074076689,0.1619907524430825,0.15303251855515065,0.11727515281585174,0.04512273977982748,0.09748127988649487,0.01399546253483058,0.013384479892387472,18,44|42,gate6_ood_unsw,128,128
ood,tr993984ca__teb9107599,svc_rbf,8,44,43,0.014699317226890739,0.1412268372307124,0.13935188734688214,0.0729129553374834,0.033951214448666237,0.07936268475507514,0.014534105666373951,0.013032892470551933,18,44|43,gate6_ood_unsw,128,128
ood,tr993984ca__teb9107599,svc_rbf,8,45,42,0.01687419714949841,0.1751617496611187,0.1636950931611096,0.08641535418570365,0.05329092423161159,0.09946051837944579,0.016349960255304476,0.015981196851644817,18,45|42,gate6_ood_unsw,128,128
ood,tr993984ca__teb9107599,svc_rbf,8,45,43,0.020145860130590134,0.16627310763907327,0.16514292186077484,0.09719545763906451,0.05993955470878867,0.1049691251150156,0.01879770330146886,0.017805656049833335,18,45|43,gate6_ood_unsw,128,128
ood,tr993984ca__teb9107599,svc_rbf,8,46,42,0.01975684917294433,0.1581249226503469,0.15731302807350145,0.08665335650478356,0.02660903251065805,0.08505490798698756,0.019268215278188516,0.018635117763489594,18,46|42,gate6_ood_unsw,128,128
ood,tr993984ca__teb9107599,svc_rbf,8,46,43,0.010405406893982144,0.157027393675239,0.14608531647988474,0.09721925447629062,0.05707979743974107,0.09674352382462051,0.010228513959056464,0.009472116032139596,18,46|43,gate6_ood_unsw,128,128
ood,tr993984ca__teb9107599,svc_rbf,10,42,42,0.025616593399543267,0.14816484869576632,0.15270631180730004,0.08506164872519485,0.06700915286101057,0.10145402808951297,0.020004772369924803,0.02123515543417095,18,42|42,gate6_ood_unsw,128,128
ood,tr993984ca__teb9107599,svc_rbf,10,42,43,0.021683756369576243,0.16489510068064364,0.1543192539734305,0.09721925447629062,0.04256888314605063,0.09314181277968693,0.020312799294185304,0.01991392236672397,18,42|43,gate6_ood_unsw,128,128
ood,tr993984ca__teb9107599,svc_rbf,10,43,42,0.013158658781978666,0.16235493959747263,0.15847485151046706,0.13194296057147864,0.012985924697895133,0.08751954097039101,0.013087185315416612,0.012270810507361188,18,43|42,gate6_ood_unsw,128,128
ood,tr993984ca__teb9107599,svc_rbf,10,43,43,0.022106655561525912,0.1848011831052349,0.16091014962432437,0.12845662113486064,0.02719770920508538,0.09423112607204051,0.021669664190145863,0.020293355643390507,18,43|43,gate6_ood_unsw,128,128
ood,tr993984ca__teb9107599,svc_rbf,10,44,42,0.010783813074076689,0.16948175407286964,0.16028719143243456,0.11727515281585174,0.0318585993002505,0.09409018798751766,0.010485096965572226,0.00999298426662553,18,44|42,gate6_ood_unsw,128,128
ood,tr993984ca__teb9107599,svc_rbf,10,44,43,0.015567372782446295,0.14460326498165152,0.14178703594072775,0.0729129553374834,0.044856009699472094,0.08520491844865802,0.015362412774528569,0.01379908066042533,18,44|43,gate6_ood_unsw,128,128
ood,tr993984ca__teb9107599,svc_rbf,10,45,42,0.012967947149498412,0.16759927935579708,0.15332136822707135,0.08641535418570365,0.026214683884433446,0.08338087279107817,0.012847829317101886,0.01261572788096419,18,45|42,gate6_ood_unsw,128,128
ood,tr993984ca__teb9107599,svc_rbf,10,45,43,0.019676541520673295,0.16120965351315666,0.1587106067984296,0.09719545763906451,0.023543450580193706,0.08608641776116509,0.019152257736090656,0.018202057471290365,18,45|43,gate6_ood_unsw,128,128
ood,tr993984ca__teb9107599,svc_rbf,10,46,42,0.017586710284055437,0.16813878184834882,0.1606578238482561,0.08665335650478356,0.016562695374945976,0.08170468047975649,0.01707845159233248,0.016717469733546982,18,46|42,gate6_ood_unsw,128,128
ood,tr993984ca__teb9107599,svc_rbf,10,46,43,0.013440509609864445,0.14493559160983852,0.13226392598862916,0.09721925447629062,0.027429378527732702,0.07824010050416012,0.012935038745416912,0.012372089898416233,18,46|43,gate6_ood_unsw,128,128
ood,tr993984ca__teb9107599,svc_rbf,12,42,42,0.02588939447780766,0.14185745209122494,0.14131577295628822,0.08506164872519485,0.06986936964757072,0.09861211250121785,0.02187004770371759,0.02274306423460077,18,42|42,gate6_ood_unsw,128,128
ood,tr993984ca__teb9107599,svc_rbf,12,42,43,0.022551145837436146,0.1538070684613958,0.14775996147683834,0.09721925447629062,0.035761843235565624,0.08766250645797842,0.022002167148528887,0.021067085170509814,18,42|43,gate6_ood_unsw,128,128
ood,tr993984ca__teb9107599,svc_rbf,12,43,42,0.017498936559756442,0.15617041481972838,0.16377025072630283,0.13194296057147864,0.018434492069777708,0.09192176221791429,0.016937197584097747,0.016187724270198052,18,43|42,gate6_ood_unsw,128,128
ood,tr993984ca__teb9107599,svc_rbf,12,43,43,0.02209672258750711,0.1713876479034569,0.14733796824335785,0.12845662113486064,0.02467398743797171,0.08814864113027374,0.02166947364059583,0.020267639858433075,18,43|43,gate6_ood_unsw,128,128
ood,tr993984ca__teb9107599,svc_rbf,12,44,42,0.009051310590088872,0.16547168104869506,0.1550049085277747,0.11727515281585174,0.034991109937879024,0.09359322631201795,0.008889637068662005,0.00846294485992689,18,44|42,gate6_ood_unsw,128,128
ood,tr993984ca__teb9107599,svc_rbf,12,44,43,0.018171539449112963,0.13924527526005925,0.1424117759281125,0.0729129553374834,0.02284864553342697,0.07542874927768652,0.01795192936481182,0.016821088182092558,18,44|43,gate6_ood_unsw,128,128
ood,tr993984ca__teb9107599,svc_rbf,12,45,42,0.010119102234727995,0.15544163285115958,0.1424797496153397,0.08641535418570365,0.01689296687085952,0.07520132192609669,0.010024679463782857,0.009890245920824346,18,45|42,gate6_ood_unsw,128,128
ood,tr993984ca__teb9107599,svc_rbf,12,45,43,0.017506402631784407,0.15291588614396304,0.14200583420712767,0.09719545763906451,0.018975187922481762,0.07793547197445896,0.01722553652480405,0.01621762042759255,18,45|43,gate6_ood_unsw,128,128
ood,tr993984ca__teb9107599,svc_rbf,12,46,42,0.018020738061833217,0.17156656914983714,0.16357576236302676,0.08665335650478356,0.014973704705699432,0.08204348054456104,0.017432705290487505,0.01712437305996116,18,46|42,gate6_ood_unsw,128,128
ood,tr993984ca__teb9107599,svc_rbf,12,46,43,0.013007734437505938,0.1353037237158711,0.12975191966149668,0.09721925447629062,0.030845186676551326,0.07887928372557497,0.012524177874696672,0.011990277210068533,18,46|43,gate6_ood_unsw,128,128
ood,trc82af0ba__te3ec6a4d7,qsvc_zz_r1,8,42,42,0.005766672097317255,0.24991314655348285,0.26352599170108437,0.08641535418570365,0.18136066824905284,0.19397618331100083,0.005184407121345951,0.0052975233606329,18,42|42,gate3c_ood_wed_thu_webattacks,128,128
ood,trc82af0ba__te3ec6a4d7,qsvc_zz_r1,8,42,43,0.0,0.2458289618106073,0.26280336425069545,0.09721925447629062,0.2907382995321265,0.24539486032872684,0.0,0.0,18,42|43,gate3c_ood_wed_thu_webattacks,128,128
ood,trc82af0ba__te3ec6a4d7,qsvc_zz_r1,8,43,42,0.0055381286541123,0.23844910860652138,0.26164200550838135,0.08641535418570365,0.16007892653354036,0.1836175784611486,0.0028628412968282027,0.004140890472649028,18,43|42,gate3c_ood_wed_thu_webattacks,128,128
ood,trc82af0ba__te3ec6a4d7,qsvc_zz_r1,8,43,43,0.005717083842083839,0.23063867887282724,0.23980194057026827,0.09721925447629062,0.11957665604437394,0.15922995922322944,0.0033360395586612846,0.004525512785225888,18,43|43,gate3c_ood_wed_thu_webattacks,128,128
ood,trc82af0ba__te3ec6a4d7,qsvc_zz_r1,8,44,42,0.004394744008714594,0.2426249808633032,0.25990209105648626,0.11283348162388346,0.11362465680219297,0.1666726010440615,0.0030548510939831987,0.0031516794614701114,18,44|42,gate3c_ood_wed_thu_webattacks,128,128
ood,trc82af0ba__te3ec6a4d7,qsvc_zz_r1,8,44,43,0.0013020833333333333,0.22554732940236022,0.24195627598877628,0.0729129553374834,0.20961162167032035,0.19651901118015216,0.0007635576310623019,0.0010861553340419158,18,44|43,gate3c_ood_wed_thu_webattacks,128,128
ood,trc82af0ba__te3ec6a4d7,qsvc_zz_r1,8,45,42,0.02356648945190611,0.24850010640536624,0.2665907190977361,0.07638740501592309,0.1719349881813096,0.18898296612084897,0.009930543942319741,0.016153929635807713,18,45|42,gate3c_ood_wed_thu_webattacks,128,128
ood,trc82af0ba__te3ec6a4d7,qsvc_zz_r1,8,45,43,0.001099960995794322,0.23109625086564803,0.2514003878436511,0.0729129553374834,0.1800757634744,0.18652784358377922,0.001099960995794322,0.001066131554050416,18,45|43,gate3c_ood_wed_thu_webattacks,128,128
ood,trc82af0ba__te3ec6a4d7,qsvc_zz_r1,8,46,42,0.00630545615501726,0.25004619625883584,0.2639115233959909,0.08641535418570365,0.15682756640845374,0.18296496672705814,0.004665534179435874,0.005284988886073761,18,46|42,gate3c_ood_wed_thu_webattacks,128,128
ood,trc82af0ba__te3ec6a4d7,qsvc_zz_r1,8,46,43,0.017615398092548622,0.23825539907358018,0.24762266264539848,0.09721925447629062,0.16625168826452916,0.18328978189607464,0.008581646597736728,0.011159793797577193,18,46|43,gate3c_ood_wed_thu_webattacks,128,128
ood,trc82af0ba__te3ec6a4d7,qsvc_zz_r1,10,42,42,0.0048986165417617,0.2611757290336122,0.2685302049684126,0.08641535418570365,0.11502769823580887,0.16564454722037292,0.0022371409058049817,0.003838541626241937,18,42|42,gate3c_ood_wed_thu_webattacks,128,128
ood,trc82af0ba__te3ec6a4d7,qsvc_zz_r1,10,42,43,0.002170138888888889,0.24448905621630296,0.2555989802216036,0.09721925447629062,0.30055671176304155,0.2472379989685639,0.0009447279874027897,0.0016647568843770738,18,42|43,gate3c_ood_wed_thu_webattacks,128,128
ood,trc82af0ba__te3ec6a4d7,qsvc_zz_r1,10,43,42,0.011714188401327544,0.2395468683240035,0.2616460595214705,0.08641535418570365,0.2196897332967531,0.21071487390373225,0.006084553645459595,0.008390299934087504,18,43|42,gate3c_ood_wed_thu_webattacks,128,128
ood,trc82af0ba__te3ec6a4d7,qsvc_zz_r1,10,43,43,0.0031749211436711442,0.2281639965988693,0.24305938680986205,0.09721925447629062,0.132920384494775,0.16647981624235497,0.0026415696052358383,0.0026366310577036244,18,43|43,gate3c_ood_wed_thu_webattacks,128,128
ood,trc82af0ba__te3ec6a4d7,qsvc_zz_r1,10,44,42,0.038628472222222224,0.22421421940014952,0.227308688330029,0.11283348162388346,0.21925916603144968,0.2028361406113756,0.021242421390113942,0.024117845911115862,18,44|42,gate3c_ood_wed_thu_webattacks,128,128
ood,trc82af0ba__te3ec6a4d7,qsvc_zz_r1,10,44,43,0.0013020833333333333,0.23705301082543093,0.2448214649119485,0.0729129553374834,0.016637246019092188,0.10984527276529288,0.0009503170157569145,0.0011014268482801176,18,44|43,gate3c_ood_wed_thu_webattacks,128,128
ood,trc82af0ba__te3ec6a4d7,qsvc_zz_r1,10,45,42,0.013638753222086556,0.25468449384848757,0.2635313737353462,0.07638740501592309,0.263561773102905,0.22951901549888692,0.007171757486077812,0.00939796984039674,18,45|42,gate3c_ood_wed_thu_webattacks,128,128
ood,trc82af0ba__te3ec6a4d7,qsvc_zz_r1,10,45,43,0.002836072106905433,0.23118960740967445,0.2525724984539587,0.0729129553374834,0.17154032368161232,0.183074320263533,0.002566849724806429,0.0024646923122288627,18,45|43,gate3c_ood_wed_thu_webattacks,128,128
ood,trc82af0ba__te3ec6a4d7,qsvc_zz_r1,10,46,42,0.002854579561210339,0.2540941947074156,0.2706786177738785,0.08641535418570365,0.192917122793841,0.20183007213055695,0.0022239741727649105,0.002574189478274181,18,46|42,gate3c_ood_wed_thu_webattacks,128,128
ood,trc82af0ba__te3ec6a4d7,qsvc_zz_r1,10,46,43,0.03780580138947073,0.23065391990343112,0.24598999971948624,0.09721925447629062,0.19785856048983308,0.19706284638906288,0.015903428036282044,0.019477488001071505,18,46|43,gate3c_ood_wed_thu_webattacks,128,128
ood,trc82af0ba__te3ec6a4d7,qsvc_zz_r1,12,42,42,0.08714276090489122,0.25704485123951365,0.26821369128864775,0.08641535418570365,0.19920532566629767,0.2037920092597715,0.0472491267648693,0.05295503485480289,18,42|42,gate3c_ood_wed_thu_webattacks,128,128
ood,trc82af0ba__te3ec6a4d7,qsvc_zz_r1,12,42,43,0.0008680555555555555,0.24231377376012475,0.26141411512258533,0.09721925447629062,0.02529531195646112,0.12423377538411168,0.0005870950031706511,0.0006991384464730771,18,42|43,gate3c_ood_wed_thu_webattacks,128,128
ood,trc82af0ba__te3ec6a4d7,qsvc_zz_r1,12,43,42,0.01575906441124984,0.2470642886004091,0.2696107653630766,0.08641535418570365,0.25964447943493496,0.23177237881803534,0.007634300069659077,0.010525355538864505,18,43|42,gate3c_ood_wed_thu_webattacks,128,128
ood,trc82af0ba__te3ec6a4d7,qsvc_zz_r1,12,43,43,0.002801413478496811,0.2224682497572933,0.24695552499572798,0.09721925447629062,0.17703237481740208,0.18794749845659123,0.0024306628103967047,0.002418049565952027,18,43|43,gate3c_ood_wed_thu_webattacks,128,128
ood,trc82af0ba__te3ec6a4d7,qsvc_zz_r1,12,44,42,0.04210069444444445,0.22709324011972992,0.24551109655413794,0.11283348162388346,0.21562645755975232,0.20780396702391637,0.020490544634503418,0.02466718583803624,18,44|42,gate3c_ood_wed_thu_webattacks,128,128
ood,trc82af0ba__te3ec6a4d7,qsvc_zz_r1,12,44,43,0.0,0.2336840103450214,0.2457716719398644,0.0729129553374834,0.008833499754483103,0.1066436452006218,0.0,0.0,18,44|43,gate3c_ood_wed_thu_webattacks,128,128
ood,trc82af0ba__te3ec6a4d7,qsvc_zz_r1,12,45,42,0.004985119047619045,0.2544473354192929,0.2664417043286551,0.07638740501592309,0.2998377746890776,0.2470664091628959,0.0028488738427877884,0.003403590339120514,18,45|42,gate3c_ood_wed_thu_webattacks,128,128
ood,trc82af0ba__te3ec6a4d7,qsvc_zz_r1,12,45,43,0.009033077262243921,0.24162458543030615,0.26060292449907396,0.0729129553374834,0.23510490436547413,0.21488746640896667,0.006009666208742253,0.005708670795439043,18,45|43,gate3c_ood_wed_thu_webattacks,128,128
ood,trc82af0ba__te3ec6a4d7,qsvc_zz_r1,12,46,42,0.0033293870470054057,0.2610526673543471,0.2785593966010623,0.08641535418570365,0.23366086346703485,0.22321569201007552,0.002960562261358643,0.0030736883197240274,18,46|42,gate3c_ood_wed_thu_webattacks,128,128
ood,trc82af0ba__te3ec6a4d7,qsvc_zz_r1,12,46,43,0.04603143894138517,0.22680172535984655,0.24797131304465866,0.09721925447629062,0.2354132587619846,0.21485364135828536,0.021955400119525,0.023746780186660783,18,46|43,gate3c_ood_wed_thu_webattacks,128,128
ood,trc82af0ba__te3ec6a4d7,svc_rbf,8,42,42,0.0013580869175627223,0.1604129367023445,0.16184951392860802,0.08641535418570365,0.016863647652740614,0.08223154566814023,0.0012391454463650665,0.0012429270333268417,18,42|42,gate3c_ood_wed_thu_webattacks,128,128
ood,trc82af0ba__te3ec6a4d7,svc_rbf,8,42,43,1.3778659611988887e-05,0.1511909138733926,0.14639694597620026,0.09721925447629062,0.02029071195070996,0.08013453205553928,1.3778659611988887e-05,1.2809178195581768e-05,18,42|43,gate3c_ood_wed_thu_webattacks,128,128
ood,trc82af0ba__te3ec6a4d7,svc_rbf,8,43,42,0.0015848555291145111,0.15595543066992584,0.14117404376502102,0.08641535418570365,0.0026659952320068677,0.06825971450832052,0.0014757058514291285,0.0014963853031923794,18,43|42,gate3c_ood_wed_thu_webattacks,128,128
ood,trc82af0ba__te3ec6a4d7,svc_rbf,8,43,43,0.004340277777777778,0.15675959036768222,0.14503436715251047,0.09721925447629062,0.005904862087601787,0.07310002618187565,0.004001701166159531,0.004126084196658136,18,43|43,gate3c_ood_wed_thu_webattacks,128,128
ood,trc82af0ba__te3ec6a4d7,svc_rbf,8,44,42,0.005208333333333333,0.18177699979282658,0.1806173846072891,0.11283348162388346,0.02692344863325862,0.09843215862211058,0.00469098481766071,0.0045347390155346225,18,44|42,gate3c_ood_wed_thu_webattacks,128,128
ood,trc82af0ba__te3ec6a4d7,svc_rbf,8,44,43,0.002170138888888889,0.14792536822519695,0.14121471908614797,0.0729129553374834,0.050677799269637724,0.08764307121524975,0.0020988915061671814,0.0019097996208697705,18,44|43,gate3c_ood_wed_thu_webattacks,128,128
ood,trc82af0ba__te3ec6a4d7,svc_rbf,8,45,42,0.00043402777777777775,0.14736027245528271,0.13266286548936657,0.07638740501592309,0.0007431934427137983,0.06246747629117103,0.0003998311136622167,0.00042005217411760393,18,45|42,gate3c_ood_wed_thu_webattacks,128,128
ood,trc82af0ba__te3ec6a4d7,svc_rbf,8,45,43,0.0004753637566137556,0.1771193759748052,0.15058160048817693,0.0729129553374834,0.009640844657868054,0.07239604871972863,0.000470474016416074,0.0004687083555708198,18,45|43,gate3c_ood_wed_thu_webattacks,128,128
ood,trc82af0ba__te3ec6a4d7,svc_rbf,8,46,42,0.00390625,0.17918383659568082,0.16455356676866417,0.08641535418570365,0.00924838743059312,0.07975335569082088,0.003688836927519445,0.0037066459500355664,18,46|42,gate3c_ood_wed_thu_webattacks,128,128
ood,trc82af0ba__te3ec6a4d7,svc_rbf,8,46,43,0.003472222222222222,0.15696974892896232,0.17457790960132977,0.09721925447629062,0.007407564772639829,0.08452617920191813,0.0032057843374470882,0.0032906582895433504,18,46|43,gate3c_ood_wed_thu_webattacks,128,128
ood,trc82af0ba__te3ec6a4d7,svc_rbf,10,42,42,0.0039622535842293895,0.15890411139004051,0.1532019031904699,0.08641535418570365,0.013402772561648084,0.07751383490377521,0.003670221862947595,0.003692800394585863,18,42|42,gate3c_ood_wed_thu_webattacks,128,128
ood,trc82af0ba__te3ec6a4d7,svc_rbf,10,42,43,0.003920028659611989,0.14643696373125373,0.13580666687125245,0.09721925447629062,0.015531343229912002,0.07412017205337737,0.003646750624278283,0.003511904959880579,18,42|43,gate3c_ood_wed_thu_webattacks,128,128
ood,trc82af0ba__te3ec6a4d7,svc_rbf,10,43,42,0.00028277219578117776,0.14823160324525084,0.13712732131854588,0.08641535418570365,0.0014188378432006207,0.066221289351054,0.00028277219578117776,0.0002397481960923316,18,43|42,gate3c_ood_wed_thu_webattacks,128,128
ood,trc82af0ba__te3ec6a4d7,svc_rbf,10,43,43,0.0008680555555555555,0.15021202608754344,0.14201880522690102,0.09721925447629062,0.004812421214873977,0.07150689417586865,0.0007798187133834779,0.0008109619733831692,18,43|43,gate3c_ood_wed_thu_webattacks,128,128
ood,trc82af0ba__te3ec6a4d7,svc_rbf,10,44,42,0.006510416666666667,0.17384143773799432,0.16666800234354626,0.11283348162388346,0.023169900627559588,0.0916534977963409,0.00595101295251921,0.005808436614572358,18,44|42,gate3c_ood_wed_thu_webattacks,128,128
ood,trc82af0ba__te3ec6a4d7,svc_rbf,10,44,43,0.0,0.14439540655534702,0.13470121058926576,0.0729129553374834,0.08184663616345872,0.09944217580448395,0.0,0.0,18,44|43,gate3c_ood_wed_thu_webattacks,128,128
ood,trc82af0ba__te3ec6a4d7,svc_rbf,10,45,42,0.0008680555555555555,0.14822279796669638,0.1471106790963103,0.07638740501592309,0.0022376070633411977,0.06840050561216303,0.0008398805964895906,0.0008544310617499441,18,45|42,gate3c_ood_wed_thu_webattacks,128,128
ood,trc82af0ba__te3ec6a4d7,svc_rbf,10,45,43,0.0008956128747795333,0.17479797078079842,0.14514010286317822,0.0729129553374834,0.005939087999197368,0.06873470564760605,0.0005763327191190477,0.0007764421974677935,18,45|43,gate3c_ood_wed_thu_webattacks,128,128
ood,trc82af0ba__te3ec6a4d7,svc_rbf,10,46,42,0.005208333333333333,0.17345359311334976,0.15932054095764991,0.08641535418570365,0.013366307074591055,0.07972221887045111,0.004249154618264188,0.0047536132020360505,18,46|42,gate3c_ood_wed_thu_webattacks,128,128
ood,trc82af0ba__te3ec6a4d7,svc_rbf,10,46,43,0.0026041666666666665,0.14841527534953447,0.14954899384362383,0.09721925447629062,0.006111810111573895,0.07483577589863145,0.0024216562156129137,0.0024701082701283025,18,46|43,gate3c_ood_wed_thu_webattacks,128,128
ood,trc82af0ba__te3ec6a4d7,svc_rbf,12,42,42,0.0017921146953404998,0.15761956611916314,0.1546574940788812,0.08641535418570365,0.012554585544031932,0.07765760112791743,0.0016783202501303815,0.0016802904287801781,18,42|42,gate3c_ood_wed_thu_webattacks,128,128
ood,trc82af0ba__te3ec6a4d7,svc_rbf,12,42,43,0.0017498897707231,0.14326264501950942,0.14012022855200654,0.09721925447629062,0.10375330534789168,0.11578963180909689,0.0015951826825130106,0.0009638537066897195,18,42|43,gate3c_ood_wed_thu_webattacks,128,128
ood,trc82af0ba__te3ec6a4d7,svc_rbf,12,43,42,0.0019835367824196444,0.14971446192799384,0.1340250737410533,0.08641535418570365,0.003967734829237666,0.06625178886198263,0.0015552266954229586,0.0017852234250624694,18,43|42,gate3c_ood_wed_thu_webattacks,128,128
ood,trc82af0ba__te3ec6a4d7,svc_rbf,12,43,43,0.004340277777777778,0.1469349299137275,0.1509156948820004,0.09721925447629062,0.007340226875190812,0.07589112935059425,0.003926758847691395,0.0040464580655576255,18,43|43,gate3c_ood_wed_thu_webattacks,128,128
ood,trc82af0ba__te3ec6a4d7,svc_rbf,12,44,42,0.004774305555555556,0.16875255229631875,0.16657971438939354,0.11283348162388346,0.012744683880695952,0.08688265820080189,0.004413579759501211,0.0044807016203964566,18,44|42,gate3c_ood_wed_thu_webattacks,128,128
ood,trc82af0ba__te3ec6a4d7,svc_rbf,12,44,43,0.003472222222222222,0.14098384954091772,0.12791476044502026,0.0729129553374834,0.11341962329741456,0.11132573354019278,0.003291768027919994,0.0022616954832471825,18,44|43,gate3c_ood_wed_thu_webattacks,128,128
ood,trc82af0ba__te3ec6a4d7,svc_rbf,12,45,42,0.00045469576719576663,0.1482655467911058,0.1458980222924887,0.07638740501592309,0.0015682865322646392,0.06765530289664765,0.00044678979898367887,0.000449112467664915,18,45|42,gate3c_ood_wed_thu_webattacks,128,128
ood,trc82af0ba__te3ec6a4d7,svc_rbf,12,45,43,0.004801862874779534,0.17536164189738565,0.14615959256456923,0.0729129553374834,0.011606647453133419,0.07168159256353736,0.0044880615288355975,0.004498021534877,18,45|43,gate3c_ood_wed_thu_webattacks,128,128
ood,trc82af0ba__te3ec6a4d7,svc_rbf,12,46,42,0.004361623406193078,0.17020165727586675,0.1552290898182331,0.08641535418570365,0.005622755108579718,0.07471462210793076,0.004134559676437894,0.004196492132403169,18,46|42,gate3c_ood_wed_thu_webattacks,128,128
ood,trc82af0ba__te3ec6a4d7,svc_rbf,12,46,43,0.001736111111111111,0.14885861082607182,0.15188053672085639,0.09721925447629062,0.010173156246862996,0.07752967609730198,0.0016567457136083582,0.0016750721130309582,18,46|43,gate3c_ood_wed_thu_webattacks,128,128
ood,trc82af0ba__te5c44b321,qsvc_zz_r1,8,42,42,0.007895656837189093,0.27502741627787186,0.28610428697520285,0.08641535418570365,0.1064776862165792,0.1681487533959195,0.004292225652579164,0.006270752986557876,18,42|42,gate3d_ood_wed_fri_morning,128,128
ood,trc82af0ba__te5c44b321,qsvc_zz_r1,8,42,43,0.00396772401980735,0.2703119529165746,0.2811246808765971,0.09721925447629062,0.2882361659894033,0.25091982385508965,0.003735156738725013,0.003560670219613004,18,42|43,gate3d_ood_wed_fri_morning,128,128
ood,trc82af0ba__te5c44b321,qsvc_zz_r1,8,43,42,0.003738239247311822,0.256108262059795,0.2598245328704654,0.08641535418570365,0.12666537385520246,0.16776870082993467,0.0015622605646380822,0.0027808762073873263,18,43|42,gate3d_ood_wed_fri_morning,128,128
ood,trc82af0ba__te5c44b321,qsvc_zz_r1,8,43,43,0.005277226631393295,0.28855020902856104,0.2821521819216818,0.09721925447629062,0.10367262034498605,0.16740093985129442,0.0031323555374380605,0.004304988997723573,18,43|43,gate3d_ood_wed_fri_morning,128,128
ood,trc82af0ba__te5c44b321,qsvc_zz_r1,8,44,42,0.0030381944444444445,0.29521664302353084,0.3003644928739592,0.11283348162388346,0.11143439029033736,0.18039062601775369,0.0015027276548515494,0.002440786818345287,18,44|42,gate3d_ood_wed_fri_morning,128,128
ood,trc82af0ba__te5c44b321,qsvc_zz_r1,8,44,43,0.0078125,0.24489714786535347,0.2560878654611505,0.0729129553374834,0.17775511225533053,0.1871775394360201,0.0040857973401027285,0.005144337248327408,18,44|43,gate3d_ood_wed_fri_morning,128,128
ood,trc82af0ba__te5c44b321,qsvc_zz_r1,8,45,42,0.009141928673178673,0.29402903776179223,0.2992163153000297,0.07638740501592309,0.18485927722673645,0.20672149612414975,0.006850381867642421,0.007500607277934905,18,45|42,gate3d_ood_wed_fri_morning,128,128
ood,trc82af0ba__te5c44b321,qsvc_zz_r1,8,45,43,0.002170138888888889,0.27091797374125703,0.2876573404740573,0.0729129553374834,0.15484845261638902,0.18824523051392192,0.00099499645142148,0.0017352888324677247,18,45|43,gate3d_ood_wed_fri_morning,128,128
ood,trc82af0ba__te5c44b321,qsvc_zz_r1,8,46,42,0.0026041666666666665,0.3050905895030278,0.3135096820342839,0.08641535418570365,0.10939339124385636,0.1794396720661659,0.000831333353971391,0.0017844325027395736,18,46|42,gate3d_ood_wed_fri_morning,128,128
ood,trc82af0ba__te5c44b321,qsvc_zz_r1,8,46,43,0.00043402777777777775,0.27407357768666807,0.2779768670036038,0.09721925447629062,0.15152436923041776,0.1876334384653714,0.00010814970463395265,0.00031447624027739477,18,46|43,gate3d_ood_wed_fri_morning,128,128
ood,trc82af0ba__te5c44b321,qsvc_zz_r1,10,42,42,0.003108198924731183,0.2785125182973216,0.2908680042999003,0.08641535418570365,0.12282217660662514,0.17731032805492128,0.0018048051050781218,0.0016331587945769043,18,42|42,gate3d_ood_wed_fri_morning,128,128
ood,trc82af0ba__te5c44b321,qsvc_zz_r1,10,42,43,0.003499885531135528,0.26980764359313625,0.27573144880034806,0.09721925447629062,0.2822964460467018,0.2462587758534075,0.002791218260557272,0.0030564484221444646,18,42|43,gate3d_ood_wed_fri_morning,128,128
ood,trc82af0ba__te5c44b321,qsvc_zz_r1,10,43,42,0.0041722670250896,0.2618193781511268,0.26720518651009173,0.08641535418570365,0.19123126226459602,0.19980070597588673,0.0013997850822378079,0.003004279855181988,18,43|42,gate3d_ood_wed_fri_morning,128,128
ood,trc82af0ba__te5c44b321,qsvc_zz_r1,10,43,43,0.005291005291005289,0.28453872351142984,0.29065124993017827,0.09721925447629062,0.10690264557270779,0.1719597033215303,0.003614848626546632,0.0041805679469660555,18,43|43,gate3d_ood_wed_fri_morning,128,128
ood,trc82af0ba__te5c44b321,qsvc_zz_r1,10,44,42,0.02007421023965141,0.2923499210161647,0.2887167608942357,0.11283348162388346,0.18878414379229558,0.21131406598056252,0.007560432232551487,0.01218154550607394,18,44|42,gate3d_ood_wed_fri_morning,128,128
ood,trc82af0ba__te5c44b321,qsvc_zz_r1,10,44,43,0.0013020833333333333,0.25320170314483575,0.25851233094963655,0.0729129553374834,0.019173448513467067,0.11597658882189532,0.00111174565832034,0.001182429214401421,18,44|43,gate3d_ood_wed_fri_morning,128,128
ood,trc82af0ba__te5c44b321,qsvc_zz_r1,10,45,42,0.009631071089404423,0.2670551380372622,0.284907170898651,0.07638740501592309,0.26494489806460025,0.23792072581358648,0.002029372304190728,0.0050386884039392895,18,45|42,gate3d_ood_wed_fri_morning,128,128
ood,trc82af0ba__te5c44b321,qsvc_zz_r1,10,45,43,0.00043402777777777775,0.2809800496202243,0.2927831364837832,0.0729129553374834,0.16126606666385668,0.1930262536299439,0.0004322157410241812,0.000432318435328387,18,45|43,gate3d_ood_wed_fri_morning,128,128
ood,trc82af0ba__te5c44b321,qsvc_zz_r1,10,46,42,0.0030381944444444445,0.30891102101216333,0.3129915709498119,0.08641535418570365,0.16392817078621372,0.20403980419106574,0.001487323248335997,0.0024098485412529297,18,46|42,gate3d_ood_wed_fri_morning,128,128
ood,trc82af0ba__te5c44b321,qsvc_zz_r1,10,46,43,0.0008680555555555555,0.27024040191563353,0.2836205128893816,0.09721925447629062,0.18447030778289036,0.20466109994768722,0.000709806631384753,0.000643363710183637,18,46|43,gate3d_ood_wed_fri_morning,128,128
ood,trc82af0ba__te5c44b321,qsvc_zz_r1,12,42,42,0.007951660421418483,0.2762906877520516,0.29101617841852007,0.08641535418570365,0.15809570558743444,0.1933976318166054,0.0018058290214810941,0.004352431996938315,18,42|42,gate3d_ood_wed_fri_morning,128,128
ood,trc82af0ba__te5c44b321,qsvc_zz_r1,12,42,43,0.0008680555555555555,0.2661342736802938,0.2764717535836557,0.09721925447629062,0.017601644811336678,0.12621215884944434,0.0006535261656520432,0.0007641595393963583,18,42|43,gate3d_ood_wed_fri_morning,128,128
ood,trc82af0ba__te5c44b321,qsvc_zz_r1,12,43,42,0.0002940188172043,0.2710842016828875,0.27575802211721445,0.08641535418570365,0.26859208183533156,0.23807483691062936,0.0002940188172043,0.0002638165085017764,18,43|42,gate3d_ood_wed_fri_morning,128,128
ood,trc82af0ba__te5c44b321,qsvc_zz_r1,12,43,43,0.005311249321665989,0.2797752500902401,0.2973487622686842,0.09721925447629062,0.15969615541860432,0.1983922122836672,0.0039952533234626246,0.0042837919258522485,18,43|43,gate3d_ood_wed_fri_morning,128,128
ood,trc82af0ba__te5c44b321,qsvc_zz_r1,12,44,42,0.03125,0.28797406461434594,0.28952992207878975,0.11283348162388346,0.252105326181851,0.24039211658838008,0.009916216874817318,0.014749015668305434,18,44|42,gate3d_ood_wed_fri_morning,128,128
ood,trc82af0ba__te5c44b321,qsvc_zz_r1,12,44,43,0.0,0.25549463528337757,0.2619750532298908,0.0729129553374834,0.004350183346696201,0.1104979127570919,0.0,0.0,18,44|43,gate3d_ood_wed_fri_morning,128,128
ood,trc82af0ba__te5c44b321,qsvc_zz_r1,12,45,42,0.00043402777777777775,0.27255731274779077,0.2853320759963763,0.07638740501592309,0.3003586781350924,0.25417240951752845,0.0004278394108226627,0.0004307265484344185,18,45|42,gate3d_ood_wed_fri_morning,128,128
ood,trc82af0ba__te5c44b321,qsvc_zz_r1,12,45,43,0.0040300459571292885,0.2822685054425629,0.30163967816529136,0.0729129553374834,0.16901419861769953,0.1997686924022391,0.0028153755562793136,0.002751631642519907,18,45|43,gate3d_ood_wed_fri_morning,128,128
ood,trc82af0ba__te5c44b321,qsvc_zz_r1,12,46,42,0.0008680555555555555,0.3122798687864076,0.3179890014130018,0.08641535418570365,0.22546053204465022,0.2338263067496969,0.0008435578282519107,0.0008320668201378637,18,46|42,gate3d_ood_wed_fri_morning,128,128
ood,trc82af0ba__te5c44b321,qsvc_zz_r1,12,46,43,0.003472222222222222,0.2781418157052639,0.2943766414738934,0.09721925447629062,0.2056153091624858,0.2181837836964167,0.001547592926268008,0.002309698903354654,18,46|43,gate3d_ood_wed_fri_morning,128,128
ood,trc82af0ba__te5c44b321,svc_rbf,8,42,42,0.0004760304659498167,0.1887372587104312,0.16698775683573064,0.08641535418570365,0.01600311608010106,0.08370884691953047,0.0004721468987915479,0.00046264420214247253,18,42|42,gate3d_ood_wed_fri_morning,128,128
ood,trc82af0ba__te5c44b321,svc_rbf,8,42,43,0.00043402777777777775,0.18761568783084634,0.19772245996508486,0.09721925447629062,0.015263171029092264,0.09651310945076201,0.0004274618737361153,0.00042918097220761084,18,42|43,gate3d_ood_wed_fri_morning,128,128
ood,trc82af0ba__te5c44b321,svc_rbf,8,43,42,0.0005754138756683667,0.17409995287235033,0.1560105141825395,0.08641535418570365,0.0011535338908429346,0.07296731223234364,0.00056479045056911,0.0005489354492906298,18,43|42,gate3d_ood_wed_fri_morning,128,128
ood,trc82af0ba__te5c44b321,svc_rbf,8,43,43,0.002170138888888889,0.21765289850423988,0.21549138528834633,0.09721925447629062,0.012144717949652018,0.10155705816856604,0.0019529587721933447,0.0019843364999491864,18,43|43,gate3d_ood_wed_fri_morning,128,128
ood,trc82af0ba__te5c44b321,svc_rbf,8,44,42,0.0030381944444444445,0.24066162431597116,0.26050987250221447,0.11283348162388346,0.03075144023571348,0.12922396858501747,0.002661380877430416,0.0026251661596875643,18,44|42,gate3d_ood_wed_fri_morning,128,128
ood,trc82af0ba__te5c44b321,svc_rbf,8,44,43,0.0013020833333333333,0.166633457496486,0.16787700296787514,0.0729129553374834,0.08022498633590656,0.1107689867478182,0.0012153701792933034,0.0009346941734955125,18,44|43,gate3d_ood_wed_fri_morning,128,128
ood,trc82af0ba__te5c44b321,svc_rbf,8,45,42,0.0,0.20838903624027616,0.19577229916708516,0.07638740501592309,0.0002715300437162269,0.08520196881079709,0.0,0.0,18,45|42,gate3d_ood_wed_fri_morning,128,128
ood,trc82af0ba__te5c44b321,svc_rbf,8,45,43,0.000996197089947089,0.23410049210101158,0.20449269073889595,0.0729129553374834,0.00938324823499483,0.0918829922550477,0.0006771747565018614,0.0008583346707208948,18,45|43,gate3d_ood_wed_fri_morning,128,128
ood,trc82af0ba__te5c44b321,svc_rbf,8,46,42,0.00390625,0.20518282984553013,0.19265535499946262,0.08641535418570365,0.009297212250476446,0.08999438087469455,0.0035614174925507414,0.0036483821883174644,18,46|42,gate3d_ood_wed_fri_morning,128,128
ood,trc82af0ba__te5c44b321,svc_rbf,8,46,43,0.0030381944444444445,0.21406019103826324,0.23026482345286206,0.09721925447629062,0.0106034899948527,0.10622865933984481,0.0016184974779372922,0.002491472967935979,18,46|43,gate3d_ood_wed_fri_morning,128,128
ood,trc82af0ba__te5c44b321,svc_rbf,10,42,42,0.0009240591397849444,0.1827701451769993,0.16227597485339357,0.08641535418570365,0.02366420597538986,0.08547778524199372,0.0009145786692166977,0.000873127005512308,18,42|42,gate3d_ood_wed_fri_morning,128,128
ood,trc82af0ba__te5c44b321,svc_rbf,10,42,43,0.001736111111111111,0.17938104873399882,0.1823950514530995,0.09721925447629062,0.014288560759726922,0.09049650168760126,0.0016202886421989038,0.0016078715916088915,18,42|43,gate3d_ood_wed_fri_morning,128,128
ood,trc82af0ba__te5c44b321,svc_rbf,10,43,42,0.0006107604001410167,0.16741950365620062,0.15117977625286583,0.08641535418570365,0.0008329117039188529,0.07106494290022408,0.0005786879732552569,0.0005711153880389373,18,43|42,gate3d_ood_wed_fri_morning,128,128
ood,trc82af0ba__te5c44b321,svc_rbf,10,43,43,0.0,0.19515888225808992,0.1973477590067615,0.09721925447629062,0.007218755237023294,0.0927203019240676,0.0,0.0,18,43|43,gate3d_ood_wed_fri_morning,128,128
ood,trc82af0ba__te5c44b321,svc_rbf,10,44,42,0.004774305555555556,0.22006751913919004,0.23397859981250735,0.11283348162388346,0.01746839923867531,0.11353848715374297,0.004345998553369429,0.004397785326742553,18,44|42,gate3d_ood_wed_fri_morning,128,128
ood,trc82af0ba__te5c44b321,svc_rbf,10,44,43,0.0,0.16350069857944843,0.14978691348978052,0.0729129553374834,0.07701333718580543,0.10273093186937418,0.0,0.0,18,44|43,gate3d_ood_wed_fri_morning,128,128
ood,trc82af0ba__te5c44b321,svc_rbf,10,45,42,0.0008680555555555555,0.20590702392076532,0.2024100589709535,0.07638740501592309,0.001088169492822484,0.08798689939816114,0.000798923685483795,0.0008400838297436872,18,45|42,gate3d_ood_wed_fri_morning,128,128
ood,trc82af0ba__te5c44b321,svc_rbf,10,45,43,8.267195767195555e-05,0.22390316010050515,0.18965604823559512,0.0729129553374834,0.0093540701869086,0.08647458677744457,8.267195767195555e-05,8.025745881394785e-05,18,45|43,gate3d_ood_wed_fri_morning,128,128
ood,trc82af0ba__te5c44b321,svc_rbf,10,46,42,0.001757456739526411,0.2057180947019447,0.19329049060243592,0.08641535418570365,0.00930469834671358,0.09022874204679263,0.0016035512113977903,0.0016558456094932367,18,46|42,gate3d_ood_wed_fri_morning,128,128
ood,trc82af0ba__te5c44b321,svc_rbf,10,46,43,0.0,0.19851762786305205,0.1981874074108473,0.09721925447629062,0.008547025325527289,0.09362938774760064,0.0,0.0,18,46|43,gate3d_ood_wed_fri_morning,128,128
ood,trc82af0ba__te5c44b321,svc_rbf,12,42,42,0.0013580869175627223,0.17786870202617674,0.16127527163628164,0.08641535418570365,0.007644073537664311,0.0778320147822596,0.001296169788755049,0.0013005381750100492,18,42|42,gate3d_ood_wed_fri_morning,128,128
ood,trc82af0ba__te5c44b321,svc_rbf,12,42,43,0.001736111111111111,0.1661373794001949,0.16090418687931762,0.09721925447629062,0.09892857050119425,0.12115437354325663,0.0015801422516404805,0.0010486388765005206,18,42|43,gate3d_ood_wed_fri_morning,128,128
ood,trc82af0ba__te5c44b321,svc_rbf,12,43,42,0.0006107604001410167,0.17009849335211713,0.15325672347402233,0.08641535418570365,0.0008485926591361992,0.07182732414210706,0.0005991057892212144,0.0005785115635876476,18,43|42,gate3d_ood_wed_fri_morning,128,128
ood,trc82af0ba__te5c44b321,svc_rbf,12,43,43,0.0008680555555555555,0.18220221184489527,0.18375448962661856,0.09721925447629062,0.011205546027322107,0.08958947250869692,0.0008123334503795696,0.000827090502853042,18,43|43,gate3d_ood_wed_fri_morning,128,128
ood,trc82af0ba__te5c44b321,svc_rbf,12,44,42,0.002170138888888889,0.20491272029910265,0.2272545228697627,0.11283348162388346,0.015771047743234602,0.1103218448584537,0.0020670818863359627,0.002081578829407884,18,44|42,gate3d_ood_wed_fri_morning,128,128
ood,trc82af0ba__te5c44b321,svc_rbf,12,44,43,0.001736111111111111,0.1587185181151647,0.1558439390895876,0.0729129553374834,0.10405658531559936,0.1172258721464831,0.001718764672940539,0.001575746659987379,18,44|43,gate3d_ood_wed_fri_morning,128,128
ood,trc82af0ba__te5c44b321,svc_rbf,12,45,42,0.00043402777777777775,0.19885457371648121,0.20236646595451027,0.07638740501592309,0.0007029941218387266,0.08779596767809827,0.00039182180233511294,0.0004172332932203914,18,45|42,gate3d_ood_wed_fri_morning,128,128
ood,trc82af0ba__te5c44b321,svc_rbf,12,45,43,0.0022528108465608445,0.22129261667968422,0.18761285137111067,0.0729129553374834,0.011537015376289591,0.08672385391280521,0.00220282851862044,0.002206578094010476,18,45|43,gate3d_ood_wed_fri_morning,128,128
ood,trc82af0ba__te5c44b321,svc_rbf,12,46,42,0.001757456739526411,0.1989977167995062,0.19296479223252858,0.08641535418570365,0.008292239033883457,0.08965009749735808,0.0016342308815467425,0.0016609353303064086,18,46|42,gate3d_ood_wed_fri_morning,128,128
ood,trc82af0ba__te5c44b321,svc_rbf,12,46,43,0.0013020833333333333,0.1998680156604634,0.1990499810402292,0.09721925447629062,0.01164872724938489,0.09535291539640205,0.0012270445755341555,0.001247332583106115,18,46|43,gate3d_ood_wed_fri_morning,128,128
