protocol,dataset_tag,model,svd_dim,attack_family,attack,impact_mean,prediction_change_mean,feature_detectability_mean,feature_prediction_detectability_mean,label_marginal_detectability_mean,joint_outcome_detectability_mean,full_detectability_mean,n_split_clusters,n_model_seeds,raw_integrity_jsd_vs_clean_eval_max,raw_integrity_mmd_vs_clean_eval_max,raw_integrity_ks_reject05_vs_clean_eval_max,raw_integrity_score_jsd_vs_clean_eval_max,raw_integrity_label_prior_shift_max,raw_integrity_label_jsd_max,feature_prediction_structurally_blind,label_marginal_structurally_blind,impact_locus,gate,max_train,max_test
id,idcc6a61e9,qsvc_zz_r1,12,target_shift,label_flip_prior_preserving_r_0.100,0.0703125,0.0,0.0,0.0,0.0,0.037020940816509654,0.01682770037114075,5,2,0.0,0.0,0.0,0.0,0.0,0.0,True,True,evaluation_or_label_path,gate5b_id_ton_iot,128,128
id,idcc6a61e9,qsvc_zz_r1,10,target_shift,label_flip_prior_preserving_r_0.100,0.06875,0.0,0.0,0.0,0.0,0.036533681986216225,0.01660621908464374,5,2,0.0,0.0,0.0,0.0,0.0,0.0,True,True,evaluation_or_label_path,gate5b_id_ton_iot,128,128
id,idcc6a61e9,qsvc_zz_r1,10,target_shift,label_flip_r_0.100,0.0683541526115387,0.0,0.0,0.0,0.8306353631849717,0.037129595564204955,0.1679017003809971,5,2,0.0,0.0,0.0,0.0,0.03125,0.0004888385244522,True,False,evaluation_or_label_path,gate5b_id_ton_iot,128,128
id,idcc6a61e9,qsvc_zz_r1,12,target_shift,label_flip_r_0.100,0.06673640313562984,0.0,0.0,0.0,0.8306353631849717,0.035931582966152634,0.16735714920006423,5,2,0.0,0.0,0.0,0.0,0.03125,0.0004888385244522,True,False,evaluation_or_label_path,gate5b_id_ton_iot,128,128
id,idcc6a61e9,qsvc_zz_r1,8,target_shift,label_flip_prior_preserving_r_0.100,0.0640625,0.0,0.0,0.0,0.0,0.03285150744639219,0.014932503384723721,5,2,0.0,0.0,0.0,0.0,0.0,0.0,True,True,evaluation_or_label_path,gate5b_id_ton_iot,128,128
id,id8c8771f4,svc_rbf,12,target_shift,label_flip_prior_preserving_r_0.100,0.0625,0.0,0.0,0.0,0.0,0.02585140688312098,0.011750639492327717,5,2,0.0,0.0,0.0,0.0,0.0,0.0,True,True,evaluation_or_label_path,gate2_id_256,256,256
id,id8c8771f4,qsvc_zz_r1,12,target_shift,label_flip_prior_preserving_r_0.100,0.06015625,0.0,0.0,0.0,0.0,0.022154786132231843,0.010070357332832656,5,2,0.0,0.0,0.0,0.0,0.0,0.0,True,True,evaluation_or_label_path,gate2_id_256,256,256
id,idcc6a61e9,qsvc_zz_r1,8,target_shift,label_flip_r_0.100,0.058897326823724415,0.0,0.0,0.0,0.8306353631849717,0.02848848730415663,0.16397392389915694,5,2,0.0,0.0,0.0,0.0,0.03125,0.0004888385244522,True,False,evaluation_or_label_path,gate5b_id_ton_iot,128,128
id,id8c8771f4,svc_rbf,12,target_shift,label_flip_r_0.100,0.05855000117189478,0.0,0.0,0.0,0.7708957440241865,0.025101752988163594,0.15157275027174463,5,2,0.0,0.0,0.0,0.0,0.04296875,0.0009251517779158,True,False,evaluation_or_label_path,gate2_id_256,256,256
id,id6292a46b,qsvc_z_r1,8,target_shift,label_flip_r_0.100,0.057715291069650676,0.0,0.0,0.0,0.8306353631849717,0.07248635773706891,0.18397295591411708,5,2,0.0,0.0,0.0,0.0,0.03125,0.0004888385244522,True,False,evaluation_or_label_path,gate5a_id_unsw,128,128
id,id6292a46b,qsvc_zz_r1,12,target_shift,label_flip_r_0.100,0.05686986442320006,0.0,0.0,0.0,0.8306353631849717,0.04270539913165703,0.17043615654802077,5,2,0.0,0.0,0.0,0.0,0.03125,0.0004888385244522,True,False,evaluation_or_label_path,gate5a_id_unsw,128,128
id,id6292a46b,qsvc_zz_r1,10,target_shift,label_flip_r_0.100,0.056815764303097246,0.0,0.0,0.0,0.8306353631849717,0.04552932811090531,0.1717197606294973,5,2,0.0,0.0,0.0,0.0,0.03125,0.0004888385244522,True,False,evaluation_or_label_path,gate5a_id_unsw,128,128
id,id6292a46b,qsvc_zz_r1,8,target_shift,label_flip_r_0.100,0.05631197008787294,0.0,0.0,0.0,0.8306353631849717,0.0801153033025251,0.1874406584438699,5,2,0.0,0.0,0.0,0.0,0.03125,0.0004888385244522,True,False,evaluation_or_label_path,gate5a_id_unsw,128,128
id,id8c8771f4,qsvc_zz_r1,10,target_shift,label_flip_prior_preserving_r_0.100,0.05625,0.0,0.0,0.0,0.0,0.020899302254200912,0.009499682842818597,5,2,0.0,0.0,0.0,0.0,0.0,0.0,True,True,evaluation_or_label_path,gate2_id_256,256,256
id,id6292a46b,qsvc_z_r1,10,target_shift,label_flip_r_0.100,0.05570920289391117,0.0,0.0,0.0,0.8306353631849717,0.04358227000363395,0.1708347342171012,5,2,0.0,0.0,0.0,0.0,0.03125,0.0004888385244522,True,False,evaluation_or_label_path,gate5a_id_unsw,128,128
id,id6292a46b,qsvc_z_r1,12,target_shift,label_flip_r_0.100,0.05562321328898197,0.0,0.0,0.0,0.8306353631849717,0.03816599616002912,0.16837279156091717,5,2,0.0,0.0,0.0,0.0,0.03125,0.0004888385244522,True,False,evaluation_or_label_path,gate5a_id_unsw,128,128
id,id6292a46b,qsvc_pauli_xyz_r1,12,target_shift,label_flip_r_0.100,0.053942098787187254,0.0,0.0,0.0,0.8306353631849717,0.0384460339081343,0.16850008144641954,5,2,0.0,0.0,0.0,0.0,0.03125,0.0004888385244522,True,False,evaluation_or_label_path,gate5a_id_unsw,128,128
id,id8c8771f4,qsvc_zz_r1,12,target_shift,label_flip_r_0.100,0.05338014074197507,0.0,0.0,0.0,0.7708957440241865,0.020237357150301193,0.14936166125453446,5,2,0.0,0.0,0.0,0.0,0.04296875,0.0009251517779158,True,False,evaluation_or_label_path,gate2_id_256,256,256
id,id6292a46b,qsvc_zz_r1,8,target_shift,label_flip_prior_preserving_r_0.100,0.053125,0.0,0.0,0.0,0.0,0.058575862601790665,0.026625392091723033,5,2,0.0,0.0,0.0,0.0,0.0,0.0,True,True,evaluation_or_label_path,gate5a_id_unsw,128,128
ood,tr993984ca__teb9107599,svc_rbf,10,target_shift,label_flip_prior_preserving_r_0.100,0.053125,0.0,0.0,0.0,0.0,0.0409196146041038,0.01859982482004718,5,2,0.0,0.0,0.0,0.0,0.0,0.0,True,True,evaluation_or_label_path,gate6_ood_unsw,128,128
id,id6292a46b,svc_rbf,8,target_shift,label_flip_r_0.100,0.05247343997204633,0.0,0.0,0.0,0.8306353631849717,0.07157182520697355,0.1835572593095283,5,2,0.0,0.0,0.0,0.0,0.03125,0.0004888385244522,True,False,evaluation_or_label_path,gate5a_id_unsw,128,128
id,id8c8771f4,qsvc_zz_r1,8,target_shift,label_flip_prior_preserving_r_0.100,0.05234375,0.0,0.0,0.0,0.0,0.018273924361453628,0.008306329255206194,5,2,0.0,0.0,0.0,0.0,0.0,0.0,True,True,evaluation_or_label_path,gate2_id_256,256,256
id,id6292a46b,qsvc_zz_r1,12,target_shift,label_flip_prior_preserving_r_0.100,0.0515625,0.0,0.0,0.0,0.0,0.035922375396571435,0.01632835245298702,5,2,0.0,0.0,0.0,0.0,0.0,0.0,True,True,evaluation_or_label_path,gate5a_id_unsw,128,128
ood,tr993984ca__teb9107599,svc_rbf,12,target_shift,label_flip_prior_preserving_r_0.100,0.0515625,0.0,0.0,0.0,0.0,0.03110421591991498,0.014138279963597716,5,2,0.0,0.0,0.0,0.0,0.0,0.0,True,True,evaluation_or_label_path,gate6_ood_unsw,128,128
ood,tr649b5ffb__te0e535a99,qsvc_zz_r1,12,target_shift,label_flip_r_0.100,0.051197585068215735,0.0,0.0,0.0,0.9031082880500362,0.07890461704976287,0.20006724194080788,5,2,0.0,0.0,0.0,0.0,0.03125,0.0004888385244522,True,False,evaluation_or_label_path,gate3b_ood_tue_fri_portscan,128,128
id,id6292a46b,qsvc_zz_r1,10,target_shift,label_flip_prior_preserving_r_0.100,0.05,0.0,0.0,0.0,0.0,0.03803911813116665,0.017290508241439385,5,2,0.0,0.0,0.0,0.0,0.0,0.0,True,True,evaluation_or_label_path,gate5a_id_unsw,128,128
id,id6292a46b,svc_rbf,8,target_shift,label_flip_prior_preserving_r_0.100,0.05,0.0,0.0,0.0,0.0,0.05794897393008904,0.02634044269549502,5,2,0.0,0.0,0.0,0.0,0.0,0.0,True,True,evaluation_or_label_path,gate5a_id_unsw,128,128
ood,tr993984ca__teb9107599,svc_rbf,8,target_shift,label_flip_prior_preserving_r_0.100,0.05,0.0,0.0,0.0,0.0,0.04655197667627641,0.021159989398307464,5,2,0.0,0.0,0.0,0.0,0.0,0.0,True,True,evaluation_or_label_path,gate6_ood_unsw,128,128
id,id6292a46b,qsvc_pauli_xyz_r1,10,target_shift,label_flip_r_0.100,0.04990657925396797,0.0,0.0,0.0,0.8306353631849717,0.03880041307247946,0.16866116288475824,5,2,0.0,0.0,0.0,0.0,0.03125,0.0004888385244522,True,False,evaluation_or_label_path,gate5a_id_unsw,128,128
id,id6292a46b,svc_rbf,12,target_shift,label_flip_r_0.100,0.04976140497426438,0.0,0.0,0.0,0.8306353631849717,0.03532178073894289,0.16707996636951433,5,2,0.0,0.0,0.0,0.0,0.03125,0.0004888385244522,True,False,evaluation_or_label_path,gate5a_id_unsw,128,128
id,id6292a46b,qsvc_pauli_xyz_r1,8,target_shift,label_flip_r_0.100,0.04958374274131469,0.0,0.0,0.0,0.8306353631849717,0.05836727953271216,0.17755519309395493,5,2,0.0,0.0,0.0,0.0,0.03125,0.0004888385244522,True,False,evaluation_or_label_path,gate5a_id_unsw,128,128
id,id8c8771f4,svc_rbf,10,target_shift,label_flip_r_0.100,0.04927883343698246,0.0,0.0,0.0,0.7708957440241865,0.022901446263058685,0.1505726108512424,5,2,0.0,0.0,0.0,0.0,0.04296875,0.0009251517779158,True,False,evaluation_or_label_path,gate2_id_256,256,256
id,id8c8771f4,svc_rbf,8,target_shift,label_flip_r_0.100,0.0492107559511365,0.0,0.0,0.0,0.7708957440241865,0.021507029934784882,0.14993878524748155,5,2,0.0,0.0,0.0,0.0,0.04296875,0.0009251517779158,True,False,evaluation_or_label_path,gate2_id_256,256,256
id,idcc6a61e9,qsvc_pauli_xyz_r1,12,target_shift,label_flip_r_0.100,0.04855260586517151,0.0,0.0,0.0,0.8306353631849717,0.024859233289895144,0.16232426298358354,5,2,0.0,0.0,0.0,0.0,0.03125,0.0004888385244522,True,False,evaluation_or_label_path,gate5b_id_ton_iot,128,128
id,id6292a46b,qsvc_z_r1,8,target_shift,label_flip_prior_preserving_r_0.100,0.0484375,0.0,0.0,0.0,0.0,0.05409715702420198,0.02458961682918272,5,2,0.0,0.0,0.0,0.0,0.0,0.0,True,True,evaluation_or_label_path,gate5a_id_unsw,128,128
id,id8c8771f4,svc_rbf,8,target_shift,label_flip_prior_preserving_r_0.100,0.0484375,0.0,0.0,0.0,0.0,0.020130553583925768,0.009150251629057167,5,2,0.0,0.0,0.0,0.0,0.0,0.0,True,True,evaluation_or_label_path,gate2_id_256,256,256
id,idcc6a61e9,qsvc_pauli_xyz_r1,12,target_shift,label_flip_prior_preserving_r_0.100,0.0484375,0.0,0.0,0.0,0.0,0.022766450327151355,0.010348386512341526,5,2,0.0,0.0,0.0,0.0,0.0,0.0,True,True,evaluation_or_label_path,gate5b_id_ton_iot,128,128
id,idcc6a61e9,qsvc_z_r1,12,target_shift,label_flip_prior_preserving_r_0.100,0.0484375,0.0,0.0,0.0,0.0,0.022731116618635534,0.010332325735743424,5,2,0.0,0.0,0.0,0.0,0.0,0.0,True,True,evaluation_or_label_path,gate5b_id_ton_iot,128,128
id,idcc6a61e9,svc_rbf,10,target_shift,label_flip_prior_preserving_r_0.100,0.0484375,0.0,0.0,0.0,0.0,0.025316471932145906,0.011507487241884504,5,2,0.0,0.0,0.0,0.0,0.0,0.0,True,True,evaluation_or_label_path,gate5b_id_ton_iot,128,128
id,idcc6a61e9,svc_rbf,12,target_shift,label_flip_prior_preserving_r_0.100,0.0484375,0.0,0.0,0.0,0.0,0.02563135041835663,0.01165061382652574,5,2,0.0,0.0,0.0,0.0,0.0,0.0,True,True,evaluation_or_label_path,gate5b_id_ton_iot,128,128
ood,tr649b5ffb__te0e535a99,qsvc_zz_r1,12,target_shift,label_flip_prior_preserving_r_0.100,0.0484375,0.0,0.0,0.0,0.0,0.02187882321048093,0.009944919641127696,5,2,0.0,0.0,0.0,0.0,0.0,0.0,True,True,evaluation_or_label_path,gate3b_ood_tue_fri_portscan,128,128
ood,tr993984ca__teb9107599,qsvc_zz_r1,10,target_shift,label_flip_prior_preserving_r_0.100,0.0484375,0.0,0.0,0.0,0.0,0.03783877034167969,0.017199441064399863,5,2,0.0,0.0,0.0,0.0,0.0,0.0,True,True,evaluation_or_label_path,gate6_ood_unsw,128,128
ood,tr993984ca__teb9107599,qsvc_zz_r1,12,target_shift,label_flip_prior_preserving_r_0.100,0.0484375,0.0,0.0,0.0,0.0,0.02933611660624063,0.013334598457382104,5,2,0.0,0.0,0.0,0.0,0.0,0.0,True,True,evaluation_or_label_path,gate6_ood_unsw,128,128
id,id6292a46b,svc_rbf,10,target_shift,label_flip_r_0.100,0.04790471201028766,0.0,0.0,0.0,0.8306353631849717,0.03676016181504509,0.1677337759495608,5,2,0.0,0.0,0.0,0.0,0.03125,0.0004888385244522,True,False,evaluation_or_label_path,gate5a_id_unsw,128,128
id,id8c8771f4,qsvc_zz_r1,8,target_shift,label_flip_r_0.100,0.047781803658282565,0.0,0.0,0.0,0.7708957440241865,0.017899290126518037,0.1482989035164512,5,2,0.0,0.0,0.0,0.0,0.04296875,0.0009251517779158,True,False,evaluation_or_label_path,gate2_id_256,256,256
id,id8c8771f4,qsvc_zz_r1,10,target_shift,label_flip_r_0.100,0.04750148641619288,0.0,0.0,0.0,0.7708957440241865,0.018411695189873116,0.1485318149088853,5,2,0.0,0.0,0.0,0.0,0.04296875,0.0009251517779158,True,False,evaluation_or_label_path,gate2_id_256,256,256
id,idcc6a61e9,svc_rbf,12,target_shift,label_flip_r_0.100,0.04726208140450266,0.0,0.0,0.0,0.8306353631849717,0.02575765281382373,0.16273263549446018,5,2,0.0,0.0,0.0,0.0,0.03125,0.0004888385244522,True,False,evaluation_or_label_path,gate5b_id_ton_iot,128,128
id,id6292a46b,qsvc_z_r1,10,target_shift,label_flip_prior_preserving_r_0.100,0.046875,0.0,0.0,0.0,0.0,0.03170256307512222,0.014410255943237374,5,2,0.0,0.0,0.0,0.0,0.0,0.0,True,True,evaluation_or_label_path,gate5a_id_unsw,128,128
id,id6292a46b,qsvc_z_r1,12,target_shift,label_flip_prior_preserving_r_0.100,0.046875,0.0,0.0,0.0,0.0,0.03114808331362275,0.014158219688010343,5,2,0.0,0.0,0.0,0.0,0.0,0.0,True,True,evaluation_or_label_path,gate5a_id_unsw,128,128
id,id6292a46b,svc_rbf,10,target_shift,label_flip_prior_preserving_r_0.100,0.046875,0.0,0.0,0.0,0.0,0.03581613925275179,0.01628006329670536,5,2,0.0,0.0,0.0,0.0,0.0,0.0,True,True,evaluation_or_label_path,gate5a_id_unsw,128,128
id,id8c8771f4,svc_rbf,10,target_shift,label_flip_prior_preserving_r_0.100,0.046875,0.0,0.0,0.0,0.0,0.0219668304570561,0.0099849229350255,5,2,0.0,0.0,0.0,0.0,0.0,0.0,True,True,evaluation_or_label_path,gate2_id_256,256,256
ood,tr993984ca__teb9107599,qsvc_zz_r1,8,target_shift,label_flip_prior_preserving_r_0.100,0.046875,0.0,0.0,0.0,0.0,0.0431236646176551,0.019601665735297775,5,2,0.0,0.0,0.0,0.0,0.0,0.0,True,True,evaluation_or_label_path,gate6_ood_unsw,128,128
id,idcc6a61e9,qsvc_zz_r1,10,target_shift,label_flip_r_0.050,0.046354549527288916,0.0,0.0,0.0,0.5235872621545179,0.02655234301416292,0.10726693085271366,5,2,0.0,0.0,0.0,0.0,0.0390625,0.0007643013153583,True,False,evaluation_or_label_path,gate5b_id_ton_iot,128,128
id,idcc6a61e9,qsvc_z_r1,12,target_shift,label_flip_r_0.100,0.04606984445946994,0.0,0.0,0.0,0.8306353631849717,0.0246179397932264,0.1622145841214614,5,2,0.0,0.0,0.0,0.0,0.03125,0.0004888385244522,True,False,evaluation_or_label_path,gate5b_id_ton_iot,128,128
ood,tr993984ca__teb9107599,qsvc_zz_r1,12,target_shift,label_flip_r_0.100,0.045852231466463465,0.0,0.0,0.0,0.8531189888323967,0.031148972237914553,0.16927116716857873,5,2,0.0,0.0,0.0,0.0,0.046875,0.0011014601470781,True,False,evaluation_or_label_path,gate6_ood_unsw,128,128
id,id6292a46b,qsvc_pauli_xyz_r1,12,target_shift,label_flip_prior_preserving_r_0.100,0.0453125,0.0,0.0,0.0,0.0,0.03341841816098303,0.015190190073174107,5,2,0.0,0.0,0.0,0.0,0.0,0.0,True,True,evaluation_or_label_path,gate5a_id_unsw,128,128
id,id6292a46b,svc_rbf,12,target_shift,label_flip_prior_preserving_r_0.100,0.0453125,0.0,0.0,0.0,0.0,0.030357365603033048,0.013798802546833206,5,2,0.0,0.0,0.0,0.0,0.0,0.0,True,True,evaluation_or_label_path,gate5a_id_unsw,128,128
id,idcc6a61e9,qsvc_pauli_xyz_r1,10,target_shift,label_flip_prior_preserving_r_0.100,0.0453125,0.0,0.0,0.0,0.0,0.022938548202417017,0.010426612819280461,5,2,0.0,0.0,0.0,0.0,0.0,0.0,True,True,evaluation_or_label_path,gate5b_id_ton_iot,128,128
id,idcc6a61e9,qsvc_z_r1,10,target_shift,label_flip_prior_preserving_r_0.100,0.0453125,0.0,0.0,0.0,0.0,0.02324062208489979,0.010563919129499905,5,2,0.0,0.0,0.0,0.0,0.0,0.0,True,True,evaluation_or_label_path,gate5b_id_ton_iot,128,128
id,idcc6a61e9,qsvc_zz_r1,12,target_shift,label_flip_r_0.050,0.044681103709821327,0.0,0.0,0.0,0.5235872621545179,0.024878359464308684,0.10650602923914354,5,2,0.0,0.0,0.0,0.0,0.0390625,0.0007643013153583,True,False,evaluation_or_label_path,gate5b_id_ton_iot,128,128
id,idcc6a61e9,svc_rbf,10,target_shift,label_flip_r_0.100,0.044637466611109435,0.0,0.0,0.0,0.8306353631849717,0.02555971655815518,0.1626426644691563,5,2,0.0,0.0,0.0,0.0,0.03125,0.0004888385244522,True,False,evaluation_or_label_path,gate5b_id_ton_iot,128,128
ood,tr993984ca__teb9107599,svc_rbf,10,target_shift,label_flip_r_0.100,0.04433207003949393,0.0,0.0,0.0,0.8531189888323967,0.042191023386054446,0.17429028132682414,5,2,0.0,0.0,0.0,0.0,0.046875,0.0011014601470781,True,False,evaluation_or_label_path,gate6_ood_unsw,128,128
id,id6292a46b,qsvc_pauli_xyz_r1,8,target_shift,label_flip_prior_preserving_r_0.100,0.04375,0.0,0.0,0.0,0.0,0.048608892902247645,0.022094951319203474,5,2,0.0,0.0,0.0,0.0,0.0,0.0,True,True,evaluation_or_label_path,gate5a_id_unsw,128,128
ood,tr993984ca__teb9107599,qsvc_zz_r1,10,target_shift,label_flip_r_0.100,0.0429490910022873,0.0,0.0,0.0,0.8531189888323967,0.0363996260428694,0.17165782798901275,5,2,0.0,0.0,0.0,0.0,0.046875,0.0011014601470781,True,False,evaluation_or_label_path,gate6_ood_unsw,128,128
ood,tr649b5ffb__te0e535a99,qsvc_zz_r1,12,target_shift,label_flip_r_0.050,0.04293455536399084,0.0,0.0,0.0,0.23677225212933703,0.0418724520175325,0.06208243312239423,5,2,0.0,0.0,0.0,0.0,0.015625,0.0001221050969211,True,False,evaluation_or_label_path,gate3b_ood_tue_fri_portscan,128,128
ood,tr993984ca__teb9107599,svc_rbf,8,target_shift,label_flip_r_0.100,0.04279182301448646,0.0,0.0,0.0,0.8531189888323967,0.05189327826813358,0.17870039718231465,5,2,0.0,0.0,0.0,0.0,0.046875,0.0011014601470781,True,False,evaluation_or_label_path,gate6_ood_unsw,128,128
ood,tr993984ca__teb9107599,svc_rbf,12,target_shift,label_flip_r_0.100,0.04233498118275913,0.0,0.0,0.0,0.8531189888323967,0.030609043825318018,0.169025745162853,5,2,0.0,0.0,0.0,0.0,0.046875,0.0011014601470781,True,False,evaluation_or_label_path,gate6_ood_unsw,128,128
id,id6292a46b,qsvc_pauli_xyz_r1,10,target_shift,label_flip_prior_preserving_r_0.100,0.0421875,0.0,0.0,0.0,0.0,0.03232787234780003,0.014694487430818196,5,2,0.0,0.0,0.0,0.0,0.0,0.0,True,True,evaluation_or_label_path,gate5a_id_unsw,128,128
ood,tr649b5ffb__te0e535a99,qsvc_zz_r1,10,target_shift,label_flip_r_0.100,0.04211232836215184,0.0,0.0,0.0,0.9031082880500362,0.08843457317807762,0.20439904018095095,5,2,0.0,0.0,0.0,0.0,0.03125,0.0004888385244522,True,False,evaluation_or_label_path,gate3b_ood_tue_fri_portscan,128,128
id,idcc6a61e9,qsvc_pauli_xyz_r1,10,target_shift,label_flip_r_0.100,0.04193829317482404,0.0,0.0,0.0,0.8306353631849717,0.024130280007568707,0.16199292058252607,5,2,0.0,0.0,0.0,0.0,0.03125,0.0004888385244522,True,False,evaluation_or_label_path,gate5b_id_ton_iot,128,128
ood,tr649b5ffb__te0e535a99,qsvc_zz_r1,10,target_shift,label_flip_prior_preserving_r_0.100,0.040625,0.0,0.0,0.0,0.0,0.022189187173980943,0.010085994169991338,5,2,0.0,0.0,0.0,0.0,0.0,0.0,True,True,evaluation_or_label_path,gate3b_ood_tue_fri_portscan,128,128
ood,tr993984ca__teb9107599,qsvc_zz_r1,8,target_shift,label_flip_r_0.100,0.03982415217684123,0.0,0.0,0.0,0.8531189888323967,0.04533385963200741,0.17571884325680273,5,2,0.0,0.0,0.0,0.0,0.046875,0.0011014601470781,True,False,evaluation_or_label_path,gate6_ood_unsw,128,128
id,id6292a46b,qsvc_pauli_xyz_r1,10,target_shift,label_flip_r_0.050,0.03981266613288474,0.0,0.0,0.0,0.5235872621545179,0.03186140050267323,0.10968013880203653,5,2,0.0,0.0,0.0,0.0,0.0390625,0.0007643013153583,True,False,evaluation_or_label_path,gate5a_id_unsw,128,128
id,id6292a46b,qsvc_pauli_xyz_r1,8,target_shift,label_flip_r_0.050,0.03948805711434393,0.0,0.0,0.0,0.5235872621545179,0.047496807647686524,0.11678714204976984,5,2,0.0,0.0,0.0,0.0,0.0390625,0.0007643013153583,True,False,evaluation_or_label_path,gate5a_id_unsw,128,128
id,id6292a46b,qsvc_pauli_xyz_r1,12,target_shift,label_flip_r_0.050,0.03930493945324034,0.0,0.0,0.0,0.5235872621545179,0.02863981484025906,0.10821578168275736,5,2,0.0,0.0,0.0,0.0,0.0390625,0.0007643013153583,True,False,evaluation_or_label_path,gate5a_id_unsw,128,128
id,idcc6a61e9,qsvc_z_r1,10,target_shift,label_flip_r_0.100,0.039202960179989796,0.0,0.0,0.0,0.8306353631849717,0.02283121010771602,0.16140243426441123,5,2,0.0,0.0,0.0,0.0,0.03125,0.0004888385244522,True,False,evaluation_or_label_path,gate5b_id_ton_iot,128,128
id,id8c8771f4,svc_rbf,12,target_shift,label_flip_r_0.050,0.038445653414015,0.0,0.0,0.0,0.6256767887215244,0.01591905126903376,0.12099534852620161,5,2,0.0,0.0,0.0,0.0,0.03125,0.0004888385244522,True,False,evaluation_or_label_path,gate2_id_256,256,256
id,idcc6a61e9,qsvc_pauli_xyz_r1,8,target_shift,label_flip_prior_preserving_r_0.100,0.0375,0.0,0.0,0.0,0.0,0.01893561886143204,0.00860709948246911,5,2,0.0,0.0,0.0,0.0,0.0,0.0,True,True,evaluation_or_label_path,gate5b_id_ton_iot,128,128
id,idcc6a61e9,qsvc_zz_r1,8,target_shift,label_flip_r_0.050,0.03688953725078736,0.0,0.0,0.0,0.5235872621545179,0.020172532451552865,0.10436701696061819,5,2,0.0,0.0,0.0,0.0,0.0390625,0.0007643013153583,True,False,evaluation_or_label_path,gate5b_id_ton_iot,128,128
id,id6292a46b,qsvc_z_r1,8,target_shift,label_flip_r_0.050,0.03567485510817612,0.0,0.0,0.0,0.5235872621545179,0.04275668153905166,0.11463253927311763,5,2,0.0,0.0,0.0,0.0,0.0390625,0.0007643013153583,True,False,evaluation_or_label_path,gate5a_id_unsw,128,128
ood,tr993984ca__teb9107599,svc_rbf,12,target_shift,label_flip_r_0.050,0.03499211045292439,0.0,0.0,0.0,0.4147281550477782,0.021864010357943726,0.08534330562593409,5,2,0.0,0.0,0.0,0.0,0.0234375,0.0002748343945789,True,False,evaluation_or_label_path,gate6_ood_unsw,128,128
id,id8c8771f4,svc_rbf,10,target_shift,label_flip_r_0.050,0.03472715056246251,0.0,0.0,0.0,0.6256767887215244,0.017082125200338714,0.12152401849497659,5,2,0.0,0.0,0.0,0.0,0.03125,0.0004888385244522,True,False,evaluation_or_label_path,gate2_id_256,256,256
id,idcc6a61e9,qsvc_z_r1,8,target_shift,label_flip_prior_preserving_r_0.100,0.034375,0.0,0.0,0.0,0.0,0.01702938502457974,0.007740629556627155,5,2,0.0,0.0,0.0,0.0,0.0,0.0,True,True,evaluation_or_label_path,gate5b_id_ton_iot,128,128
ood,tr993984ca__teb9107599,qsvc_zz_r1,12,target_shift,label_flip_r_0.050,0.034367643593381195,0.0,0.0,0.0,0.4147281550477782,0.02222171744138711,0.085505899754772,5,2,0.0,0.0,0.0,0.0,0.0234375,0.0002748343945789,True,False,evaluation_or_label_path,gate6_ood_unsw,128,128
id,id6292a46b,qsvc_z_r1,12,target_shift,label_flip_r_0.050,0.03418055393600617,0.0,0.0,0.0,0.5235872621545179,0.026220532782974405,0.10711610802035523,5,2,0.0,0.0,0.0,0.0,0.0390625,0.0007643013153583,True,False,evaluation_or_label_path,gate5a_id_unsw,128,128
id,id8c8771f4,svc_rbf,8,target_shift,label_flip_r_0.050,0.034013952073656914,0.0,0.0,0.0,0.6256767887215244,0.014919848656741019,0.120541165520614,5,2,0.0,0.0,0.0,0.0,0.03125,0.0004888385244522,True,False,evaluation_or_label_path,gate2_id_256,256,256
id,id6292a46b,qsvc_zz_r1,8,target_shift,label_flip_r_0.050,0.03365270151210537,0.0,0.0,0.0,0.5235872621545179,0.043575078529943564,0.11500453790534122,5,2,0.0,0.0,0.0,0.0,0.0390625,0.0007643013153583,True,False,evaluation_or_label_path,gate5a_id_unsw,128,128
ood,tr993984ca__teb9107599,svc_rbf,10,target_shift,label_flip_r_0.050,0.03325825075821371,0.0,0.0,0.0,0.4147281550477782,0.02119617827535473,0.08503974558839364,5,2,0.0,0.0,0.0,0.0,0.0234375,0.0002748343945789,True,False,evaluation_or_label_path,gate6_ood_unsw,128,128
id,id6292a46b,qsvc_zz_r1,12,target_shift,label_flip_r_0.050,0.03294079330696907,0.0,0.0,0.0,0.5235872621545179,0.02617872925660983,0.10709710641746226,5,2,0.0,0.0,0.0,0.0,0.0390625,0.0007643013153583,True,False,evaluation_or_label_path,gate5a_id_unsw,128,128
ood,tr993984ca__teb9107599,qsvc_zz_r1,10,target_shift,label_flip_r_0.050,0.03285681989485892,0.0,0.0,0.0,0.4147281550477782,0.021828712684506,0.08532726122891696,5,2,0.0,0.0,0.0,0.0,0.0234375,0.0002748343945789,True,False,evaluation_or_label_path,gate6_ood_unsw,128,128
id,id6292a46b,qsvc_zz_r1,10,target_shift,label_flip_r_0.050,0.032702938447377386,0.0,0.0,0.0,0.5235872621545179,0.030788013216596532,0.10919223549018349,5,2,0.0,0.0,0.0,0.0,0.0390625,0.0007643013153583,True,False,evaluation_or_label_path,gate5a_id_unsw,128,128
id,id6292a46b,qsvc_z_r1,10,target_shift,label_flip_r_0.050,0.03268469428490456,0.0,0.0,0.0,0.5235872621545179,0.027987315528107633,0.10791919108632489,5,2,0.0,0.0,0.0,0.0,0.0390625,0.0007643013153583,True,False,evaluation_or_label_path,gate5a_id_unsw,128,128
id,idcc6a61e9,qsvc_z_r1,12,target_shift,label_flip_r_0.050,0.03237158821122041,0.0,0.0,0.0,0.5235872621545179,0.016244732435115455,0.102581653316783,5,2,0.0,0.0,0.0,0.0,0.0390625,0.0007643013153583,True,False,evaluation_or_label_path,gate5b_id_ton_iot,128,128
id,id8c8771f4,qsvc_zz_r1,12,target_shift,label_flip_r_0.050,0.032162533390417844,0.0,0.0,0.0,0.6256767887215244,0.01268272672765398,0.11952429191648353,5,2,0.0,0.0,0.0,0.0,0.03125,0.0004888385244522,True,False,evaluation_or_label_path,gate2_id_256,256,256
id,idcc6a61e9,qsvc_pauli_xyz_r1,12,target_shift,label_flip_r_0.050,0.032054932105596165,0.0,0.0,0.0,0.5235872621545179,0.01572096429501895,0.10234357688946641,5,2,0.0,0.0,0.0,0.0,0.0390625,0.0007643013153583,True,False,evaluation_or_label_path,gate5b_id_ton_iot,128,128
id,id8c8771f4,qsvc_zz_r1,8,target_shift,label_flip_r_0.050,0.031930596841879585,0.0,0.0,0.0,0.6256767887215244,0.012342978414926448,0.11936986086524375,5,2,0.0,0.0,0.0,0.0,0.03125,0.0004888385244522,True,False,evaluation_or_label_path,gate2_id_256,256,256
ood,tr993984ca__teb9107599,svc_rbf,8,target_shift,label_flip_r_0.050,0.03168000281828566,0.0,0.0,0.0,0.4147281550477782,0.028219563496452105,0.08823219341616519,5,2,0.0,0.0,0.0,0.0,0.0234375,0.0002748343945789,True,False,evaluation_or_label_path,gate6_ood_unsw,128,128
ood,tr993984ca__teb9107599,qsvc_zz_r1,8,target_shift,label_flip_r_0.050,0.031502205822320876,0.0,0.0,0.0,0.4147281550477782,0.028895128664260743,0.08853926849244184,5,2,0.0,0.0,0.0,0.0,0.0234375,0.0002748343945789,True,False,evaluation_or_label_path,gate6_ood_unsw,128,128
id,idcc6a61e9,qsvc_zz_r1,8,target_shift,label_flip_prior_preserving_r_0.050,0.03125,0.0,0.0,0.0,0.0,0.013394797529139111,0.006088544331426868,5,2,0.0,0.0,0.0,0.0,0.0,0.0,True,True,evaluation_or_label_path,gate5b_id_ton_iot,128,128
id,idcc6a61e9,qsvc_zz_r1,10,target_shift,label_flip_prior_preserving_r_0.050,0.03125,0.0,0.0,0.0,0.0,0.015547723708917643,0.007067147140417111,5,2,0.0,0.0,0.0,0.0,0.0,0.0,True,True,evaluation_or_label_path,gate5b_id_ton_iot,128,128
id,idcc6a61e9,qsvc_zz_r1,12,target_shift,label_flip_prior_preserving_r_0.050,0.03125,0.0,0.0,0.0,0.0,0.015520340967830776,0.007054700439923079,5,2,0.0,0.0,0.0,0.0,0.0,0.0,True,True,evaluation_or_label_path,gate5b_id_ton_iot,128,128
id,id8c8771f4,qsvc_zz_r1,10,target_shift,label_flip_r_0.050,0.03067314103952417,0.0,0.0,0.0,0.6256767887215244,0.012808456473126973,0.11958144180078942,5,2,0.0,0.0,0.0,0.0,0.03125,0.0004888385244522,True,False,evaluation_or_label_path,gate2_id_256,256,256
id,id6292a46b,svc_rbf,8,target_shift,label_flip_r_0.050,0.030508240657912883,0.0,0.0,0.0,0.5235872621545179,0.041074869449176724,0.11386807923226538,5,2,0.0,0.0,0.0,0.0,0.0390625,0.0007643013153583,True,False,evaluation_or_label_path,gate5a_id_unsw,128,128
ood,tr649b5ffb__te0e535a99,qsvc_zz_r1,10,target_shift,label_flip_r_0.050,0.03038733164237195,0.0,0.0,0.0,0.23677225212933703,0.03877698405421725,0.060675402229978206,5,2,0.0,0.0,0.0,0.0,0.015625,0.0001221050969211,True,False,evaluation_or_label_path,gate3b_ood_tue_fri_portscan,128,128
ood,tr993984ca__teb9107599,svc_rbf,8,target_shift,label_flip_prior_preserving_r_0.050,0.0296875,0.0,0.0,0.0,0.0,0.026841173196582902,0.012200533271174045,5,2,0.0,0.0,0.0,0.0,0.0,0.0,True,True,evaluation_or_label_path,gate6_ood_unsw,128,128
id,id6292a46b,svc_rbf,10,target_shift,label_flip_r_0.050,0.02913074283440894,0.0,0.0,0.0,0.5235872621545179,0.025829444272961223,0.1069383405158038,5,2,0.0,0.0,0.0,0.0,0.0390625,0.0007643013153583,True,False,evaluation_or_label_path,gate5a_id_unsw,128,128
id,id6292a46b,svc_rbf,12,target_shift,label_flip_r_0.050,0.028833356775507014,0.0,0.0,0.0,0.5235872621545179,0.022294935712547717,0.10533174571561583,5,2,0.0,0.0,0.0,0.0,0.0390625,0.0007643013153583,True,False,evaluation_or_label_path,gate5a_id_unsw,128,128
ood,tr993984ca__teb9107599,svc_rbf,10,target_shift,label_flip_prior_preserving_r_0.050,0.028125,0.0,0.0,0.0,0.0,0.01940340651910144,0.008819730235955201,5,2,0.0,0.0,0.0,0.0,0.0,0.0,True,True,evaluation_or_label_path,gate6_ood_unsw,128,128
ood,tr993984ca__teb9107599,svc_rbf,12,target_shift,label_flip_prior_preserving_r_0.050,0.028125,0.0,0.0,0.0,0.0,0.017013755129108136,0.007733525058685517,5,2,0.0,0.0,0.0,0.0,0.0,0.0,True,True,evaluation_or_label_path,gate6_ood_unsw,128,128
id,id8c8771f4,svc_rbf,12,target_shift,label_flip_prior_preserving_r_0.050,0.02734375,0.0,0.0,0.0,0.0,0.01078158488181394,0.0049007204008245184,5,2,0.0,0.0,0.0,0.0,0.0,0.0,True,True,evaluation_or_label_path,gate2_id_256,256,256
id,id8c8771f4,svc_rbf,8,target_shift,label_flip_prior_preserving_r_0.050,0.0265625,0.0,0.0,0.0,0.0,0.010605447267334034,0.004820657848788197,5,2,0.0,0.0,0.0,0.0,0.0,0.0,True,True,evaluation_or_label_path,gate2_id_256,256,256
id,id8c8771f4,svc_rbf,10,target_shift,label_flip_prior_preserving_r_0.050,0.0265625,0.0,0.0,0.0,0.0,0.011715464638425696,0.005325211199284407,5,2,0.0,0.0,0.0,0.0,0.0,0.0,True,True,evaluation_or_label_path,gate2_id_256,256,256
id,idcc6a61e9,qsvc_pauli_xyz_r1,12,target_shift,label_flip_prior_preserving_r_0.050,0.0265625,0.0,0.0,0.0,0.0,0.012112749099349358,0.0055057950451587985,5,2,0.0,0.0,0.0,0.0,0.0,0.0,True,True,evaluation_or_label_path,gate5b_id_ton_iot,128,128
id,id8c8771f4,qsvc_zz_r1,8,target_shift,label_flip_prior_preserving_r_0.050,0.02578125,0.0,0.0,0.0,0.0,0.008646916842344919,0.003930416746520418,5,2,0.0,0.0,0.0,0.0,0.0,0.0,True,True,evaluation_or_label_path,gate2_id_256,256,256
id,id8c8771f4,qsvc_zz_r1,10,target_shift,label_flip_prior_preserving_r_0.050,0.02578125,0.0,0.0,0.0,0.0,0.009186120073616577,0.004175509124371171,5,2,0.0,0.0,0.0,0.0,0.0,0.0,True,True,evaluation_or_label_path,gate2_id_256,256,256
id,idcc6a61e9,qsvc_pauli_xyz_r1,10,target_shift,label_flip_r_0.050,0.0257789662767954,0.0,0.0,0.0,0.5235872621545179,0.015220564451208484,0.10211612241500709,5,2,0.0,0.0,0.0,0.0,0.0390625,0.0007643013153583,True,False,evaluation_or_label_path,gate5b_id_ton_iot,128,128
id,id6292a46b,qsvc_pauli_xyz_r1,12,target_shift,label_flip_prior_preserving_r_0.050,0.025,0.0,0.0,0.0,0.0,0.016378078109439437,0.007444580958836107,5,2,0.0,0.0,0.0,0.0,0.0,0.0,True,True,evaluation_or_label_path,gate5a_id_unsw,128,128
id,idcc6a61e9,qsvc_pauli_xyz_r1,8,target_shift,label_flip_r_0.050,0.02448540065932146,0.0,0.0,0.0,0.5235872621545179,0.013465061764193311,0.10131816664818202,5,2,0.0,0.0,0.0,0.0,0.0390625,0.0007643013153583,True,False,evaluation_or_label_path,gate5b_id_ton_iot,128,128
id,idcc6a61e9,svc_rbf,12,target_shift,label_flip_r_0.050,0.024480316882832812,0.0,0.0,0.0,0.5235872621545179,0.014359384923418228,0.10172467717510243,5,2,0.0,0.0,0.0,0.0,0.0390625,0.0007643013153583,True,False,evaluation_or_label_path,gate5b_id_ton_iot,128,128
id,idcc6a61e9,svc_rbf,8,target_shift,label_flip_r_0.100,0.02417553399987474,0.0,0.0,0.0,0.8306353631849717,0.012588329731308556,0.15674657954786236,5,2,0.0,0.0,0.0,0.0,0.03125,0.0004888385244522,True,False,evaluation_or_label_path,gate5b_id_ton_iot,128,128
id,idcc6a61e9,qsvc_z_r1,10,target_shift,label_flip_r_0.050,0.02362026890677067,0.0,0.0,0.0,0.5235872621545179,0.015259373920277607,0.10213376308276578,5,2,0.0,0.0,0.0,0.0,0.0390625,0.0007643013153583,True,False,evaluation_or_label_path,gate5b_id_ton_iot,128,128
id,id6292a46b,qsvc_pauli_xyz_r1,10,target_shift,label_flip_prior_preserving_r_0.050,0.0234375,0.0,0.0,0.0,0.0,0.016337309296025594,0.007426049680011634,5,2,0.0,0.0,0.0,0.0,0.0,0.0,True,True,evaluation_or_label_path,gate5a_id_unsw,128,128
id,id6292a46b,qsvc_zz_r1,10,target_shift,label_flip_prior_preserving_r_0.050,0.0234375,0.0,0.0,0.0,0.0,0.016767230052043645,0.007621468205474384,5,2,0.0,0.0,0.0,0.0,0.0,0.0,True,True,evaluation_or_label_path,gate5a_id_unsw,128,128
id,idcc6a61e9,qsvc_z_r1,12,target_shift,label_flip_prior_preserving_r_0.050,0.0234375,0.0,0.0,0.0,0.0,0.01083011612548019,0.004922780057036449,5,2,0.0,0.0,0.0,0.0,0.0,0.0,True,True,evaluation_or_label_path,gate5b_id_ton_iot,128,128
ood,tr993984ca__teb9107599,qsvc_zz_r1,8,target_shift,label_flip_prior_preserving_r_0.050,0.0234375,0.0,0.0,0.0,0.0,0.02126455900003335,0.009665708636378795,5,2,0.0,0.0,0.0,0.0,0.0,0.0,True,True,evaluation_or_label_path,gate6_ood_unsw,128,128
id,idcc6a61e9,qsvc_zz_r1,12,target_shift,label_flip_r_0.020,0.02275128657185108,0.0,0.0,0.0,0.302255259159836,0.011516172347073214,0.06019012545954892,5,2,0.0,0.0,0.0,0.0,0.015625,0.0001221050969211,True,False,evaluation_or_label_path,gate5b_id_ton_iot,128,128
id,idcc6a61e9,qsvc_zz_r1,10,target_shift,label_flip_r_0.020,0.02272886443753376,0.0,0.0,0.0,0.302255259159836,0.012057342216281181,0.06043611176373435,5,2,0.0,0.0,0.0,0.0,0.015625,0.0001221050969211,True,False,evaluation_or_label_path,gate5b_id_ton_iot,128,128
id,id8c8771f4,qsvc_zz_r1,12,target_shift,label_flip_prior_preserving_r_0.050,0.02265625,0.0,0.0,0.0,0.0,0.007877979165032935,0.003580899620469516,5,2,0.0,0.0,0.0,0.0,0.0,0.0,True,True,evaluation_or_label_path,gate2_id_256,256,256
id,idcc6a61e9,qsvc_zz_r1,8,target_shift,label_flip_r_0.020,0.022451479971641243,0.0,0.0,0.0,0.302255259159836,0.010755224149476897,0.05984423991518695,5,2,0.0,0.0,0.0,0.0,0.015625,0.0001221050969211,True,False,evaluation_or_label_path,gate5b_id_ton_iot,128,128
id,id6292a46b,qsvc_pauli_xyz_r1,8,target_shift,label_flip_prior_preserving_r_0.050,0.021875,0.0,0.0,0.0,0.0,0.021053617391028477,0.009569826086831126,5,2,0.0,0.0,0.0,0.0,0.0,0.0,True,True,evaluation_or_label_path,gate5a_id_unsw,128,128
id,id6292a46b,qsvc_z_r1,10,target_shift,label_flip_prior_preserving_r_0.050,0.021875,0.0,0.0,0.0,0.0,0.017666913415306428,0.00803041518877565,5,2,0.0,0.0,0.0,0.0,0.0,0.0,True,True,evaluation_or_label_path,gate5a_id_unsw,128,128
id,id6292a46b,qsvc_z_r1,12,target_shift,label_flip_prior_preserving_r_0.050,0.021875,0.0,0.0,0.0,0.0,0.013997822895793998,0.0063626467708154544,5,2,0.0,0.0,0.0,0.0,0.0,0.0,True,True,evaluation_or_label_path,gate5a_id_unsw,128,128
id,id6292a46b,qsvc_zz_r1,12,target_shift,label_flip_prior_preserving_r_0.050,0.021875,0.0,0.0,0.0,0.0,0.01493128297530659,0.00678694680695754,5,2,0.0,0.0,0.0,0.0,0.0,0.0,True,True,evaluation_or_label_path,gate5a_id_unsw,128,128
id,idcc6a61e9,qsvc_pauli_xyz_r1,8,target_shift,label_flip_prior_preserving_r_0.050,0.021875,0.0,0.0,0.0,0.0,0.009659926139588354,0.004390875517994707,5,2,0.0,0.0,0.0,0.0,0.0,0.0,True,True,evaluation_or_label_path,gate5b_id_ton_iot,128,128
id,idcc6a61e9,svc_rbf,12,target_shift,label_flip_prior_preserving_r_0.050,0.021875,0.0,0.0,0.0,0.0,0.010621327481642451,0.004827876128019296,5,2,0.0,0.0,0.0,0.0,0.0,0.0,True,True,evaluation_or_label_path,gate5b_id_ton_iot,128,128
ood,tr993984ca__teb9107599,qsvc_zz_r1,10,target_shift,label_flip_prior_preserving_r_0.050,0.021875,0.0,0.0,0.0,0.0,0.015461023092777543,0.007027737769444336,5,2,0.0,0.0,0.0,0.0,0.0,0.0,True,True,evaluation_or_label_path,gate6_ood_unsw,128,128
ood,tr993984ca__teb9107599,qsvc_zz_r1,12,target_shift,label_flip_prior_preserving_r_0.050,0.021875,0.0,0.0,0.0,0.0,0.01298902083986558,0.005904100381757082,5,2,0.0,0.0,0.0,0.0,0.0,0.0,True,True,evaluation_or_label_path,gate6_ood_unsw,128,128
ood,tr649b5ffb__te0e535a99,qsvc_zz_r1,8,target_shift,label_flip_r_0.100,0.02154562660221446,0.0,0.0,0.0,0.9031082880500362,0.09525930701266291,0.20750119192394428,5,2,0.0,0.0,0.0,0.0,0.03125,0.0004888385244522,True,False,evaluation_or_label_path,gate3b_ood_tue_fri_portscan,128,128
id,idcc6a61e9,qsvc_z_r1,8,target_shift,label_flip_r_0.050,0.02135672378064456,0.0,0.0,0.0,0.5235872621545179,0.012254662929385634,0.10076798535963308,5,2,0.0,0.0,0.0,0.0,0.0390625,0.0007643013153583,True,False,evaluation_or_label_path,gate5b_id_ton_iot,128,128
id,idcc6a61e9,svc_rbf,10,target_shift,label_flip_r_0.050,0.02098018968223227,0.0,0.0,0.0,0.5235872621545179,0.014197971065816103,0.10165130723982874,5,2,0.0,0.0,0.0,0.0,0.0390625,0.0007643013153583,True,False,evaluation_or_label_path,gate5b_id_ton_iot,128,128
id,idcc6a61e9,qsvc_z_r1,8,target_shift,label_flip_r_0.100,0.02076739020012322,0.0,0.0,0.0,0.8306353631849717,0.010017558914593116,0.15557804735844627,5,2,0.0,0.0,0.0,0.0,0.03125,0.0004888385244522,True,False,evaluation_or_label_path,gate5b_id_ton_iot,128,128
id,id6292a46b,qsvc_z_r1,8,target_shift,label_flip_prior_preserving_r_0.050,0.0203125,0.0,0.0,0.0,0.0,0.01902188761415548,0.008646312551888854,5,2,0.0,0.0,0.0,0.0,0.0,0.0,True,True,evaluation_or_label_path,gate5a_id_unsw,128,128
id,id6292a46b,svc_rbf,8,target_shift,label_flip_prior_preserving_r_0.050,0.0203125,0.0,0.0,0.0,0.0,0.02115652355341256,0.009616601615187527,5,2,0.0,0.0,0.0,0.0,0.0,0.0,True,True,evaluation_or_label_path,gate5a_id_unsw,128,128
id,id6292a46b,svc_rbf,10,target_shift,label_flip_prior_preserving_r_0.050,0.0203125,0.0,0.0,0.0,0.0,0.014173665257788872,0.00644257511717676,5,2,0.0,0.0,0.0,0.0,0.0,0.0,True,True,evaluation_or_label_path,gate5a_id_unsw,128,128
id,idcc6a61e9,qsvc_pauli_xyz_r1,10,target_shift,label_flip_prior_preserving_r_0.050,0.0203125,0.0,0.0,0.0,0.0,0.009999495553063217,0.004545225251392372,5,2,0.0,0.0,0.0,0.0,0.0,0.0,True,True,evaluation_or_label_path,gate5b_id_ton_iot,128,128
id,idcc6a61e9,qsvc_z_r1,8,target_shift,label_flip_prior_preserving_r_0.050,0.0203125,0.0,0.0,0.0,0.0,0.008846586096439558,0.004021175498381617,5,2,0.0,0.0,0.0,0.0,0.0,0.0,True,True,evaluation_or_label_path,gate5b_id_ton_iot,128,128
id,idcc6a61e9,svc_rbf,8,target_shift,label_flip_prior_preserving_r_0.100,0.0203125,0.0,0.0,0.0,0.0,0.01097592418157522,0.004989056446170554,5,2,0.0,0.0,0.0,0.0,0.0,0.0,True,True,evaluation_or_label_path,gate5b_id_ton_iot,128,128
id,idcc6a61e9,qsvc_pauli_xyz_r1,8,target_shift,label_flip_r_0.100,0.0202175031100322,0.0,0.0,0.0,0.8306353631849717,0.010285613785812232,0.1556998904817277,5,2,0.0,0.0,0.0,0.0,0.03125,0.0004888385244522,True,False,evaluation_or_label_path,gate5b_id_ton_iot,128,128
id,id8c8771f4,qsvc_zz_r1,12,target_shift,label_flip_r_0.020,0.01935454730106657,0.0,0.0,0.0,0.298375315796864,0.007861048088436356,0.057823261094173614,5,2,0.0,0.0,0.0,0.0,0.0234375,0.0002748343945789,True,False,evaluation_or_label_path,gate2_id_256,256,256
id,id6292a46b,svc_rbf,12,target_shift,label_flip_prior_preserving_r_0.050,0.01875,0.0,0.0,0.0,0.0,0.011734031767371046,0.005333650803350476,5,2,0.0,0.0,0.0,0.0,0.0,0.0,True,True,evaluation_or_label_path,gate5a_id_unsw,128,128
id,idcc6a61e9,svc_rbf,10,target_shift,label_flip_prior_preserving_r_0.050,0.01875,0.0,0.0,0.0,0.0,0.009547410955242353,0.004339732252382888,5,2,0.0,0.0,0.0,0.0,0.0,0.0,True,True,evaluation_or_label_path,gate5b_id_ton_iot,128,128
id,id8c8771f4,qsvc_zz_r1,10,target_shift,label_flip_r_0.020,0.01867117386283561,0.0,0.0,0.0,0.298375315796864,0.008262502430294428,0.05800574034047273,5,2,0.0,0.0,0.0,0.0,0.0234375,0.0002748343945789,True,False,evaluation_or_label_path,gate2_id_256,256,256
ood,tr649b5ffb__te0e535a99,qsvc_zz_r1,8,target_shift,label_flip_r_0.050,0.018374809554245038,0.0,0.0,0.0,0.23677225212933703,0.06150996710762846,0.07100857634516514,5,2,0.0,0.0,0.0,0.0,0.015625,0.0001221050969211,True,False,evaluation_or_label_path,gate3b_ood_tue_fri_portscan,128,128
id,id8c8771f4,svc_rbf,12,target_shift,label_flip_r_0.020,0.01789840718681894,0.0,0.0,0.0,0.298375315796864,0.0074962431479040055,0.05765744066665891,5,2,0.0,0.0,0.0,0.0,0.0234375,0.0002748343945789,True,False,evaluation_or_label_path,gate2_id_256,256,256
id,idcc6a61e9,qsvc_pauli_xyz_r1,12,target_shift,label_flip_r_0.020,0.01741451928447891,0.0,0.0,0.0,0.302255259159836,0.00832403075738503,0.05873915200969064,5,2,0.0,0.0,0.0,0.0,0.015625,0.0001221050969211,True,False,evaluation_or_label_path,gate5b_id_ton_iot,128,128
id,id6292a46b,qsvc_zz_r1,8,target_shift,label_flip_prior_preserving_r_0.050,0.0171875,0.0,0.0,0.0,0.0,0.018052324635157824,0.00820560210688992,5,2,0.0,0.0,0.0,0.0,0.0,0.0,True,True,evaluation_or_label_path,gate5a_id_unsw,128,128
id,idcc6a61e9,qsvc_z_r1,10,target_shift,label_flip_prior_preserving_r_0.050,0.0171875,0.0,0.0,0.0,0.0,0.008674496337316968,0.003942952880598622,5,2,0.0,0.0,0.0,0.0,0.0,0.0,True,True,evaluation_or_label_path,gate5b_id_ton_iot,128,128
ood,tr649b5ffb__te0e535a99,qsvc_zz_r1,12,target_shift,label_flip_prior_preserving_r_0.050,0.0171875,0.0,0.0,0.0,0.0,0.00765456126808514,0.0034793460309477916,5,2,0.0,0.0,0.0,0.0,0.0,0.0,True,True,evaluation_or_label_path,gate3b_ood_tue_fri_portscan,128,128
id,idcc6a61e9,svc_rbf,8,target_shift,label_flip_r_0.050,0.0165698545881413,0.0,0.0,0.0,0.5235872621545179,0.011887424112068922,0.10060105862448912,5,2,0.0,0.0,0.0,0.0,0.0390625,0.0007643013153583,True,False,evaluation_or_label_path,gate5b_id_ton_iot,128,128
id,idcc6a61e9,svc_rbf,12,target_shift,label_flip_r_0.020,0.01618574917466044,0.0,0.0,0.0,0.302255259159836,0.008274013162187713,0.05871641673914642,5,2,0.0,0.0,0.0,0.0,0.015625,0.0001221050969211,True,False,evaluation_or_label_path,gate5b_id_ton_iot,128,128
id,id6292a46b,qsvc_pauli_xyz_r1,8,target_shift,label_flip_r_0.020,0.016173569374174194,0.0,0.0,0.0,0.302255259159836,0.018051243448728445,0.06316061232393765,5,2,0.0,0.0,0.0,0.0,0.015625,0.0001221050969211,True,False,evaluation_or_label_path,gate5a_id_unsw,128,128
ood,tr993984ca__teb9107599,qsvc_zz_r1,8,target_shift,label_flip_r_0.020,0.01589055170605387,0.0,0.0,0.0,0.5327864846804291,0.016551963063324036,0.1043938895161344,5,2,0.0,0.0,0.0,0.0,0.03125,0.0004888385244522,True,False,evaluation_or_label_path,gate6_ood_unsw,128,128
id,idcc6a61e9,qsvc_pauli_xyz_r1,10,target_shift,label_flip_r_0.020,0.01583217801463766,0.0,0.0,0.0,0.302255259159836,0.008701571834635166,0.05891076159025889,5,2,0.0,0.0,0.0,0.0,0.015625,0.0001221050969211,True,False,evaluation_or_label_path,gate5b_id_ton_iot,128,128
id,id8c8771f4,qsvc_zz_r1,8,target_shift,label_flip_r_0.020,0.015782221233996672,0.0,0.0,0.0,0.298375315796864,0.006551498083834766,0.05722801109208199,5,2,0.0,0.0,0.0,0.0,0.0234375,0.0002748343945789,True,False,evaluation_or_label_path,gate2_id_256,256,256
ood,tr993984ca__teb9107599,svc_rbf,8,target_shift,label_flip_r_0.020,0.01576783292255919,0.0,0.0,0.0,0.5327864846804291,0.01590604256146948,0.10410028928801869,5,2,0.0,0.0,0.0,0.0,0.03125,0.0004888385244522,True,False,evaluation_or_label_path,gate6_ood_unsw,128,128
ood,tr993984ca__teb9107599,qsvc_zz_r1,12,target_shift,label_flip_r_0.020,0.01568144612622601,0.0,0.0,0.0,0.5327864846804291,0.01171289125728472,0.10219431142248017,5,2,0.0,0.0,0.0,0.0,0.03125,0.0004888385244522,True,False,evaluation_or_label_path,gate6_ood_unsw,128,128
id,idcc6a61e9,svc_rbf,8,target_shift,label_flip_prior_preserving_r_0.050,0.015625,0.0,0.0,0.0,0.0,0.006793526348044934,0.0030879665218386068,5,2,0.0,0.0,0.0,0.0,0.0,0.0,True,True,evaluation_or_label_path,gate5b_id_ton_iot,128,128
ood,tr649b5ffb__te0e535a99,qsvc_zz_r1,8,target_shift,label_flip_prior_preserving_r_0.100,0.015625,0.0,0.0,0.0,0.0,0.008593512014535402,0.003906141824788818,5,2,0.0,0.0,0.0,0.0,0.0,0.0,True,True,evaluation_or_label_path,gate3b_ood_tue_fri_portscan,128,128
ood,tr993984ca__teb9107599,qsvc_zz_r1,10,target_shift,label_flip_r_0.020,0.01558709706732471,0.0,0.0,0.0,0.5327864846804291,0.012379691156212588,0.1024974022856292,5,2,0.0,0.0,0.0,0.0,0.03125,0.0004888385244522,True,False,evaluation_or_label_path,gate6_ood_unsw,128,128
id,idcc6a61e9,svc_rbf,10,target_shift,label_flip_r_0.020,0.015059768860172051,0.0,0.0,0.0,0.302255259159836,0.008827269971923417,0.0589678971072081,5,2,0.0,0.0,0.0,0.0,0.015625,0.0001221050969211,True,False,evaluation_or_label_path,gate5b_id_ton_iot,128,128
ood,tr649b5ffb__te0e535a99,qsvc_zz_r1,12,target_shift,label_flip_r_0.020,0.01493985016933306,0.0,0.0,0.0,0.45483058176198793,0.0288256423064926,0.0957990340960399,5,2,0.0,0.0,0.0,0.0,0.03125,0.0004888385244522,True,False,evaluation_or_label_path,gate3b_ood_tue_fri_portscan,128,128
id,id6292a46b,qsvc_zz_r1,12,target_shift,label_flip_r_0.020,0.014843956446779012,0.0,0.0,0.0,0.302255259159836,0.010883185850330856,0.05990240432466602,5,2,0.0,0.0,0.0,0.0,0.015625,0.0001221050969211,True,False,evaluation_or_label_path,gate5a_id_unsw,128,128
id,id6292a46b,qsvc_zz_r1,10,target_shift,label_flip_r_0.020,0.01482022793514724,0.0,0.0,0.0,0.302255259159836,0.012346326761865794,0.06056746837536372,5,2,0.0,0.0,0.0,0.0,0.015625,0.0001221050969211,True,False,evaluation_or_label_path,gate5a_id_unsw,128,128
id,id6292a46b,qsvc_pauli_xyz_r1,10,target_shift,label_flip_r_0.020,0.01480344644155126,0.0,0.0,0.0,0.302255259159836,0.012868267390922958,0.06080471411584425,5,2,0.0,0.0,0.0,0.0,0.015625,0.0001221050969211,True,False,evaluation_or_label_path,gate5a_id_unsw,128,128
id,idcc6a61e9,qsvc_pauli_xyz_r1,8,target_shift,label_flip_r_0.020,0.01464608867834671,0.0,0.0,0.0,0.302255259159836,0.007223491747740926,0.05823890700530696,5,2,0.0,0.0,0.0,0.0,0.015625,0.0001221050969211,True,False,evaluation_or_label_path,gate5b_id_ton_iot,128,128
ood,tr993984ca__teb9107599,svc_rbf,12,target_shift,label_flip_r_0.020,0.01462260672592583,0.0,0.0,0.0,0.5327864846804291,0.010845276411209987,0.10179994103790076,5,2,0.0,0.0,0.0,0.0,0.03125,0.0004888385244522,True,False,evaluation_or_label_path,gate6_ood_unsw,128,128
ood,tr993984ca__teb9107599,svc_rbf,10,target_shift,label_flip_r_0.020,0.01431908456212195,0.0,0.0,0.0,0.5327864846804291,0.011550949439253992,0.10212070150519348,5,2,0.0,0.0,0.0,0.0,0.03125,0.0004888385244522,True,False,evaluation_or_label_path,gate6_ood_unsw,128,128
id,idcc6a61e9,qsvc_z_r1,10,target_shift,label_flip_r_0.020,0.01430953399199365,0.0,0.0,0.0,0.302255259159836,0.007619693164790303,0.05841899855851122,5,2,0.0,0.0,0.0,0.0,0.015625,0.0001221050969211,True,False,evaluation_or_label_path,gate5b_id_ton_iot,128,128
id,idcc6a61e9,qsvc_z_r1,12,target_shift,label_flip_r_0.020,0.01427977208723174,0.0,0.0,0.0,0.302255259159836,0.006763365473909851,0.058029758699020106,5,2,0.0,0.0,0.0,0.0,0.015625,0.0001221050969211,True,False,evaluation_or_label_path,gate5b_id_ton_iot,128,128
id,id6292a46b,qsvc_z_r1,8,target_shift,label_flip_prior_preserving_r_0.020,0.0140625,0.0,0.0,0.0,0.0,0.012707939719456352,0.005776336236116524,5,2,0.0,0.0,0.0,0.0,0.0,0.0,True,True,evaluation_or_label_path,gate5a_id_unsw,128,128
id,idcc6a61e9,qsvc_zz_r1,8,target_shift,label_flip_prior_preserving_r_0.020,0.0140625,0.0,0.0,0.0,0.0,0.006355104514984405,0.002888683870447457,5,2,0.0,0.0,0.0,0.0,0.0,0.0,True,True,evaluation_or_label_path,gate5b_id_ton_iot,128,128
id,idcc6a61e9,qsvc_zz_r1,10,target_shift,label_flip_prior_preserving_r_0.020,0.0140625,0.0,0.0,0.0,0.0,0.006641648313612798,0.0030189310516421813,5,2,0.0,0.0,0.0,0.0,0.0,0.0,True,True,evaluation_or_label_path,gate5b_id_ton_iot,128,128
id,idcc6a61e9,qsvc_zz_r1,12,target_shift,label_flip_prior_preserving_r_0.020,0.0140625,0.0,0.0,0.0,0.0,0.006963863590071182,0.003165392540941446,5,2,0.0,0.0,0.0,0.0,0.0,0.0,True,True,evaluation_or_label_path,gate5b_id_ton_iot,128,128
ood,tr649b5ffb__te0e535a99,qsvc_zz_r1,10,target_shift,label_flip_prior_preserving_r_0.050,0.0140625,0.0,0.0,0.0,0.0,0.009581277712133913,0.004355126232788142,5,2,0.0,0.0,0.0,0.0,0.0,0.0,True,True,evaluation_or_label_path,gate3b_ood_tue_fri_portscan,128,128
ood,trc82af0ba__te3ec6a4d7,qsvc_zz_r1,12,target_shift,label_flip_r_0.050,0.013876488095238079,0.0,0.0,0.0,0.23677225212933703,0.01410250398706894,0.04945972947218353,5,2,0.0,0.0,0.0,0.0,0.015625,0.0001221050969211,True,False,evaluation_or_label_path,gate3c_ood_wed_thu_webattacks,128,128
id,id6292a46b,qsvc_z_r1,8,target_shift,label_flip_r_0.020,0.013298932250545108,0.0,0.0,0.0,0.302255259159836,0.014696110288586117,0.06163555179660023,5,2,0.0,0.0,0.0,0.0,0.015625,0.0001221050969211,True,False,evaluation_or_label_path,gate5a_id_unsw,128,128
id,id6292a46b,qsvc_pauli_xyz_r1,12,target_shift,label_flip_r_0.020,0.01326387602093245,0.0,0.0,0.0,0.302255259159836,0.009415841644693113,0.05923542968573977,5,2,0.0,0.0,0.0,0.0,0.015625,0.0001221050969211,True,False,evaluation_or_label_path,gate5a_id_unsw,128,128
id,id6292a46b,qsvc_z_r1,10,target_shift,label_flip_r_0.020,0.013203435229644869,0.0,0.0,0.0,0.302255259159836,0.010528300964064444,0.059741093012726745,5,2,0.0,0.0,0.0,0.0,0.015625,0.0001221050969211,True,False,evaluation_or_label_path,gate5a_id_unsw,128,128
id,id6292a46b,qsvc_zz_r1,8,target_shift,label_flip_r_0.020,0.01300480041911492,0.0,0.0,0.0,0.302255259159836,0.014169468777311841,0.06139616929147555,5,2,0.0,0.0,0.0,0.0,0.015625,0.0001221050969211,True,False,evaluation_or_label_path,gate5a_id_unsw,128,128
id,id6292a46b,svc_rbf,8,target_shift,label_flip_r_0.020,0.01287001361094097,0.0,0.0,0.0,0.302255259159836,0.01549852108222009,0.06200028397552476,5,2,0.0,0.0,0.0,0.0,0.015625,0.0001221050969211,True,False,evaluation_or_label_path,gate5a_id_unsw,128,128
id,id6292a46b,qsvc_z_r1,10,target_shift,label_flip_prior_preserving_r_0.020,0.0125,0.0,0.0,0.0,0.0,0.00994681373081405,0.004521278968551841,5,2,0.0,0.0,0.0,0.0,0.0,0.0,True,True,evaluation_or_label_path,gate5a_id_unsw,128,128
id,id6292a46b,qsvc_zz_r1,8,target_shift,label_flip_prior_preserving_r_0.020,0.0125,0.0,0.0,0.0,0.0,0.012064309039336894,0.005483776836062224,5,2,0.0,0.0,0.0,0.0,0.0,0.0,True,True,evaluation_or_label_path,gate5a_id_unsw,128,128
id,id6292a46b,svc_rbf,12,target_shift,label_flip_r_0.020,0.01186140528378426,0.0,0.0,0.0,0.302255259159836,0.00943407498440286,0.059243717567426024,5,2,0.0,0.0,0.0,0.0,0.015625,0.0001221050969211,True,False,evaluation_or_label_path,gate5a_id_unsw,128,128
id,id6292a46b,svc_rbf,10,target_shift,label_flip_r_0.020,0.011789618311795692,0.0,0.0,0.0,0.302255259159836,0.010840205922785763,0.05988286799396371,5,2,0.0,0.0,0.0,0.0,0.015625,0.0001221050969211,True,False,evaluation_or_label_path,gate5a_id_unsw,128,128
id,id6292a46b,qsvc_z_r1,12,target_shift,label_flip_r_0.020,0.01164793763584083,0.0,0.0,0.0,0.302255259159836,0.008283258372556378,0.058720619107495806,5,2,0.0,0.0,0.0,0.0,0.015625,0.0001221050969211,True,False,evaluation_or_label_path,gate5a_id_unsw,128,128
id,idcc6a61e9,svc_rbf,8,target_shift,label_flip_r_0.020,0.0113928813122361,0.0,0.0,0.0,0.302255259159836,0.00651964685121179,0.05791897750688463,5,2,0.0,0.0,0.0,0.0,0.015625,0.0001221050969211,True,False,evaluation_or_label_path,gate5b_id_ton_iot,128,128
id,id8c8771f4,svc_rbf,8,target_shift,label_flip_r_0.020,0.01137929005301492,0.0,0.0,0.0,0.298375315796864,0.005584739407423499,0.05678857533007686,5,2,0.0,0.0,0.0,0.0,0.0234375,0.0002748343945789,True,False,evaluation_or_label_path,gate2_id_256,256,256
id,idcc6a61e9,qsvc_z_r1,8,target_shift,label_flip_r_0.020,0.01137416850622492,0.0,0.0,0.0,0.302255259159836,0.005491939395531508,0.05745183775430268,5,2,0.0,0.0,0.0,0.0,0.015625,0.0001221050969211,True,False,evaluation_or_label_path,gate5b_id_ton_iot,128,128
id,id8c8771f4,svc_rbf,10,target_shift,label_flip_r_0.020,0.01134505332691568,0.0,0.0,0.0,0.298375315796864,0.006228837043448461,0.05708134698281549,5,2,0.0,0.0,0.0,0.0,0.0234375,0.0002748343945789,True,False,evaluation_or_label_path,gate2_id_256,256,256
ood,tr649b5ffb__tec82af0ba,qsvc_zz_r1,12,target_shift,label_flip_r_0.100,0.01101630886980675,0.0,0.0,0.0,0.9031082880500362,0.1181055874154189,0.2178858648342879,5,2,0.0,0.0,0.0,0.0,0.03125,0.0004888385244522,True,False,evaluation_or_label_path,gate3a_ood_tue_wed,128,128
id,id6292a46b,qsvc_pauli_xyz_r1,8,target_shift,label_flip_prior_preserving_r_0.020,0.0109375,0.0,0.0,0.0,0.0,0.012538963741677159,0.005699528973489618,5,2,0.0,0.0,0.0,0.0,0.0,0.0,True,True,evaluation_or_label_path,gate5a_id_unsw,128,128
id,id6292a46b,qsvc_z_r1,12,target_shift,label_flip_prior_preserving_r_0.020,0.0109375,0.0,0.0,0.0,0.0,0.008008621546363327,0.0036402825210742388,5,2,0.0,0.0,0.0,0.0,0.0,0.0,True,True,evaluation_or_label_path,gate5a_id_unsw,128,128
id,id6292a46b,qsvc_zz_r1,10,target_shift,label_flip_prior_preserving_r_0.020,0.0109375,0.0,0.0,0.0,0.0,0.00906897631376706,0.004122261960803209,5,2,0.0,0.0,0.0,0.0,0.0,0.0,True,True,evaluation_or_label_path,gate5a_id_unsw,128,128
id,id6292a46b,qsvc_zz_r1,12,target_shift,label_flip_prior_preserving_r_0.020,0.0109375,0.0,0.0,0.0,0.0,0.007120883670053384,0.00323676530456972,5,2,0.0,0.0,0.0,0.0,0.0,0.0,True,True,evaluation_or_label_path,gate5a_id_unsw,128,128
ood,tr649b5ffb__te0e535a99,qsvc_zz_r1,8,target_shift,label_flip_prior_preserving_r_0.050,0.0109375,0.0,0.0,0.0,0.0,0.005860377288620708,0.0026638078584639577,5,2,0.0,0.0,0.0,0.0,0.0,0.0,True,True,evaluation_or_label_path,gate3b_ood_tue_fri_portscan,128,128
ood,tr649b5ffb__te0e535a99,qsvc_zz_r1,12,target_shift,label_flip_prior_preserving_r_0.020,0.0109375,0.0,0.0,0.0,0.0,0.004574942414956679,0.002079519279525763,5,2,0.0,0.0,0.0,0.0,0.0,0.0,True,True,evaluation_or_label_path,gate3b_ood_tue_fri_portscan,128,128
ood,tr993984ca__teb9107599,qsvc_zz_r1,8,target_shift,label_flip_prior_preserving_r_0.020,0.0109375,0.0,0.0,0.0,0.0,0.009991773414257851,0.004541715188299023,5,2,0.0,0.0,0.0,0.0,0.0,0.0,True,True,evaluation_or_label_path,gate6_ood_unsw,128,128
ood,tr993984ca__teb9107599,qsvc_zz_r1,10,target_shift,label_flip_prior_preserving_r_0.020,0.0109375,0.0,0.0,0.0,0.0,0.00729511657076303,0.0033159620776195596,5,2,0.0,0.0,0.0,0.0,0.0,0.0,True,True,evaluation_or_label_path,gate6_ood_unsw,128,128
ood,tr993984ca__teb9107599,qsvc_zz_r1,12,target_shift,label_flip_prior_preserving_r_0.020,0.0109375,0.0,0.0,0.0,0.0,0.007309435331265819,0.003322470605120827,5,2,0.0,0.0,0.0,0.0,0.0,0.0,True,True,evaluation_or_label_path,gate6_ood_unsw,128,128
ood,trc82af0ba__te3ec6a4d7,qsvc_zz_r1,12,target_shift,label_flip_r_0.100,0.01084433300076599,0.0,0.0,0.0,0.9031082880500362,0.025234468847201753,0.1756717200305528,5,2,0.0,0.0,0.0,0.0,0.03125,0.0004888385244522,True,False,evaluation_or_label_path,gate3c_ood_wed_thu_webattacks,128,128
ood,tr649b5ffb__te0e535a99,qsvc_zz_r1,10,target_shift,label_flip_r_0.020,0.00978708514761642,0.0,0.0,0.0,0.45483058176198793,0.04926771045038323,0.10509088325235383,5,2,0.0,0.0,0.0,0.0,0.03125,0.0004888385244522,True,False,evaluation_or_label_path,gate3b_ood_tue_fri_portscan,128,128
id,id6292a46b,qsvc_pauli_xyz_r1,10,target_shift,label_flip_prior_preserving_r_0.020,0.009375,0.0,0.0,0.0,0.0,0.0069506968723626,0.0031594076692557276,5,2,0.0,0.0,0.0,0.0,0.0,0.0,True,True,evaluation_or_label_path,gate5a_id_unsw,128,128
id,id6292a46b,svc_rbf,8,target_shift,label_flip_prior_preserving_r_0.020,0.009375,0.0,0.0,0.0,0.0,0.01105266428291041,0.0050239383104138235,5,2,0.0,0.0,0.0,0.0,0.0,0.0,True,True,evaluation_or_label_path,gate5a_id_unsw,128,128
ood,tr649b5ffb__te0e535a99,qsvc_zz_r1,10,target_shift,label_flip_prior_preserving_r_0.020,0.009375,0.0,0.0,0.0,0.0,0.004424172777011608,0.0020109876259143673,5,2,0.0,0.0,0.0,0.0,0.0,0.0,True,True,evaluation_or_label_path,gate3b_ood_tue_fri_portscan,128,128
ood,tr993984ca__teb9107599,svc_rbf,8,target_shift,label_flip_prior_preserving_r_0.020,0.009375,0.0,0.0,0.0,0.0,0.008830192853457361,0.004013724024298801,5,2,0.0,0.0,0.0,0.0,0.0,0.0,True,True,evaluation_or_label_path,gate6_ood_unsw,128,128
ood,tr993984ca__teb9107599,svc_rbf,10,target_shift,label_flip_prior_preserving_r_0.020,0.009375,0.0,0.0,0.0,0.0,0.0064136311696344345,0.002915286895288379,5,2,0.0,0.0,0.0,0.0,0.0,0.0,True,True,evaluation_or_label_path,gate6_ood_unsw,128,128
ood,tr993984ca__teb9107599,svc_rbf,12,target_shift,label_flip_prior_preserving_r_0.020,0.009375,0.0,0.0,0.0,0.0,0.006408089898271319,0.0029127681355778723,5,2,0.0,0.0,0.0,0.0,0.0,0.0,True,True,evaluation_or_label_path,gate6_ood_unsw,128,128
ood,trc82af0ba__te3ec6a4d7,qsvc_zz_r1,12,target_shift,label_flip_prior_preserving_r_0.050,0.009375,0.0,0.0,0.0,0.0,0.0034473520506230217,0.0015669782048286461,5,2,0.0,0.0,0.0,0.0,0.0,0.0,True,True,evaluation_or_label_path,gate3c_ood_wed_thu_webattacks,128,128
ood,trc82af0ba__te3ec6a4d7,qsvc_zz_r1,8,target_shift,label_flip_r_0.050,0.00921684218559217,0.0,0.0,0.0,0.23677225212933703,0.007247526068640526,0.04634383041835243,5,2,0.0,0.0,0.0,0.0,0.015625,0.0001221050969211,True,False,evaluation_or_label_path,gate3c_ood_wed_thu_webattacks,128,128
id,id6292a46b,qsvc_pauli_xyz_r1,12,target_shift,label_flip_prior_preserving_r_0.020,0.0078125,0.0,0.0,0.0,0.0,0.006016714165217249,0.0027348700750987496,5,2,0.0,0.0,0.0,0.0,0.0,0.0,True,True,evaluation_or_label_path,gate5a_id_unsw,128,128
id,id6292a46b,svc_rbf,10,target_shift,label_flip_prior_preserving_r_0.020,0.0078125,0.0,0.0,0.0,0.0,0.007220351707064076,0.0032819780486654897,5,2,0.0,0.0,0.0,0.0,0.0,0.0,True,True,evaluation_or_label_path,gate5a_id_unsw,128,128
id,id6292a46b,svc_rbf,12,target_shift,label_flip_prior_preserving_r_0.020,0.0078125,0.0,0.0,0.0,0.0,0.005935811270110848,0.0026980960318685673,5,2,0.0,0.0,0.0,0.0,0.0,0.0,True,True,evaluation_or_label_path,gate5a_id_unsw,128,128
id,id8c8771f4,qsvc_zz_r1,12,target_shift,label_flip_prior_preserving_r_0.020,0.0078125,0.0,0.0,0.0,0.0,0.0026654782400113556,0.00121158101818698,5,2,0.0,0.0,0.0,0.0,0.0,0.0,True,True,evaluation_or_label_path,gate2_id_256,256,256
id,idcc6a61e9,qsvc_pauli_xyz_r1,12,target_shift,label_flip_prior_preserving_r_0.020,0.0078125,0.0,0.0,0.0,0.0,0.00428327572760392,0.0019469435125472364,5,2,0.0,0.0,0.0,0.0,0.0,0.0,True,True,evaluation_or_label_path,gate5b_id_ton_iot,128,128
ood,trc82af0ba__te3ec6a4d7,qsvc_zz_r1,10,target_shift,label_flip_r_0.050,0.00753033424908423,0.0,0.0,0.0,0.23677225212933703,0.008108639082809848,0.04673524542479303,5,2,0.0,0.0,0.0,0.0,0.015625,0.0001221050969211,True,False,evaluation_or_label_path,gate3c_ood_wed_thu_webattacks,128,128
id,id8c8771f4,qsvc_zz_r1,8,target_shift,label_flip_prior_preserving_r_0.020,0.00703125,0.0,0.0,0.0,0.0,0.0023523229749394105,0.0010692377158815502,5,2,0.0,0.0,0.0,0.0,0.0,0.0,True,True,evaluation_or_label_path,gate2_id_256,256,256
id,id8c8771f4,qsvc_zz_r1,10,target_shift,label_flip_prior_preserving_r_0.020,0.00703125,0.0,0.0,0.0,0.0,0.002462721977711941,0.001119419080778155,5,2,0.0,0.0,0.0,0.0,0.0,0.0,True,True,evaluation_or_label_path,gate2_id_256,256,256
ood,tr649b5ffb__tec82af0ba,qsvc_zz_r1,12,target_shift,label_flip_r_0.050,0.00698613830166248,0.0,0.0,0.0,0.23677225212933703,0.0455187530384845,0.06373984267737241,5,2,0.0,0.0,0.0,0.0,0.015625,0.0001221050969211,True,False,evaluation_or_label_path,gate3a_ood_tue_wed,128,128
id,id8c8771f4,svc_rbf,12,target_shift,label_flip_prior_preserving_r_0.020,0.00625,0.0,0.0,0.0,0.0,0.0022798786727872113,0.0010363084876305506,5,2,0.0,0.0,0.0,0.0,0.0,0.0,True,True,evaluation_or_label_path,gate2_id_256,256,256
id,idcc6a61e9,qsvc_pauli_xyz_r1,10,target_shift,label_flip_prior_preserving_r_0.020,0.00625,0.0,0.0,0.0,0.0,0.0037665193146313642,0.001712054233923347,5,2,0.0,0.0,0.0,0.0,0.0,0.0,True,True,evaluation_or_label_path,gate5b_id_ton_iot,128,128
id,idcc6a61e9,qsvc_z_r1,12,target_shift,label_flip_prior_preserving_r_0.020,0.00625,0.0,0.0,0.0,0.0,0.002910797435430902,0.001323089743377683,5,2,0.0,0.0,0.0,0.0,0.0,0.0,True,True,evaluation_or_label_path,gate5b_id_ton_iot,128,128
ood,trc82af0ba__te3ec6a4d7,qsvc_zz_r1,12,target_shift,label_flip_prior_preserving_r_0.100,0.00625,0.0,0.0,0.0,0.0,0.006150447161703406,0.002795657800774275,5,2,0.0,0.0,0.0,0.0,0.0,0.0,True,True,evaluation_or_label_path,gate3c_ood_wed_thu_webattacks,128,128
ood,trc82af0ba__te3ec6a4d7,qsvc_zz_r1,12,target_shift,label_flip_r_0.020,0.00618974887120048,0.0,0.0,0.0,0.45483058176198793,0.010309297022796099,0.08738251351254149,5,2,0.0,0.0,0.0,0.0,0.03125,0.0004888385244522,True,False,evaluation_or_label_path,gate3c_ood_wed_thu_webattacks,128,128
id,id8c8771f4,svc_rbf,8,target_shift,label_flip_prior_preserving_r_0.020,0.00546875,0.0,0.0,0.0,0.0,0.002090244599914213,0.0009501111817791879,5,2,0.0,0.0,0.0,0.0,0.0,0.0,True,True,evaluation_or_label_path,gate2_id_256,256,256
id,id8c8771f4,svc_rbf,10,target_shift,label_flip_prior_preserving_r_0.020,0.00546875,0.0,0.0,0.0,0.0,0.002361547739069092,0.0010734307904859508,5,2,0.0,0.0,0.0,0.0,0.0,0.0,True,True,evaluation_or_label_path,gate2_id_256,256,256
ood,tr649b5ffb__te0e535a99,qsvc_zz_r1,8,target_shift,label_flip_r_0.020,0.00518329340909984,0.0,0.0,0.0,0.45483058176198793,0.055771630858366936,0.10804721071052822,5,2,0.0,0.0,0.0,0.0,0.03125,0.0004888385244522,True,False,evaluation_or_label_path,gate3b_ood_tue_fri_portscan,128,128
id,idcc6a61e9,qsvc_z_r1,10,target_shift,label_flip_prior_preserving_r_0.020,0.0046875,0.0,0.0,0.0,0.0,0.0023331285850436067,0.0010605129932016396,5,2,0.0,0.0,0.0,0.0,0.0,0.0,True,True,evaluation_or_label_path,gate5b_id_ton_iot,128,128
id,idcc6a61e9,svc_rbf,10,target_shift,label_flip_prior_preserving_r_0.020,0.0046875,0.0,0.0,0.0,0.0,0.0023157830428638952,0.001052628655847225,5,2,0.0,0.0,0.0,0.0,0.0,0.0,True,True,evaluation_or_label_path,gate5b_id_ton_iot,128,128
id,idcc6a61e9,svc_rbf,12,target_shift,label_flip_prior_preserving_r_0.020,0.0046875,0.0,0.0,0.0,0.0,0.0023500357926473465,0.0010681980875669756,5,2,0.0,0.0,0.0,0.0,0.0,0.0,True,True,evaluation_or_label_path,gate5b_id_ton_iot,128,128
ood,tr649b5ffb__te0e535a99,qsvc_zz_r1,8,target_shift,label_flip_prior_preserving_r_0.020,0.0046875,0.0,0.0,0.0,0.0,0.0024286123974496176,0.0011039147261134624,5,2,0.0,0.0,0.0,0.0,0.0,0.0,True,True,evaluation_or_label_path,gate3b_ood_tue_fri_portscan,128,128
ood,tr649b5ffb__tec82af0ba,qsvc_zz_r1,12,target_shift,label_flip_prior_preserving_r_0.050,0.0046875,0.0,0.0,0.0,0.0,0.007159654378347558,0.0032543883537943436,5,2,0.0,0.0,0.0,0.0,0.0,0.0,True,True,evaluation_or_label_path,gate3a_ood_tue_wed,128,128
ood,tr649b5ffb__tec82af0ba,qsvc_zz_r1,12,target_shift,label_flip_prior_preserving_r_0.100,0.0046875,0.0,0.0,0.0,0.0,0.04709118360648913,0.02140508345749506,5,2,0.0,0.0,0.0,0.0,0.0,0.0,True,True,evaluation_or_label_path,gate3a_ood_tue_wed,128,128
ood,trc82af0ba__te3ec6a4d7,qsvc_zz_r1,10,target_shift,label_flip_prior_preserving_r_0.050,0.0046875,0.0,0.0,0.0,0.0,0.004569270102668066,0.002076940955758212,5,2,0.0,0.0,0.0,0.0,0.0,0.0,True,True,evaluation_or_label_path,gate3c_ood_wed_thu_webattacks,128,128
ood,trc82af0ba__te3ec6a4d7,qsvc_zz_r1,10,target_shift,label_flip_r_0.100,0.0038534807031939803,0.0,0.0,0.0,0.9031082880500362,0.013657979535729545,0.17040967943442908,5,2,0.0,0.0,0.0,0.0,0.03125,0.0004888385244522,True,False,evaluation_or_label_path,gate3c_ood_wed_thu_webattacks,128,128
id,idcc6a61e9,qsvc_pauli_xyz_r1,8,target_shift,label_flip_prior_preserving_r_0.020,0.003125,0.0,0.0,0.0,0.0,0.0021672619399484704,0.000985119063612941,5,2,0.0,0.0,0.0,0.0,0.0,0.0,True,True,evaluation_or_label_path,gate5b_id_ton_iot,128,128
id,idcc6a61e9,qsvc_z_r1,8,target_shift,label_flip_prior_preserving_r_0.020,0.003125,0.0,0.0,0.0,0.0,0.0021360175160074378,0.0009709170527306537,5,2,0.0,0.0,0.0,0.0,0.0,0.0,True,True,evaluation_or_label_path,gate5b_id_ton_iot,128,128
id,idcc6a61e9,svc_rbf,8,target_shift,label_flip_prior_preserving_r_0.020,0.003125,0.0,0.0,0.0,0.0,0.0012228323148606743,0.0005558328703912155,5,2,0.0,0.0,0.0,0.0,0.0,0.0,True,True,evaluation_or_label_path,gate5b_id_ton_iot,128,128
ood,tr649b5ffb__tec82af0ba,qsvc_zz_r1,10,target_shift,label_flip_prior_preserving_r_0.050,0.003125,0.0,0.0,0.0,0.0,0.004781324850142061,0.0021733294773373006,5,2,0.0,0.0,0.0,0.0,0.0,0.0,True,True,evaluation_or_label_path,gate3a_ood_tue_wed,128,128
ood,trc82af0ba__te3ec6a4d7,qsvc_zz_r1,8,target_shift,label_flip_prior_preserving_r_0.050,0.003125,0.0,0.0,0.0,0.0,0.006338432188628123,0.0028811055402855105,5,2,0.0,0.0,0.0,0.0,0.0,0.0,True,True,evaluation_or_label_path,gate3c_ood_wed_thu_webattacks,128,128
ood,tr649b5ffb__tec82af0ba,svc_rbf,10,target_shift,label_flip_r_0.100,0.0030529032533260503,0.0,0.0,0.0,0.9031082880500362,0.11408436907585015,0.21605803831630208,5,2,0.0,0.0,0.0,0.0,0.03125,0.0004888385244522,True,False,evaluation_or_label_path,gate3a_ood_tue_wed,128,128
ood,tr649b5ffb__tec82af0ba,svc_rbf,10,target_shift,label_flip_r_0.050,0.00300324563429401,0.0,0.0,0.0,0.23677225212933703,0.04789831565469195,0.0648214620483758,5,2,0.0,0.0,0.0,0.0,0.015625,0.0001221050969211,True,False,evaluation_or_label_path,gate3a_ood_tue_wed,128,128
ood,trc82af0ba__te3ec6a4d7,qsvc_zz_r1,10,target_shift,label_flip_r_0.020,0.002858713307302,0.0,0.0,0.0,0.45483058176198793,0.005903775513908956,0.08538000373577462,5,2,0.0,0.0,0.0,0.0,0.03125,0.0004888385244522,True,False,evaluation_or_label_path,gate3c_ood_wed_thu_webattacks,128,128
ood,trc82af0ba__te3ec6a4d7,qsvc_zz_r1,8,target_shift,label_flip_r_0.020,0.00277412265285839,0.0,0.0,0.0,0.45483058176198793,0.006222146908501936,0.08552471800604414,5,2,0.0,0.0,0.0,0.0,0.03125,0.0004888385244522,True,False,evaluation_or_label_path,gate3c_ood_wed_thu_webattacks,128,128
ood,tr649b5ffb__tec82af0ba,qsvc_zz_r1,12,target_shift,label_flip_r_0.020,0.0025567459435462004,0.0,0.0,0.0,0.45483058176198793,0.05051569843278327,0.10565815051708112,5,2,0.0,0.0,0.0,0.0,0.03125,0.0004888385244522,True,False,evaluation_or_label_path,gate3a_ood_tue_wed,128,128
ood,trc82af0ba__te5c44b321,qsvc_zz_r1,8,target_shift,label_flip_r_0.050,0.00245440323565323,0.0,0.0,0.0,0.23677225212933703,0.006378431472381779,0.045948787420053,5,2,0.0,0.0,0.0,0.0,0.015625,0.0001221050969211,True,False,evaluation_or_label_path,gate3d_ood_wed_fri_morning,128,128
ood,trc82af0ba__te5c44b321,qsvc_zz_r1,10,target_shift,label_flip_r_0.050,0.00239354395604395,0.0,0.0,0.0,0.23677225212933703,0.0064549711493153885,0.04598357818229555,5,2,0.0,0.0,0.0,0.0,0.015625,0.0001221050969211,True,False,evaluation_or_label_path,gate3d_ood_wed_fri_morning,128,128
ood,tr649b5ffb__tec82af0ba,qsvc_zz_r1,10,target_shift,label_flip_r_0.050,0.00232342254519673,0.0,0.0,0.0,0.23677225212933703,0.04527612315931045,0.06362955636865694,5,2,0.0,0.0,0.0,0.0,0.015625,0.0001221050969211,True,False,evaluation_or_label_path,gate3a_ood_tue_wed,128,128
ood,trc82af0ba__te3ec6a4d7,qsvc_zz_r1,8,target_shift,label_flip_r_0.100,0.00229736509703919,0.0,0.0,0.0,0.9031082880500362,0.011427045156346918,0.16939561835289155,5,2,0.0,0.0,0.0,0.0,0.03125,0.0004888385244522,True,False,evaluation_or_label_path,gate3c_ood_wed_thu_webattacks,128,128
ood,tr649b5ffb__tec82af0ba,qsvc_zz_r1,10,target_shift,label_flip_r_0.020,0.00216696547312058,0.0,0.0,0.0,0.45483058176198793,0.06633746943469729,0.11284986460886022,5,2,0.0,0.0,0.0,0.0,0.03125,0.0004888385244522,True,False,evaluation_or_label_path,gate3a_ood_tue_wed,128,128
ood,tr649b5ffb__tec82af0ba,svc_rbf,10,target_shift,label_flip_r_0.020,0.0018568304455401099,0.0,0.0,0.0,0.45483058176198793,0.06351364275026629,0.11156630702502794,5,2,0.0,0.0,0.0,0.0,0.03125,0.0004888385244522,True,False,evaluation_or_label_path,gate3a_ood_tue_wed,128,128
ood,tr649b5ffb__tec82af0ba,svc_rbf,12,target_shift,label_flip_r_0.020,0.00179234631855598,0.0,0.0,0.0,0.45483058176198793,0.046166448913803046,0.10368121891754464,5,2,0.0,0.0,0.0,0.0,0.03125,0.0004888385244522,True,False,evaluation_or_label_path,gate3a_ood_tue_wed,128,128
ood,tr649b5ffb__tec82af0ba,svc_rbf,8,target_shift,label_flip_r_0.100,0.0016483042680819101,0.0,0.0,0.0,0.9031082880500362,0.17162202797423015,0.24221151963374754,5,2,0.0,0.0,0.0,0.0,0.03125,0.0004888385244522,True,False,evaluation_or_label_path,gate3a_ood_tue_wed,128,128
ood,tr649b5ffb__tec82af0ba,qsvc_zz_r1,12,target_shift,label_flip_prior_preserving_r_0.020,0.0015625,0.0,0.0,0.0,0.0,0.010194532696733568,0.004633878498515258,5,2,0.0,0.0,0.0,0.0,0.0,0.0,True,True,evaluation_or_label_path,gate3a_ood_tue_wed,128,128
ood,tr649b5ffb__tec82af0ba,svc_rbf,8,target_shift,label_flip_prior_preserving_r_0.100,0.0015625,0.0,0.0,0.0,0.0,0.10965509072333657,0.04984322305606208,5,2,0.0,0.0,0.0,0.0,0.0,0.0,True,True,evaluation_or_label_path,gate3a_ood_tue_wed,128,128
ood,trc82af0ba__te3ec6a4d7,qsvc_zz_r1,8,target_shift,label_flip_prior_preserving_r_0.100,0.0015625,0.0,0.0,0.0,0.0,0.009334455736236156,0.004242934425561889,5,2,0.0,0.0,0.0,0.0,0.0,0.0,True,True,evaluation_or_label_path,gate3c_ood_wed_thu_webattacks,128,128
ood,trc82af0ba__te3ec6a4d7,qsvc_zz_r1,12,target_shift,label_flip_prior_preserving_r_0.020,0.0015625,0.0,0.0,0.0,0.0,0.0008219173084061417,0.0003735987765482463,5,2,0.0,0.0,0.0,0.0,0.0,0.0,True,True,evaluation_or_label_path,gate3c_ood_wed_thu_webattacks,128,128
ood,trc82af0ba__te5c44b321,qsvc_zz_r1,8,target_shift,label_flip_prior_preserving_r_0.050,0.0015625,0.0,0.0,0.0,0.0,0.0014857754756759742,0.0006753524889436247,5,2,0.0,0.0,0.0,0.0,0.0,0.0,True,True,evaluation_or_label_path,gate3d_ood_wed_fri_morning,128,128
ood,trc82af0ba__te5c44b321,qsvc_zz_r1,10,target_shift,label_flip_prior_preserving_r_0.050,0.0015625,0.0,0.0,0.0,0.0,0.0014695221017325662,0.0006679645916966209,5,2,0.0,0.0,0.0,0.0,0.0,0.0,True,True,evaluation_or_label_path,gate3d_ood_wed_fri_morning,128,128
ood,trc82af0ba__te5c44b321,qsvc_zz_r1,12,target_shift,label_flip_prior_preserving_r_0.050,0.0015625,0.0,0.0,0.0,0.0,0.0014618956059427608,0.0006644980027012548,5,2,0.0,0.0,0.0,0.0,0.0,0.0,True,True,evaluation_or_label_path,gate3d_ood_wed_fri_morning,128,128
ood,tr649b5ffb__tec82af0ba,svc_rbf,8,target_shift,label_flip_r_0.050,0.00152602493832332,0.0,0.0,0.0,0.23677225212933703,0.04318863000842814,0.06268069584552861,5,2,0.0,0.0,0.0,0.0,0.015625,0.0001221050969211,True,False,evaluation_or_label_path,gate3a_ood_tue_wed,128,128
ood,tr649b5ffb__tec82af0ba,svc_rbf,12,target_shift,label_flip_r_0.050,0.00147722069597069,0.0,0.0,0.0,0.23677225212933703,0.04765014265324816,0.06470865613862863,5,2,0.0,0.0,0.0,0.0,0.015625,0.0001221050969211,True,False,evaluation_or_label_path,gate3a_ood_tue_wed,128,128
ood,tr649b5ffb__tec82af0ba,svc_rbf,12,target_shift,label_flip_r_0.100,0.0014045989852441401,0.0,0.0,0.0,0.9031082880500362,0.10016117545101925,0.20972931394137895,5,2,0.0,0.0,0.0,0.0,0.03125,0.0004888385244522,True,False,evaluation_or_label_path,gate3a_ood_tue_wed,128,128
ood,trc82af0ba__te5c44b321,qsvc_zz_r1,12,target_shift,label_flip_r_0.020,0.00096497140851979,0.0,0.0,0.0,0.45483058176198793,0.005875043647693054,0.08536694379658556,5,2,0.0,0.0,0.0,0.0,0.03125,0.0004888385244522,True,False,evaluation_or_label_path,gate3d_ood_wed_fri_morning,128,128
ood,trc82af0ba__te5c44b321,qsvc_zz_r1,10,target_shift,label_flip_r_0.020,0.0009497266648594699,0.0,0.0,0.0,0.45483058176198793,0.0054197958002856405,0.08516001295685491,5,2,0.0,0.0,0.0,0.0,0.03125,0.0004888385244522,True,False,evaluation_or_label_path,gate3d_ood_wed_fri_morning,128,128
ood,tr649b5ffb__tec82af0ba,qsvc_zz_r1,10,target_shift,label_flip_r_0.100,0.0008755505403368301,0.0,0.0,0.0,0.9031082880500362,0.10307764405242956,0.21105498148747456,5,2,0.0,0.0,0.0,0.0,0.03125,0.0004888385244522,True,False,evaluation_or_label_path,gate3a_ood_tue_wed,128,128
ood,tr649b5ffb__tec82af0ba,qsvc_zz_r1,8,target_shift,label_flip_r_0.100,0.00077079766536741,0.0,0.0,0.0,0.9031082880500362,0.13628729433924386,0.22615027707239013,5,2,0.0,0.0,0.0,0.0,0.03125,0.0004888385244522,True,False,evaluation_or_label_path,gate3a_ood_tue_wed,128,128
ood,trc82af0ba__te5c44b321,qsvc_zz_r1,8,target_shift,label_flip_r_0.020,0.00075252088860958,0.0,0.0,0.0,0.45483058176198793,0.00607332349660892,0.08545707100063824,5,2,0.0,0.0,0.0,0.0,0.03125,0.0004888385244522,True,False,evaluation_or_label_path,gate3d_ood_wed_fri_morning,128,128
ood,tr649b5ffb__tec82af0ba,svc_rbf,8,target_shift,label_flip_r_0.020,0.00046944822650465,0.0,0.0,0.0,0.45483058176198793,0.07038273745398539,0.11468862279944572,5,2,0.0,0.0,0.0,0.0,0.03125,0.0004888385244522,True,False,evaluation_or_label_path,gate3a_ood_tue_wed,128,128
ood,tr649b5ffb__tec82af0ba,qsvc_zz_r1,8,target_shift,label_flip_r_0.020,0.00040393969829452,0.0,0.0,0.0,0.45483058176198793,0.07757220053728626,0.11795656056458248,5,2,0.0,0.0,0.0,0.0,0.03125,0.0004888385244522,True,False,evaluation_or_label_path,gate3a_ood_tue_wed,128,128
ood,trc82af0ba__te3ec6a4d7,svc_rbf,8,target_shift,label_flip_r_0.020,0.00035202252944186997,0.0,0.0,0.0,0.45483058176198793,0.005835083705288489,0.08534878018640166,5,2,0.0,0.0,0.0,0.0,0.03125,0.0004888385244522,True,False,evaluation_or_label_path,gate3c_ood_wed_thu_webattacks,128,128
ood,trc82af0ba__te3ec6a4d7,svc_rbf,12,target_shift,label_flip_r_0.100,0.0003445794301327,0.0,0.0,0.0,0.9031082880500362,0.022042096612965332,0.17422064174226354,5,2,0.0,0.0,0.0,0.0,0.03125,0.0004888385244522,True,False,evaluation_or_label_path,gate3c_ood_wed_thu_webattacks,128,128
ood,trc82af0ba__te3ec6a4d7,svc_rbf,10,target_shift,label_flip_r_0.020,0.00033962173579106997,0.0,0.0,0.0,0.45483058176198793,0.0054838817418419354,0.08518914293028959,5,2,0.0,0.0,0.0,0.0,0.03125,0.0004888385244522,True,False,evaluation_or_label_path,gate3c_ood_wed_thu_webattacks,128,128
ood,trc82af0ba__te3ec6a4d7,svc_rbf,12,target_shift,label_flip_r_0.020,0.00031442012288785,0.0,0.0,0.0,0.45483058176198793,0.0089515582376409,0.08676535951928913,5,2,0.0,0.0,0.0,0.0,0.03125,0.0004888385244522,True,False,evaluation_or_label_path,gate3c_ood_wed_thu_webattacks,128,128
ood,trc82af0ba__te5c44b321,svc_rbf,8,target_shift,label_flip_r_0.100,0.00030993852459016,0.0,0.0,0.0,0.9031082880500362,0.01707958746788309,0.17196495576722615,5,2,0.0,0.0,0.0,0.0,0.03125,0.0004888385244522,True,False,evaluation_or_label_path,gate3d_ood_wed_fri_morning,128,128
ood,trc82af0ba__te3ec6a4d7,svc_rbf,8,target_shift,label_flip_r_0.100,0.00030737704918032004,0.0,0.0,0.0,0.9031082880500362,0.010489327606738591,0.16896938310306958,5,2,0.0,0.0,0.0,0.0,0.03125,0.0004888385244522,True,False,evaluation_or_label_path,gate3c_ood_wed_thu_webattacks,128,128
ood,trc82af0ba__te3ec6a4d7,svc_rbf,10,target_shift,label_flip_r_0.100,0.00030737704918032004,0.0,0.0,0.0,0.9031082880500362,0.01172717378803206,0.16953204045820297,5,2,0.0,0.0,0.0,0.0,0.03125,0.0004888385244522,True,False,evaluation_or_label_path,gate3c_ood_wed_thu_webattacks,128,128
ood,trc82af0ba__te5c44b321,svc_rbf,10,target_shift,label_flip_r_0.020,0.00030121927803379003,0.0,0.0,0.0,0.45483058176198793,0.0048700246405475114,0.08491011697515577,5,2,0.0,0.0,0.0,0.0,0.03125,0.0004888385244522,True,False,evaluation_or_label_path,gate3d_ood_wed_fri_morning,128,128
ood,trc82af0ba__te5c44b321,svc_rbf,12,target_shift,label_flip_r_0.020,0.00030121927803379003,0.0,0.0,0.0,0.45483058176198793,0.005347848583487942,0.08512730967649233,5,2,0.0,0.0,0.0,0.0,0.03125,0.0004888385244522,True,False,evaluation_or_label_path,gate3d_ood_wed_fri_morning,128,128
ood,tr649b5ffb__te0e535a99,svc_rbf,8,target_shift,label_flip_r_0.100,0.00025533437418682,0.0,0.0,0.0,0.9031082880500362,0.1089391857416742,0.21371931861894938,5,2,0.0,0.0,0.0,0.0,0.03125,0.0004888385244522,True,False,evaluation_or_label_path,gate3b_ood_tue_fri_portscan,128,128
ood,tr649b5ffb__te0e535a99,svc_rbf,10,target_shift,label_flip_r_0.100,0.00025533437418682,0.0,0.0,0.0,0.9031082880500362,0.07496752980943353,0.19827765683156726,5,2,0.0,0.0,0.0,0.0,0.03125,0.0004888385244522,True,False,evaluation_or_label_path,gate3b_ood_tue_fri_portscan,128,128
ood,tr649b5ffb__te0e535a99,svc_rbf,12,target_shift,label_flip_r_0.100,0.00025533437418682,0.0,0.0,0.0,0.9031082880500362,0.06336510253258276,0.19300382625118057,5,2,0.0,0.0,0.0,0.0,0.03125,0.0004888385244522,True,False,evaluation_or_label_path,gate3b_ood_tue_fri_portscan,128,128
ood,trc82af0ba__te5c44b321,svc_rbf,10,target_shift,label_flip_r_0.100,0.00023053278688524,0.0,0.0,0.0,0.9031082880500362,0.016806592391337666,0.17184086709606916,5,2,0.0,0.0,0.0,0.0,0.03125,0.0004888385244522,True,False,evaluation_or_label_path,gate3d_ood_wed_fri_morning,128,128
ood,trc82af0ba__te5c44b321,svc_rbf,12,target_shift,label_flip_r_0.100,0.00023053278688524,0.0,0.0,0.0,0.9031082880500362,0.016912903580146715,0.17188919036370962,5,2,0.0,0.0,0.0,0.0,0.03125,0.0004888385244522,True,False,evaluation_or_label_path,gate3d_ood_wed_fri_morning,128,128
ood,trc82af0ba__te5c44b321,qsvc_zz_r1,12,target_shift,label_flip_r_0.050,0.00022283272283272001,0.0,0.0,0.0,0.23677225212933703,0.0071399395107166865,0.046294927437477956,5,2,0.0,0.0,0.0,0.0,0.015625,0.0001221050969211,True,False,evaluation_or_label_path,gate3d_ood_wed_fri_morning,128,128
ood,trc82af0ba__te5c44b321,svc_rbf,8,target_shift,label_flip_r_0.020,0.00021361367127495,0.0,0.0,0.0,0.45483058176198793,0.005525517532010495,0.08520806828945712,5,2,0.0,0.0,0.0,0.0,0.03125,0.0004888385244522,True,False,evaluation_or_label_path,gate3d_ood_wed_fri_morning,128,128
ood,tr649b5ffb__te0e535a99,svc_rbf,8,target_shift,label_flip_r_0.020,0.00020209293394776,0.0,0.0,0.0,0.45483058176198793,0.054030533758061515,0.10725580293766215,5,2,0.0,0.0,0.0,0.0,0.03125,0.0004888385244522,True,False,evaluation_or_label_path,gate3b_ood_tue_fri_portscan,128,128
ood,tr649b5ffb__te0e535a99,svc_rbf,10,target_shift,label_flip_r_0.020,0.00020209293394776,0.0,0.0,0.0,0.45483058176198793,0.04662375082475458,0.10388908342252261,5,2,0.0,0.0,0.0,0.0,0.03125,0.0004888385244522,True,False,evaluation_or_label_path,gate3b_ood_tue_fri_portscan,128,128
ood,tr649b5ffb__te0e535a99,svc_rbf,12,target_shift,label_flip_r_0.020,0.00016281041986687,0.0,0.0,0.0,0.45483058176198793,0.025968757217902955,0.09450044996486277,5,2,0.0,0.0,0.0,0.0,0.03125,0.0004888385244522,True,False,evaluation_or_label_path,gate3b_ood_tue_fri_portscan,128,128
ood,trc82af0ba__te5c44b321,qsvc_zz_r1,10,target_shift,label_flip_r_0.100,0.00014842796092796,0.0,0.0,0.0,0.9031082880500362,0.013695129706580194,0.17042656587572483,5,2,0.0,0.0,0.0,0.0,0.03125,0.0004888385244522,True,False,evaluation_or_label_path,gate3d_ood_wed_fri_morning,128,128
ood,tr649b5ffb__tec82af0ba,qsvc_zz_r1,8,target_shift,label_flip_r_0.050,0.00012248168498168,0.0,0.0,0.0,0.23677225212933703,0.039248769930354116,0.06088985035549497,5,2,0.0,0.0,0.0,0.0,0.015625,0.0001221050969211,True,False,evaluation_or_label_path,gate3a_ood_tue_wed,128,128
ood,trc82af0ba__te5c44b321,svc_rbf,10,target_shift,label_flip_r_0.050,7.440476190476e-05,0.0,0.0,0.0,0.23677225212933703,0.0030960799132293943,0.0444568094386201,5,2,0.0,0.0,0.0,0.0,0.015625,0.0001221050969211,True,False,evaluation_or_label_path,gate3d_ood_wed_fri_morning,128,128
ood,trc82af0ba__te5c44b321,svc_rbf,12,target_shift,label_flip_r_0.050,7.440476190476e-05,0.0,0.0,0.0,0.23677225212933703,0.00403120920603291,0.04488186820807624,5,2,0.0,0.0,0.0,0.0,0.015625,0.0001221050969211,True,False,evaluation_or_label_path,gate3d_ood_wed_fri_morning,128,128
ood,trc82af0ba__te3ec6a4d7,svc_rbf,8,target_shift,label_flip_r_0.050,4.960317460317e-05,0.0,0.0,0.0,0.23677225212933703,0.004028585807719722,0.044880675754297515,5,2,0.0,0.0,0.0,0.0,0.015625,0.0001221050969211,True,False,evaluation_or_label_path,gate3c_ood_wed_thu_webattacks,128,128
ood,trc82af0ba__te5c44b321,qsvc_zz_r1,8,target_shift,label_flip_r_0.100,4.9221611721609994e-05,0.0,0.0,0.0,0.9031082880500362,0.014001598298979031,0.17056586978136065,5,2,0.0,0.0,0.0,0.0,0.03125,0.0004888385244522,True,False,evaluation_or_label_path,gate3d_ood_wed_fri_morning,128,128
ood,trc82af0ba__te5c44b321,svc_rbf,8,target_shift,label_flip_r_0.050,3.720238095238e-05,0.0,0.0,0.0,0.23677225212933703,0.0034866008501381147,0.04463431895539679,5,2,0.0,0.0,0.0,0.0,0.015625,0.0001221050969211,True,False,evaluation_or_label_path,gate3d_ood_wed_fri_morning,128,128
ood,trc82af0ba__te3ec6a4d7,svc_rbf,10,target_shift,label_flip_r_0.050,3.720238095236999e-05,0.0,0.0,0.0,0.23677225212933703,0.004048060640595972,0.04488952795105945,5,2,0.0,0.0,0.0,0.0,0.015625,0.0001221050969211,True,False,evaluation_or_label_path,gate3c_ood_wed_thu_webattacks,128,128
ood,trc82af0ba__te3ec6a4d7,svc_rbf,12,target_shift,label_flip_r_0.050,3.720238095236999e-05,0.0,0.0,0.0,0.23677225212933703,0.007591165496572192,0.04650003015832137,5,2,0.0,0.0,0.0,0.0,0.015625,0.0001221050969211,True,False,evaluation_or_label_path,gate3c_ood_wed_thu_webattacks,128,128
ood,tr649b5ffb__te0e535a99,svc_rbf,8,target_shift,label_flip_prior_preserving_r_0.020,0.0,0.0,0.0,0.0,0.0,0.0,0.0,5,2,0.0,0.0,0.0,0.0,0.0,0.0,True,True,evaluation_or_label_path,gate3b_ood_tue_fri_portscan,128,128
ood,tr649b5ffb__te0e535a99,svc_rbf,8,target_shift,label_flip_prior_preserving_r_0.050,0.0,0.0,0.0,0.0,0.0,0.000971432492894431,0.0004415602240429231,5,2,0.0,0.0,0.0,0.0,0.0,0.0,True,True,evaluation_or_label_path,gate3b_ood_tue_fri_portscan,128,128
ood,tr649b5ffb__te0e535a99,svc_rbf,8,target_shift,label_flip_prior_preserving_r_0.100,0.0,0.0,0.0,0.0,0.0,0.0,0.0,5,2,0.0,0.0,0.0,0.0,0.0,0.0,True,True,evaluation_or_label_path,gate3b_ood_tue_fri_portscan,128,128
ood,tr649b5ffb__te0e535a99,svc_rbf,8,target_shift,label_flip_r_0.050,0.0,0.0,0.0,0.0,0.23677225212933703,0.09955777663658913,0.08830303522196543,5,2,0.0,0.0,0.0,0.0,0.015625,0.0001221050969211,True,False,evaluation_or_label_path,gate3b_ood_tue_fri_portscan,128,128
ood,tr649b5ffb__te0e535a99,svc_rbf,10,target_shift,label_flip_prior_preserving_r_0.020,0.0,0.0,0.0,0.0,0.0,0.0,0.0,5,2,0.0,0.0,0.0,0.0,0.0,0.0,True,True,evaluation_or_label_path,gate3b_ood_tue_fri_portscan,128,128
ood,tr649b5ffb__te0e535a99,svc_rbf,10,target_shift,label_flip_prior_preserving_r_0.050,0.0,0.0,0.0,0.0,0.0,0.000971432492894431,0.0004415602240429231,5,2,0.0,0.0,0.0,0.0,0.0,0.0,True,True,evaluation_or_label_path,gate3b_ood_tue_fri_portscan,128,128
ood,tr649b5ffb__te0e535a99,svc_rbf,10,target_shift,label_flip_prior_preserving_r_0.100,0.0,0.0,0.0,0.0,0.0,0.0,0.0,5,2,0.0,0.0,0.0,0.0,0.0,0.0,True,True,evaluation_or_label_path,gate3b_ood_tue_fri_portscan,128,128
ood,tr649b5ffb__te0e535a99,svc_rbf,10,target_shift,label_flip_r_0.050,0.0,0.0,0.0,0.0,0.23677225212933703,0.09923811950751882,0.08815773652693347,5,2,0.0,0.0,0.0,0.0,0.015625,0.0001221050969211,True,False,evaluation_or_label_path,gate3b_ood_tue_fri_portscan,128,128
ood,tr649b5ffb__te0e535a99,svc_rbf,12,target_shift,label_flip_prior_preserving_r_0.020,0.0,0.0,0.0,0.0,0.0,0.0,0.0,5,2,0.0,0.0,0.0,0.0,0.0,0.0,True,True,evaluation_or_label_path,gate3b_ood_tue_fri_portscan,128,128
ood,tr649b5ffb__te0e535a99,svc_rbf,12,target_shift,label_flip_prior_preserving_r_0.050,0.0,0.0,0.0,0.0,0.0,0.002064245889644412,0.0009382935862020054,5,2,0.0,0.0,0.0,0.0,0.0,0.0,True,True,evaluation_or_label_path,gate3b_ood_tue_fri_portscan,128,128
ood,tr649b5ffb__te0e535a99,svc_rbf,12,target_shift,label_flip_prior_preserving_r_0.100,0.0,0.0,0.0,0.0,0.0,0.0,0.0,5,2,0.0,0.0,0.0,0.0,0.0,0.0,True,True,evaluation_or_label_path,gate3b_ood_tue_fri_portscan,128,128
ood,tr649b5ffb__te0e535a99,svc_rbf,12,target_shift,label_flip_r_0.050,0.0,0.0,0.0,0.0,0.23677225212933703,0.059308718582373396,0.07000800883368555,5,2,0.0,0.0,0.0,0.0,0.015625,0.0001221050969211,True,False,evaluation_or_label_path,gate3b_ood_tue_fri_portscan,128,128
ood,tr649b5ffb__tec82af0ba,qsvc_zz_r1,8,target_shift,label_flip_prior_preserving_r_0.020,0.0,0.0,0.0,0.0,0.0,0.020914025633070092,0.009506375287759133,5,2,0.0,0.0,0.0,0.0,0.0,0.0,True,True,evaluation_or_label_path,gate3a_ood_tue_wed,128,128
ood,tr649b5ffb__tec82af0ba,qsvc_zz_r1,8,target_shift,label_flip_prior_preserving_r_0.050,0.0,0.0,0.0,0.0,0.0,0.015448420326989116,0.007022009239540506,5,2,0.0,0.0,0.0,0.0,0.0,0.0,True,True,evaluation_or_label_path,gate3a_ood_tue_wed,128,128
ood,tr649b5ffb__tec82af0ba,qsvc_zz_r1,8,target_shift,label_flip_prior_preserving_r_0.100,0.0,0.0,0.0,0.0,0.0,0.05275381057300947,0.023979004805913397,5,2,0.0,0.0,0.0,0.0,0.0,0.0,True,True,evaluation_or_label_path,gate3a_ood_tue_wed,128,128
ood,tr649b5ffb__tec82af0ba,qsvc_zz_r1,10,target_shift,label_flip_prior_preserving_r_0.020,0.0,0.0,0.0,0.0,0.0,0.013906086231408188,0.006320948287003722,5,2,0.0,0.0,0.0,0.0,0.0,0.0,True,True,evaluation_or_label_path,gate3a_ood_tue_wed,128,128
ood,tr649b5ffb__tec82af0ba,qsvc_zz_r1,10,target_shift,label_flip_prior_preserving_r_0.100,0.0,0.0,0.0,0.0,0.0,0.03407638404365656,0.015489265474389346,5,2,0.0,0.0,0.0,0.0,0.0,0.0,True,True,evaluation_or_label_path,gate3a_ood_tue_wed,128,128
ood,tr649b5ffb__tec82af0ba,svc_rbf,8,target_shift,label_flip_prior_preserving_r_0.020,0.0,0.0,0.0,0.0,0.0,0.02864090569858573,0.013018593499357148,5,2,0.0,0.0,0.0,0.0,0.0,0.0,True,True,evaluation_or_label_path,gate3a_ood_tue_wed,128,128
ood,tr649b5ffb__tec82af0ba,svc_rbf,8,target_shift,label_flip_prior_preserving_r_0.050,0.0,0.0,0.0,0.0,0.0,0.021567849546499457,0.009803567975681573,5,2,0.0,0.0,0.0,0.0,0.0,0.0,True,True,evaluation_or_label_path,gate3a_ood_tue_wed,128,128
ood,tr649b5ffb__tec82af0ba,svc_rbf,10,target_shift,label_flip_prior_preserving_r_0.020,0.0,0.0,0.0,0.0,0.0,0.039999999999990016,0.018181818181813643,5,2,0.0,0.0,0.0,0.0,0.0,0.0,True,True,evaluation_or_label_path,gate3a_ood_tue_wed,128,128
ood,tr649b5ffb__tec82af0ba,svc_rbf,10,target_shift,label_flip_prior_preserving_r_0.050,0.0,0.0,0.0,0.0,0.0,0.004650351126768095,0.00211379596671277,5,2,0.0,0.0,0.0,0.0,0.0,0.0,True,True,evaluation_or_label_path,gate3a_ood_tue_wed,128,128
ood,tr649b5ffb__tec82af0ba,svc_rbf,10,target_shift,label_flip_prior_preserving_r_0.100,0.0,0.0,0.0,0.0,0.0,0.06798867742313852,0.030903944283244784,5,2,0.0,0.0,0.0,0.0,0.0,0.0,True,True,evaluation_or_label_path,gate3a_ood_tue_wed,128,128
ood,tr649b5ffb__tec82af0ba,svc_rbf,12,target_shift,label_flip_prior_preserving_r_0.020,0.0,0.0,0.0,0.0,0.0,0.039999999999990016,0.018181818181813643,5,2,0.0,0.0,0.0,0.0,0.0,0.0,True,True,evaluation_or_label_path,gate3a_ood_tue_wed,128,128
ood,tr649b5ffb__tec82af0ba,svc_rbf,12,target_shift,label_flip_prior_preserving_r_0.050,0.0,0.0,0.0,0.0,0.0,0.0031319087471981958,0.0014235948850900887,5,2,0.0,0.0,0.0,0.0,0.0,0.0,True,True,evaluation_or_label_path,gate3a_ood_tue_wed,128,128
ood,tr649b5ffb__tec82af0ba,svc_rbf,12,target_shift,label_flip_prior_preserving_r_0.100,0.0,0.0,0.0,0.0,0.0,0.02905672405995411,0.013207601845433686,5,2,0.0,0.0,0.0,0.0,0.0,0.0,True,True,evaluation_or_label_path,gate3a_ood_tue_wed,128,128
ood,trc82af0ba__te3ec6a4d7,qsvc_zz_r1,8,target_shift,label_flip_prior_preserving_r_0.020,0.0,0.0,0.0,0.0,0.0,0.0003892691756776489,0.0001769405343989313,5,2,0.0,0.0,0.0,0.0,0.0,0.0,True,True,evaluation_or_label_path,gate3c_ood_wed_thu_webattacks,128,128
ood,trc82af0ba__te3ec6a4d7,qsvc_zz_r1,10,target_shift,label_flip_prior_preserving_r_0.020,0.0,0.0,0.0,0.0,0.0,0.0,0.0,5,2,0.0,0.0,0.0,0.0,0.0,0.0,True,True,evaluation_or_label_path,gate3c_ood_wed_thu_webattacks,128,128
ood,trc82af0ba__te3ec6a4d7,qsvc_zz_r1,10,target_shift,label_flip_prior_preserving_r_0.100,0.0,0.0,0.0,0.0,0.0,0.005763521965809499,0.0026197827117315905,5,2,0.0,0.0,0.0,0.0,0.0,0.0,True,True,evaluation_or_label_path,gate3c_ood_wed_thu_webattacks,128,128
ood,trc82af0ba__te3ec6a4d7,svc_rbf,8,target_shift,label_flip_prior_preserving_r_0.020,0.0,0.0,0.0,0.0,0.0,0.000502027614518784,0.0002281943702358109,5,2,0.0,0.0,0.0,0.0,0.0,0.0,True,True,evaluation_or_label_path,gate3c_ood_wed_thu_webattacks,128,128
ood,trc82af0ba__te3ec6a4d7,svc_rbf,8,target_shift,label_flip_prior_preserving_r_0.050,0.0,0.0,0.0,0.0,0.0,0.005956702730136607,0.002707592150062094,5,2,0.0,0.0,0.0,0.0,0.0,0.0,True,True,evaluation_or_label_path,gate3c_ood_wed_thu_webattacks,128,128
ood,trc82af0ba__te3ec6a4d7,svc_rbf,8,target_shift,label_flip_prior_preserving_r_0.100,0.0,0.0,0.0,0.0,0.0,0.002324306934169726,0.00105650315189533,5,2,0.0,0.0,0.0,0.0,0.0,0.0,True,True,evaluation_or_label_path,gate3c_ood_wed_thu_webattacks,128,128
ood,trc82af0ba__te3ec6a4d7,svc_rbf,10,target_shift,label_flip_prior_preserving_r_0.020,0.0,0.0,0.0,0.0,0.0,0.0005211018112655918,0.00023686445966617807,5,2,0.0,0.0,0.0,0.0,0.0,0.0,True,True,evaluation_or_label_path,gate3c_ood_wed_thu_webattacks,128,128
ood,trc82af0ba__te3ec6a4d7,svc_rbf,10,target_shift,label_flip_prior_preserving_r_0.050,0.0,0.0,0.0,0.0,0.0,0.00955605946078804,0.004343663391267291,5,2,0.0,0.0,0.0,0.0,0.0,0.0,True,True,evaluation_or_label_path,gate3c_ood_wed_thu_webattacks,128,128
ood,trc82af0ba__te3ec6a4d7,svc_rbf,10,target_shift,label_flip_prior_preserving_r_0.100,0.0,0.0,0.0,0.0,0.0,0.002991151818738549,0.0013596144630629767,5,2,0.0,0.0,0.0,0.0,0.0,0.0,True,True,evaluation_or_label_path,gate3c_ood_wed_thu_webattacks,128,128
ood,trc82af0ba__te3ec6a4d7,svc_rbf,12,target_shift,label_flip_prior_preserving_r_0.020,0.0,0.0,0.0,0.0,0.0,0.0005462252688187874,0.0002482842130994489,5,2,0.0,0.0,0.0,0.0,0.0,0.0,True,True,evaluation_or_label_path,gate3c_ood_wed_thu_webattacks,128,128
ood,trc82af0ba__te3ec6a4d7,svc_rbf,12,target_shift,label_flip_prior_preserving_r_0.050,0.0,0.0,0.0,0.0,0.0,0.02241733424274904,0.010189697383067745,5,2,0.0,0.0,0.0,0.0,0.0,0.0,True,True,evaluation_or_label_path,gate3c_ood_wed_thu_webattacks,128,128
ood,trc82af0ba__te3ec6a4d7,svc_rbf,12,target_shift,label_flip_prior_preserving_r_0.100,0.0,0.0,0.0,0.0,0.0,0.0029814532043665513,0.0013552060019847959,5,2,0.0,0.0,0.0,0.0,0.0,0.0,True,True,evaluation_or_label_path,gate3c_ood_wed_thu_webattacks,128,128
ood,trc82af0ba__te5c44b321,qsvc_zz_r1,8,target_shift,label_flip_prior_preserving_r_0.020,0.0,0.0,0.0,0.0,0.0,0.0,0.0,5,2,0.0,0.0,0.0,0.0,0.0,0.0,True,True,evaluation_or_label_path,gate3d_ood_wed_fri_morning,128,128
ood,trc82af0ba__te5c44b321,qsvc_zz_r1,8,target_shift,label_flip_prior_preserving_r_0.100,0.0,0.0,0.0,0.0,0.0,0.008920474986972437,0.004054761357714745,5,2,0.0,0.0,0.0,0.0,0.0,0.0,True,True,evaluation_or_label_path,gate3d_ood_wed_fri_morning,128,128
ood,trc82af0ba__te5c44b321,qsvc_zz_r1,10,target_shift,label_flip_prior_preserving_r_0.020,0.0,0.0,0.0,0.0,0.0,0.0,0.0,5,2,0.0,0.0,0.0,0.0,0.0,0.0,True,True,evaluation_or_label_path,gate3d_ood_wed_fri_morning,128,128
ood,trc82af0ba__te5c44b321,qsvc_zz_r1,10,target_shift,label_flip_prior_preserving_r_0.100,0.0,0.0,0.0,0.0,0.0,0.006600639855846108,0.0030002908435664125,5,2,0.0,0.0,0.0,0.0,0.0,0.0,True,True,evaluation_or_label_path,gate3d_ood_wed_fri_morning,128,128
ood,trc82af0ba__te5c44b321,qsvc_zz_r1,12,target_shift,label_flip_prior_preserving_r_0.020,0.0,0.0,0.0,0.0,0.0,0.00037339503429764887,0.0001697250155898404,5,2,0.0,0.0,0.0,0.0,0.0,0.0,True,True,evaluation_or_label_path,gate3d_ood_wed_fri_morning,128,128
ood,trc82af0ba__te5c44b321,qsvc_zz_r1,12,target_shift,label_flip_prior_preserving_r_0.100,0.0,0.0,0.0,0.0,0.0,0.006152888317438957,0.0027967674170177076,5,2,0.0,0.0,0.0,0.0,0.0,0.0,True,True,evaluation_or_label_path,gate3d_ood_wed_fri_morning,128,128
ood,trc82af0ba__te5c44b321,qsvc_zz_r1,12,target_shift,label_flip_r_0.100,0.0,0.0,0.0,0.0,0.9031082880500362,0.014437744523252685,0.17076411806512143,5,2,0.0,0.0,0.0,0.0,0.03125,0.0004888385244522,True,False,evaluation_or_label_path,gate3d_ood_wed_fri_morning,128,128
ood,trc82af0ba__te5c44b321,svc_rbf,8,target_shift,label_flip_prior_preserving_r_0.020,0.0,0.0,0.0,0.0,0.0,0.0,0.0,5,2,0.0,0.0,0.0,0.0,0.0,0.0,True,True,evaluation_or_label_path,gate3d_ood_wed_fri_morning,128,128
ood,trc82af0ba__te5c44b321,svc_rbf,8,target_shift,label_flip_prior_preserving_r_0.050,0.0,0.0,0.0,0.0,0.0,0.0,0.0,5,2,0.0,0.0,0.0,0.0,0.0,0.0,True,True,evaluation_or_label_path,gate3d_ood_wed_fri_morning,128,128
ood,trc82af0ba__te5c44b321,svc_rbf,8,target_shift,label_flip_prior_preserving_r_0.100,0.0,0.0,0.0,0.0,0.0,0.00046037462956901605,0.00020926119525864362,5,2,0.0,0.0,0.0,0.0,0.0,0.0,True,True,evaluation_or_label_path,gate3d_ood_wed_fri_morning,128,128
ood,trc82af0ba__te5c44b321,svc_rbf,10,target_shift,label_flip_prior_preserving_r_0.020,0.0,0.0,0.0,0.0,0.0,0.0,0.0,5,2,0.0,0.0,0.0,0.0,0.0,0.0,True,True,evaluation_or_label_path,gate3d_ood_wed_fri_morning,128,128
ood,trc82af0ba__te5c44b321,svc_rbf,10,target_shift,label_flip_prior_preserving_r_0.050,0.0,0.0,0.0,0.0,0.0,0.0,0.0,5,2,0.0,0.0,0.0,0.0,0.0,0.0,True,True,evaluation_or_label_path,gate3d_ood_wed_fri_morning,128,128
ood,trc82af0ba__te5c44b321,svc_rbf,10,target_shift,label_flip_prior_preserving_r_0.100,0.0,0.0,0.0,0.0,0.0,0.0004570143678844363,0.00020773380358383469,5,2,0.0,0.0,0.0,0.0,0.0,0.0,True,True,evaluation_or_label_path,gate3d_ood_wed_fri_morning,128,128
ood,trc82af0ba__te5c44b321,svc_rbf,12,target_shift,label_flip_prior_preserving_r_0.020,0.0,0.0,0.0,0.0,0.0,0.0,0.0,5,2,0.0,0.0,0.0,0.0,0.0,0.0,True,True,evaluation_or_label_path,gate3d_ood_wed_fri_morning,128,128
ood,trc82af0ba__te5c44b321,svc_rbf,12,target_shift,label_flip_prior_preserving_r_0.050,0.0,0.0,0.0,0.0,0.0,0.0,0.0,5,2,0.0,0.0,0.0,0.0,0.0,0.0,True,True,evaluation_or_label_path,gate3d_ood_wed_fri_morning,128,128
ood,trc82af0ba__te5c44b321,svc_rbf,12,target_shift,label_flip_prior_preserving_r_0.100,0.0,0.0,0.0,0.0,0.0,0.0004779582583801606,0.0002172537538091639,5,2,0.0,0.0,0.0,0.0,0.0,0.0,True,True,evaluation_or_label_path,gate3d_ood_wed_fri_morning,128,128
id,idcc6a61e9,qsvc_zz_r1,12,covariate_shift,scaling_drift_alpha_0.100,0.40859375,0.45078125,0.8381022922725434,0.8603515670127931,0.0,0.8510638656356037,0.6997023269299264,5,2,0.4350841282050995,0.6979071068593755,1.0,0.5784021194898638,0.0,0.0,False,True,model_output_path,gate5b_id_ton_iot,128,128
id,idcc6a61e9,qsvc_zz_r1,8,covariate_shift,scaling_drift_alpha_0.100,0.36796875,0.41171875,0.821152331561624,0.8463786310864378,0.0,0.772456354849598,0.658890572599431,5,2,0.3703416908467046,0.7304866367445637,1.0,0.5968906423721742,0.0,0.0,False,True,model_output_path,gate5b_id_ton_iot,128,128
id,idcc6a61e9,qsvc_zz_r1,10,covariate_shift,scaling_drift_alpha_0.100,0.34765625,0.42890625,0.8555068253153614,0.8827588996907053,0.0,0.7840697968129069,0.6773985984388505,5,2,0.3992859449504902,0.6722919457388636,1.0,0.632382080528226,0.0,0.0,False,True,model_output_path,gate5b_id_ton_iot,128,128
id,idcc6a61e9,qsvc_zz_r1,12,covariate_shift,scaling_drift_alpha_0.050,0.32578125,0.38984375,0.7048232603102415,0.756320364569403,0.0,0.6746940489063169,0.5817047002553816,5,2,0.3333305095091201,0.5368065645963059,0.9166666666666666,0.5926445729337839,0.0,0.0,False,True,model_output_path,gate5b_id_ton_iot,128,128
id,idcc6a61e9,qsvc_zz_r1,10,covariate_shift,scaling_drift_alpha_0.050,0.321875,0.4046875,0.6939765920293327,0.7501294464202659,0.0,0.6913633179305292,0.58703039775761,5,2,0.2884305677411108,0.4612592299089745,0.9,0.6110527237070552,0.0,0.0,False,True,model_output_path,gate5b_id_ton_iot,128,128
id,idcc6a61e9,qsvc_zz_r1,8,covariate_shift,scaling_drift_alpha_0.050,0.3125,0.3828125,0.7099707809791169,0.7604867035327331,0.0,0.6037590217131459,0.5509765384269693,5,2,0.2738636407446908,0.6670334750035418,0.875,0.5734199624448872,0.0,0.0,False,True,model_output_path,gate5b_id_ton_iot,128,128
id,idcc6a61e9,qsvc_zz_r1,12,covariate_shift,mean_shift_pf_delta_0.100,0.30859375,0.38046875,0.6062825721187483,0.6739926980846919,0.0,0.6336555664217303,0.5331135113134018,5,2,0.353682980869936,0.4555076937084055,1.0,0.5644155008780969,0.0,0.0,False,True,model_output_path,gate5b_id_ton_iot,128,128
ood,tr649b5ffb__te0e535a99,qsvc_zz_r1,12,covariate_shift,scaling_drift_alpha_0.100,0.2921875,0.40625,0.9722222222222221,0.9628829360221018,0.0,0.7837076834294967,0.7063700146578082,5,2,0.5706925670073738,0.7854619786707712,0.9166666666666666,0.5734259606450072,0.0,0.0,False,True,model_output_path,gate3b_ood_tue_fri_portscan,128,128
ood,tr649b5ffb__te0e535a99,qsvc_zz_r1,12,covariate_shift,scaling_drift_alpha_0.050,0.28671875,0.40078125,0.8850596437789424,0.9054272424139705,0.0,0.797910447761194,0.6919328371328957,5,2,0.5281963792425408,0.7504822449111327,0.9166666666666666,0.6006600885548616,0.0,0.0,False,True,model_output_path,gate3b_ood_tue_fri_portscan,128,128
id,id6292a46b,qsvc_zz_r1,12,covariate_shift,scaling_drift_alpha_0.100,0.2765625,0.3359375,0.6801385768987679,0.7381721061286799,0.0,0.9816487265148967,0.7146301870081093,5,2,0.290418667735239,0.1542682668474247,0.8333333333333334,0.3253308462020612,0.0,0.0,False,True,model_output_path,gate5a_id_unsw,128,128
id,id8c8771f4,qsvc_zz_r1,12,covariate_shift,scaling_drift_alpha_0.100,0.269921875,0.598046875,0.871901138691058,0.9024609554296589,0.0,1.0,0.7827130747016942,5,2,0.4107091149798134,0.3323610307387861,1.0,0.5313348927575141,0.0,0.0,False,True,model_output_path,gate2_id_256,256,256
ood,tr993984ca__teb9107599,qsvc_zz_r1,12,covariate_shift,scaling_drift_alpha_0.100,0.26875,0.359375,0.7951206211529069,0.8299063775081461,0.0,1.0,0.756329591821144,5,2,0.3128576505560752,0.212471030445871,0.8333333333333334,0.3449670625522537,0.0,0.0,False,True,model_output_path,gate6_ood_unsw,128,128
ood,tr649b5ffb__te0e535a99,qsvc_zz_r1,12,covariate_shift,mean_shift_pf_delta_0.100,0.2640625,0.3453125,0.8110752022878291,0.820686233753465,0.0,0.6993596196240176,0.616322093921268,5,2,0.5108564417555711,0.749821881221127,1.0,0.540690885777499,0.0,0.0,False,True,model_output_path,gate3b_ood_tue_fri_portscan,128,128
ood,tr649b5ffb__te0e535a99,qsvc_zz_r1,12,covariate_shift,mean_shift_pf_delta_0.050,0.2609375,0.3671875,0.6900671009474573,0.6995117159726056,0.0,0.7132803298137842,0.5785862284508494,5,2,0.3728814241862608,0.6687584435297785,1.0,0.4723753163349683,0.0,0.0,False,True,model_output_path,gate3b_ood_tue_fri_portscan,128,128
id,idcc6a61e9,qsvc_zz_r1,10,covariate_shift,mean_shift_pf_delta_0.100,0.2484375,0.3390625,0.6041772242294383,0.6787640133125816,0.0,0.5774671524582978,0.5093083468674379,5,2,0.3635862953075748,0.3900589708275503,1.0,0.5983871266812057,0.0,0.0,False,True,model_output_path,gate5b_id_ton_iot,128,128
ood,tr993984ca__teb9107599,qsvc_zz_r1,10,covariate_shift,scaling_drift_alpha_0.100,0.2453125,0.340625,0.7797774981819898,0.8301395360261301,0.0,0.9935047439549155,0.7534619876253725,5,2,0.2928416953969214,0.1898537882089135,0.8,0.3441401919485024,0.0,0.0,False,True,model_output_path,gate6_ood_unsw,128,128
id,id8c8771f4,qsvc_zz_r1,10,covariate_shift,scaling_drift_alpha_0.100,0.241796875,0.585546875,0.8762770903876393,0.9052437430709176,0.0,0.9265905291771691,0.7503570561972287,5,2,0.4133237145017608,0.5473484240049581,1.0,0.6001948269910596,0.0,0.0,False,True,model_output_path,gate2_id_256,256,256
id,id8c8771f4,qsvc_zz_r1,8,covariate_shift,scaling_drift_alpha_0.100,0.241015625,0.644140625,0.8864855627975456,0.9126158323666349,0.0,1.0,0.7864057572242309,5,2,0.3971075083663538,0.5175968802646398,1.0,0.611567986046136,0.0,0.0,False,True,model_output_path,gate2_id_256,256,256
id,idcc6a61e9,qsvc_zz_r1,12,corruption,feature_sign_flip_p_0.100,0.240625,0.26875,0.22080669471024267,0.2623911107777977,0.0,0.4078369961891014,0.2807954021869725,5,2,0.0222491493022895,0.4357693132332922,0.0833333333333333,0.2573134951472053,0.0,0.0,False,True,model_output_path,gate5b_id_ton_iot,128,128
id,id6292a46b,qsvc_zz_r1,10,covariate_shift,scaling_drift_alpha_0.100,0.2359375,0.30625,0.6595146899072353,0.7188028712992034,0.0,0.9021041416497824,0.6714301994041569,5,2,0.2620206206615724,0.1545661939692502,0.8,0.3447001504946092,0.0,0.0,False,True,model_output_path,gate5a_id_unsw,128,128
id,idcc6a61e9,qsvc_zz_r1,12,covariate_shift,scaling_drift_alpha_0.020,0.234375,0.2796875,0.462110807732829,0.5619962621865556,0.0,0.48771376531552324,0.4260503523021672,5,2,0.234975598805931,0.2297139892700802,0.8333333333333334,0.5874747543739898,0.0,0.0,False,True,model_output_path,gate5b_id_ton_iot,128,128
id,idcc6a61e9,qsvc_zz_r1,8,covariate_shift,mean_shift_pf_delta_0.100,0.23203125,0.28828125,0.6316231032686009,0.696355609796882,0.0,0.430528599277235,0.4489150395976094,5,2,0.3737427542127327,0.5852574797670717,1.0,0.5890081298526488,0.0,0.0,False,True,model_output_path,gate5b_id_ton_iot,128,128
id,id8c8771f4,qsvc_zz_r1,12,covariate_shift,scaling_drift_alpha_0.050,0.230859375,0.491015625,0.6529603977727104,0.7275777498350176,0.0,0.8156108629514577,0.6353059376452144,5,2,0.31759583404279,0.1750604739905241,1.0,0.5072940558989788,0.0,0.0,False,True,model_output_path,gate2_id_256,256,256
ood,tr649b5ffb__te0e535a99,qsvc_zz_r1,12,covariate_shift,scaling_drift_alpha_0.020,0.221875,0.28984375,0.7356420274983544,0.7586270277267979,0.0,0.6041735922143905,0.5504887338162858,5,2,0.467759860884692,0.7036077702981502,0.9166666666666666,0.4872122450369712,0.0,0.0,False,True,model_output_path,gate3b_ood_tue_fri_portscan,128,128
id,idcc6a61e9,qsvc_zz_r1,10,corruption,feature_sign_flip_p_0.100,0.2109375,0.2515625,0.19273933521445885,0.22998184645294245,0.0,0.3589571575602055,0.2467921066920725,5,2,0.0199114227044611,0.3855810862454244,0.0,0.2231725074585878,0.0,0.0,False,True,model_output_path,gate5b_id_ton_iot,128,128
id,idcc6a61e9,qsvc_pauli_xyz_r1,10,covariate_shift,scaling_drift_alpha_0.100,0.21015625,0.2984375,0.8555068253153614,0.8384468479075459,0.0,0.5047860943662164,0.5343379875873877,5,2,0.3992859449504902,0.6722919457388636,1.0,0.6280429230805827,0.0,0.0,False,True,model_output_path,gate5b_id_ton_iot,128,128
ood,tr649b5ffb__te0e535a99,qsvc_zz_r1,10,covariate_shift,scaling_drift_alpha_0.050,0.21015625,0.27265625,0.8832135688931245,0.8926114414337301,0.0,0.605695920848839,0.5999023063617377,5,2,0.5120449176172073,0.7483902625279818,0.9,0.6100723150861856,0.0,0.0,False,True,model_output_path,gate3b_ood_tue_fri_portscan,128,128
ood,tr649b5ffb__te0e535a99,qsvc_zz_r1,10,covariate_shift,scaling_drift_alpha_0.100,0.21015625,0.27421875,0.9666666666666666,0.9648974361499594,0.0,0.6069663476027711,0.6267655893285176,5,2,0.5513845660816795,0.7865139199618384,0.9,0.5646703628427991,0.0,0.0,False,True,model_output_path,gate3b_ood_tue_fri_portscan,128,128
ood,tr649b5ffb__te0e535a99,qsvc_zz_r1,10,covariate_shift,mean_shift_pf_delta_0.100,0.20859375,0.2734375,0.8041933502047038,0.8258843023707477,0.0,0.5910648692835601,0.5689874141727993,5,2,0.4861194439125831,0.7412125985136817,1.0,0.5980264017113561,0.0,0.0,False,True,model_output_path,gate3b_ood_tue_fri_portscan,128,128
id,idcc6a61e9,qsvc_pauli_xyz_r1,12,covariate_shift,scaling_drift_alpha_0.100,0.2078125,0.36015625,0.8381022922725434,0.8610392919991006,0.0,0.560070693879716,0.5676827852177256,5,2,0.4350841282050995,0.6979071068593755,1.0,0.6427678594079217,0.0,0.0,False,True,model_output_path,gate5b_id_ton_iot,128,128
id,idcc6a61e9,qsvc_zz_r1,12,covariate_shift,mean_shift_pf_delta_0.050,0.20078125,0.27265625,0.47652134932858814,0.5779951750241452,0.0,0.4731645101085194,0.4252548409671979,5,2,0.2304019363470427,0.1642869411505485,1.0,0.5605543352699458,0.0,0.0,False,True,model_output_path,gate5b_id_ton_iot,128,128
ood,tr993984ca__teb9107599,qsvc_zz_r1,12,covariate_shift,scaling_drift_alpha_0.050,0.18828125,0.26953125,0.5809801032645814,0.6715945402212915,0.0,0.6821489622470157,0.5542839065563858,5,2,0.2466610166760686,0.0884293612456257,0.8333333333333334,0.312708123557434,0.0,0.0,False,True,model_output_path,gate6_ood_unsw,128,128
id,id6292a46b,qsvc_zz_r1,12,corruption,feature_sign_flip_p_0.100,0.1828125,0.2234375,0.35419578138489183,0.3556491832670806,0.0,0.5241473442843253,0.3675757685899953,5,2,0.0118758488257259,0.2565361965541308,0.0833333333333333,0.1317086103705598,0.0,0.0,False,True,model_output_path,gate5a_id_unsw,128,128
id,id8c8771f4,qsvc_zz_r1,10,covariate_shift,scaling_drift_alpha_0.050,0.181640625,0.448046875,0.6542089067127443,0.7326696361702547,0.0,0.6718999137160114,0.571834373932825,5,2,0.3309215645500184,0.3754962989338275,1.0,0.5674220916633919,0.0,0.0,False,True,model_output_path,gate2_id_256,256,256
id,id8c8771f4,qsvc_zz_r1,12,corruption,feature_sign_flip_p_0.100,0.1796875,0.3921875,0.3791182764373558,0.39139878298931907,0.0,0.5237437099081587,0.3803921528634609,5,2,0.0080195130451254,0.3361399614300178,0.25,0.2422402650852383,0.0,0.0,False,True,model_output_path,gate2_id_256,256,256
ood,tr649b5ffb__te0e535a99,qsvc_zz_r1,12,corruption,feature_sign_flip_p_0.100,0.178125,0.2625,0.19743420398891115,0.2480399827991988,0.0,0.40719212629089113,0.27528368751375004,5,2,0.0189160697814686,0.4977934833290485,0.0833333333333333,0.2497434767247972,0.0,0.0,False,True,model_output_path,gate3b_ood_tue_fri_portscan,128,128
id,idcc6a61e9,qsvc_z_r1,12,covariate_shift,scaling_drift_alpha_0.100,0.171875,0.35546875,0.8381022922725434,0.8494580661213703,0.0,0.48010425181663824,0.527123047597152,5,2,0.4350841282050995,0.6979071068593755,1.0,0.63612122014451,0.0,0.0,False,True,model_output_path,gate5b_id_ton_iot,128,128
ood,tr649b5ffb__te0e535a99,qsvc_zz_r1,10,covariate_shift,mean_shift_pf_delta_0.050,0.16796875,0.21171875,0.7004655891581419,0.6925692077617327,0.0,0.4352677859586935,0.4496923418945816,5,2,0.3857164121734387,0.6615382672737187,1.0,0.4865645997490357,0.0,0.0,False,True,model_output_path,gate3b_ood_tue_fri_portscan,128,128
ood,tr993984ca__teb9107599,qsvc_zz_r1,12,corruption,feature_sign_flip_p_0.100,0.16796875,0.23515625,0.3517166145519619,0.3606191625142824,0.0,0.5093715359793787,0.36266675726854747,5,2,0.0122267001223303,0.3288620575183489,0.0833333333333333,0.1522841185207169,0.0,0.0,False,True,model_output_path,gate6_ood_unsw,128,128
id,idcc6a61e9,qsvc_pauli_xyz_r1,8,covariate_shift,scaling_drift_alpha_0.100,0.165625,0.3296875,0.821152331561624,0.8112510232342561,0.0,0.40893697760445563,0.4808808164508457,5,2,0.3703416908467046,0.7304866367445637,1.0,0.629734334919031,0.0,0.0,False,True,model_output_path,gate5b_id_ton_iot,128,128
ood,tr649b5ffb__te0e535a99,qsvc_zz_r1,10,covariate_shift,scaling_drift_alpha_0.020,0.16484375,0.23046875,0.7264256471268521,0.7435619970894913,0.0,0.4981870851754214,0.496834855839552,5,2,0.4377725990198415,0.6937469727631236,0.9,0.5810623408091441,0.0,0.0,False,True,model_output_path,gate3b_ood_tue_fri_portscan,128,128
id,idcc6a61e9,qsvc_zz_r1,8,corruption,feature_sign_flip_p_0.100,0.16328125,0.18359375,0.16380099035729198,0.1870582491157164,0.0,0.2510548356998559,0.18213701590564954,5,2,0.0231465482049911,0.344883344829077,0.0,0.1877186423419302,0.0,0.0,False,True,model_output_path,gate5b_id_ton_iot,128,128
id,id6292a46b,qsvc_zz_r1,10,corruption,feature_sign_flip_p_0.100,0.1609375,0.1953125,0.34141777653123095,0.32705158047256544,0.0,0.5033648481875806,0.3477300511661968,5,2,0.0102520839444508,0.2484671451034384,0.0,0.1125902892025746,0.0,0.0,False,True,model_output_path,gate5a_id_unsw,128,128
ood,tr993984ca__teb9107599,qsvc_zz_r1,8,covariate_shift,scaling_drift_alpha_0.100,0.15625,0.2640625,0.7448782658196783,0.8019038850122729,0.0,0.9076176087126999,0.7041548712375082,5,2,0.2796895395304039,0.132561960324901,0.75,0.3245430704376825,0.0,0.0,False,True,model_output_path,gate6_ood_unsw,128,128
id,idcc6a61e9,qsvc_zz_r1,12,corruption,feature_sign_flip_p_0.050,0.14921875,0.16796875,0.1344665160517467,0.15126979950371042,0.0,0.23386987454693484,0.161311688249956,5,2,0.0113718990024516,0.2676632625261293,0.0,0.1420661733709929,0.0,0.0,False,True,model_output_path,gate5b_id_ton_iot,128,128
id,id8c8771f4,qsvc_zz_r1,10,corruption,feature_sign_flip_p_0.100,0.146484375,0.360546875,0.37412620378870937,0.3702952574030722,0.0,0.49564288180941674,0.35994503987812476,5,2,0.0087057435084734,0.3531208181520682,0.2,0.2248151704609152,0.0,0.0,False,True,model_output_path,gate2_id_256,256,256
id,id8c8771f4,qsvc_zz_r1,8,covariate_shift,scaling_drift_alpha_0.050,0.140234375,0.39453125,0.6407514518270248,0.7253631393335305,0.0,0.5522019661734033,0.5147693080182852,5,2,0.3354116035290048,0.3475813619890094,1.0,0.6295514650900433,0.0,0.0,False,True,model_output_path,gate2_id_256,256,256
id,idcc6a61e9,qsvc_zz_r1,10,covariate_shift,scaling_drift_alpha_0.020,0.13828125,0.1765625,0.43140518186566884,0.530975008436445,0.0,0.2361969231838495,0.300444059060457,5,2,0.1928756694696342,0.195959878842539,0.8,0.5628141290592963,0.0,0.0,False,True,model_output_path,gate5b_id_ton_iot,128,128
ood,tr993984ca__teb9107599,qsvc_zz_r1,12,covariate_shift,mean_shift_pf_delta_0.100,0.13828125,0.19765625,0.5794141322959528,0.6560296064936064,0.0,0.484210118312663,0.4586517288670673,5,2,0.222044038285554,0.0586395808056215,1.0,0.306168484880734,0.0,0.0,False,True,model_output_path,gate6_ood_unsw,128,128
id,idcc6a61e9,qsvc_zz_r1,10,corruption,feature_sign_flip_p_0.050,0.1375,0.1671875,0.12072370682907858,0.1364374831781842,0.0,0.23447212590144706,0.15619186929272472,5,2,0.0103861743908505,0.2518558041620498,0.0,0.1410961521573273,0.0,0.0,False,True,model_output_path,gate5b_id_ton_iot,128,128
ood,tr993984ca__teb9107599,qsvc_zz_r1,10,corruption,feature_sign_flip_p_0.100,0.13671875,0.20546875,0.3419795752249046,0.3591818628780946,0.0,0.5081785249996249,0.3616018251373184,5,2,0.0128748772983747,0.2567739713783475,0.0,0.1512807636250525,0.0,0.0,False,True,model_output_path,gate6_ood_unsw,128,128
id,id6292a46b,qsvc_zz_r1,8,corruption,feature_sign_flip_p_0.100,0.1359375,0.1875,0.34037812317226124,0.32977235059473353,0.0,0.7364710077048382,0.45467676735482954,5,2,0.0061683817439025,0.202241237442962,0.0,0.1076433901031693,0.0,0.0,False,True,model_output_path,gate5a_id_unsw,128,128
ood,tr649b5ffb__te0e535a99,qsvc_zz_r1,10,corruption,feature_sign_flip_p_0.100,0.1359375,0.2078125,0.1883175774663967,0.23493651894133144,0.0,0.40287274781895305,0.2685554377145537,5,2,0.0203115106617729,0.462306915088436,0.0,0.2633450042467532,0.0,0.0,False,True,model_output_path,gate3b_ood_tue_fri_portscan,128,128
id,idcc6a61e9,qsvc_pauli_xyz_r1,12,corruption,feature_sign_flip_p_0.100,0.13515625,0.23828125,0.22080669471024267,0.24122436835758432,0.0,0.25904020411665074,0.20546349945578105,5,2,0.0222491493022895,0.4357693132332922,0.0833333333333333,0.2417033103007858,0.0,0.0,False,True,model_output_path,gate5b_id_ton_iot,128,128
id,id6292a46b,qsvc_zz_r1,12,covariate_shift,mean_shift_pf_delta_0.100,0.134375,0.1734375,0.5651132875102169,0.6392284497185896,0.0,0.46138348949122177,0.44216647693913336,5,2,0.2971793595926784,0.054285516483484,1.0,0.3260887252939378,0.0,0.0,False,True,model_output_path,gate5a_id_unsw,128,128
id,idcc6a61e9,qsvc_zz_r1,8,covariate_shift,scaling_drift_alpha_0.020,0.13125,0.1796875,0.4564704821422255,0.5568198574910772,0.0,0.20687942207439428,0.29651604912148005,5,2,0.1930083617148153,0.4453272318137118,0.75,0.5674807168492266,0.0,0.0,False,True,model_output_path,gate5b_id_ton_iot,128,128
id,idcc6a61e9,qsvc_z_r1,8,covariate_shift,scaling_drift_alpha_0.100,0.1265625,0.31875,0.821152331561624,0.8032957092643433,0.0,0.45003676315494834,0.49666969571201036,5,2,0.3703416908467046,0.7304866367445637,1.0,0.605892962933326,0.0,0.0,False,True,model_output_path,gate5b_id_ton_iot,128,128
id,idcc6a61e9,qsvc_z_r1,10,covariate_shift,scaling_drift_alpha_0.100,0.1265625,0.2796875,0.8555068253153614,0.8435492394082237,0.0,0.38985067968551423,0.48395003236913325,5,2,0.3992859449504902,0.6722919457388636,1.0,0.6239196568959753,0.0,0.0,False,True,model_output_path,gate5b_id_ton_iot,128,128
id,idcc6a61e9,qsvc_zz_r1,10,covariate_shift,mean_shift_pf_delta_0.050,0.12578125,0.20078125,0.4925969721361475,0.5836338749210825,0.0,0.3766876433494055,0.38345215603921434,5,2,0.2417561482328861,0.1586244661533725,1.0,0.5839053267800929,0.0,0.0,False,True,model_output_path,gate5b_id_ton_iot,128,128
id,id6292a46b,qsvc_pauli_xyz_r1,12,corruption,feature_sign_flip_p_0.100,0.12109375,0.21328125,0.35419578138489183,0.35602939810659906,0.0,0.38394107375324904,0.3039839055629674,5,2,0.0118758488257259,0.2565361965541308,0.0833333333333333,0.1620546568449941,0.0,0.0,False,True,model_output_path,gate5a_id_unsw,128,128
ood,tr649b5ffb__te0e535a99,qsvc_zz_r1,12,corruption,feature_sign_flip_p_0.050,0.11953125,0.16953125,0.14554942217294872,0.15637097130909122,0.0,0.24608812623278936,0.16872041058184656,5,2,0.0106657502527236,0.4042159464204544,0.0,0.1439626361963721,0.0,0.0,False,True,model_output_path,gate3b_ood_tue_fri_portscan,128,128
id,id8c8771f4,qsvc_zz_r1,12,corruption,feature_sign_flip_p_0.050,0.11796875,0.26328125,0.22319126555395186,0.22404305279571973,0.0,0.32245298035830405,0.2280397375431272,5,2,0.0053474099718261,0.2386622176340491,0.0,0.155022870984867,0.0,0.0,False,True,model_output_path,gate2_id_256,256,256
ood,tr993984ca__teb9107599,qsvc_zz_r1,8,corruption,feature_sign_flip_p_0.100,0.11640625,0.17734375,0.3416068590771776,0.32631693678158874,0.0,0.5904866419174895,0.3870637233376184,5,2,0.0082622259566739,0.2285641330953103,0.0,0.1239690350277854,0.0,0.0,False,True,model_output_path,gate6_ood_unsw,128,128
id,id8c8771f4,qsvc_zz_r1,10,covariate_shift,mean_shift_pf_delta_0.100,0.116015625,0.3046875,0.5880532776094652,0.6729100893427984,0.0,0.41678716676831423,0.43414329011025127,5,2,0.3832932706807263,0.3315731785054121,1.0,0.5615084610272043,0.0,0.0,False,True,model_output_path,gate2_id_256,256,256
id,id8c8771f4,qsvc_zz_r1,10,covariate_shift,scaling_drift_alpha_0.020,0.116015625,0.357421875,0.4251672588544955,0.5374624471488038,0.0,0.5021019076137405,0.4236690296967199,5,2,0.208446288739085,0.1584141749416226,0.9,0.5298183934612937,0.0,0.0,False,True,model_output_path,gate2_id_256,256,256
id,id8c8771f4,qsvc_zz_r1,8,corruption,feature_sign_flip_p_0.100,0.115625,0.2984375,0.3926994828472276,0.36234746817432273,0.0,0.3530446238055548,0.2922375447022786,5,2,0.0088768958264666,0.2835161219111825,0.375,0.1849120209326551,0.0,0.0,False,True,model_output_path,gate2_id_256,256,256
id,id6292a46b,qsvc_pauli_xyz_r1,10,corruption,feature_sign_flip_p_0.100,0.11171875,0.17421875,0.34141777653123095,0.3268370176471637,0.0,0.3231803318877214,0.26574997545702383,5,2,0.0102520839444508,0.2484671451034384,0.0,0.1276389382397672,0.0,0.0,False,True,model_output_path,gate5a_id_unsw,128,128
ood,tr993984ca__teb9107599,qsvc_zz_r1,12,corruption,feature_sign_flip_p_0.050,0.1109375,0.14375,0.21133709945340756,0.20946448515669885,0.0,0.28408694207181245,0.20529933190780522,5,2,0.0071891540427876,0.2040607264818228,0.0,0.0795832851131664,0.0,0.0,False,True,model_output_path,gate6_ood_unsw,128,128
id,id6292a46b,qsvc_zz_r1,10,corruption,feature_sign_flip_p_0.050,0.10703125,0.13671875,0.20042514367394312,0.193390089794218,0.0,0.30763082410417036,0.21015586179070214,5,2,0.0067472563951266,0.1852339515862214,0.0,0.0787284590114873,0.0,0.0,False,True,model_output_path,gate5a_id_unsw,128,128
id,id6292a46b,qsvc_zz_r1,12,corruption,feature_sign_flip_p_0.050,0.10703125,0.14453125,0.19974150060918688,0.19743057154179178,0.0,0.30368769805904317,0.20983279786021664,5,2,0.007751609894647,0.1661691527590375,0.0,0.0889021307344757,0.0,0.0,False,True,model_output_path,gate5a_id_unsw,128,128
ood,tr649b5ffb__te0e535a99,qsvc_zz_r1,8,covariate_shift,scaling_drift_alpha_0.050,0.10703125,0.13046875,0.8747077915269541,0.8733081632606149,0.0,0.32173344199476867,0.46380907845602753,5,2,0.4871953582112525,0.7506067066030953,0.875,0.6085012451120669,0.0,0.0,False,True,model_output_path,gate3b_ood_tue_fri_portscan,128,128
ood,tr649b5ffb__te0e535a99,qsvc_zz_r1,8,covariate_shift,scaling_drift_alpha_0.100,0.10703125,0.13125,0.9583333333333334,0.9458298710459836,0.0,0.3957334419947595,0.5238169721961574,5,2,0.5217822578581173,0.784224143931936,0.875,0.6049963136573938,0.0,0.0,False,True,model_output_path,gate3b_ood_tue_fri_portscan,128,128
ood,tr993984ca__teb9107599,qsvc_zz_r1,10,covariate_shift,scaling_drift_alpha_0.050,0.10703125,0.18203125,0.5680663508408538,0.6538342205628707,0.0,0.41271459622836765,0.42535544212666554,5,2,0.2453532327913553,0.0724109757555934,0.8,0.3329198038423529,0.0,0.0,False,True,model_output_path,gate6_ood_unsw,128,128
id,id6292a46b,qsvc_pauli_xyz_r1,8,corruption,feature_sign_flip_p_0.100,0.10546875,0.16015625,0.34037812317226124,0.3283128919220204,0.0,0.38966124304972555,0.2965052529942463,5,2,0.0061683817439025,0.202241237442962,0.0,0.0998151899571853,0.0,0.0,False,True,model_output_path,gate5a_id_unsw,128,128
id,idcc6a61e9,qsvc_zz_r1,8,covariate_shift,mean_shift_pf_delta_0.050,0.10546875,0.16640625,0.5538995480005766,0.6230887761563705,0.0,0.2660644666435258,0.34751613071301,5,2,0.2451986797177222,0.358402438355197,1.0,0.542797849723568,0.0,0.0,False,True,model_output_path,gate5b_id_ton_iot,128,128
id,id6292a46b,qsvc_zz_r1,8,covariate_shift,scaling_drift_alpha_0.100,0.1046875,0.1953125,0.7112631522693071,0.7713814814390311,0.0,0.6853484425941754,0.5920243762479093,5,2,0.263884169804277,0.1101688348302138,0.75,0.3353622432971467,0.0,0.0,False,True,model_output_path,gate5a_id_unsw,128,128
id,id6292a46b,qsvc_zz_r1,10,covariate_shift,mean_shift_pf_delta_0.100,0.10390625,0.14765625,0.5881487723533241,0.6513826740883814,0.0,0.4186778005729329,0.4271745181107446,5,2,0.3013666056084167,0.024364631643031,1.0,0.3169288129469322,0.0,0.0,False,True,model_output_path,gate5a_id_unsw,128,128
id,idcc6a61e9,qsvc_zz_r1,8,corruption,feature_sign_flip_p_0.050,0.10234375,0.11953125,0.1002897222793138,0.10538949945654723,0.0,0.14862239491073947,0.10587908839817148,5,2,0.0118922158260723,0.2073270130142464,0.0,0.0973477101961975,0.0,0.0,False,True,model_output_path,gate5b_id_ton_iot,128,128
ood,tr993984ca__teb9107599,qsvc_zz_r1,10,corruption,feature_sign_flip_p_0.050,0.0984375,0.1375,0.22456761774131428,0.21831246213294006,0.0,0.3118218938590758,0.22112357434792176,5,2,0.0081693133765131,0.218339519976376,0.0,0.0870632243776371,0.0,0.0,False,True,model_output_path,gate6_ood_unsw,128,128
ood,tr993984ca__teb9107599,qsvc_zz_r1,10,covariate_shift,mean_shift_pf_delta_0.100,0.0953125,0.1546875,0.5941519841670535,0.6591669910465373,0.0,0.3544532620826319,0.40081220678175533,5,2,0.235045248898371,0.0269821650035325,1.0,0.302850879528736,0.0,0.0,False,True,model_output_path,gate6_ood_unsw,128,128
id,id6292a46b,qsvc_z_r1,12,corruption,feature_sign_flip_p_0.100,0.09296875,0.16953125,0.35419578138489183,0.3491968802868356,0.0,0.31554511948869357,0.27041028350825547,5,2,0.0118758488257259,0.2565361965541308,0.0833333333333333,0.1254159447783575,0.0,0.0,False,True,model_output_path,gate5a_id_unsw,128,128
id,idcc6a61e9,qsvc_z_r1,12,corruption,feature_sign_flip_p_0.100,0.0921875,0.2046875,0.22080669471024267,0.23008057736427462,0.0,0.22642184256259096,0.18658468384273214,5,2,0.0222491493022895,0.4357693132332922,0.0833333333333333,0.1796855052970549,0.0,0.0,False,True,model_output_path,gate5b_id_ton_iot,128,128
id,id6292a46b,qsvc_zz_r1,12,covariate_shift,scaling_drift_alpha_0.050,0.09140625,0.13203125,0.5349452951869186,0.621635436024379,0.0,0.27495546921480213,0.3510290081974115,5,2,0.2299166531757186,0.0411481147095901,0.8333333333333334,0.3360431347641457,0.0,0.0,False,True,model_output_path,gate5a_id_unsw,128,128
id,idcc6a61e9,qsvc_pauli_xyz_r1,12,covariate_shift,scaling_drift_alpha_0.050,0.09140625,0.1734375,0.7048232603102415,0.7100176890004588,0.0,0.28010605037396596,0.3855091825337877,5,2,0.3333305095091201,0.5368065645963059,0.9166666666666666,0.5912162281529909,0.0,0.0,False,True,model_output_path,gate5b_id_ton_iot,128,128
id,id8c8771f4,qsvc_zz_r1,10,corruption,feature_sign_flip_p_0.050,0.091015625,0.231640625,0.2011628993454889,0.1957107307800565,0.0,0.2912905384739731,0.2035723286809174,5,2,0.0069054594297433,0.2373942575387835,0.0,0.1182221429336289,0.0,0.0,False,True,model_output_path,gate2_id_256,256,256
ood,trc82af0ba__te3ec6a4d7,qsvc_zz_r1,12,covariate_shift,scaling_drift_alpha_0.020,0.0859375,0.221875,0.5208471089467115,0.5738296291476538,0.0,0.2779236534384247,0.33499425307115804,5,2,0.3732029240877128,0.1646026288068954,0.9166666666666666,0.6320520537911362,0.0,0.0,False,True,model_output_path,gate3c_ood_wed_thu_webattacks,128,128
id,idcc6a61e9,qsvc_pauli_xyz_r1,10,corruption,feature_sign_flip_p_0.100,0.084375,0.1953125,0.19273933521445885,0.20497204405186903,0.0,0.21911561218266556,0.17413329428370944,5,2,0.0199114227044611,0.3855810862454244,0.0,0.1931161706073618,0.0,0.0,False,True,model_output_path,gate5b_id_ton_iot,128,128
ood,tr649b5ffb__te0e535a99,qsvc_zz_r1,8,covariate_shift,scaling_drift_alpha_0.020,0.08359375,0.203125,0.7204239692663876,0.7280850482582711,0.0,0.4251777986243971,0.45802083510500635,5,2,0.3984935731337174,0.6872691125032759,0.875,0.6173342076813835,0.0,0.0,False,True,model_output_path,gate3b_ood_tue_fri_portscan,128,128
id,id6292a46b,qsvc_z_r1,10,corruption,feature_sign_flip_p_0.100,0.0828125,0.13125,0.34141777653123095,0.3215447284532621,0.0,0.25307548576658323,0.23195966751326952,5,2,0.0102520839444508,0.2484671451034384,0.0,0.1251550789390309,0.0,0.0,False,True,model_output_path,gate5a_id_unsw,128,128
ood,tr649b5ffb__te0e535a99,qsvc_zz_r1,10,corruption,feature_sign_flip_p_0.050,0.08125,0.13203125,0.15090838989180208,0.16342541044045708,0.0,0.2353982918609887,0.1664266455515247,5,2,0.013609097227504,0.396580716180579,0.0,0.1266934554081647,0.0,0.0,False,True,model_output_path,gate3b_ood_tue_fri_portscan,128,128
id,id6292a46b,qsvc_zz_r1,8,corruption,feature_sign_flip_p_0.050,0.08046875,0.10390625,0.1754577095220974,0.16399109802989426,0.0,0.3184221171348247,0.20437045252670005,5,2,0.0036210333445833,0.1262203506156843,0.0,0.0505595120403403,0.0,0.0,False,True,model_output_path,gate5a_id_unsw,128,128
id,id6292a46b,qsvc_zz_r1,8,covariate_shift,mean_shift_pf_delta_0.100,0.08046875,0.1359375,0.5843648692473992,0.6517659796705876,0.0,0.46153276758530415,0.4467934324189883,5,2,0.2831978379545647,0.0217492627387956,1.0,0.3216884555378781,0.0,0.0,False,True,model_output_path,gate5a_id_unsw,128,128
id,id8c8771f4,qsvc_zz_r1,12,covariate_shift,mean_shift_pf_delta_0.100,0.076171875,0.142578125,0.5873390429369308,0.6716159597228593,0.0,0.22364916625382905,0.3458826972873257,5,2,0.3584629807747853,0.1661894292452114,1.0,0.5242340148100535,0.0,0.0,False,True,model_output_path,gate2_id_256,256,256
id,id6292a46b,qsvc_z_r1,8,corruption,feature_sign_flip_p_0.100,0.075,0.11875,0.34037812317226124,0.3227130808929425,0.0,0.3166232867980313,0.2612698870510842,5,2,0.0061683817439025,0.202241237442962,0.0,0.1073699837261423,0.0,0.0,False,True,model_output_path,gate5a_id_unsw,128,128
id,idcc6a61e9,qsvc_z_r1,12,covariate_shift,scaling_drift_alpha_0.050,0.075,0.17890625,0.7048232603102415,0.6987343269641075,0.0,0.2885840108579417,0.3852597601951035,5,2,0.3333305095091201,0.5368065645963059,0.9166666666666666,0.5044643918037,0.0,0.0,False,True,model_output_path,gate5b_id_ton_iot,128,128
ood,tr649b5ffb__te0e535a99,qsvc_zz_r1,8,covariate_shift,mean_shift_pf_delta_0.100,0.075,0.09375,0.7936220829948395,0.771253283716803,0.0,0.2875970872018586,0.4111816882615004,5,2,0.4802124526411108,0.7417467417304763,1.0,0.5814147389080564,0.0,0.0,False,True,model_output_path,gate3b_ood_tue_fri_portscan,128,128
ood,trc82af0ba__te3ec6a4d7,qsvc_zz_r1,12,covariate_shift,scaling_drift_alpha_0.100,0.075,0.54453125,0.8409578401742884,0.872561200309711,0.0,0.7616753684074625,0.6635110584796506,5,2,0.4378184812718352,0.706219078345356,1.0,0.6112067006441722,0.0,0.0,False,True,model_output_path,gate3c_ood_wed_thu_webattacks,128,128
id,id6292a46b,qsvc_pauli_xyz_r1,12,corruption,feature_sign_flip_p_0.050,0.07421875,0.1265625,0.19974150060918688,0.19919098160490528,0.0,0.20023570402581167,0.16344931332260723,5,2,0.007751609894647,0.1661691527590375,0.0,0.085574137777331,0.0,0.0,False,True,model_output_path,gate5a_id_unsw,128,128
id,idcc6a61e9,qsvc_zz_r1,10,pipeline,feature_dropout_p_0.100,0.07421875,0.08515625,0.004851422192559273,0.038604221369299335,0.0,0.11505178354281187,0.06633416392647787,5,2,0.0059290680750487,0.0,0.0,0.1285205276564685,0.0,0.0,False,True,model_output_path,gate5b_id_ton_iot,128,128
id,id6292a46b,qsvc_pauli_xyz_r1,10,corruption,feature_sign_flip_p_0.050,0.0734375,0.13125,0.20042514367394312,0.19527925237522176,0.0,0.2089543854534194,0.165989903342544,5,2,0.0067472563951266,0.1852339515862214,0.0,0.077655134754254,0.0,0.0,False,True,model_output_path,gate5a_id_unsw,128,128
ood,trc82af0ba__te3ec6a4d7,qsvc_zz_r1,10,covariate_shift,scaling_drift_alpha_0.020,0.07265625,0.14609375,0.5198471138781431,0.5811500818074257,0.0,0.18048576061901672,0.2933662845749806,5,2,0.3378936740240453,0.1569293149821715,0.9,0.6452406152373809,0.0,0.0,False,True,model_output_path,gate3c_ood_wed_thu_webattacks,128,128
id,idcc6a61e9,qsvc_pauli_xyz_r1,12,covariate_shift,mean_shift_pf_delta_0.100,0.071875,0.15390625,0.6062825721187483,0.595421036607395,0.0,0.2555911036209358,0.33269451495765995,5,2,0.353682980869936,0.4555076937084055,1.0,0.4866189234747392,0.0,0.0,False,True,model_output_path,gate5b_id_ton_iot,128,128
id,idcc6a61e9,qsvc_zz_r1,12,corruption,feature_sign_flip_p_0.020,0.0703125,0.0765625,0.03477512457741669,0.04008611123233303,0.0,0.09259105984628466,0.05666361310552322,5,2,0.0054903840744061,0.114749581828258,0.0,0.0461640366211329,0.0,0.0,False,True,model_output_path,gate5b_id_ton_iot,128,128
id,id8c8771f4,qsvc_zz_r1,8,corruption,feature_sign_flip_p_0.050,0.06953125,0.1859375,0.20114586301391402,0.18463025743347838,0.0,0.20445930489754613,0.16007432311105857,5,2,0.0050314616609409,0.1730503983365477,0.0,0.0910778091002876,0.0,0.0,False,True,model_output_path,gate2_id_256,256,256
ood,tr993984ca__teb9107599,qsvc_zz_r1,8,covariate_shift,mean_shift_pf_delta_0.100,0.06875,0.125,0.5769686003937048,0.6312982439021014,0.0,0.3554672656521121,0.3911390276244515,5,2,0.2156334147741003,0.02442316275772,1.0,0.2969728292347272,0.0,0.0,False,True,model_output_path,gate6_ood_unsw,128,128
id,id8c8771f4,qsvc_zz_r1,10,covariate_shift,mean_shift_pf_delta_0.050,0.06796875,0.223046875,0.493863542440489,0.5767672450778484,0.0,0.302808309689188,0.34737368443248484,5,2,0.2450754865508094,0.142270376189764,1.0,0.4980402294923501,0.0,0.0,False,True,model_output_path,gate2_id_256,256,256
ood,tr649b5ffb__te0e535a99,qsvc_zz_r1,8,covariate_shift,mean_shift_pf_delta_0.050,0.06796875,0.07265625,0.7056096411599935,0.7017002658162077,0.0,0.1750239475348454,0.33472007281264166,5,2,0.4055452558712404,0.6650017965705071,1.0,0.5722753399560896,0.0,0.0,False,True,model_output_path,gate3b_ood_tue_fri_portscan,128,128
id,idcc6a61e9,qsvc_zz_r1,10,covariate_shift,mean_shift_pf_delta_0.020,0.065625,0.11328125,0.43289473255849453,0.4957488776004227,0.0,0.16702302116646922,0.2561918742030943,5,2,0.206006146192641,0.0289917663887198,1.0,0.4878556430302724,0.0,0.0,False,True,model_output_path,gate5b_id_ton_iot,128,128
id,idcc6a61e9,qsvc_zz_r1,12,pipeline,feature_dropout_p_0.100,0.065625,0.075,0.005128862365846626,0.0431489117113176,0.0,0.09382069593069704,0.0583362842271596,5,2,0.0071759391064688,0.0,0.0,0.1235001303998063,0.0,0.0,False,True,model_output_path,gate5b_id_ton_iot,128,128
ood,tr993984ca__teb9107599,qsvc_zz_r1,8,corruption,feature_sign_flip_p_0.050,0.06484375,0.09765625,0.18057242864963285,0.16797065406203093,0.0,0.2730785830613135,0.18520686650497192,5,2,0.0046327004132861,0.1290990234277498,0.0,0.0522960381304108,0.0,0.0,False,True,model_output_path,gate6_ood_unsw,128,128
id,id6292a46b,qsvc_zz_r1,10,covariate_shift,scaling_drift_alpha_0.050,0.06328125,0.10703125,0.5075927154162685,0.5933979174871796,0.0,0.21168216867553338,0.3120002284842168,5,2,0.2067647611666415,0.0411004775541962,0.8,0.3340208167089908,0.0,0.0,False,True,model_output_path,gate5a_id_unsw,128,128
ood,tr649b5ffb__te0e535a99,qsvc_zz_r1,8,corruption,feature_sign_flip_p_0.100,0.06171875,0.075,0.19181962061197394,0.21485838019664313,0.0,0.2117965626652995,0.17440148491937002,5,2,0.0197919766640205,0.4756484125856663,0.0,0.2127013144217624,0.0,0.0,False,True,model_output_path,gate3b_ood_tue_fri_portscan,128,128
id,idcc6a61e9,qsvc_pauli_xyz_r1,10,covariate_shift,scaling_drift_alpha_0.050,0.0578125,0.1375,0.6939765920293327,0.7017579965951047,0.0,0.2064328175061414,0.3490178249010115,5,2,0.2884305677411108,0.4612592299089745,0.9,0.4960856345199804,0.0,0.0,False,True,model_output_path,gate5b_id_ton_iot,128,128
id,id6292a46b,qsvc_zz_r1,12,corruption,feature_sign_flip_p_0.020,0.05703125,0.06796875,0.008107659471110069,0.0215007235875942,0.0,0.12998464425318632,0.06690237414693713,5,2,0.0031683132584907,0.037061934449934,0.0,0.0294108112768513,0.0,0.0,False,True,model_output_path,gate5a_id_unsw,128,128
id,id8c8771f4,svc_rbf,8,corruption,feature_sign_flip_p_0.100,0.05703125,0.0890625,0.019529570043473825,0.04742079678893002,0.0,0.0672051433853925,0.047791718552971145,5,2,0.0199018439263494,0.04406636481218,0.0,0.0977346194083986,0.0,0.0,False,True,model_output_path,gate2_id_256,256,256
id,idcc6a61e9,qsvc_pauli_xyz_r1,12,corruption,feature_sign_flip_p_0.050,0.05703125,0.140625,0.1344665160517467,0.14164517608469823,0.0,0.12261477681359789,0.10724132621879838,5,2,0.0113718990024516,0.2676632625261293,0.0,0.1210889008859227,0.0,0.0,False,True,model_output_path,gate5b_id_ton_iot,128,128
id,idcc6a61e9,qsvc_pauli_xyz_r1,10,corruption,feature_sign_flip_p_0.050,0.05625,0.11875,0.12072370682907858,0.12710031798892502,0.0,0.1294182054261545,0.1050447544624066,5,2,0.0103861743908505,0.2518558041620498,0.0,0.1144827647876815,0.0,0.0,False,True,model_output_path,gate5b_id_ton_iot,128,128
id,idcc6a61e9,qsvc_z_r1,10,corruption,feature_sign_flip_p_0.100,0.05625,0.1765625,0.19273933521445885,0.2032687866789104,0.0,0.20812808065328822,0.1685195954529166,5,2,0.0199114227044611,0.3855810862454244,0.0,0.1697777979821213,0.0,0.0,False,True,model_output_path,gate5b_id_ton_iot,128,128
ood,tr649b5ffb__te0e535a99,qsvc_zz_r1,12,corruption,feature_sign_flip_p_0.020,0.05625,0.0765625,0.06173030021575341,0.061534928476787654,0.0,0.10101672957938168,0.0682930328912781,5,2,0.0047242108682987,0.1575961815961759,0.0,0.0462842339027042,0.0,0.0,False,True,model_output_path,gate3b_ood_tue_fri_portscan,128,128
id,idcc6a61e9,qsvc_zz_r1,8,covariate_shift,mean_shift_pf_delta_0.020,0.05546875,0.09296875,0.4892820908119827,0.5393905160201933,0.0,0.1392027339199395,0.2594159757891337,5,2,0.2141163715284016,0.202503008154057,1.0,0.5166954719706116,0.0,0.0,False,True,model_output_path,gate5b_id_ton_iot,128,128
id,id6292a46b,qsvc_z_r1,12,corruption,feature_sign_flip_p_0.050,0.05390625,0.10390625,0.19974150060918688,0.19998770668093482,0.0,0.17323697443887257,0.15146688171982747,5,2,0.007751609894647,0.1661691527590375,0.0,0.097378912408049,0.0,0.0,False,True,model_output_path,gate5a_id_unsw,128,128
id,id6292a46b,svc_rbf,8,corruption,feature_sign_flip_p_0.100,0.05390625,0.09609375,0.026609046994429182,0.0756352904671414,0.0,0.18029283705060165,0.10945503155650671,5,2,0.0282048871817785,0.0,0.0,0.0921029504864443,0.0,0.0,False,True,model_output_path,gate5a_id_unsw,128,128
id,id6292a46b,qsvc_pauli_xyz_r1,8,corruption,feature_sign_flip_p_0.050,0.053125,0.0921875,0.1754577095220974,0.17063313284800327,0.0,0.1849902934192803,0.14613490895349224,5,2,0.0036210333445833,0.1262203506156843,0.0,0.0630264921200903,0.0,0.0,False,True,model_output_path,gate5a_id_unsw,128,128
id,idcc6a61e9,qsvc_z_r1,8,covariate_shift,scaling_drift_alpha_0.050,0.053125,0.18359375,0.7099707809791169,0.6997356676047627,0.0,0.2598170168827941,0.37254797771209286,5,2,0.2738636407446908,0.6670334750035418,0.875,0.5539049297564652,0.0,0.0,False,True,model_output_path,gate5b_id_ton_iot,128,128
id,idcc6a61e9,qsvc_zz_r1,12,covariate_shift,mean_shift_pf_delta_0.020,0.053125,0.07890625,0.423334312701204,0.5040081686266211,0.0,0.11202134654175569,0.2341944915650239,5,2,0.1809657074379061,0.0313699873574383,1.0,0.5046380200637486,0.0,0.0,False,True,model_output_path,gate5b_id_ton_iot,128,128
id,id6292a46b,qsvc_zz_r1,10,pipeline,feature_dropout_p_0.100,0.05234375,0.05859375,0.010907316092503515,0.038543421725735064,0.0,0.09994282614057809,0.05944434705507552,5,2,0.0117866138108793,0.0,0.0,0.0582079850894188,0.0,0.0,False,True,model_output_path,gate5a_id_unsw,128,128
id,id8c8771f4,svc_rbf,12,corruption,feature_sign_flip_p_0.100,0.051953125,0.076953125,0.018428351085777235,0.04728474258649775,0.0,0.0601654123352795,0.044542366547489866,5,2,0.0183597422601288,0.0,0.0833333333333333,0.0873104748629331,0.0,0.0,False,True,model_output_path,gate2_id_256,256,256
id,id6292a46b,qsvc_pauli_xyz_r1,12,covariate_shift,scaling_drift_alpha_0.100,0.0515625,0.1546875,0.6801385768987679,0.7359120144052476,0.0,0.23720322525252682,0.3754240167166931,5,2,0.290418667735239,0.1542682668474247,0.8333333333333334,0.4015449227837965,0.0,0.0,False,True,model_output_path,gate5a_id_unsw,128,128
id,id8c8771f4,svc_rbf,10,corruption,feature_sign_flip_p_0.100,0.0515625,0.09140625,0.020017573487994485,0.05257008746531522,0.0,0.06763423645281488,0.0498592301932123,5,2,0.0186981038778553,0.0591940768506919,0.1,0.1020754359461725,0.0,0.0,False,True,model_output_path,gate2_id_256,256,256
id,id8c8771f4,qsvc_zz_r1,12,corruption,feature_sign_flip_p_0.020,0.05078125,0.11015625,0.08685931651062896,0.08081398890314337,0.0,0.12236729725190343,0.0850084038065537,5,2,0.0027463542369367,0.1005136840240684,0.0,0.0457737786986036,0.0,0.0,False,True,model_output_path,gate2_id_256,256,256
id,id6292a46b,qsvc_pauli_xyz_r1,8,covariate_shift,scaling_drift_alpha_0.100,0.05,0.14609375,0.7112631522693071,0.7457860071432496,0.0,0.32442384150818715,0.4186602941921758,5,2,0.263884169804277,0.1101688348302138,0.75,0.3032060967112474,0.0,0.0,False,True,model_output_path,gate5a_id_unsw,128,128
ood,tr649b5ffb__te0e535a99,qsvc_zz_r1,10,covariate_shift,mean_shift_pf_delta_0.020,0.05,0.07734375,0.5377451466636541,0.5159313057068691,0.0,0.12393212248480148,0.24394416684104397,5,2,0.2739350143119966,0.5204986654997,1.0,0.3932868067307649,0.0,0.0,False,True,model_output_path,gate3b_ood_tue_fri_portscan,128,128
id,idcc6a61e9,qsvc_pauli_xyz_r1,8,corruption,feature_sign_flip_p_0.100,0.04921875,0.13046875,0.16380099035729198,0.1710748762719143,0.0,0.09697190862416424,0.10628718620077075,5,2,0.0231465482049911,0.344883344829077,0.0,0.138600945297964,0.0,0.0,False,True,model_output_path,gate5b_id_ton_iot,128,128
id,id8c8771f4,qsvc_zz_r1,10,corruption,feature_sign_flip_p_0.020,0.048828125,0.098828125,0.07265043918183625,0.06857809275594708,0.0,0.10987784236946956,0.07488196207919419,5,2,0.0033313620367429,0.082165015940707,0.0,0.0419048899702347,0.0,0.0,False,True,model_output_path,gate2_id_256,256,256
id,idcc6a61e9,qsvc_z_r1,8,corruption,feature_sign_flip_p_0.100,0.0484375,0.13984375,0.16380099035729198,0.1680696155539391,0.0,0.14103555746841068,0.12522329541434635,5,2,0.0231465482049911,0.344883344829077,0.0,0.1195241897050131,0.0,0.0,False,True,model_output_path,gate5b_id_ton_iot,128,128
id,id6292a46b,qsvc_pauli_xyz_r1,10,covariate_shift,scaling_drift_alpha_0.100,0.04765625,0.1609375,0.6595146899072353,0.715290298840592,0.0,0.2509704382212691,0.37418303513351947,5,2,0.2620206206615724,0.1545661939692502,0.8,0.4465477339920037,0.0,0.0,False,True,model_output_path,gate5a_id_unsw,128,128
id,idcc6a61e9,qsvc_pauli_xyz_r1,8,covariate_shift,scaling_drift_alpha_0.050,0.04765625,0.17109375,0.7099707809791169,0.7206207849213355,0.0,0.2345841840162799,0.36867309634243106,5,2,0.2738636407446908,0.6670334750035418,0.875,0.6153970737812497,0.0,0.0,False,True,model_output_path,gate5b_id_ton_iot,128,128
id,idcc6a61e9,qsvc_zz_r1,8,corruption,feature_sign_flip_p_0.020,0.04765625,0.04765625,0.0063054531994779,0.0142568480912456,0.0,0.0578891851798897,0.03149757438767554,5,2,0.0058978780367016,0.0359730910775637,0.0,0.0320749870831138,0.0,0.0,False,True,model_output_path,gate5b_id_ton_iot,128,128
id,idcc6a61e9,qsvc_zz_r1,8,pipeline,feature_dropout_p_0.100,0.04765625,0.05703125,0.005710059259009717,0.029947356662837536,0.0,0.06391545294738264,0.03994242648984213,5,2,0.0074415341378622,0.0,0.0,0.0876599124825916,0.0,0.0,False,True,model_output_path,gate5b_id_ton_iot,128,128
id,idcc6a61e9,qsvc_zz_r1,10,corruption,feature_sign_flip_p_0.020,0.046875,0.065625,0.023325070906120453,0.03222728313959673,0.0,0.07156037415102273,0.04424645484668187,5,2,0.0057549629470155,0.0983447558501912,0.0,0.0527453443973779,0.0,0.0,False,True,model_output_path,gate5b_id_ton_iot,128,128
ood,trc82af0ba__te3ec6a4d7,qsvc_zz_r1,12,corruption,feature_sign_flip_p_0.100,0.04609375,0.39140625,0.3294554004122057,0.35007930702106277,0.0,0.47473416320480516,0.3430898221916615,5,2,0.010349240246815,0.5530257372990872,0.0833333333333333,0.2531316222809049,0.0,0.0,False,True,model_output_path,gate3c_ood_wed_thu_webattacks,128,128
id,idcc6a61e9,qsvc_z_r1,8,covariate_shift,mean_shift_pf_delta_0.100,0.0453125,0.1078125,0.6316231032686009,0.6419875543926896,0.0,0.1624691269228065,0.3072996229258901,5,2,0.3737427542127327,0.5852574797670717,1.0,0.6237850634229675,0.0,0.0,False,True,model_output_path,gate5b_id_ton_iot,128,128
id,idcc6a61e9,qsvc_z_r1,12,corruption,feature_sign_flip_p_0.050,0.0453125,0.12734375,0.1344665160517467,0.13613941168851604,0.0,0.12634389099560508,0.10693428197564452,5,2,0.0113718990024516,0.2676632625261293,0.0,0.1061759116923429,0.0,0.0,False,True,model_output_path,gate5b_id_ton_iot,128,128
ood,tr993984ca__teb9107599,svc_rbf,10,corruption,feature_sign_flip_p_0.100,0.0453125,0.103125,0.02748032922136187,0.085777411958022,0.0,0.11226205813802151,0.0822199944111087,5,2,0.0242758301470257,0.0,0.0,0.0998970904937603,0.0,0.0,False,True,model_output_path,gate6_ood_unsw,128,128
id,idcc6a61e9,svc_rbf,10,corruption,feature_sign_flip_p_0.100,0.04453125,0.06484375,0.06546767897334224,0.09642250314626685,0.0,0.06421387785039182,0.06425085471245695,5,2,0.0291219971114221,0.1045625083176899,0.0,0.158090015726203,0.0,0.0,False,True,model_output_path,gate5b_id_ton_iot,128,128
ood,tr993984ca__teb9107599,qsvc_zz_r1,12,corruption,feature_sign_flip_p_0.020,0.04453125,0.06015625,0.029578999690262963,0.036302481342976006,0.0,0.10781789172521976,0.062209034908909354,5,2,0.0026916597086804,0.0848339666361638,0.0,0.0229585088543634,0.0,0.0,False,True,model_output_path,gate6_ood_unsw,128,128
ood,tr649b5ffb__te0e535a99,qsvc_zz_r1,8,covariate_shift,mean_shift_pf_delta_0.020,0.04375,0.0484375,0.5573530333784996,0.5345563412897606,0.0,0.0852098127498682,0.23311585717348943,5,2,0.2734151570698027,0.5268622954017803,1.0,0.4080661437141588,0.0,0.0,False,True,model_output_path,gate3b_ood_tue_fri_portscan,128,128
ood,tr993984ca__teb9107599,svc_rbf,8,corruption,feature_sign_flip_p_0.100,0.04375,0.10625,0.028860110106038183,0.07579658417618626,0.0,0.14572171308325457,0.09379953655645618,5,2,0.0258132584669992,0.0,0.0,0.0891118320441739,0.0,0.0,False,True,model_output_path,gate6_ood_unsw,128,128
id,id6292a46b,qsvc_z_r1,8,corruption,feature_sign_flip_p_0.050,0.04296875,0.06484375,0.1754577095220974,0.17218483142876087,0.0,0.14033893621836432,0.12640309152789683,5,2,0.0036210333445833,0.1262203506156843,0.0,0.0745107490189857,0.0,0.0,False,True,model_output_path,gate5a_id_unsw,128,128
ood,tr993984ca__teb9107599,qsvc_zz_r1,10,corruption,feature_sign_flip_p_0.020,0.04296875,0.05078125,0.008196837231338471,0.020444924370004558,0.0,0.11442102084587458,0.059444072882671915,5,2,0.0029743066906223,0.019461200418661,0.0,0.0224771893754936,0.0,0.0,False,True,model_output_path,gate6_ood_unsw,128,128
id,id6292a46b,qsvc_z_r1,10,corruption,feature_sign_flip_p_0.050,0.0421875,0.075,0.20042514367394312,0.1889175315915619,0.0,0.12317673091436569,0.12468670735800691,5,2,0.0067472563951266,0.1852339515862214,0.0,0.0782744862051572,0.0,0.0,False,True,model_output_path,gate5a_id_unsw,128,128
id,id6292a46b,qsvc_zz_r1,8,covariate_shift,scaling_drift_alpha_0.050,0.0421875,0.08828125,0.4852876950222493,0.5887248783036156,0.0,0.19720113375167275,0.3037186529066206,5,2,0.219550496460648,0.0,0.75,0.3419564573385449,0.0,0.0,False,True,model_output_path,gate5a_id_unsw,128,128
id,id6292a46b,qsvc_zz_r1,8,pipeline,feature_dropout_p_0.100,0.0421875,0.05625,0.012786877847072078,0.04380428015692354,0.0,0.15024121243175376,0.0842202893442239,5,2,0.0128544379123904,0.0,0.0,0.0526811383807785,0.0,0.0,False,True,model_output_path,gate5a_id_unsw,128,128
id,idcc6a61e9,svc_rbf,12,corruption,feature_sign_flip_p_0.100,0.0421875,0.06484375,0.049255560689839134,0.08486045872118189,0.0,0.06206279868785636,0.05906871166581903,5,2,0.0261322495290777,0.092866365241762,0.0833333333333333,0.1590008178880005,0.0,0.0,False,True,model_output_path,gate5b_id_ton_iot,128,128
ood,tr649b5ffb__te0e535a99,qsvc_zz_r1,10,corruption,feature_sign_flip_p_0.020,0.0421875,0.05859375,0.05079399874533062,0.05284269057096637,0.0,0.09129185947528792,0.060711823605482274,5,2,0.0059472631293486,0.1701849121727626,0.0,0.0557283728396926,0.0,0.0,False,True,model_output_path,gate3b_ood_tue_fri_portscan,128,128
ood,tr993984ca__teb9107599,qsvc_zz_r1,8,pipeline,feature_dropout_p_0.100,0.0421875,0.06875,0.013476994207900748,0.04595365791777016,0.0,0.17361153642302712,0.09562475579874694,5,2,0.0134309680929534,0.0,0.0,0.0511051250370718,0.0,0.0,False,True,model_output_path,gate6_ood_unsw,128,128
ood,tr993984ca__teb9107599,svc_rbf,12,corruption,feature_sign_flip_p_0.100,0.0421875,0.1046875,0.0325735270385228,0.08285694368957781,0.0,0.1163275708616899,0.08300596627879644,5,2,0.0248887411606678,0.0,0.0833333333333333,0.0930759594522184,0.0,0.0,False,True,model_output_path,gate6_ood_unsw,128,128
id,id6292a46b,qsvc_zz_r1,12,pipeline,feature_dropout_p_0.100,0.03984375,0.05234375,0.008753137859901037,0.039549005413681275,0.0,0.07892649640614476,0.05025713669867717,5,2,0.0090701493652016,0.0,0.0,0.0678860169849997,0.0,0.0,False,True,model_output_path,gate5a_id_unsw,128,128
ood,trc82af0ba__te3ec6a4d7,qsvc_zz_r1,12,covariate_shift,scaling_drift_alpha_0.050,0.0390625,0.48984375,0.6998473458628414,0.7564929178514046,0.0,0.6412227715410843,0.5665532299191854,5,2,0.4687434111608358,0.4241906038708626,1.0,0.5989877562166002,0.0,0.0,False,True,model_output_path,gate3c_ood_wed_thu_webattacks,128,128
ood,tr993984ca__teb9107599,qsvc_zz_r1,10,pipeline,feature_dropout_p_0.100,0.03828125,0.05546875,0.011791966803257748,0.04564758821612356,0.0,0.10615291922993308,0.06485044991037817,5,2,0.0133921869120971,0.0,0.0,0.0509456753476023,0.0,0.0,False,True,model_output_path,gate6_ood_unsw,128,128
id,id8c8771f4,svc_rbf,12,corruption,feature_sign_flip_p_0.050,0.0375,0.04765625,0.005911459228107681,0.022051832951913423,0.0,0.03476720364923103,0.023822122732164434,5,2,0.0080550706304906,0.0,0.0,0.0504947443772546,0.0,0.0,False,True,model_output_path,gate2_id_256,256,256
id,idcc6a61e9,qsvc_zz_r1,12,pipeline,feature_dropout_p_0.050,0.0375,0.0390625,0.0026533955251932693,0.027166060060794084,0.0,0.04669555829461413,0.031103821065113363,5,2,0.0032051907796979,0.0,0.0,0.0771030937422718,0.0,0.0,False,True,model_output_path,gate5b_id_ton_iot,128,128
ood,tr649b5ffb__te0e535a99,qsvc_zz_r1,12,covariate_shift,mean_shift_pf_delta_0.020,0.0375,0.05859375,0.5282629610842166,0.5173275968799249,0.0,0.07250595268251905,0.22107637735748137,5,2,0.2728795821194598,0.5279225867317496,1.0,0.4348843310924409,0.0,0.0,False,True,model_output_path,gate3b_ood_tue_fri_portscan,128,128
id,id8c8771f4,qsvc_zz_r1,8,covariate_shift,mean_shift_pf_delta_0.100,0.0359375,0.080078125,0.5993226939410272,0.6737115947842679,0.0,0.0979722381314713,0.28951886998131166,5,2,0.3773901116433403,0.324089611306555,1.0,0.6345613037219578,0.0,0.0,False,True,model_output_path,gate2_id_256,256,256
id,idcc6a61e9,qsvc_z_r1,10,corruption,feature_sign_flip_p_0.050,0.0359375,0.0875,0.12072370682907858,0.12161108880490183,0.0,0.09288660124633592,0.08644339649557155,5,2,0.0103861743908505,0.2518558041620498,0.0,0.0945696982984384,0.0,0.0,False,True,model_output_path,gate5b_id_ton_iot,128,128
id,idcc6a61e9,qsvc_zz_r1,8,pipeline,feature_dropout_p_0.050,0.0359375,0.0375,0.002954573991227206,0.020272009803082056,0.0,0.042018547134933706,0.026470979535181523,5,2,0.0032943627322772,0.0,0.0,0.0615457388174425,0.0,0.0,False,True,model_output_path,gate5b_id_ton_iot,128,128
ood,tr649b5ffb__te0e535a99,qsvc_zz_r1,8,corruption,feature_sign_flip_p_0.050,0.0359375,0.04609375,0.10846220571803497,0.11080347547962535,0.0,0.150696263257579,0.10879047438239968,5,2,0.0105121772062206,0.2590548772471085,0.0,0.0885914062893445,0.0,0.0,False,True,model_output_path,gate3b_ood_tue_fri_portscan,128,128
id,id6292a46b,qsvc_zz_r1,10,corruption,feature_sign_flip_p_0.020,0.034375,0.0421875,0.0025971148284854076,0.011543947634848914,0.0,0.08901610642038135,0.044659665694663855,5,2,0.0034059894708644,0.0,0.0,0.0188576041751089,0.0,0.0,False,True,model_output_path,gate5a_id_unsw,128,128
id,id6292a46b,svc_rbf,10,corruption,feature_sign_flip_p_0.100,0.034375,0.0796875,0.02942584861497785,0.0793119895434711,0.0,0.12701164830813794,0.0865732908831431,5,2,0.0264937259677927,0.0,0.0,0.1013870665695165,0.0,0.0,False,True,model_output_path,gate5a_id_unsw,128,128
id,id8c8771f4,qsvc_zz_r1,8,corruption,feature_sign_flip_p_0.020,0.034375,0.06875,0.0656654825946352,0.05837176217389559,0.0,0.066555236976855,0.05147847577998703,5,2,0.003110323192503,0.066221664738536,0.0,0.030035363294612,0.0,0.0,False,True,model_output_path,gate2_id_256,256,256
ood,tr993984ca__teb9107599,qsvc_zz_r1,8,corruption,feature_sign_flip_p_0.020,0.03359375,0.04453125,0.019997743394767724,0.027403713186399163,0.0,0.11089007287213046,0.06036956519147718,5,2,0.0044689999823184,0.0478515964831553,0.0,0.0274209769823447,0.0,0.0,False,True,model_output_path,gate6_ood_unsw,128,128
id,id6292a46b,qsvc_z_r1,8,covariate_shift,scaling_drift_alpha_0.100,0.0328125,0.1421875,0.7112631522693071,0.7314071512677709,0.0,0.2659020987588066,0.3868308271695561,5,2,0.263884169804277,0.1101688348302138,0.75,0.2971095540527801,0.0,0.0,False,True,model_output_path,gate5a_id_unsw,128,128
id,id6292a46b,qsvc_pauli_xyz_r1,12,corruption,feature_sign_flip_p_0.020,0.03203125,0.05234375,0.008107659471110069,0.02588958964580616,0.0,0.07417597826258875,0.04313074999056076,5,2,0.0031683132584907,0.037061934449934,0.0,0.0349718398995775,0.0,0.0,False,True,model_output_path,gate5a_id_unsw,128,128
id,idcc6a61e9,qsvc_z_r1,8,corruption,feature_sign_flip_p_0.050,0.03203125,0.08203125,0.1002897222793138,0.09859586038503279,0.0,0.08408483633614958,0.0740734202928072,5,2,0.0118922158260723,0.2073270130142464,0.0,0.0706865678856523,0.0,0.0,False,True,model_output_path,gate5b_id_ton_iot,128,128
id,idcc6a61e9,qsvc_zz_r1,10,pipeline,feature_dropout_p_0.050,0.03203125,0.034375,0.0017177779600319083,0.021443288265855655,0.0,0.044092804946394816,0.02783974343594515,5,2,0.0025137710359848,0.0,0.0,0.0726948907724633,0.0,0.0,False,True,model_output_path,gate5b_id_ton_iot,128,128
id,idcc6a61e9,svc_rbf,10,pipeline,feature_dropout_p_0.100,0.03203125,0.03828125,0.004851422192316888,0.01887993696511218,0.0,0.049583122540410876,0.029403214596591194,5,2,0.0059290680750039,0.0,0.0,0.0613145103470582,0.0,0.0,False,True,model_output_path,gate5b_id_ton_iot,128,128
ood,trc82af0ba__te3ec6a4d7,qsvc_zz_r1,10,covariate_shift,mean_shift_pf_delta_0.050,0.03203125,0.08671875,0.5461547673130036,0.576650271857591,0.0,0.17329931138961993,0.288463422216224,5,2,0.4210626604593269,0.1343306736409957,1.0,0.6254040924725948,0.0,0.0,False,True,model_output_path,gate3c_ood_wed_thu_webattacks,128,128
ood,tr993984ca__teb9107599,qsvc_zz_r1,12,pipeline,feature_dropout_p_0.100,0.03046875,0.04765625,0.00914242186392699,0.05333766861490914,0.0,0.08001521231374645,0.05576606691166989,5,2,0.0085658470113437,0.0,0.0,0.0806908869676726,0.0,0.0,False,True,model_output_path,gate6_ood_unsw,128,128
ood,tr993984ca__teb9107599,svc_rbf,12,corruption,feature_sign_flip_p_0.050,0.03046875,0.05703125,0.012930488607592225,0.04667468102817392,0.0,0.0738654790347266,0.05054782902602987,5,2,0.0112190953890933,0.0,0.0,0.0664881762225513,0.0,0.0,False,True,model_output_path,gate6_ood_unsw,128,128
ood,trc82af0ba__te3ec6a4d7,qsvc_zz_r1,12,corruption,feature_sign_flip_p_0.050,0.03046875,0.25859375,0.22353294352718672,0.2176216182716994,0.0,0.29099620957871347,0.2114061382709423,5,2,0.0061132309553468,0.3637613245359395,0.0,0.1487036079215708,0.0,0.0,False,True,model_output_path,gate3c_ood_wed_thu_webattacks,128,128
id,id6292a46b,svc_rbf,12,corruption,feature_sign_flip_p_0.100,0.0296875,0.08984375,0.03229913242558058,0.07535081346043718,0.0,0.09973517902227515,0.07273446808664767,5,2,0.0260070518037218,0.0,0.0833333333333333,0.0846174689840972,0.0,0.0,False,True,model_output_path,gate5a_id_unsw,128,128
ood,tr993984ca__teb9107599,qsvc_zz_r1,8,covariate_shift,scaling_drift_alpha_0.050,0.0296875,0.078125,0.5311833543016624,0.6390465269225248,0.0,0.17139087148272816,0.31028549682761275,5,2,0.2257122427135154,0.015073476153569,0.75,0.3320850890699308,0.0,0.0,False,True,model_output_path,gate6_ood_unsw,128,128
ood,tr993984ca__teb9107599,svc_rbf,8,corruption,feature_sign_flip_p_0.050,0.0296875,0.05859375,0.013878940617519644,0.04207629528754575,0.0,0.09433545717791061,0.05818022427633964,5,2,0.0128239822222792,0.0,0.0,0.0531885448889576,0.0,0.0,False,True,model_output_path,gate6_ood_unsw,128,128
id,idcc6a61e9,qsvc_z_r1,10,pipeline,feature_dropout_p_0.100,0.02890625,0.04140625,0.004851422192559273,0.02562728887526018,0.0,0.05084105857449127,0.03242858621577246,5,2,0.0059290680750487,0.0,0.0,0.0637388427954238,0.0,0.0,False,True,model_output_path,gate5b_id_ton_iot,128,128
id,id6292a46b,qsvc_pauli_xyz_r1,12,covariate_shift,mean_shift_pf_delta_0.100,0.028125,0.0703125,0.5651132875102169,0.5593545235703342,0.0,0.13374322220152018,0.2641940186626307,5,2,0.2971793595926784,0.054285516483484,1.0,0.2470501306758276,0.0,0.0,False,True,model_output_path,gate5a_id_unsw,128,128
id,id6292a46b,svc_rbf,8,pipeline,feature_dropout_p_0.100,0.028125,0.05,0.012786877846381998,0.0411393687803008,0.0,0.12525623039361897,0.07189442064448164,5,2,0.0128544379122902,0.0,0.0,0.0469005528684353,0.0,0.0,False,True,model_output_path,gate5a_id_unsw,128,128
id,idcc6a61e9,qsvc_pauli_xyz_r1,12,corruption,feature_sign_flip_p_0.020,0.028125,0.05390625,0.03477512457741669,0.043288449133388786,0.0,0.050134394061948126,0.03852961516757234,5,2,0.0054903840744061,0.114749581828258,0.0,0.0485245437404836,0.0,0.0,False,True,model_output_path,gate5b_id_ton_iot,128,128
id,id6292a46b,qsvc_pauli_xyz_r1,10,covariate_shift,mean_shift_pf_delta_0.100,0.02734375,0.059375,0.5881487723533241,0.5704836767862613,0.0,0.12416168454337195,0.263885739078355,5,2,0.3013666056084167,0.024364631643031,1.0,0.2369522341332308,0.0,0.0,False,True,model_output_path,gate5a_id_unsw,128,128
id,id6292a46b,qsvc_z_r1,10,covariate_shift,scaling_drift_alpha_0.100,0.02734375,0.1375,0.6595146899072353,0.6589429056985568,0.0,0.1769596319980747,0.3200517984349637,5,2,0.2620206206615724,0.1545661939692502,0.8,0.2729876479468941,0.0,0.0,False,True,model_output_path,gate5a_id_unsw,128,128
ood,trc82af0ba__te3ec6a4d7,qsvc_zz_r1,8,covariate_shift,mean_shift_pf_delta_0.100,0.02734375,0.18359375,0.671449859526801,0.7058616686573975,0.0,0.2246432051476117,0.3587875182152408,5,2,0.4591395173777558,0.3365678470425887,1.0,0.6049936708614954,0.0,0.0,False,True,model_output_path,gate3c_ood_wed_thu_webattacks,128,128
id,id6292a46b,qsvc_z_r1,10,pipeline,feature_dropout_p_0.100,0.0265625,0.05234375,0.010907316092503515,0.03707098445843399,0.0,0.10054054375436261,0.059180605145959,5,2,0.0117866138108793,0.0,0.0,0.0563008919867635,0.0,0.0,False,True,model_output_path,gate5a_id_unsw,128,128
id,id6292a46b,svc_rbf,10,corruption,feature_sign_flip_p_0.050,0.0265625,0.0390625,0.014239311208500516,0.04108183830446382,0.0,0.056117562062998824,0.04044683304844086,5,2,0.0136346960314269,0.0,0.0,0.06392185311771,0.0,0.0,False,True,model_output_path,gate5a_id_unsw,128,128
id,idcc6a61e9,qsvc_pauli_xyz_r1,10,pipeline,feature_dropout_p_0.100,0.02578125,0.03515625,0.004851422192559273,0.024103421197504582,0.0,0.040629835643601966,0.02723298754618438,5,2,0.0059290680750487,0.0,0.0,0.0851476294564721,0.0,0.0,False,True,model_output_path,gate5b_id_ton_iot,128,128
ood,tr993984ca__teb9107599,qsvc_zz_r1,10,pipeline,feature_dropout_p_0.050,0.02578125,0.03203125,0.004631094711069598,0.0241335960496424,0.0,0.060748196727664974,0.03638866980335405,5,2,0.0051572847687826,0.0,0.0,0.037148915023497,0.0,0.0,False,True,model_output_path,gate6_ood_unsw,128,128
id,id6292a46b,qsvc_zz_r1,8,corruption,feature_sign_flip_p_0.020,0.025,0.03828125,0.002601575703247135,0.013422318519603646,0.0,0.09572996470516558,0.0483944634185675,5,2,0.0029745182620362,0.0,0.0,0.0292847883991739,0.0,0.0,False,True,model_output_path,gate5a_id_unsw,128,128
id,idcc6a61e9,qsvc_z_r1,8,pipeline,feature_dropout_p_0.100,0.025,0.034375,0.005710059259009717,0.02425671201134884,0.0,0.03229507282873628,0.02350020110809789,5,2,0.0074415341378622,0.0,0.0,0.0638597374660105,0.0,0.0,False,True,model_output_path,gate5b_id_ton_iot,128,128
id,idcc6a61e9,qsvc_z_r1,12,pipeline,feature_dropout_p_0.100,0.025,0.0359375,0.005128862365846626,0.026023519208570184,0.0,0.03771987779876178,0.026608496893462695,5,2,0.0071759391064688,0.0,0.0,0.0611525651017356,0.0,0.0,False,True,model_output_path,gate5b_id_ton_iot,128,128
ood,trc82af0ba__te3ec6a4d7,qsvc_zz_r1,10,covariate_shift,scaling_drift_alpha_0.100,0.025,0.5296875,0.8664764963179532,0.8825263597995194,0.0,0.7153045065348662,0.6460570883520371,5,2,0.4302345551537699,0.7023475025285613,1.0,0.6079086432673566,0.0,0.0,False,True,model_output_path,gate3c_ood_wed_thu_webattacks,128,128
ood,trc82af0ba__te3ec6a4d7,qsvc_zz_r1,12,covariate_shift,mean_shift_pf_delta_0.050,0.025,0.0890625,0.5372528321552347,0.5768047212893761,0.0,0.10097723329330655,0.25564591378400336,5,2,0.4125642026971991,0.1155696835847309,1.0,0.6323224501522455,0.0,0.0,False,True,model_output_path,gate3c_ood_wed_thu_webattacks,128,128
id,id8c8771f4,svc_rbf,8,corruption,feature_sign_flip_p_0.050,0.024609375,0.043359375,0.0067615528838687895,0.021996117353512572,0.0,0.030495511626957288,0.021860184322621524,5,2,0.0098398052323927,0.0,0.0,0.0534066395355819,0.0,0.0,False,True,model_output_path,gate2_id_256,256,256
id,idcc6a61e9,qsvc_pauli_xyz_r1,12,pipeline,feature_dropout_p_0.100,0.02421875,0.03515625,0.005128862365846626,0.029739003095276738,0.0,0.036202573662593586,0.0272698982449159,5,2,0.0071759391064688,0.0,0.0,0.1036569734076312,0.0,0.0,False,True,model_output_path,gate5b_id_ton_iot,128,128
id,idcc6a61e9,svc_rbf,12,corruption,feature_sign_flip_p_0.050,0.02421875,0.03046875,0.014052242952168201,0.03807071010422113,0.0,0.03345793208325835,0.02905204553028875,5,2,0.0136565909695112,0.0218948490472581,0.0,0.0872298773625204,0.0,0.0,False,True,model_output_path,gate5b_id_ton_iot,128,128
ood,trc82af0ba__te3ec6a4d7,svc_rbf,8,corruption,feature_sign_flip_p_0.100,0.02421875,0.06953125,0.08499774431881892,0.10078157176133255,0.0,0.137638039049515,0.09921058929935501,5,2,0.0288491344962484,0.1386291821117695,0.0,0.1162970292099575,0.0,0.0,False,True,model_output_path,gate3c_ood_wed_thu_webattacks,128,128
ood,trc82af0ba__te3ec6a4d7,svc_rbf,12,corruption,feature_sign_flip_p_0.100,0.02421875,0.0546875,0.0779361614295337,0.10977945039352191,0.0,0.2154643741143601,0.13785815201326254,5,2,0.0244091681809495,0.1128829527803467,0.0,0.1303369932810324,0.0,0.0,False,True,model_output_path,gate3c_ood_wed_thu_webattacks,128,128
ood,trc82af0ba__te5c44b321,qsvc_zz_r1,12,covariate_shift,scaling_drift_alpha_0.100,0.02421875,0.66015625,0.9027777777777779,0.9110429100618017,0.0,0.7857202561134431,0.6884339018922201,5,2,0.5331637401393665,0.8782020745939468,0.9166666666666666,0.626899318475868,0.0,0.0,False,True,model_output_path,gate3d_ood_wed_fri_morning,128,128
id,id6292a46b,qsvc_pauli_xyz_r1,10,corruption,feature_sign_flip_p_0.020,0.0234375,0.03828125,0.0025971148284854076,0.01751786842942997,0.0,0.06897993376275333,0.03772464932104423,5,2,0.0034059894708644,0.0,0.0,0.0376093788569964,0.0,0.0,False,True,model_output_path,gate5a_id_unsw,128,128
id,id6292a46b,qsvc_z_r1,8,pipeline,feature_dropout_p_0.100,0.0234375,0.05078125,0.012786877847072078,0.043568081073083006,0.0,0.14361244335653253,0.08112132191590862,5,2,0.0128544379123904,0.0,0.0,0.0622225221889172,0.0,0.0,False,True,model_output_path,gate5a_id_unsw,128,128
id,idcc6a61e9,qsvc_z_r1,12,covariate_shift,mean_shift_pf_delta_0.100,0.0234375,0.12109375,0.6062825721187483,0.6078067557224228,0.0,0.19405647669787882,0.3092281278526441,5,2,0.353682980869936,0.4555076937084055,1.0,0.478308361761218,0.0,0.0,False,True,model_output_path,gate5b_id_ton_iot,128,128
ood,tr993984ca__teb9107599,qsvc_zz_r1,12,pipeline,feature_dropout_p_0.050,0.0234375,0.034375,0.00450345055370258,0.03206465601332302,0.0,0.06076469159026535,0.039280189273147165,5,2,0.0057675394390511,0.0,0.0,0.047636502786823,0.0,0.0,False,True,model_output_path,gate6_ood_unsw,128,128
ood,trc82af0ba__te3ec6a4d7,svc_rbf,10,corruption,feature_sign_flip_p_0.100,0.0234375,0.06484375,0.08063773935403151,0.10374466902119713,0.0,0.18600398824333303,0.12227260157285942,5,2,0.0246845693875239,0.1201679085696792,0.0,0.1429191565942623,0.0,0.0,False,True,model_output_path,gate3c_ood_wed_thu_webattacks,128,128
id,id8c8771f4,svc_rbf,8,pipeline,feature_dropout_p_0.100,0.023046875,0.023046875,0.0025351849652106998,0.012789187694668644,0.0,0.021477492546647638,0.014413110319264793,5,2,0.0044422848260862,0.0,0.0,0.0378052237432442,0.0,0.0,False,True,model_output_path,gate2_id_256,256,256
id,id6292a46b,qsvc_z_r1,12,covariate_shift,scaling_drift_alpha_0.100,0.021875,0.11171875,0.6801385768987679,0.6958970344587486,0.0,0.11632826054331225,0.30592994914105054,5,2,0.290418667735239,0.1542682668474247,0.8333333333333334,0.315759126543952,0.0,0.0,False,True,model_output_path,gate5a_id_unsw,128,128
id,id6292a46b,svc_rbf,8,corruption,feature_sign_flip_p_0.050,0.021875,0.04140625,0.012437606942912937,0.03817196852861467,0.0,0.07577146389242623,0.04832229032514453,5,2,0.0128662797601362,0.0,0.0,0.0480411658250149,0.0,0.0,False,True,model_output_path,gate5a_id_unsw,128,128
ood,trc82af0ba__te3ec6a4d7,qsvc_zz_r1,8,covariate_shift,scaling_drift_alpha_0.020,0.021875,0.1125,0.529617895585029,0.6186208470353953,0.0,0.1653682769384396,0.3001204338939799,5,2,0.3747473350845887,0.2303393518289474,0.875,0.6331024298205423,0.0,0.0,False,True,model_output_path,gate3c_ood_wed_thu_webattacks,128,128
id,id6292a46b,svc_rbf,12,corruption,feature_sign_flip_p_0.050,0.02109375,0.0453125,0.013017450698457406,0.04413335934215166,0.0,0.05523644022141366,0.041155967134152274,5,2,0.0137903845252266,0.0,0.0,0.0618496670039728,0.0,0.0,False,True,model_output_path,gate5a_id_unsw,128,128
id,idcc6a61e9,qsvc_pauli_xyz_r1,8,corruption,feature_sign_flip_p_0.050,0.02109375,0.0734375,0.1002897222793138,0.09915201086190975,0.0,0.05782969304999121,0.062341500790690466,5,2,0.0118922158260723,0.2073270130142464,0.0,0.0776944158515599,0.0,0.0,False,True,model_output_path,gate5b_id_ton_iot,128,128
id,idcc6a61e9,qsvc_pauli_xyz_r1,8,pipeline,feature_dropout_p_0.100,0.02109375,0.03203125,0.005710059259009717,0.0278999381869743,0.0,0.0258473038470718,0.02189420654393238,5,2,0.0074415341378622,0.0,0.0,0.0729962662816188,0.0,0.0,False,True,model_output_path,gate5b_id_ton_iot,128,128
id,idcc6a61e9,qsvc_pauli_xyz_r1,10,corruption,feature_sign_flip_p_0.020,0.02109375,0.04921875,0.023325070906120453,0.030273658826494482,0.0,0.0573345683177357,0.037069770626786944,5,2,0.0057549629470155,0.0983447558501912,0.0,0.0566687791192007,0.0,0.0,False,True,model_output_path,gate5b_id_ton_iot,128,128
id,id6292a46b,qsvc_pauli_xyz_r1,8,covariate_shift,scaling_drift_alpha_0.050,0.0203125,0.06171875,0.4852876950222493,0.5061386526617749,0.0,0.14400931101406483,0.24950919688340215,5,2,0.219550496460648,0.0,0.75,0.2593481813622672,0.0,0.0,False,True,model_output_path,gate5a_id_unsw,128,128
id,id8c8771f4,svc_rbf,10,corruption,feature_sign_flip_p_0.050,0.0203125,0.03203125,0.006668318795271175,0.022129477455869285,0.0,0.023126362816502526,0.018559065809635435,5,2,0.010531040712007,0.0,0.0,0.0632377249209454,0.0,0.0,False,True,model_output_path,gate2_id_256,256,256
ood,tr993984ca__teb9107599,svc_rbf,8,pipeline,feature_dropout_p_0.100,0.0203125,0.0546875,0.01347699420787608,0.041266227073035525,0.0,0.11139438531697107,0.06563971226154522,5,2,0.0134309680928447,0.0,0.0,0.04452859071856,0.0,0.0,False,True,model_output_path,gate6_ood_unsw,128,128
id,id8c8771f4,svc_rbf,10,pipeline,feature_dropout_p_0.100,0.019921875,0.022265625,0.002742096469916714,0.013951099099799618,0.0,0.023465813779639876,0.015739405936127077,5,2,0.0042039610351243,0.0,0.0,0.0413657012210589,0.0,0.0,False,True,model_output_path,gate2_id_256,256,256
id,id6292a46b,qsvc_z_r1,12,corruption,feature_sign_flip_p_0.020,0.01953125,0.03671875,0.008107659471110069,0.024580509033836802,0.0,0.06356734645209532,0.03783261530871126,5,2,0.0031683132584907,0.037061934449934,0.0,0.0404177994528074,0.0,0.0,False,True,model_output_path,gate5a_id_unsw,128,128
id,idcc6a61e9,qsvc_pauli_xyz_r1,10,covariate_shift,mean_shift_pf_delta_0.100,0.01953125,0.1265625,0.6041772242294383,0.6058338418815098,0.0,0.21193955970691664,0.31663937873278386,5,2,0.3635862953075748,0.3900589708275503,1.0,0.4779929860265393,0.0,0.0,False,True,model_output_path,gate5b_id_ton_iot,128,128
id,idcc6a61e9,qsvc_z_r1,12,corruption,feature_sign_flip_p_0.020,0.01953125,0.04765625,0.03477512457741669,0.039660753956103426,0.0,0.046674319625151964,0.0356376921772885,5,2,0.0054903840744061,0.114749581828258,0.0,0.0372311026957412,0.0,0.0,False,True,model_output_path,gate5b_id_ton_iot,128,128
ood,tr993984ca__teb9107599,svc_rbf,10,pipeline,feature_dropout_p_0.100,0.01953125,0.04921875,0.011791966801558603,0.03694515523812714,0.0,0.0676297301302037,0.044175388327593365,5,2,0.0133921869091518,0.0,0.0,0.0556152537033506,0.0,0.0,False,True,model_output_path,gate6_ood_unsw,128,128
ood,trc82af0ba__te3ec6a4d7,svc_rbf,12,corruption,feature_sign_flip_p_0.050,0.01953125,0.0359375,0.013563596883168647,0.03836887134414978,0.0,0.20239102899102468,0.10594823912106568,5,2,0.0132009010079257,0.0430380089367239,0.0,0.0753038629433404,0.0,0.0,False,True,model_output_path,gate3c_ood_wed_thu_webattacks,128,128
id,id6292a46b,qsvc_pauli_xyz_r1,10,covariate_shift,scaling_drift_alpha_0.050,0.01875,0.06875,0.5075927154162685,0.5179801534928049,0.0,0.10523314481768935,0.23618966709633327,5,2,0.2067647611666415,0.0411004775541962,0.8,0.2509103153507774,0.0,0.0,False,True,model_output_path,gate5a_id_unsw,128,128
id,id6292a46b,qsvc_zz_r1,8,pipeline,feature_dropout_p_0.050,0.01875,0.03125,0.004821037237484222,0.021415740787894537,0.0,0.07975902654493203,0.04404164507965803,5,2,0.0062279634445618,0.0,0.0,0.0331878589220964,0.0,0.0,False,True,model_output_path,gate5a_id_unsw,128,128
id,id8c8771f4,qsvc_zz_r1,8,pipeline,feature_dropout_p_0.100,0.01875,0.0234375,0.0025351849656420422,0.015210568333668562,0.0,0.01659904408120639,0.013076135794609653,5,2,0.0044422848268219,0.0,0.0,0.0460470321352708,0.0,0.0,False,True,model_output_path,gate2_id_256,256,256
id,idcc6a61e9,qsvc_pauli_xyz_r1,8,covariate_shift,mean_shift_pf_delta_0.100,0.01875,0.10859375,0.6316231032686009,0.6636159573239435,0.0,0.16511778461341767,0.3163684320329875,5,2,0.3737427542127327,0.5852574797670717,1.0,0.6166853313582146,0.0,0.0,False,True,model_output_path,gate5b_id_ton_iot,128,128
id,idcc6a61e9,qsvc_pauli_xyz_r1,12,covariate_shift,scaling_drift_alpha_0.020,0.01875,0.0546875,0.462110807732829,0.4779581651476736,0.0,0.07852469059690988,0.20949601032502216,5,2,0.234975598805931,0.2297139892700802,0.8333333333333334,0.3830337896175726,0.0,0.0,False,True,model_output_path,gate5b_id_ton_iot,128,128
id,idcc6a61e9,qsvc_z_r1,8,covariate_shift,scaling_drift_alpha_0.020,0.01875,0.03984375,0.4564704821422255,0.4844213965933738,0.0,0.05880424601080854,0.2028824378570489,5,2,0.1930083617148153,0.4453272318137118,0.75,0.4744244086523422,0.0,0.0,False,True,model_output_path,gate5b_id_ton_iot,128,128
ood,tr649b5ffb__tec82af0ba,qsvc_zz_r1,12,covariate_shift,scaling_drift_alpha_0.100,0.01875,0.13046875,0.7075319669810796,0.7303830671681526,0.0,0.8170645310420467,0.6369868112620767,5,2,0.3887090647169384,0.1159447321793528,0.9166666666666666,0.3236947632945325,0.0,0.0,False,True,model_output_path,gate3a_ood_tue_wed,128,128
ood,tr993984ca__teb9107599,qsvc_zz_r1,12,covariate_shift,scaling_drift_alpha_0.020,0.01875,0.03828125,0.43256334106106686,0.5576469766289163,0.0,0.06586622815611796,0.23271991339056858,5,2,0.1586452371810807,0.0,0.8333333333333334,0.3287146778513574,0.0,0.0,False,True,model_output_path,gate6_ood_unsw,128,128
ood,tr993984ca__teb9107599,svc_rbf,10,corruption,feature_sign_flip_p_0.050,0.01875,0.05390625,0.014165788590187014,0.039214562887727185,0.0,0.05743863150567654,0.04036830991629922,5,2,0.0128814578128377,0.0,0.0,0.0577872115569418,0.0,0.0,False,True,model_output_path,gate6_ood_unsw,128,128
id,id6292a46b,qsvc_zz_r1,10,pipeline,feature_dropout_p_0.050,0.01796875,0.02421875,0.005331075863765244,0.022062338020861754,0.0,0.036828202925519395,0.024762760610094907,5,2,0.0053593596949979,0.0,0.0,0.0456607378589976,0.0,0.0,False,True,model_output_path,gate5a_id_unsw,128,128
id,id8c8771f4,svc_rbf,12,pipeline,feature_dropout_p_0.100,0.01796875,0.01953125,0.002920077137514269,0.014645314788157874,0.0,0.018971280468318957,0.013948878317656935,5,2,0.0044674884684428,0.0,0.0,0.0364498743057691,0.0,0.0,False,True,model_output_path,gate2_id_256,256,256
id,idcc6a61e9,qsvc_z_r1,8,covariate_shift,mean_shift_pf_delta_0.020,0.01796875,0.0265625,0.4892820908119827,0.460641563308681,0.0,0.042220846145032076,0.18669731672362583,5,2,0.2141163715284016,0.202503008154057,1.0,0.3580243541019556,0.0,0.0,False,True,model_output_path,gate5b_id_ton_iot,128,128
id,idcc6a61e9,qsvc_z_r1,10,covariate_shift,scaling_drift_alpha_0.050,0.01796875,0.08984375,0.6939765920293327,0.678517827770578,0.0,0.14482894596632528,0.3125650946285399,5,2,0.2884305677411108,0.4612592299089745,0.9,0.6016524341971903,0.0,0.0,False,True,model_output_path,gate5b_id_ton_iot,128,128
id,idcc6a61e9,svc_rbf,10,covariate_shift,mean_shift_pf_delta_0.100,0.01796875,0.0359375,0.5694514181593199,0.6040996798576319,0.0,0.050387418484771164,0.242575982895853,5,2,0.2700926152160833,0.3380994786127366,1.0,0.5003369958363552,0.0,0.0,False,True,model_output_path,gate5b_id_ton_iot,128,128
ood,tr649b5ffb__te0e535a99,qsvc_zz_r1,12,pipeline,feature_dropout_p_0.100,0.01796875,0.02578125,0.003280355291609534,0.014440720833354709,0.0,0.030498095508655336,0.01911394189788141,5,2,0.0061367892853675,0.0,0.0,0.0403659979347225,0.0,0.0,False,True,model_output_path,gate3b_ood_tue_fri_portscan,128,128
ood,trc82af0ba__te5c44b321,qsvc_zz_r1,12,covariate_shift,mean_shift_pf_delta_0.050,0.01796875,0.1046875,0.7217669877100801,0.747601685122787,0.0,0.1247958294324775,0.3285805352412305,5,2,0.4021436677010881,0.6801390216234559,1.0,0.61733850526989,0.0,0.0,False,True,model_output_path,gate3d_ood_wed_fri_morning,128,128
id,id6292a46b,qsvc_pauli_xyz_r1,8,corruption,feature_sign_flip_p_0.020,0.0171875,0.03203125,0.002601575703247135,0.021428846346787565,0.0,0.05491613881789792,0.0327541890433309,5,2,0.0029745182620362,0.0,0.0,0.0364232088507222,0.0,0.0,False,True,model_output_path,gate5a_id_unsw,128,128
id,idcc6a61e9,qsvc_zz_r1,10,pipeline,feature_dropout_p_0.020,0.0171875,0.0171875,0.0009191091986128566,0.006106606860805005,0.0,0.021435464921597668,0.01196397745920076,5,2,0.0017100104557805,0.0,0.0,0.0190175120853603,0.0,0.0,False,True,model_output_path,gate5b_id_ton_iot,128,128
ood,tr649b5ffb__te0e535a99,qsvc_zz_r1,8,corruption,feature_sign_flip_p_0.020,0.0171875,0.01875,0.023868690376034868,0.028479096604249503,0.0,0.029851276917610393,0.02392479736409545,5,2,0.0055614620641375,0.0872221789122118,0.0,0.0418860143188554,0.0,0.0,False,True,model_output_path,gate3b_ood_tue_fri_portscan,128,128
ood,tr649b5ffb__tec82af0ba,qsvc_zz_r1,12,covariate_shift,mean_shift_pf_delta_0.050,0.0171875,0.109375,0.39656916333458636,0.46354851080842685,0.0,0.7230001003833666,0.4971995041045945,5,2,0.1072169664406,0.0,1.0,0.2626835779612923,0.0,0.0,False,True,model_output_path,gate3a_ood_tue_wed,128,128
ood,tr649b5ffb__tec82af0ba,qsvc_zz_r1,12,covariate_shift,scaling_drift_alpha_0.050,0.0171875,0.1203125,0.5119834781209806,0.6180659020051185,0.0,0.8197905128735566,0.5973832883989324,5,2,0.2870809451055477,0.0,0.8333333333333334,0.3912580896648664,0.0,0.0,False,True,model_output_path,gate3a_ood_tue_wed,128,128
ood,trc82af0ba__te3ec6a4d7,qsvc_zz_r1,8,corruption,feature_sign_flip_p_0.050,0.0171875,0.2328125,0.15735134840755455,0.14954437422143252,0.0,0.33032742271391263,0.2045286009504812,5,2,0.0039803096007333,0.2521642060932063,0.0,0.1176358095905339,0.0,0.0,False,True,model_output_path,gate3c_ood_wed_thu_webattacks,128,128
ood,trc82af0ba__te3ec6a4d7,qsvc_zz_r1,10,corruption,feature_sign_flip_p_0.100,0.0171875,0.409375,0.2933158034639852,0.30110373091782533,0.0,0.562669187817126,0.36525098752335744,5,2,0.0090527478162284,0.5013581193612644,0.0,0.2025862910878071,0.0,0.0,False,True,model_output_path,gate3c_ood_wed_thu_webattacks,128,128
id,id6292a46b,qsvc_z_r1,8,covariate_shift,scaling_drift_alpha_0.050,0.01640625,0.059375,0.4852876950222493,0.5121810218567866,0.0,0.09807703202467402,0.2308281134136833,5,2,0.219550496460648,0.0,0.75,0.2364431067666925,0.0,0.0,False,True,model_output_path,gate5a_id_unsw,128,128
id,idcc6a61e9,qsvc_pauli_xyz_r1,12,covariate_shift,mean_shift_pf_delta_0.020,0.01640625,0.01875,0.423334312701204,0.42977139695689504,0.0,0.023480678649833425,0.16695354373424975,5,2,0.1809657074379061,0.0313699873574383,1.0,0.350428784011284,0.0,0.0,False,True,model_output_path,gate5b_id_ton_iot,128,128
id,idcc6a61e9,svc_rbf,8,pipeline,feature_dropout_p_0.100,0.01640625,0.0203125,0.005710059258431242,0.01725567881062939,0.0,0.022951673009216394,0.016707370935327228,5,2,0.0074415341379213,0.0,0.0,0.0429581649365208,0.0,0.0,False,True,model_output_path,gate5b_id_ton_iot,128,128
ood,trc82af0ba__te3ec6a4d7,qsvc_zz_r1,12,corruption,feature_sign_flip_p_0.020,0.01640625,0.13125,0.08722841319768238,0.08483138127495896,0.0,0.13196905391685973,0.0908337086076486,5,2,0.0042760480975524,0.1555026457721257,0.0,0.0609514276359537,0.0,0.0,False,True,model_output_path,gate3c_ood_wed_thu_webattacks,128,128
id,id6292a46b,qsvc_pauli_xyz_r1,12,covariate_shift,scaling_drift_alpha_0.050,0.015625,0.06484375,0.5349452951869186,0.5547514982877898,0.0,0.08100836332962696,0.23854980089084488,5,2,0.2299166531757186,0.0411481147095901,0.8333333333333334,0.2860130089940721,0.0,0.0,False,True,model_output_path,gate5a_id_unsw,128,128
id,idcc6a61e9,qsvc_pauli_xyz_r1,8,pipeline,feature_dropout_p_0.050,0.015625,0.01875,0.002954573991227206,0.019253303651859656,0.0,0.01705416276057895,0.01475309349184849,5,2,0.0032943627322772,0.0,0.0,0.0577594246106491,0.0,0.0,False,True,model_output_path,gate5b_id_ton_iot,128,128
id,idcc6a61e9,svc_rbf,10,corruption,feature_sign_flip_p_0.050,0.015625,0.0265625,0.017135868628374126,0.039945722527098895,0.0,0.023578903734390883,0.02524340079821364,5,2,0.0178436376014804,0.0335881561004006,0.0,0.0993227217954366,0.0,0.0,False,True,model_output_path,gate5b_id_ton_iot,128,128
id,idcc6a61e9,svc_rbf,10,pipeline,feature_dropout_p_0.050,0.015625,0.015625,0.0017177779600124747,0.008702563790767136,0.0,0.02070151780612892,0.012574349472155738,5,2,0.0025137710358763,0.0,0.0,0.0407813089335714,0.0,0.0,False,True,model_output_path,gate5b_id_ton_iot,128,128
ood,tr649b5ffb__tec82af0ba,qsvc_zz_r1,12,corruption,feature_sign_flip_p_0.100,0.015625,0.08671875,0.35827900811904645,0.3539592955865777,0.0,0.5508856479841036,0.3791150383878935,5,2,0.0260684547982629,0.178563986860552,0.0,0.128418018741254,0.0,0.0,False,True,model_output_path,gate3a_ood_tue_wed,128,128
ood,tr993984ca__teb9107599,svc_rbf,8,covariate_shift,mean_shift_pf_delta_0.100,0.015625,0.03984375,0.5707264010230348,0.5609047333161387,0.0,0.09872677342999239,0.248841163674047,5,2,0.1947109367228844,0.070501944132596,1.0,0.2079731350297723,0.0,0.0,False,True,model_output_path,gate6_ood_unsw,128,128
ood,trc82af0ba__te3ec6a4d7,qsvc_zz_r1,10,covariate_shift,mean_shift_pf_delta_0.020,0.015625,0.02578125,0.4394648028152638,0.41436104109177985,0.0,0.04675687446956608,0.17192986697408635,5,2,0.2446562592630696,0.0,1.0,0.290701672593288,0.0,0.0,False,True,model_output_path,gate3c_ood_wed_thu_webattacks,128,128
ood,trc82af0ba__te5c44b321,qsvc_zz_r1,10,covariate_shift,mean_shift_pf_delta_0.050,0.015625,0.13828125,0.728961244572373,0.7602732674495044,0.0,0.18990832101114868,0.362784970441251,5,2,0.3963700475891898,0.6790071825573596,1.0,0.6510986604621503,0.0,0.0,False,True,model_output_path,gate3d_ood_wed_fri_morning,128,128
id,id6292a46b,qsvc_pauli_xyz_r1,10,pipeline,feature_dropout_p_0.100,0.01484375,0.0421875,0.010907316092503515,0.044074978009504905,0.0,0.08571019943322748,0.054986446291287,5,2,0.0117866138108793,0.0,0.0,0.0808904368490988,0.0,0.0,False,True,model_output_path,gate5a_id_unsw,128,128
id,id6292a46b,qsvc_z_r1,10,corruption,feature_sign_flip_p_0.020,0.01484375,0.021875,0.0025971148284854076,0.01628406129090362,0.0,0.04221209762638094,0.025108793935956285,5,2,0.0034059894708644,0.0,0.0,0.0339361261895652,0.0,0.0,False,True,model_output_path,gate5a_id_unsw,128,128
id,id6292a46b,qsvc_z_r1,10,covariate_shift,mean_shift_pf_delta_0.100,0.01484375,0.0484375,0.5881487723533241,0.5532796905200962,0.0,0.07640000362463754,0.2359198891094157,5,2,0.3013666056084167,0.024364631643031,1.0,0.2048623228494586,0.0,0.0,False,True,model_output_path,gate5a_id_unsw,128,128
id,id6292a46b,qsvc_z_r1,10,covariate_shift,scaling_drift_alpha_0.050,0.01484375,0.0625,0.5075927154162685,0.4963566274885238,0.0,0.08299855095344058,0.21821993315648167,5,2,0.2067647611666415,0.0411004775541962,0.8,0.2059532777695943,0.0,0.0,False,True,model_output_path,gate5a_id_unsw,128,128
id,id8c8771f4,qsvc_zz_r1,12,pipeline,feature_dropout_p_0.100,0.01484375,0.01640625,0.0029200771384238744,0.01698385395178282,0.0,0.01226805498060596,0.011752335519105553,5,2,0.0044674884698221,0.0,0.0,0.0375018321415399,0.0,0.0,False,True,model_output_path,gate2_id_256,256,256
id,idcc6a61e9,qsvc_z_r1,8,pipeline,feature_dropout_p_0.050,0.01484375,0.02265625,0.002954573991227206,0.014435541308760819,0.0,0.021498468573151457,0.015021318918254594,5,2,0.0032943627322772,0.0,0.0,0.0486385402768117,0.0,0.0,False,True,model_output_path,gate5b_id_ton_iot,128,128
ood,tr993984ca__teb9107599,qsvc_zz_r1,8,pipeline,feature_dropout_p_0.050,0.01484375,0.03203125,0.005611426214278194,0.025165010232482393,0.0,0.07732636735938203,0.04429926161153088,5,2,0.0058155371435222,0.0,0.0,0.0375491474095468,0.0,0.0,False,True,model_output_path,gate6_ood_unsw,128,128
ood,tr993984ca__teb9107599,svc_rbf,12,pipeline,feature_dropout_p_0.100,0.01484375,0.040625,0.009142421863393238,0.037616326893441986,0.0,0.05421819362073661,0.03832329778885918,5,2,0.0085658470113217,0.0,0.0,0.0514075495648248,0.0,0.0,False,True,model_output_path,gate6_ood_unsw,128,128
ood,trc82af0ba__te3ec6a4d7,qsvc_zz_r1,10,covariate_shift,scaling_drift_alpha_0.050,0.01484375,0.46796875,0.7095675646610565,0.7670139210663703,0.0,0.6272076581173802,0.5640085431683984,5,2,0.4344256171615941,0.401527062823845,1.0,0.6046582348536553,0.0,0.0,False,True,model_output_path,gate3c_ood_wed_thu_webattacks,128,128
id,id6292a46b,qsvc_zz_r1,12,pipeline,feature_dropout_p_0.050,0.0140625,0.0203125,0.0037816903876965397,0.01927556590385424,0.0,0.028513392890077323,0.01996992982416396,5,2,0.0039823416690249,0.0,0.0,0.0387507622646457,0.0,0.0,False,True,model_output_path,gate5a_id_unsw,128,128
id,id8c8771f4,qsvc_zz_r1,10,pipeline,feature_dropout_p_0.100,0.0140625,0.021875,0.002742096470431216,0.019937185535445195,0.0,0.01809675532083243,0.015475683522358447,5,2,0.0042039610357907,0.0,0.0,0.0561705108656185,0.0,0.0,False,True,model_output_path,gate2_id_256,256,256
id,idcc6a61e9,qsvc_z_r1,10,corruption,feature_sign_flip_p_0.020,0.0140625,0.03671875,0.023325070906120453,0.027881983534767278,0.0,0.04200392036123428,0.02923159417684005,5,2,0.0057549629470155,0.0983447558501912,0.0,0.0405658974349873,0.0,0.0,False,True,model_output_path,gate5b_id_ton_iot,128,128
id,idcc6a61e9,svc_rbf,8,corruption,feature_sign_flip_p_0.100,0.0140625,0.02421875,0.08696147119642689,0.10039096385165405,0.0,0.019290009726644,0.04527399127634875,5,2,0.033001833873988,0.1646167705894064,0.0,0.1138274798406053,0.0,0.0,False,True,model_output_path,gate5b_id_ton_iot,128,128
ood,tr993984ca__teb9107599,svc_rbf,12,pipeline,feature_dropout_p_0.050,0.0140625,0.025,0.004503450553655838,0.024834426575441697,0.0,0.03705804516368434,0.025875266556380772,5,2,0.0057675394390493,0.0,0.0,0.0325304542932248,0.0,0.0,False,True,model_output_path,gate6_ood_unsw,128,128
ood,trc82af0ba__te5c44b321,qsvc_zz_r1,10,covariate_shift,scaling_drift_alpha_0.020,0.0140625,0.21015625,0.7210320268266658,0.7610033851057973,0.0,0.2223459361428743,0.3777948382852328,5,2,0.4102746289881338,0.7289320957686032,0.9,0.650769124606774,0.0,0.0,False,True,model_output_path,gate3d_ood_wed_fri_morning,128,128
id,id8c8771f4,qsvc_zz_r1,8,covariate_shift,mean_shift_pf_delta_0.050,0.013671875,0.05078125,0.5082188733077031,0.5877921412672467,0.0,0.055832468162685,0.23912099144385562,5,2,0.30247249669312,0.1323716450721229,1.0,0.5350634920186931,0.0,0.0,False,True,model_output_path,gate2_id_256,256,256
id,id8c8771f4,svc_rbf,12,corruption,feature_sign_flip_p_0.020,0.013671875,0.016796875,0.0020042621510300623,0.008017150071643027,0.0,0.013598392595754877,0.009096414842304227,5,2,0.0037346045729489,0.0,0.0,0.0218340059822502,0.0,0.0,False,True,model_output_path,gate2_id_256,256,256
id,idcc6a61e9,qsvc_pauli_xyz_r1,8,corruption,feature_sign_flip_p_0.020,0.01328125,0.0328125,0.0063054531994779,0.016222642900541557,0.0,0.033053479079218386,0.020923451545296196,5,2,0.0058978780367016,0.0359730910775637,0.0,0.0380408710762992,0.0,0.0,False,True,model_output_path,gate5b_id_ton_iot,128,128
ood,tr649b5ffb__tec82af0ba,qsvc_zz_r1,12,covariate_shift,mean_shift_pf_delta_0.100,0.01328125,0.1015625,0.45138783838556495,0.5494489273961148,0.0,0.6632510007897958,0.501277337593949,5,2,0.2219720322239463,0.0,1.0,0.332729978600656,0.0,0.0,False,True,model_output_path,gate3a_ood_tue_wed,128,128
ood,tr993984ca__teb9107599,qsvc_zz_r1,8,pipeline,feature_dropout_p_0.020,0.01328125,0.01953125,0.001800399671906185,0.00883086058735416,0.0,0.04968513041564715,0.025795372220695674,5,2,0.0022979744224719,0.0,0.0,0.0143892203402919,0.0,0.0,False,True,model_output_path,gate6_ood_unsw,128,128
id,id8c8771f4,svc_rbf,8,corruption,feature_sign_flip_p_0.020,0.012890625,0.020703125,0.0028866504011162562,0.009213155260040285,0.0,0.015178798817017145,0.01024969228411335,5,2,0.0044374933493438,0.0,0.0,0.0253865513435276,0.0,0.0,False,True,model_output_path,gate2_id_256,256,256
id,id6292a46b,qsvc_z_r1,8,covariate_shift,mean_shift_pf_delta_0.100,0.0125,0.028125,0.5843648692473992,0.5831098059888419,0.0,0.05215033367760251,0.2357446265766709,5,2,0.2831978379545647,0.0217492627387956,1.0,0.2812904556456274,0.0,0.0,False,True,model_output_path,gate5a_id_unsw,128,128
id,id6292a46b,qsvc_zz_r1,12,covariate_shift,scaling_drift_alpha_0.020,0.0125,0.0234375,0.41204657063343564,0.5129180032156664,0.0,0.0396406572883277,0.20453411811857314,5,2,0.1586032631129423,0.0,0.8333333333333334,0.2953858701069668,0.0,0.0,False,True,model_output_path,gate5a_id_unsw,128,128
id,id6292a46b,svc_rbf,8,covariate_shift,scaling_drift_alpha_0.100,0.0125,0.0171875,0.5103835643692104,0.4900587983197571,0.0,0.04309149717820354,0.1977902435609133,5,2,0.1671149456454481,0.0,1.0,0.1633207885585361,0.0,0.0,False,True,model_output_path,gate5a_id_unsw,128,128
id,id6292a46b,svc_rbf,10,pipeline,feature_dropout_p_0.100,0.0125,0.034375,0.010907316092425928,0.03447008298445153,0.0,0.07327388114692168,0.04584088524294678,5,2,0.0117866138103277,0.0,0.0,0.0514557165057907,0.0,0.0,False,True,model_output_path,gate5a_id_unsw,128,128
id,id6292a46b,svc_rbf,12,pipeline,feature_dropout_p_0.100,0.0125,0.03125,0.008753137859525155,0.03943206134155748,0.0,0.038537495853008516,0.03185597496647932,5,2,0.0090701493646065,0.0,0.0,0.0684584996710249,0.0,0.0,False,True,model_output_path,gate5a_id_unsw,128,128
id,idcc6a61e9,qsvc_pauli_xyz_r1,10,covariate_shift,scaling_drift_alpha_0.020,0.0125,0.046875,0.43140518186566884,0.45621850345077686,0.0,0.06779103372508041,0.19671174385713722,5,2,0.1928756694696342,0.195959878842539,0.8,0.537884746838837,0.0,0.0,False,True,model_output_path,gate5b_id_ton_iot,128,128
id,idcc6a61e9,svc_rbf,12,pipeline,feature_dropout_p_0.050,0.0125,0.01328125,0.0026533955243978396,0.013115123762090388,0.0,0.017674771358687367,0.012803122894708942,5,2,0.0032051907787183,0.0,0.0,0.0384890774041165,0.0,0.0,False,True,model_output_path,gate5b_id_ton_iot,128,128
ood,tr993984ca__teb9107599,svc_rbf,10,covariate_shift,mean_shift_pf_delta_0.100,0.0125,0.03125,0.585009473781206,0.5653988631409399,0.0,0.06787947755646785,0.23645389457691812,5,2,0.2198577597065481,0.0702700447179193,1.0,0.1916302719626545,0.0,0.0,False,True,model_output_path,gate6_ood_unsw,128,128
ood,trc82af0ba__te5c44b321,qsvc_zz_r1,12,corruption,feature_sign_flip_p_0.050,0.0125,0.309375,0.15570340087579812,0.16273258167357046,0.0,0.3162513804938678,0.20292611174214734,5,2,0.008641457206731,0.4210877136185831,0.0,0.1751017710540957,0.0,0.0,False,True,model_output_path,gate3d_ood_wed_fri_morning,128,128
ood,trc82af0ba__te5c44b321,svc_rbf,8,corruption,feature_sign_flip_p_0.100,0.0125,0.07734375,0.10803893765960464,0.11206481748455861,0.0,0.18040397704388106,0.12275265046887633,5,2,0.027344553447275,0.3752007186576427,0.0,0.1272085320350524,0.0,0.0,False,True,model_output_path,gate3d_ood_wed_fri_morning,128,128
id,id6292a46b,qsvc_pauli_xyz_r1,8,pipeline,feature_dropout_p_0.100,0.01171875,0.03203125,0.012786877847072078,0.04778549244060655,0.0,0.07725866792736884,0.052494119036297304,5,2,0.0128544379123904,0.0,0.0,0.0604871254629715,0.0,0.0,False,True,model_output_path,gate5a_id_unsw,128,128
id,id6292a46b,qsvc_pauli_xyz_r1,12,pipeline,feature_dropout_p_0.100,0.01171875,0.034375,0.008753137859901037,0.03478036804660742,0.0,0.05300634842846844,0.03674120130261562,5,2,0.0090701493652016,0.0,0.0,0.0511977712217709,0.0,0.0,False,True,model_output_path,gate5a_id_unsw,128,128
id,id6292a46b,svc_rbf,8,covariate_shift,scaling_drift_alpha_0.050,0.01171875,0.01328125,0.4478721338430822,0.4005940388814647,0.0,0.031811887969705355,0.1601305086703987,5,2,0.1173376129531032,0.0,1.0,0.1092415818291651,0.0,0.0,False,True,model_output_path,gate5a_id_unsw,128,128
ood,tr649b5ffb__tec82af0ba,qsvc_zz_r1,12,pipeline,feature_dropout_p_0.100,0.01171875,0.01484375,0.01736881124624029,0.03324442177542787,0.0,0.06694242220562667,0.04251725437544044,5,2,0.0062705180950078,0.0378945419956066,0.0,0.0404298429459949,0.0,0.0,False,True,model_output_path,gate3a_ood_tue_wed,128,128
ood,tr993984ca__teb9107599,qsvc_zz_r1,10,covariate_shift,scaling_drift_alpha_0.020,0.01171875,0.028125,0.4262251765829072,0.545428193270941,0.0,0.04419819616924533,0.2184276139936355,5,2,0.1785786906843727,0.0,0.8,0.3130500650956205,0.0,0.0,False,True,model_output_path,gate6_ood_unsw,128,128
ood,trc82af0ba__te3ec6a4d7,qsvc_zz_r1,8,covariate_shift,mean_shift_pf_delta_0.050,0.01171875,0.01484375,0.5722716493739229,0.6267946983787576,0.0,0.015487681039223544,0.23496519988283163,5,2,0.3854996024194591,0.1365802967145616,1.0,0.6193845477972914,0.0,0.0,False,True,model_output_path,gate3c_ood_wed_thu_webattacks,128,128
ood,trc82af0ba__te5c44b321,qsvc_zz_r1,8,corruption,feature_sign_flip_p_0.050,0.01171875,0.24375,0.11169779533264741,0.10694317406002815,0.0,0.3736137737974457,0.20871286956612192,5,2,0.0071947143365368,0.2601507553017257,0.0,0.0801133335446035,0.0,0.0,False,True,model_output_path,gate3d_ood_wed_fri_morning,128,128
id,id8c8771f4,qsvc_zz_r1,10,pipeline,feature_dropout_p_0.050,0.011328125,0.012109375,0.0013011895353141167,0.011257440966222162,0.0,0.009734030641118316,0.008518174279134566,5,2,0.0023408395383791,0.0,0.0,0.0307676347872381,0.0,0.0,False,True,model_output_path,gate2_id_256,256,256
id,id8c8771f4,svc_rbf,10,pipeline,feature_dropout_p_0.050,0.011328125,0.012109375,0.0013011895348815118,0.0076274600777579155,0.0,0.011465511172764786,0.00798521783407778,5,2,0.0023408395380059,0.0,0.0,0.0224189227936414,0.0,0.0,False,True,model_output_path,gate2_id_256,256,256
id,id6292a46b,qsvc_pauli_xyz_r1,8,covariate_shift,mean_shift_pf_delta_0.100,0.0109375,0.04375,0.5843648692473992,0.5720560775912727,0.0,0.09848204221171122,0.2527849564930589,5,2,0.2831978379545647,0.0217492627387956,1.0,0.2473388251014754,0.0,0.0,False,True,model_output_path,gate5a_id_unsw,128,128
id,id6292a46b,qsvc_z_r1,8,corruption,feature_sign_flip_p_0.020,0.0109375,0.01953125,0.002601575703247135,0.015889291443155984,0.0,0.045290778091656506,0.026364641475536955,5,2,0.0029745182620362,0.0,0.0,0.0239571252174891,0.0,0.0,False,True,model_output_path,gate5a_id_unsw,128,128
id,id6292a46b,qsvc_z_r1,8,pipeline,feature_dropout_p_0.050,0.0109375,0.02265625,0.004821037237484222,0.02251587949760609,0.0,0.05101130373836336,0.031374548789294646,5,2,0.0062279634445618,0.0,0.0,0.0348927623039069,0.0,0.0,False,True,model_output_path,gate5a_id_unsw,128,128
id,id6292a46b,qsvc_zz_r1,10,pipeline,feature_dropout_p_0.020,0.0109375,0.0109375,0.001599644922042649,0.006493416008834396,0.0,0.020893930752822552,0.011858483436313667,5,2,0.0026950730778201,0.0,0.0,0.0136096052568427,0.0,0.0,False,True,model_output_path,gate5a_id_unsw,128,128
id,id6292a46b,qsvc_zz_r1,12,pipeline,feature_dropout_p_0.020,0.0109375,0.0125,0.0011098837608895062,0.0060634695984612685,0.0,0.020336361440402986,0.011448698690532728,5,2,0.0016676509891195,0.0,0.0,0.0142141583216862,0.0,0.0,False,True,model_output_path,gate5a_id_unsw,128,128
id,id6292a46b,svc_rbf,8,corruption,feature_sign_flip_p_0.020,0.0109375,0.01640625,0.0058620081932285835,0.015960902812727273,0.0,0.02960858417241651,0.019262412010271967,5,2,0.0054057151372282,0.0,0.0,0.0230051108961508,0.0,0.0,False,True,model_output_path,gate5a_id_unsw,128,128
id,id8c8771f4,svc_rbf,10,corruption,feature_sign_flip_p_0.020,0.0109375,0.0203125,0.0020205394280440347,0.008038930671977213,0.0,0.01593736710143174,0.010167505290460685,5,2,0.0029730420382695,0.0,0.0,0.0252977663909107,0.0,0.0,False,True,model_output_path,gate2_id_256,256,256
id,idcc6a61e9,qsvc_pauli_xyz_r1,10,covariate_shift,mean_shift_pf_delta_0.020,0.0109375,0.01484375,0.43289473255849453,0.43661997637599087,0.0,0.019798175592062605,0.16777007122402515,5,2,0.206006146192641,0.0289917663887198,1.0,0.3508296397511796,0.0,0.0,False,True,model_output_path,gate5b_id_ton_iot,128,128
ood,tr649b5ffb__te0e535a99,qsvc_zz_r1,10,pipeline,feature_dropout_p_0.100,0.0109375,0.02578125,0.0028502757250013304,0.014226562624476021,0.0,0.035561537916605684,0.02133763091644841,5,2,0.006425263100439,0.0,0.0,0.0379819701625176,0.0,0.0,False,True,model_output_path,gate3b_ood_tue_fri_portscan,128,128
ood,tr993984ca__teb9107599,svc_rbf,8,pipeline,feature_dropout_p_0.020,0.0109375,0.01875,0.0018003996719862744,0.009435262938050673,0.0,0.033165324882826495,0.018506152378757742,5,2,0.0022979744225758,0.0,0.0,0.0183486199053576,0.0,0.0,False,True,model_output_path,gate6_ood_unsw,128,128
ood,tr993984ca__teb9107599,svc_rbf,10,pipeline,feature_dropout_p_0.050,0.0109375,0.02734375,0.004631094710545359,0.02351264688491711,0.0,0.04699867686174695,0.029913088349854833,5,2,0.0051572847687945,0.0,0.0,0.032273043364294,0.0,0.0,False,True,model_output_path,gate6_ood_unsw,128,128
ood,tr993984ca__teb9107599,svc_rbf,12,corruption,feature_sign_flip_p_0.020,0.0109375,0.02890625,0.004961233627545837,0.023243042818443513,0.0,0.03302126154746333,0.023461679910099155,5,2,0.0046584534555334,0.0,0.0,0.0274420760762079,0.0,0.0,False,True,model_output_path,gate6_ood_unsw,128,128
ood,trc82af0ba__te3ec6a4d7,qsvc_zz_r1,10,corruption,feature_sign_flip_p_0.050,0.0109375,0.278125,0.20403045947506276,0.19634588765143976,0.0,0.35216974973512094,0.2314756635710331,5,2,0.0052187139194809,0.3565728414021782,0.0,0.1356025470749488,0.0,0.0,False,True,model_output_path,gate3c_ood_wed_thu_webattacks,128,128
id,id6292a46b,qsvc_z_r1,12,pipeline,feature_dropout_p_0.100,0.01015625,0.0453125,0.008753137859901037,0.03418460385020696,0.0,0.06345599840896611,0.04127440067687803,5,2,0.0090701493652016,0.0,0.0,0.0529448572768395,0.0,0.0,False,True,model_output_path,gate5a_id_unsw,128,128
id,id6292a46b,qsvc_zz_r1,10,covariate_shift,mean_shift_pf_delta_0.050,0.01015625,0.03046875,0.5508067097983026,0.6051992898912907,0.0,0.052903567554381824,0.2441195452124611,5,2,0.2126625127300339,0.0,1.0,0.2931707568871395,0.0,0.0,False,True,model_output_path,gate5a_id_unsw,128,128
id,id6292a46b,svc_rbf,8,covariate_shift,mean_shift_pf_delta_0.100,0.01015625,0.02109375,0.5585995134042773,0.5246016479632497,0.0,0.0438460420163559,0.21069425472134345,5,2,0.2478197613728604,0.0817591959409002,1.0,0.2346753377703752,0.0,0.0,False,True,model_output_path,gate5a_id_unsw,128,128
id,id6292a46b,svc_rbf,8,pipeline,feature_dropout_p_0.050,0.01015625,0.01484375,0.0048210372372003134,0.01939464403715489,0.0,0.03606770951855301,0.023447011249216783,5,2,0.0062279634440968,0.0,0.0,0.0376730091368402,0.0,0.0,False,True,model_output_path,gate5a_id_unsw,128,128
id,id6292a46b,svc_rbf,10,pipeline,feature_dropout_p_0.050,0.01015625,0.0140625,0.005331075863632864,0.020837091462549726,0.0,0.03142960554979183,0.021863308509014367,5,2,0.0053593596948051,0.0,0.0,0.0316364090189471,0.0,0.0,False,True,model_output_path,gate5a_id_unsw,128,128
id,id6292a46b,svc_rbf,12,corruption,feature_sign_flip_p_0.020,0.01015625,0.01484375,0.004651710588270791,0.017049636079557284,0.0,0.021996710140759317,0.01619837227472961,5,2,0.0045000204835939,0.0,0.0,0.0259046184214065,0.0,0.0,False,True,model_output_path,gate5a_id_unsw,128,128
id,idcc6a61e9,qsvc_pauli_xyz_r1,8,covariate_shift,mean_shift_pf_delta_0.020,0.01015625,0.01484375,0.4892820908119827,0.4888808484165975,0.0,0.017180318869351723,0.18558408981937716,5,2,0.2141163715284016,0.202503008154057,1.0,0.5583071176792487,0.0,0.0,False,True,model_output_path,gate5b_id_ton_iot,128,128
id,idcc6a61e9,qsvc_z_r1,12,pipeline,feature_dropout_p_0.050,0.01015625,0.0171875,0.0026533955251932693,0.016687161802450577,0.0,0.018897491513345903,0.014657827706957439,5,2,0.0032051907796979,0.0,0.0,0.0418170723445533,0.0,0.0,False,True,model_output_path,gate5b_id_ton_iot,128,128
id,idcc6a61e9,qsvc_zz_r1,12,pipeline,feature_dropout_p_0.020,0.01015625,0.01015625,0.0007233974108205402,0.01034139922266184,0.0,0.014168166936525622,0.010200584688479588,5,2,0.0016840055604958,0.0,0.0,0.0353212612243341,0.0,0.0,False,True,model_output_path,gate5b_id_ton_iot,128,128
id,idcc6a61e9,svc_rbf,12,pipeline,feature_dropout_p_0.100,0.01015625,0.01640625,0.005128862365339497,0.022790613265308273,0.0,0.022504573652310438,0.018516847392980477,5,2,0.0071759391061342,0.0,0.0,0.0660385406785967,0.0,0.0,False,True,model_output_path,gate5b_id_ton_iot,128,128
ood,tr649b5ffb__tec82af0ba,qsvc_zz_r1,10,covariate_shift,scaling_drift_alpha_0.020,0.01015625,0.08203125,0.3570515811907983,0.4703508840077097,0.0,0.6135441729701563,0.44992040008014733,5,2,0.1227486027180676,0.0,0.8,0.3513682227474408,0.0,0.0,False,True,model_output_path,gate3a_ood_tue_wed,128,128
ood,tr649b5ffb__tec82af0ba,qsvc_zz_r1,12,covariate_shift,scaling_drift_alpha_0.020,0.01015625,0.06953125,0.36512537953614604,0.4713328036613088,0.0,0.642605015287838,0.4634869355531296,5,2,0.1334491831036993,0.0,0.8333333333333334,0.3570996475581156,0.0,0.0,False,True,model_output_path,gate3a_ood_tue_wed,128,128
ood,tr993984ca__teb9107599,qsvc_zz_r1,10,pipeline,feature_dropout_p_0.020,0.01015625,0.015625,0.0017551061487499245,0.008933690860610714,0.0,0.027471597242276137,0.01573570451398396,5,2,0.002714158663436,0.0,0.0,0.0162894319487549,0.0,0.0,False,True,model_output_path,gate6_ood_unsw,128,128
ood,trc82af0ba__te5c44b321,qsvc_zz_r1,8,covariate_shift,mean_shift_pf_delta_0.100,0.01015625,0.1390625,0.8693684217402152,0.8579480684833676,0.0,0.1557227396512456,0.38276417928997264,5,2,0.4268008156572397,0.8372426436961434,1.0,0.6659611889092006,0.0,0.0,False,True,model_output_path,gate3d_ood_wed_fri_morning,128,128
ood,trc82af0ba__te5c44b321,qsvc_zz_r1,10,corruption,feature_sign_flip_p_0.100,0.01015625,0.42421875,0.19704170297626494,0.21834278664087794,0.0,0.5004561450122258,0.3068774428749674,5,2,0.0109178105634222,0.5036130757992527,0.0,0.2662905114067377,0.0,0.0,False,True,model_output_path,gate3d_ood_wed_fri_morning,128,128
ood,trc82af0ba__te5c44b321,qsvc_zz_r1,10,covariate_shift,mean_shift_pf_delta_0.020,0.01015625,0.04375,0.535743458353528,0.5236749638963515,0.0,0.056348158894962475,0.2160400590963835,5,2,0.2294128432082107,0.5149546675862553,1.0,0.5505501850919732,0.0,0.0,False,True,model_output_path,gate3d_ood_wed_fri_morning,128,128
ood,trc82af0ba__te5c44b321,qsvc_zz_r1,12,covariate_shift,scaling_drift_alpha_0.050,0.01015625,0.5625,0.8274840788447957,0.8575346505505692,0.0,0.6273296680509134,0.5969806311324404,5,2,0.514890004022177,0.8057162452059938,0.9166666666666666,0.644845194686085,0.0,0.0,False,True,model_output_path,gate3d_ood_wed_fri_morning,128,128
id,id8c8771f4,qsvc_zz_r1,8,pipeline,feature_dropout_p_0.050,0.009765625,0.0125,0.0016152002939621428,0.00787474830147693,0.0,0.010097494204007379,0.007453314929631328,5,2,0.0036294381108779,0.0,0.0,0.0225001628568727,0.0,0.0,False,True,model_output_path,gate2_id_256,256,256
id,id8c8771f4,qsvc_zz_r1,12,pipeline,feature_dropout_p_0.050,0.009765625,0.010546875,0.0015279693001304388,0.010119864691815625,0.0,0.008925412696077082,0.007736956567967991,5,2,0.0030305629272662,0.0,0.0,0.026264368778205,0.0,0.0,False,True,model_output_path,gate2_id_256,256,256
id,id6292a46b,qsvc_pauli_xyz_r1,12,pipeline,feature_dropout_p_0.050,0.009375,0.0171875,0.0037816903876965397,0.01877102283762238,0.0,0.03046241602231573,0.020672379223824377,5,2,0.0039823416690249,0.0,0.0,0.0321257795194766,0.0,0.0,False,True,model_output_path,gate5a_id_unsw,128,128
id,id6292a46b,qsvc_z_r1,10,pipeline,feature_dropout_p_0.050,0.009375,0.0234375,0.005331075863765244,0.01927061693336367,0.0,0.046710638901695606,0.02823960565835752,5,2,0.0053593596949979,0.0,0.0,0.027268549014903,0.0,0.0,False,True,model_output_path,gate5a_id_unsw,128,128
id,id6292a46b,qsvc_zz_r1,10,covariate_shift,scaling_drift_alpha_0.020,0.009375,0.0234375,0.39726576427210214,0.5013144639223764,0.0,0.03937374274715568,0.20019332449320765,5,2,0.1314113072874163,0.0,0.8,0.3207708183014395,0.0,0.0,False,True,model_output_path,gate5a_id_unsw,128,128
id,id6292a46b,qsvc_zz_r1,12,covariate_shift,mean_shift_pf_delta_0.050,0.009375,0.02578125,0.544083008531835,0.6107009490334214,0.0,0.04126079630060695,0.2408279797851564,5,2,0.2182457501475227,0.0,1.0,0.3118053929215886,0.0,0.0,False,True,model_output_path,gate5a_id_unsw,128,128
id,idcc6a61e9,qsvc_pauli_xyz_r1,12,pipeline,feature_dropout_p_0.050,0.009375,0.02265625,0.0026533955251932693,0.02030007207004363,0.0,0.020840863802367625,0.016854964299273877,5,2,0.0032051907796979,0.0,0.0,0.0554813355319276,0.0,0.0,False,True,model_output_path,gate5b_id_ton_iot,128,128
id,idcc6a61e9,qsvc_z_r1,8,corruption,feature_sign_flip_p_0.020,0.009375,0.03046875,0.0063054531994779,0.014267748897224056,0.0,0.02772215483945929,0.017789251798744788,5,2,0.0058978780367016,0.0359730910775637,0.0,0.0448155621906841,0.0,0.0,False,True,model_output_path,gate5b_id_ton_iot,128,128
id,idcc6a61e9,svc_rbf,10,corruption,feature_sign_flip_p_0.020,0.009375,0.01171875,0.005052543121004573,0.013112486946601536,0.0,0.014449705076941871,0.011336224833737774,5,2,0.0061748908148787,0.0,0.0,0.029129765822529,0.0,0.0,False,True,model_output_path,gate5b_id_ton_iot,128,128
ood,tr649b5ffb__tec82af0ba,qsvc_zz_r1,12,corruption,feature_sign_flip_p_0.050,0.009375,0.05625,0.13560666802155835,0.14219074542973925,0.0,0.23165603842569302,0.1570039248952202,5,2,0.0154738366109696,0.0885436624376052,0.0,0.0618361365862859,0.0,0.0,False,True,model_output_path,gate3a_ood_tue_wed,128,128
ood,tr649b5ffb__tec82af0ba,qsvc_zz_r1,12,covariate_shift,mean_shift_pf_delta_0.020,0.009375,0.01484375,0.3686958405254863,0.4044944418545091,0.0,0.06295004222954205,0.17570254350597697,5,2,0.0460796507652035,0.0,1.0,0.2058762466768515,0.0,0.0,False,True,model_output_path,gate3a_ood_tue_wed,128,128
ood,trc82af0ba__te3ec6a4d7,svc_rbf,8,corruption,feature_sign_flip_p_0.050,0.009375,0.0296875,0.011257734007912485,0.029770840518218534,0.0,0.06412235907956079,0.03997228704278892,5,2,0.0150824023255047,0.0233019188607043,0.0,0.0661255807005441,0.0,0.0,False,True,model_output_path,gate3c_ood_wed_thu_webattacks,128,128
ood,trc82af0ba__te5c44b321,qsvc_zz_r1,8,corruption,feature_sign_flip_p_0.100,0.009375,0.38359375,0.181685782628054,0.18567373561900902,0.0,0.5763988539337418,0.3295172011040678,5,2,0.0125595451764975,0.4799106748205378,0.0,0.1568359914323726,0.0,0.0,False,True,model_output_path,gate3d_ood_wed_fri_morning,128,128
ood,trc82af0ba__te5c44b321,qsvc_zz_r1,10,covariate_shift,mean_shift_pf_delta_0.100,0.009375,0.16015625,0.8781494746016028,0.8835786778483896,0.0,0.2111146045172291,0.4172625212708822,5,2,0.4609068148993703,0.8071081473411309,1.0,0.6385920781654072,0.0,0.0,False,True,model_output_path,gate3d_ood_wed_fri_morning,128,128
id,id8c8771f4,svc_rbf,8,pipeline,feature_dropout_p_0.050,0.008984375,0.008984375,0.0016152002934270156,0.0080324592490307,0.0,0.008485434733056811,0.0067779100601278956,5,2,0.0036294381101246,0.0,0.0,0.0235564616103781,0.0,0.0,False,True,model_output_path,gate2_id_256,256,256
id,id8c8771f4,svc_rbf,12,pipeline,feature_dropout_p_0.050,0.008984375,0.01015625,0.0015279692997727371,0.00901615509991383,0.0,0.009658841441540889,0.007668984327941797,5,2,0.0030305629264439,0.0,0.0,0.0229514808092358,0.0,0.0,False,True,model_output_path,gate2_id_256,256,256
id,id6292a46b,qsvc_pauli_xyz_r1,8,pipeline,feature_dropout_p_0.050,0.00859375,0.02109375,0.004821037237484222,0.021348593891387865,0.0,0.05078718569676825,0.030848209459035703,5,2,0.0062279634445618,0.0,0.0,0.0313814939417422,0.0,0.0,False,True,model_output_path,gate5a_id_unsw,128,128
id,id6292a46b,qsvc_z_r1,12,covariate_shift,scaling_drift_alpha_0.050,0.00859375,0.05078125,0.5349452951869186,0.5285753768122541,0.0,0.04810526480158269,0.21407525738699365,5,2,0.2299166531757186,0.0411481147095901,0.8333333333333334,0.2238153122553921,0.0,0.0,False,True,model_output_path,gate5a_id_unsw,128,128
id,idcc6a61e9,qsvc_pauli_xyz_r1,8,covariate_shift,mean_shift_pf_delta_0.050,0.00859375,0.03203125,0.5538995480005766,0.5456517217562273,0.0,0.0454234210749634,0.21906581749088425,5,2,0.2451986797177222,0.358402438355197,1.0,0.4743437855628998,0.0,0.0,False,True,model_output_path,gate5b_id_ton_iot,128,128
id,idcc6a61e9,qsvc_pauli_xyz_r1,10,pipeline,feature_dropout_p_0.050,0.00859375,0.01015625,0.0017177779600319083,0.01241875956919846,0.0,0.010915638564677654,0.00947756646365292,5,2,0.0025137710359848,0.0,0.0,0.0408003662301647,0.0,0.0,False,True,model_output_path,gate5b_id_ton_iot,128,128
id,idcc6a61e9,qsvc_z_r1,10,pipeline,feature_dropout_p_0.050,0.00859375,0.0125,0.0017177779600319083,0.013204284781205828,0.0,0.012845719710390963,0.010640521606979831,5,2,0.0025137710359848,0.0,0.0,0.0494049608397967,0.0,0.0,False,True,model_output_path,gate5b_id_ton_iot,128,128
id,idcc6a61e9,qsvc_zz_r1,8,pipeline,feature_dropout_p_0.020,0.00859375,0.00859375,0.0008226915794419393,0.005488094989392433,0.0,0.011195935147430744,0.007084732335883951,5,2,0.0011891119933752,0.0,0.0,0.0198009702318392,0.0,0.0,False,True,model_output_path,gate5b_id_ton_iot,128,128
id,idcc6a61e9,svc_rbf,8,pipeline,feature_dropout_p_0.050,0.00859375,0.009375,0.0029545739908492684,0.009789035581120556,0.0,0.010349832249138578,0.008264118506379555,5,2,0.0032943627314561,0.0,0.0,0.0448066711245731,0.0,0.0,False,True,model_output_path,gate5b_id_ton_iot,128,128
id,idcc6a61e9,svc_rbf,12,covariate_shift,mean_shift_pf_delta_0.050,0.00859375,0.02890625,0.4527699542371842,0.4459787785624834,0.0,0.045099033447131655,0.18267366195323562,5,2,0.1846035464232443,0.1407904704414823,1.0,0.3358749458140737,0.0,0.0,False,True,model_output_path,gate5b_id_ton_iot,128,128
ood,tr993984ca__teb9107599,svc_rbf,10,corruption,feature_sign_flip_p_0.020,0.00859375,0.01953125,0.005221479334145361,0.020318247721073292,0.0,0.029598866806604444,0.02084248408339231,5,2,0.0059787182685572,0.0,0.0,0.0247993127825089,0.0,0.0,False,True,model_output_path,gate6_ood_unsw,128,128
ood,trc82af0ba__te3ec6a4d7,qsvc_zz_r1,8,corruption,feature_sign_flip_p_0.020,0.00859375,0.10390625,0.046790065463570084,0.0464798746993744,0.0,0.14015577897197534,0.08060894487794311,5,2,0.004265315589165,0.091520401179913,0.0,0.0398321477887092,0.0,0.0,False,True,model_output_path,gate3c_ood_wed_thu_webattacks,128,128
ood,trc82af0ba__te5c44b321,qsvc_zz_r1,8,covariate_shift,scaling_drift_alpha_0.020,0.00859375,0.08671875,0.7045108259426552,0.7628869609973359,0.0,0.13506908052405414,0.33880847696451044,5,2,0.3891209597670095,0.7774356702342051,0.875,0.6619832426829683,0.0,0.0,False,True,model_output_path,gate3d_ood_wed_fri_morning,128,128
ood,trc82af0ba__te5c44b321,svc_rbf,10,corruption,feature_sign_flip_p_0.100,0.00859375,0.0859375,0.10124097637903702,0.1110762789554833,0.0,0.19246474074851386,0.1278753472331366,5,2,0.0286505063275575,0.3072074412624795,0.0,0.1242431281025184,0.0,0.0,False,True,model_output_path,gate3d_ood_wed_fri_morning,128,128
ood,trc82af0ba__te5c44b321,svc_rbf,12,corruption,feature_sign_flip_p_0.020,0.00859375,0.01953125,0.007758593858298507,0.014518867354825795,0.0,0.052864759427504085,0.02930902423243851,5,2,0.0057252459782278,0.0587497304935609,0.0,0.031214832241417,0.0,0.0,False,True,model_output_path,gate3d_ood_wed_fri_morning,128,128
id,id6292a46b,qsvc_pauli_xyz_r1,12,covariate_shift,scaling_drift_alpha_0.020,0.0078125,0.02421875,0.41204657063343564,0.3964514235968186,0.0,0.037163834967745654,0.16105680629327296,5,2,0.1586032631129423,0.0,0.8333333333333334,0.1510245155387974,0.0,0.0,False,True,model_output_path,gate5a_id_unsw,128,128
id,id6292a46b,svc_rbf,12,pipeline,feature_dropout_p_0.050,0.0078125,0.01171875,0.0037816903876002348,0.018764005311909145,0.0,0.021226835499915286,0.016471836249746637,5,2,0.0039823416690029,0.0,0.0,0.0317043310116084,0.0,0.0,False,True,model_output_path,gate5a_id_unsw,128,128
id,idcc6a61e9,qsvc_z_r1,10,pipeline,feature_dropout_p_0.020,0.0078125,0.0078125,0.0009191091986128566,0.005437984901916373,0.0,0.01026358630284289,0.006642715556534539,5,2,0.0017100104557805,0.0,0.0,0.0216370935652814,0.0,0.0,False,True,model_output_path,gate5b_id_ton_iot,128,128
id,idcc6a61e9,svc_rbf,8,corruption,feature_sign_flip_p_0.050,0.0078125,0.009375,0.03947621521025227,0.04956386809256703,0.0,0.011130026557739725,0.023082327741724248,5,2,0.0158153664302142,0.1288050809818522,0.0,0.0712035637194071,0.0,0.0,False,True,model_output_path,gate5b_id_ton_iot,128,128
id,idcc6a61e9,svc_rbf,10,covariate_shift,mean_shift_pf_delta_0.020,0.0078125,0.0078125,0.4380572120134487,0.36800717808573236,0.0,0.012985356784156053,0.13972322693306452,5,2,0.1803557669431058,0.0,1.0,0.2562839219609011,0.0,0.0,False,True,model_output_path,gate5b_id_ton_iot,128,128
ood,tr649b5ffb__te0e535a99,qsvc_zz_r1,10,pipeline,feature_dropout_p_0.050,0.0078125,0.0078125,0.0015663990044637848,0.005655787160326622,0.0,0.01145657731081909,0.007264185017763812,5,2,0.0042204108906418,0.0,0.0,0.0135032101403234,0.0,0.0,False,True,model_output_path,gate3b_ood_tue_fri_portscan,128,128
ood,tr649b5ffb__te0e535a99,qsvc_zz_r1,12,pipeline,feature_dropout_p_0.050,0.0078125,0.01328125,0.0015451641803678746,0.009138202814612674,0.0,0.01752307113392688,0.011288015175280466,5,2,0.002869636090883,0.0,0.0,0.0366902895943168,0.0,0.0,False,True,model_output_path,gate3b_ood_tue_fri_portscan,128,128
ood,tr993984ca__teb9107599,svc_rbf,8,pipeline,feature_dropout_p_0.050,0.0078125,0.02734375,0.005611426213992797,0.022850047290656365,0.0,0.04623440330311032,0.029324745970743367,5,2,0.0058155371435157,0.0,0.0,0.0419055572696565,0.0,0.0,False,True,model_output_path,gate6_ood_unsw,128,128
ood,trc82af0ba__te3ec6a4d7,svc_rbf,10,corruption,feature_sign_flip_p_0.020,0.0078125,0.0140625,0.0032904961423853183,0.012422046352855143,0.0,0.02246475581925559,0.014728360409790775,5,2,0.0056395905142132,0.0,0.0,0.0272282196092457,0.0,0.0,False,True,model_output_path,gate3c_ood_wed_thu_webattacks,128,128
ood,trc82af0ba__te5c44b321,svc_rbf,12,corruption,feature_sign_flip_p_0.050,0.0078125,0.053125,0.047281675926167714,0.05450748039557533,0.0,0.14504624338505623,0.08575101259159841,5,2,0.0148869100316143,0.1738912481930669,0.0,0.0586034192801446,0.0,0.0,False,True,model_output_path,gate3d_ood_wed_fri_morning,128,128
id,id6292a46b,qsvc_z_r1,12,covariate_shift,mean_shift_pf_delta_0.100,0.00703125,0.04765625,0.5651132875102169,0.5346423793506652,0.0,0.07049886035897665,0.22646034719977673,5,2,0.2971793595926784,0.054285516483484,1.0,0.2482362323812522,0.0,0.0,False,True,model_output_path,gate5a_id_unsw,128,128
id,id6292a46b,qsvc_z_r1,12,pipeline,feature_dropout_p_0.050,0.00703125,0.02265625,0.0037816903876965397,0.02095654286359741,0.0,0.034239106155034685,0.023183791111778464,5,2,0.0039823416690249,0.0,0.0,0.0321504883904453,0.0,0.0,False,True,model_output_path,gate5a_id_unsw,128,128
id,id6292a46b,qsvc_zz_r1,8,covariate_shift,mean_shift_pf_delta_0.050,0.00703125,0.03828125,0.5434541905276181,0.6234773152326145,0.0,0.07867707564535652,0.26248133083247643,5,2,0.2276234950158912,0.0,1.0,0.2987702159874175,0.0,0.0,False,True,model_output_path,gate5a_id_unsw,128,128
id,id6292a46b,qsvc_zz_r1,8,pipeline,feature_dropout_p_0.020,0.00703125,0.0109375,0.0020566518256292174,0.008704448135711227,0.0,0.028947808352874103,0.01632334857338322,5,2,0.0032441137029533,0.0,0.0,0.0123563159661549,0.0,0.0,False,True,model_output_path,gate5a_id_unsw,128,128
id,id8c8771f4,qsvc_zz_r1,8,pipeline,feature_dropout_p_0.020,0.00703125,0.007421875,0.0007022205065206448,0.003357103836752635,0.0,0.006724984666551225,0.004277576243615151,5,2,0.0019100045475875,0.0,0.0,0.0141203646044843,0.0,0.0,False,True,model_output_path,gate2_id_256,256,256
id,idcc6a61e9,svc_rbf,10,pipeline,feature_dropout_p_0.020,0.00703125,0.00703125,0.0009191091984907878,0.004446643364256742,0.0,0.009335509414500908,0.005860374593593774,5,2,0.0017100104553698,0.0,0.0,0.0201844929440564,0.0,0.0,False,True,model_output_path,gate5b_id_ton_iot,128,128
ood,tr993984ca__teb9107599,qsvc_zz_r1,8,covariate_shift,scaling_drift_alpha_0.020,0.00703125,0.0234375,0.4344283263026821,0.5422914653744428,0.0,0.037761188389202935,0.21436107304034419,5,2,0.1682028590279603,0.0,0.75,0.3222993957719008,0.0,0.0,False,True,model_output_path,gate6_ood_unsw,128,128
ood,tr993984ca__teb9107599,svc_rbf,8,corruption,feature_sign_flip_p_0.020,0.00703125,0.025,0.005400842256665236,0.01797281445871658,0.0,0.04552061507531008,0.027226757564674242,5,2,0.0061182887871841,0.0,0.0,0.023906985987236,0.0,0.0,False,True,model_output_path,gate6_ood_unsw,128,128
ood,tr993984ca__teb9107599,svc_rbf,12,covariate_shift,mean_shift_pf_delta_0.100,0.00703125,0.01640625,0.5798194004793272,0.5456588447413881,0.0,0.028458618800586255,0.21135713390622582,5,2,0.2130441551651113,0.0897071501191658,1.0,0.2135170403184917,0.0,0.0,False,True,model_output_path,gate6_ood_unsw,128,128
id,id8c8771f4,qsvc_zz_r1,12,covariate_shift,scaling_drift_alpha_0.020,0.006640625,0.0109375,0.4232520885290715,0.538683465385627,0.0,0.010802521719247964,0.20079513364897705,5,2,0.1975671249071066,0.045496024980609,0.9166666666666666,0.5015049993185592,0.0,0.0,False,True,model_output_path,gate2_id_256,256,256
id,id6292a46b,qsvc_pauli_xyz_r1,8,covariate_shift,scaling_drift_alpha_0.020,0.00625,0.021875,0.3605551245427948,0.36746309166037394,0.0,0.05628324851091695,0.15920623719964366,5,2,0.1128554279325657,0.0,0.75,0.2457805605454966,0.0,0.0,False,True,model_output_path,gate5a_id_unsw,128,128
id,id6292a46b,qsvc_pauli_xyz_r1,10,covariate_shift,mean_shift_pf_delta_0.050,0.00625,0.021875,0.5508067097983026,0.5112865773475094,0.0,0.039517200587197,0.20388475566600203,5,2,0.2126625127300339,0.0,1.0,0.1898033584318689,0.0,0.0,False,True,model_output_path,gate5a_id_unsw,128,128
id,id6292a46b,qsvc_pauli_xyz_r1,10,pipeline,feature_dropout_p_0.050,0.00625,0.02265625,0.005331075863765244,0.01857326447071225,0.0,0.043997288706524064,0.026752681946860847,5,2,0.0053593596949979,0.0,0.0,0.0318792103152133,0.0,0.0,False,True,model_output_path,gate5a_id_unsw,128,128
id,id6292a46b,svc_rbf,10,corruption,feature_sign_flip_p_0.020,0.00625,0.01328125,0.005289120865304209,0.018438453521954147,0.0,0.016717554690479263,0.014303780685473898,5,2,0.0049602547481858,0.0,0.0,0.0278782063072099,0.0,0.0,False,True,model_output_path,gate5a_id_unsw,128,128
id,idcc6a61e9,qsvc_pauli_xyz_r1,8,covariate_shift,scaling_drift_alpha_0.020,0.00625,0.1,0.4564704821422255,0.4990864541717232,0.0,0.12353282277727684,0.23763726641575245,5,2,0.1930083617148153,0.4453272318137118,0.75,0.5542613875070225,0.0,0.0,False,True,model_output_path,gate5b_id_ton_iot,128,128
id,idcc6a61e9,qsvc_pauli_xyz_r1,8,pipeline,feature_dropout_p_0.020,0.00625,0.0078125,0.0008226915794419393,0.004791302813775626,0.0,0.009268434910626164,0.005955216891657575,5,2,0.0011891119933752,0.0,0.0,0.0259383770397782,0.0,0.0,False,True,model_output_path,gate5b_id_ton_iot,128,128
id,idcc6a61e9,qsvc_pauli_xyz_r1,10,pipeline,feature_dropout_p_0.020,0.00625,0.00625,0.0009191091986128566,0.006358522327129475,0.0,0.00786685383368944,0.00588803258881501,5,2,0.0017100104557805,0.0,0.0,0.0192262465893787,0.0,0.0,False,True,model_output_path,gate5b_id_ton_iot,128,128
ood,tr649b5ffb__te0e535a99,qsvc_zz_r1,8,pipeline,feature_dropout_p_0.100,0.00625,0.0109375,0.003176141240683669,0.012457029340540774,0.0,0.017205207096647298,0.012350377531399965,5,2,0.007470344324771,0.0,0.0,0.0335371728899877,0.0,0.0,False,True,model_output_path,gate3b_ood_tue_fri_portscan,128,128
ood,tr993984ca__teb9107599,qsvc_zz_r1,8,covariate_shift,mean_shift_pf_delta_0.050,0.00625,0.02109375,0.537723080276052,0.6303056683255324,0.0,0.04010131119194148,0.24742992993289428,5,2,0.219199987047203,0.0,1.0,0.3018076540028557,0.0,0.0,False,True,model_output_path,gate6_ood_unsw,128,128
ood,tr993984ca__teb9107599,qsvc_zz_r1,12,covariate_shift,mean_shift_pf_delta_0.050,0.00625,0.02578125,0.5200318654036942,0.6199080454437007,0.0,0.04376928262314108,0.24531623589913712,5,2,0.2098226492835052,0.0,1.0,0.3308394022956723,0.0,0.0,False,True,model_output_path,gate6_ood_unsw,128,128
ood,trc82af0ba__te3ec6a4d7,qsvc_zz_r1,8,covariate_shift,scaling_drift_alpha_0.050,0.00625,0.425,0.7255315290441179,0.7780486793729602,0.0,0.621992478811097,0.5656506465043023,5,2,0.3964465898714738,0.5007543205752987,1.0,0.6199017858636593,0.0,0.0,False,True,model_output_path,gate3c_ood_wed_thu_webattacks,128,128
ood,trc82af0ba__te3ec6a4d7,qsvc_zz_r1,8,covariate_shift,scaling_drift_alpha_0.100,0.00625,0.61015625,0.8912189523490415,0.9057038646244413,0.0,0.9012995537140907,0.7390284751880198,5,2,0.3992004310297272,0.7396113194314798,1.0,0.6020175109835499,0.0,0.0,False,True,model_output_path,gate3c_ood_wed_thu_webattacks,128,128
ood,trc82af0ba__te3ec6a4d7,qsvc_zz_r1,12,pipeline,feature_dropout_p_0.050,0.00625,0.10390625,0.006801329632997998,0.03943233715785034,0.0,0.11616852361633664,0.06714290606482587,5,2,0.0147033597026449,0.0,0.0,0.0993282255892479,0.0,0.0,False,True,model_output_path,gate3c_ood_wed_thu_webattacks,128,128
ood,trc82af0ba__te3ec6a4d7,svc_rbf,12,corruption,feature_sign_flip_p_0.020,0.00625,0.009375,0.003311975547832563,0.014380233986463912,0.0,0.022808860590999677,0.015596839900077639,5,2,0.0050795498892899,0.0,0.0,0.0355322785338329,0.0,0.0,False,True,model_output_path,gate3c_ood_wed_thu_webattacks,128,128
ood,trc82af0ba__te5c44b321,qsvc_zz_r1,8,corruption,feature_sign_flip_p_0.020,0.00625,0.103125,0.03422459186794931,0.03339349380042788,0.0,0.16296617091607807,0.08621862088928199,5,2,0.0035829621584908,0.0938542867698884,0.0,0.0257499691896894,0.0,0.0,False,True,model_output_path,gate3d_ood_wed_fri_morning,128,128
ood,trc82af0ba__te5c44b321,qsvc_zz_r1,8,covariate_shift,scaling_drift_alpha_0.100,0.00625,0.59375,0.9208333333333334,0.9217702483331365,0.0,0.7211109586467821,0.6629668896878598,5,2,0.4839879966089229,0.8494901776832203,0.875,0.6586205732817201,0.0,0.0,False,True,model_output_path,gate3d_ood_wed_fri_morning,128,128
ood,trc82af0ba__te5c44b321,qsvc_zz_r1,10,covariate_shift,scaling_drift_alpha_0.100,0.00625,0.59921875,0.8963847221619299,0.9021336392188148,0.0,0.709260958995876,0.6504399410776945,5,2,0.505225209131169,0.837260486266664,0.9,0.6372170451911606,0.0,0.0,False,True,model_output_path,gate3d_ood_wed_fri_morning,128,128
ood,trc82af0ba__te5c44b321,qsvc_zz_r1,12,corruption,feature_sign_flip_p_0.100,0.00625,0.4625,0.21293649096762635,0.25368663797985586,0.0,0.48933303230670033,0.31467379213208413,5,2,0.0130010505549789,0.5610369288347862,0.0833333333333333,0.3107048327840988,0.0,0.0,False,True,model_output_path,gate3d_ood_wed_fri_morning,128,128
ood,trc82af0ba__te5c44b321,svc_rbf,12,corruption,feature_sign_flip_p_0.100,0.00625,0.08359375,0.09317179245880759,0.1059640997207321,0.0,0.2588942793959241,0.15621161780568626,5,2,0.0279783822510066,0.2589927841791895,0.0,0.1222783175862452,0.0,0.0,False,True,model_output_path,gate3d_ood_wed_fri_morning,128,128
id,id6292a46b,qsvc_pauli_xyz_r1,10,pipeline,feature_dropout_p_0.020,0.00546875,0.00546875,0.001599644922042649,0.006823329541873554,0.0,0.009841650987902895,0.006954688464273518,5,2,0.0026950730778201,0.0,0.0,0.0201382549897368,0.0,0.0,False,True,model_output_path,gate5a_id_unsw,128,128
id,id6292a46b,qsvc_pauli_xyz_r1,12,pipeline,feature_dropout_p_0.020,0.00546875,0.01171875,0.0011098837608895062,0.007908020135448746,0.0,0.01975104288366825,0.011853390450921476,5,2,0.0016676509891195,0.0,0.0,0.0122774577700485,0.0,0.0,False,True,model_output_path,gate5a_id_unsw,128,128
id,id6292a46b,qsvc_z_r1,8,covariate_shift,scaling_drift_alpha_0.020,0.00546875,0.01640625,0.3605551245427948,0.3747727798791226,0.0,0.03502891196180976,0.15220324357504902,5,2,0.1128554279325657,0.0,0.75,0.2061733101555422,0.0,0.0,False,True,model_output_path,gate5a_id_unsw,128,128
id,id6292a46b,qsvc_z_r1,10,covariate_shift,scaling_drift_alpha_0.020,0.00546875,0.02265625,0.39726576427210214,0.3812362438950382,0.0,0.03354151768569756,0.15387750581896734,5,2,0.1314113072874163,0.0,0.8,0.193364771072483,0.0,0.0,False,True,model_output_path,gate5a_id_unsw,128,128
id,id6292a46b,qsvc_z_r1,12,covariate_shift,mean_shift_pf_delta_0.050,0.00546875,0.025,0.544083008531835,0.49960495343882816,0.0,0.035558466371520006,0.19783746778299205,5,2,0.2182457501475227,0.0,1.0,0.1757681643927088,0.0,0.0,False,True,model_output_path,gate5a_id_unsw,128,128
id,id6292a46b,qsvc_z_r1,12,pipeline,feature_dropout_p_0.020,0.00546875,0.00859375,0.0011098837608895062,0.006488738196116189,0.0,0.013556181833180855,0.008521441995488094,5,2,0.0016676509891195,0.0,0.0,0.0128659504859234,0.0,0.0,False,True,model_output_path,gate5a_id_unsw,128,128
id,id6292a46b,qsvc_zz_r1,8,covariate_shift,mean_shift_pf_delta_0.020,0.00546875,0.01484375,0.42450469704185967,0.45528783236322623,0.0,0.03680068650577398,0.1822867965437977,5,2,0.1273739201385468,0.0,1.0,0.2293027826299441,0.0,0.0,False,True,model_output_path,gate5a_id_unsw,128,128
id,id6292a46b,svc_rbf,8,pipeline,feature_dropout_p_0.020,0.00546875,0.0109375,0.00205665182564005,0.011382298872413866,0.0,0.03206559403960122,0.018714287789787416,5,2,0.0032441137034968,0.0,0.0,0.0174349222693884,0.0,0.0,False,True,model_output_path,gate5a_id_unsw,128,128
id,id6292a46b,svc_rbf,10,covariate_shift,scaling_drift_alpha_0.100,0.00546875,0.0078125,0.5107218839321692,0.4847707633922326,0.0,0.01946576897649083,0.1851283544046713,5,2,0.1621848531711272,0.0,1.0,0.1926659236568828,0.0,0.0,False,True,model_output_path,gate5a_id_unsw,128,128
id,idcc6a61e9,qsvc_z_r1,12,pipeline,feature_dropout_p_0.020,0.00546875,0.00546875,0.0007233974108205402,0.005528175644659988,0.0,0.006729055861757196,0.005068907444311449,5,2,0.0016840055604958,0.0,0.0,0.0179889468448581,0.0,0.0,False,True,model_output_path,gate5b_id_ton_iot,128,128
id,idcc6a61e9,svc_rbf,8,corruption,feature_sign_flip_p_0.020,0.00546875,0.0078125,0.005737987413270383,0.012220724701655871,0.0,0.009518126975098337,0.008770321243828653,5,2,0.0064607943931751,0.0,0.0,0.0339636638946474,0.0,0.0,False,True,model_output_path,gate5b_id_ton_iot,128,128
ood,tr649b5ffb__tec82af0ba,qsvc_zz_r1,8,covariate_shift,mean_shift_pf_delta_0.100,0.00546875,0.021875,0.4645390055660691,0.5254853675147626,0.0,0.39888602110751287,0.37239741596332865,5,2,0.2837877182292964,0.0,1.0,0.3343400750074022,0.0,0.0,False,True,model_output_path,gate3a_ood_tue_wed,128,128
ood,tr993984ca__teb9107599,qsvc_zz_r1,12,pipeline,feature_dropout_p_0.020,0.00546875,0.00546875,0.0015549866007668364,0.010244912568848782,0.0,0.00970567273252754,0.008137092176184805,5,2,0.0022769550958572,0.0,0.0,0.018669526004362,0.0,0.0,False,True,model_output_path,gate6_ood_unsw,128,128
ood,trc82af0ba__te3ec6a4d7,svc_rbf,8,corruption,feature_sign_flip_p_0.020,0.00546875,0.0171875,0.003561183836982176,0.010708736551572942,0.0,0.03351402305261314,0.01912773286085068,5,2,0.0059331591767751,0.0,0.0,0.0284055850679914,0.0,0.0,False,True,model_output_path,gate3c_ood_wed_thu_webattacks,128,128
ood,trc82af0ba__te5c44b321,qsvc_zz_r1,8,covariate_shift,mean_shift_pf_delta_0.050,0.00546875,0.0265625,0.7465828540468892,0.781052501778683,0.0,0.03880048211659229,0.3016556743361539,5,2,0.3521810678617125,0.7664986238628227,1.0,0.6565680303352006,0.0,0.0,False,True,model_output_path,gate3d_ood_wed_fri_morning,128,128
ood,trc82af0ba__te5c44b321,qsvc_zz_r1,10,corruption,feature_sign_flip_p_0.020,0.00546875,0.12578125,0.04865276004080208,0.047012938900484594,0.0,0.13974861526945187,0.08061771199538162,5,2,0.0042265901460153,0.1795351390611571,0.0,0.052393426657629,0.0,0.0,False,True,model_output_path,gate3d_ood_wed_fri_morning,128,128
ood,trc82af0ba__te5c44b321,qsvc_zz_r1,10,covariate_shift,scaling_drift_alpha_0.050,0.00546875,0.5015625,0.8211874354971866,0.8517113274851955,0.0,0.5981077218903849,0.5815803563084279,5,2,0.4848182725956469,0.80513601243739,0.9,0.6209821552000554,0.0,0.0,False,True,model_output_path,gate3d_ood_wed_fri_morning,128,128
ood,trc82af0ba__te5c44b321,qsvc_zz_r1,12,covariate_shift,scaling_drift_alpha_0.020,0.00546875,0.30234375,0.7252249015086689,0.7573929966356568,0.0,0.34020630702280086,0.43005486560514833,5,2,0.4533437408049194,0.7179913497857815,0.9166666666666666,0.6357883116978142,0.0,0.0,False,True,model_output_path,gate3d_ood_wed_fri_morning,128,128
ood,trc82af0ba__te5c44b321,qsvc_zz_r1,12,pipeline,feature_dropout_p_0.050,0.00546875,0.0078125,0.0014552471904104131,0.007823320777312296,0.0,0.011703398571234338,0.008164570542310987,5,2,0.0033835763572088,0.0,0.0,0.0344659853797797,0.0,0.0,False,True,model_output_path,gate3d_ood_wed_fri_morning,128,128
ood,trc82af0ba__te5c44b321,svc_rbf,8,corruption,feature_sign_flip_p_0.050,0.00546875,0.03671875,0.049453907058744986,0.05355464793291862,0.0,0.07404964501135389,0.053133346980767625,5,2,0.0177651550393376,0.2328447985817946,0.0,0.0753258027572742,0.0,0.0,False,True,model_output_path,gate3d_ood_wed_fri_morning,128,128
id,id6292a46b,qsvc_pauli_xyz_r1,8,pipeline,feature_dropout_p_0.020,0.0046875,0.009375,0.0020566518256292174,0.010860207975218675,0.0,0.022805703225700063,0.01431539527539773,5,2,0.0032441137029533,0.0,0.0,0.02272996338243,0.0,0.0,False,True,model_output_path,gate5a_id_unsw,128,128
id,id6292a46b,qsvc_z_r1,8,covariate_shift,mean_shift_pf_delta_0.050,0.0046875,0.01015625,0.5434541905276181,0.5163070911981338,0.0,0.020482499535882263,0.19705826022472242,5,2,0.2276234950158912,0.0,1.0,0.171574422134409,0.0,0.0,False,True,model_output_path,gate5a_id_unsw,128,128
id,id6292a46b,qsvc_zz_r1,8,covariate_shift,scaling_drift_alpha_0.020,0.0046875,0.02578125,0.3605551245427948,0.4786721145015358,0.0,0.055039547993738266,0.19908056345225766,5,2,0.1128554279325657,0.0,0.75,0.2876725392011262,0.0,0.0,False,True,model_output_path,gate5a_id_unsw,128,128
id,id8c8771f4,svc_rbf,8,pipeline,feature_dropout_p_0.020,0.0046875,0.0046875,0.0007022205063403634,0.003215116431329658,0.0,0.0044931444706902,0.003211471643524512,5,2,0.0019100045477125,0.0,0.0,0.0107998127182617,0.0,0.0,False,True,model_output_path,gate2_id_256,256,256
id,idcc6a61e9,qsvc_pauli_xyz_r1,12,covariate_shift,mean_shift_pf_delta_0.050,0.0046875,0.03046875,0.47652134932858814,0.47604929824123443,0.0,0.046301611649553556,0.19415502283751868,5,2,0.2304019363470427,0.1642869411505485,1.0,0.3482221412552478,0.0,0.0,False,True,model_output_path,gate5b_id_ton_iot,128,128
id,idcc6a61e9,qsvc_z_r1,12,covariate_shift,mean_shift_pf_delta_0.020,0.0046875,0.009375,0.423334312701204,0.4082783560075103,0.0,0.01227343712625283,0.15404369178739136,5,2,0.1809657074379061,0.0313699873574383,1.0,0.3854526578966487,0.0,0.0,False,True,model_output_path,gate5b_id_ton_iot,128,128
ood,tr649b5ffb__te0e535a99,qsvc_zz_r1,12,pipeline,feature_dropout_p_0.020,0.0046875,0.0046875,0.0005029104239968453,0.0031602723807239988,0.0,0.005697689643740572,0.0037390488855998964,5,2,0.0022605489499037,0.0,0.0,0.0125499000506546,0.0,0.0,False,True,model_output_path,gate3b_ood_tue_fri_portscan,128,128
ood,tr649b5ffb__tec82af0ba,qsvc_zz_r1,12,corruption,feature_sign_flip_p_0.020,0.0046875,0.02890625,0.004920048054927561,0.018948596470519587,0.0,0.1228745529326519,0.06274246823139436,5,2,0.0060465865179877,0.0,0.0,0.0300808085492505,0.0,0.0,False,True,model_output_path,gate3a_ood_tue_wed,128,128
ood,tr649b5ffb__tec82af0ba,svc_rbf,8,corruption,feature_sign_flip_p_0.100,0.0046875,0.01015625,0.05648995713106526,0.10540217428677785,0.0,0.3414346971043152,0.19352565296988064,5,2,0.0201232387603217,0.0591223810024043,0.0,0.1322587982861221,0.0,0.0,False,True,model_output_path,gate3a_ood_tue_wed,128,128
ood,tr993984ca__teb9107599,qsvc_zz_r1,10,covariate_shift,mean_shift_pf_delta_0.050,0.0046875,0.01875,0.5436925801210408,0.6250759561843441,0.0,0.03224009654570283,0.24195493704235366,5,2,0.2328278357590658,0.0,1.0,0.2922211011502947,0.0,0.0,False,True,model_output_path,gate6_ood_unsw,128,128
ood,tr993984ca__teb9107599,svc_rbf,10,covariate_shift,mean_shift_pf_delta_0.050,0.0046875,0.0109375,0.5337284009615926,0.4618371753127228,0.0,0.020419828117666378,0.177222531076293,5,2,0.2141158354694929,0.0,1.0,0.1531865138794186,0.0,0.0,False,True,model_output_path,gate6_ood_unsw,128,128
ood,tr993984ca__teb9107599,svc_rbf,10,pipeline,feature_dropout_p_0.020,0.0046875,0.00859375,0.0017551061487245255,0.00699986362727483,0.0,0.016832783458667344,0.010196670163857821,5,2,0.0027141586630575,0.0,0.0,0.0094406212740518,0.0,0.0,False,True,model_output_path,gate6_ood_unsw,128,128
ood,trc82af0ba__te3ec6a4d7,qsvc_zz_r1,12,covariate_shift,mean_shift_pf_delta_0.100,0.0046875,0.32578125,0.6593357307079515,0.7064853750580861,0.0,0.39832532660124514,0.4379607393853246,5,2,0.4842331870628729,0.35443299433718,1.0,0.5936124617327819,0.0,0.0,False,True,model_output_path,gate3c_ood_wed_thu_webattacks,128,128
ood,trc82af0ba__te3ec6a4d7,svc_rbf,10,corruption,feature_sign_flip_p_0.050,0.0046875,0.0171875,0.012117370533449447,0.03171889542146766,0.0,0.04130990822410239,0.030311374800580236,5,2,0.0139964760037176,0.0440127384903168,0.0,0.0960869716007234,0.0,0.0,False,True,model_output_path,gate3c_ood_wed_thu_webattacks,128,128
ood,trc82af0ba__te5c44b321,qsvc_zz_r1,8,pipeline,feature_dropout_p_0.050,0.0046875,0.0078125,0.0017036611396955056,0.007440223584840096,0.0,0.007639987549350963,0.006178257462374109,5,2,0.0042102404884252,0.0,0.0,0.0243940095934126,0.0,0.0,False,True,model_output_path,gate3d_ood_wed_fri_morning,128,128
ood,trc82af0ba__te5c44b321,qsvc_zz_r1,8,pipeline,feature_dropout_p_0.100,0.0046875,0.0125,0.003223136555232253,0.016669940666108392,0.0,0.017442292823761488,0.013990111525749183,5,2,0.0063563635708026,0.0,0.0,0.0516254872098633,0.0,0.0,False,True,model_output_path,gate3d_ood_wed_fri_morning,128,128
ood,trc82af0ba__te5c44b321,qsvc_zz_r1,12,covariate_shift,mean_shift_pf_delta_0.100,0.0046875,0.26875,0.8693244454794028,0.8844203242811781,0.0,0.29686625899757024,0.4565465992829603,5,2,0.4907610851593736,0.7817788812475842,1.0,0.6300556412426694,0.0,0.0,False,True,model_output_path,gate3d_ood_wed_fri_morning,128,128
ood,trc82af0ba__te5c44b321,svc_rbf,10,corruption,feature_sign_flip_p_0.020,0.0046875,0.0171875,0.01052390833524581,0.015374140883733678,0.0,0.02450703572750989,0.016730158379316743,5,2,0.0062604452232104,0.0775181361713958,0.0,0.0299213337814147,0.0,0.0,False,True,model_output_path,gate3d_ood_wed_fri_morning,128,128
id,id8c8771f4,qsvc_zz_r1,8,covariate_shift,scaling_drift_alpha_0.020,0.004296875,0.016796875,0.39897113855880767,0.5232665676657973,0.0,0.01436145295559515,0.1968066850401059,5,2,0.2192482276448055,0.1442172113713257,0.875,0.5621046915452936,0.0,0.0,False,True,model_output_path,gate2_id_256,256,256
id,id8c8771f4,qsvc_zz_r1,10,pipeline,feature_dropout_p_0.020,0.004296875,0.004296875,0.000371643563287294,0.0027553301945411933,0.0,0.004456363615269973,0.0030275580776831486,5,2,0.0015771227215382,0.0,0.0,0.0099524929684287,0.0,0.0,False,True,model_output_path,gate2_id_256,256,256
id,id6292a46b,qsvc_z_r1,10,covariate_shift,mean_shift_pf_delta_0.050,0.00390625,0.01171875,0.5508067097983026,0.5011643462727557,0.0,0.021350905119275992,0.19194653733521844,5,2,0.2126625127300339,0.0,1.0,0.173319587701148,0.0,0.0,False,True,model_output_path,gate5a_id_unsw,128,128
id,id6292a46b,qsvc_z_r1,10,pipeline,feature_dropout_p_0.020,0.00390625,0.009375,0.001599644922042649,0.006921091500950371,0.0,0.013124079645359185,0.008482251293690674,5,2,0.0026950730778201,0.0,0.0,0.0175957089469625,0.0,0.0,False,True,model_output_path,gate5a_id_unsw,128,128
id,id6292a46b,qsvc_z_r1,12,covariate_shift,mean_shift_pf_delta_0.020,0.00390625,0.00859375,0.4186572376658774,0.38620558952911943,0.0,0.012786954950190676,0.14625064844249375,5,2,0.1081089861931505,0.0,1.0,0.1224097300901645,0.0,0.0,False,True,model_output_path,gate5a_id_unsw,128,128
id,id6292a46b,svc_rbf,8,covariate_shift,scaling_drift_alpha_0.020,0.00390625,0.00390625,0.35512060809693285,0.29290452402815836,0.0,0.0077594772380929185,0.11003777111846347,5,2,0.0860999457450404,0.0,1.0,0.065125705727834,0.0,0.0,False,True,model_output_path,gate5a_id_unsw,128,128
id,id6292a46b,svc_rbf,10,pipeline,feature_dropout_p_0.020,0.00390625,0.00546875,0.001599644922036756,0.008394624363832202,0.0,0.01106552342498241,0.00808237405274917,5,2,0.0026950730780787,0.0,0.0,0.016569894942991,0.0,0.0,False,True,model_output_path,gate5a_id_unsw,128,128
id,id6292a46b,svc_rbf,12,covariate_shift,scaling_drift_alpha_0.100,0.00390625,0.01015625,0.4801593508175432,0.4593492663876315,0.0,0.01816740286960305,0.17529400726350372,5,2,0.1397163603109998,0.0,1.0,0.2136154309043482,0.0,0.0,False,True,model_output_path,gate5a_id_unsw,128,128
id,idcc6a61e9,qsvc_z_r1,8,covariate_shift,mean_shift_pf_delta_0.050,0.00390625,0.02578125,0.5538995480005766,0.534814065858121,0.0,0.033183529002237346,0.20956126440397008,5,2,0.2451986797177222,0.358402438355197,1.0,0.4176508283234727,0.0,0.0,False,True,model_output_path,gate5b_id_ton_iot,128,128
id,idcc6a61e9,qsvc_z_r1,10,covariate_shift,mean_shift_pf_delta_0.020,0.00390625,0.00625,0.43289473255849453,0.42374283793107903,0.0,0.008026780478173387,0.15773684128319845,5,2,0.206006146192641,0.0289917663887198,1.0,0.3417122626899239,0.0,0.0,False,True,model_output_path,gate5b_id_ton_iot,128,128
id,idcc6a61e9,qsvc_z_r1,12,covariate_shift,scaling_drift_alpha_0.020,0.00390625,0.04375,0.462110807732829,0.4721423606835963,0.0,0.056218864009221825,0.19724216025277222,5,2,0.234975598805931,0.2297139892700802,0.8333333333333334,0.3545019962791614,0.0,0.0,False,True,model_output_path,gate5b_id_ton_iot,128,128
ood,tr649b5ffb__te0e535a99,qsvc_zz_r1,8,pipeline,feature_dropout_p_0.050,0.00390625,0.00703125,0.0019857383906181003,0.006155417536239459,0.0,0.011297000235875407,0.007373333756757715,5,2,0.0048991737893814,0.0,0.0,0.0238304136819654,0.0,0.0,False,True,model_output_path,gate3b_ood_tue_fri_portscan,128,128
ood,tr993984ca__teb9107599,qsvc_zz_r1,8,covariate_shift,mean_shift_pf_delta_0.020,0.00390625,0.01015625,0.41603762038865816,0.46490635301900596,0.0,0.01912303370761332,0.17774914369219003,5,2,0.140445179349273,0.0,1.0,0.2234202678146382,0.0,0.0,False,True,model_output_path,gate6_ood_unsw,128,128
ood,tr993984ca__teb9107599,qsvc_zz_r1,10,covariate_shift,mean_shift_pf_delta_0.020,0.00390625,0.00390625,0.4172503403192406,0.4825499567141803,0.0,0.007051525270256878,0.17867795029163683,5,2,0.1671316175112377,0.0,1.0,0.2894331558326192,0.0,0.0,False,True,model_output_path,gate6_ood_unsw,128,128
ood,tr993984ca__teb9107599,svc_rbf,12,covariate_shift,mean_shift_pf_delta_0.020,0.00390625,0.0046875,0.3836116059589297,0.31582075457046466,0.0,0.009039036644852477,0.11895256377328374,5,2,0.1418219468115552,0.0,1.0,0.0613959278538821,0.0,0.0,False,True,model_output_path,gate6_ood_unsw,128,128
ood,tr993984ca__teb9107599,svc_rbf,12,covariate_shift,mean_shift_pf_delta_0.050,0.00390625,0.01171875,0.5069967271684325,0.44119520223594416,0.0,0.023621418049058644,0.17117162719900633,5,2,0.1859392734811094,0.0,1.0,0.1563642598730689,0.0,0.0,False,True,model_output_path,gate6_ood_unsw,128,128
ood,tr993984ca__teb9107599,svc_rbf,12,pipeline,feature_dropout_p_0.020,0.00390625,0.009375,0.0015549866007867682,0.007725209729002168,0.0,0.01492270325476983,0.009592214108168892,5,2,0.0022769550957494,0.0,0.0,0.0128594036216692,0.0,0.0,False,True,model_output_path,gate6_ood_unsw,128,128
ood,trc82af0ba__te3ec6a4d7,qsvc_zz_r1,8,pipeline,feature_dropout_p_0.100,0.00390625,0.05234375,0.010674679303750668,0.04007708667405251,0.0,0.04987295997236903,0.03724301332345956,5,2,0.0228795294650509,0.0176074549497662,0.0,0.1038932697340559,0.0,0.0,False,True,model_output_path,gate3c_ood_wed_thu_webattacks,128,128
ood,trc82af0ba__te3ec6a4d7,qsvc_zz_r1,10,pipeline,feature_dropout_p_0.050,0.00390625,0.0375,0.004237492999319966,0.021345821593591476,0.0,0.039106853338229344,0.025537959369592057,5,2,0.011812062192615,0.0,0.0,0.0639812527762203,0.0,0.0,False,True,model_output_path,gate3c_ood_wed_thu_webattacks,128,128
ood,trc82af0ba__te5c44b321,qsvc_zz_r1,8,covariate_shift,mean_shift_pf_delta_0.020,0.00390625,0.04375,0.5677810771370001,0.5688340583561784,0.0,0.06400061020562194,0.2359399349502566,5,2,0.2652464480189267,0.542977712888753,1.0,0.575846275097226,0.0,0.0,False,True,model_output_path,gate3d_ood_wed_fri_morning,128,128
ood,trc82af0ba__te5c44b321,qsvc_zz_r1,8,covariate_shift,scaling_drift_alpha_0.050,0.00390625,0.37734375,0.8514916366021256,0.8740784492122291,0.0,0.43283849628913773,0.5145914798449641,5,2,0.4610110626379577,0.8303939456222925,0.875,0.6856127455844294,0.0,0.0,False,True,model_output_path,gate3d_ood_wed_fri_morning,128,128
ood,trc82af0ba__te5c44b321,qsvc_zz_r1,10,corruption,feature_sign_flip_p_0.050,0.00390625,0.30625,0.14924312093690778,0.15090825853941087,0.0,0.35467352726788137,0.21609097004518638,5,2,0.0096775173936131,0.4050265607878633,0.0,0.1642920053566032,0.0,0.0,False,True,model_output_path,gate3d_ood_wed_fri_morning,128,128
ood,trc82af0ba__te5c44b321,qsvc_zz_r1,10,pipeline,feature_dropout_p_0.050,0.00390625,0.01015625,0.001586396187230168,0.007563915746380696,0.0,0.007535237739222685,0.006175622880148746,5,2,0.0035442676069627,0.0,0.0,0.0413523115114439,0.0,0.0,False,True,model_output_path,gate3d_ood_wed_fri_morning,128,128
ood,trc82af0ba__te5c44b321,svc_rbf,8,corruption,feature_sign_flip_p_0.020,0.00390625,0.01875,0.00857802698018469,0.013311135311449635,0.0,0.04158886721922404,0.02374444339471989,5,2,0.0066786106498869,0.0868661612747897,0.0,0.0296725161954023,0.0,0.0,False,True,model_output_path,gate3d_ood_wed_fri_morning,128,128
ood,trc82af0ba__te5c44b321,svc_rbf,10,corruption,feature_sign_flip_p_0.050,0.00390625,0.0265625,0.046486243191009934,0.05271794120686093,0.0,0.05470862944451754,0.04403771927727558,5,2,0.0152545162014013,0.2019363958848616,0.0,0.0906994769133608,0.0,0.0,False,True,model_output_path,gate3d_ood_wed_fri_morning,128,128
id,id8c8771f4,qsvc_zz_r1,12,pipeline,feature_dropout_p_0.020,0.003515625,0.0046875,0.00047146446002966497,0.0030865074423427905,0.0,0.00428438280344121,0.0030698130715070193,5,2,0.000818314665416,0.0,0.0,0.0097714844682659,0.0,0.0,False,True,model_output_path,gate2_id_256,256,256
id,id6292a46b,qsvc_pauli_xyz_r1,8,covariate_shift,mean_shift_pf_delta_0.050,0.003125,0.025,0.5434541905276181,0.5156505272878297,0.0,0.054346542763531305,0.2122122566335432,5,2,0.2276234950158912,0.0,1.0,0.1974128330760756,0.0,0.0,False,True,model_output_path,gate5a_id_unsw,128,128
id,id6292a46b,qsvc_pauli_xyz_r1,10,covariate_shift,scaling_drift_alpha_0.020,0.003125,0.0171875,0.39726576427210214,0.387317176207945,0.0,0.021539357423427274,0.15063322654081057,5,2,0.1314113072874163,0.0,0.8,0.1452202057319941,0.0,0.0,False,True,model_output_path,gate5a_id_unsw,128,128
id,id6292a46b,qsvc_z_r1,8,covariate_shift,mean_shift_pf_delta_0.020,0.003125,0.003125,0.42450469704185967,0.4008041255817627,0.0,0.004965324419192099,0.14800392040209193,5,2,0.1273739201385468,0.0,1.0,0.1662664323696786,0.0,0.0,False,True,model_output_path,gate5a_id_unsw,128,128
id,id6292a46b,qsvc_z_r1,12,covariate_shift,scaling_drift_alpha_0.020,0.003125,0.021875,0.41204657063343564,0.3908301522878689,0.0,0.025036436314910277,0.15350025370236606,5,2,0.1586032631129423,0.0,0.8333333333333334,0.1305485642086773,0.0,0.0,False,True,model_output_path,gate5a_id_unsw,128,128
id,id6292a46b,qsvc_zz_r1,10,covariate_shift,mean_shift_pf_delta_0.020,0.003125,0.01015625,0.4189800421934865,0.4737993655762579,0.0,0.014466787960226962,0.17886649110056058,5,2,0.1038630109565804,0.0,1.0,0.2538642913484539,0.0,0.0,False,True,model_output_path,gate5a_id_unsw,128,128
id,id6292a46b,svc_rbf,12,pipeline,feature_dropout_p_0.020,0.003125,0.00390625,0.0011098837609122489,0.005351012877256258,0.0,0.0072101148201681895,0.005223147782715089,5,2,0.0016676509891468,0.0,0.0,0.0111138473647842,0.0,0.0,False,True,model_output_path,gate5a_id_unsw,128,128
id,idcc6a61e9,qsvc_pauli_xyz_r1,10,covariate_shift,mean_shift_pf_delta_0.050,0.003125,0.0328125,0.4925969721361475,0.4995384453388166,0.0,0.04373322427972558,0.20152908206853581,5,2,0.2417561482328861,0.1586244661533725,1.0,0.416557665272794,0.0,0.0,False,True,model_output_path,gate5b_id_ton_iot,128,128
id,idcc6a61e9,qsvc_pauli_xyz_r1,12,pipeline,feature_dropout_p_0.020,0.003125,0.0046875,0.0007233974108205402,0.006437753224983705,0.0,0.0049916547431877265,0.004609935146897587,5,2,0.0016840055604958,0.0,0.0,0.0219922452029848,0.0,0.0,False,True,model_output_path,gate5b_id_ton_iot,128,128
id,idcc6a61e9,qsvc_z_r1,8,pipeline,feature_dropout_p_0.020,0.003125,0.00625,0.0008226915794419393,0.0033502501466766157,0.0,0.007464485638724412,0.004611220798211684,5,2,0.0011891119933752,0.0,0.0,0.0132753847050379,0.0,0.0,False,True,model_output_path,gate5b_id_ton_iot,128,128
id,idcc6a61e9,svc_rbf,12,corruption,feature_sign_flip_p_0.020,0.003125,0.0109375,0.0048293387271347915,0.015598321470809287,0.0,0.012125216983897038,0.011183579163883848,5,2,0.0052647574055259,0.0,0.0,0.0420340932587102,0.0,0.0,False,True,model_output_path,gate5b_id_ton_iot,128,128
ood,tr649b5ffb__te0e535a99,qsvc_zz_r1,8,pipeline,feature_dropout_p_0.020,0.003125,0.003125,0.0006153017203764798,0.002267449029095911,0.0,0.00483769024094169,0.0030234770291901903,5,2,0.0014817774322657,0.0,0.0,0.0076274986778716,0.0,0.0,False,True,model_output_path,gate3b_ood_tue_fri_portscan,128,128
ood,tr649b5ffb__tec82af0ba,qsvc_zz_r1,10,covariate_shift,mean_shift_pf_delta_0.020,0.003125,0.0125,0.36951996617038374,0.40399391486180375,0.0,0.07603354290984972,0.18146757945422393,5,2,0.054985331529073,0.0,1.0,0.2277432131715084,0.0,0.0,False,True,model_output_path,gate3a_ood_tue_wed,128,128
ood,tr649b5ffb__tec82af0ba,qsvc_zz_r1,12,pipeline,feature_dropout_p_0.050,0.003125,0.00703125,0.002782959284178105,0.01482319505985193,0.0,0.03501646181934769,0.021306826303286015,5,2,0.0036362455405953,0.0,0.0,0.034666867683916,0.0,0.0,False,True,model_output_path,gate3a_ood_tue_wed,128,128
ood,tr649b5ffb__tec82af0ba,svc_rbf,12,corruption,feature_sign_flip_p_0.100,0.003125,0.00703125,0.12957908408448798,0.16880293375079491,0.0,0.20216993225812724,0.15327830875398324,5,2,0.0192620344490253,0.1092141718306933,0.0,0.1065758846465521,0.0,0.0,False,True,model_output_path,gate3a_ood_tue_wed,128,128
ood,trc82af0ba__te3ec6a4d7,qsvc_zz_r1,8,corruption,feature_sign_flip_p_0.100,0.003125,0.36875,0.25103892727401006,0.2552216991025992,0.0,0.523232318440898,0.33064076260135333,5,2,0.0092673413910463,0.4615324165964591,0.0,0.1895584225089084,0.0,0.0,False,True,model_output_path,gate3c_ood_wed_thu_webattacks,128,128
ood,trc82af0ba__te3ec6a4d7,qsvc_zz_r1,12,pipeline,feature_dropout_p_0.100,0.003125,0.121875,0.010823522669035603,0.05934672668190109,0.0,0.11925481035250207,0.0757873598627377,5,2,0.0237546407306704,0.0,0.0,0.161085872380198,0.0,0.0,False,True,model_output_path,gate3c_ood_wed_thu_webattacks,128,128
ood,trc82af0ba__te5c44b321,qsvc_zz_r1,8,pipeline,feature_dropout_p_0.020,0.003125,0.003125,0.0004979414301802516,0.002541987532512567,0.0,0.004297260500199372,0.0028776593300951937,5,2,0.0024010830913689,0.0,0.0,0.0082763552748535,0.0,0.0,False,True,model_output_path,gate3d_ood_wed_fri_morning,128,128
ood,trc82af0ba__te5c44b321,qsvc_zz_r1,12,pipeline,feature_dropout_p_0.100,0.003125,0.009375,0.0025938219425350882,0.01882419127071066,0.0,0.005352358654176109,0.00927805075942938,5,2,0.0049953647712594,0.0,0.0,0.0618687123736347,0.0,0.0,False,True,model_output_path,gate3d_ood_wed_fri_morning,128,128
id,id8c8771f4,qsvc_zz_r1,10,covariate_shift,mean_shift_pf_delta_0.020,0.002734375,0.002734375,0.4217388434850899,0.42567979417664736,0.0,0.00319679794519514,0.15624574240296046,5,2,0.1735646955142023,0.0,1.0,0.4182916810445345,0.0,0.0,False,True,model_output_path,gate2_id_256,256,256
id,id6292a46b,qsvc_pauli_xyz_r1,10,covariate_shift,mean_shift_pf_delta_0.020,0.00234375,0.01015625,0.4189800421934865,0.38032063581832537,0.0,0.018017911644925652,0.14648837286344815,5,2,0.1038630109565804,0.0,1.0,0.1938851824677334,0.0,0.0,False,True,model_output_path,gate5a_id_unsw,128,128
id,id6292a46b,qsvc_pauli_xyz_r1,12,covariate_shift,mean_shift_pf_delta_0.050,0.00234375,0.01328125,0.544083008531835,0.5002723666819855,0.0,0.02017085532660949,0.19108579485099902,5,2,0.2182457501475227,0.0,1.0,0.1766494470307648,0.0,0.0,False,True,model_output_path,gate5a_id_unsw,128,128
id,id6292a46b,qsvc_z_r1,10,covariate_shift,mean_shift_pf_delta_0.020,0.00234375,0.00546875,0.4189800421934865,0.3867886678070796,0.0,0.00776579548378597,0.1441803316952044,5,2,0.1038630109565804,0.0,1.0,0.1258944734248035,0.0,0.0,False,True,model_output_path,gate5a_id_unsw,128,128
id,id6292a46b,svc_rbf,10,covariate_shift,scaling_drift_alpha_0.050,0.00234375,0.003125,0.4420354431820856,0.3958036568822467,0.0,0.006748240991574563,0.1469959847715327,5,2,0.1087913899782709,0.0,1.0,0.1449481832663395,0.0,0.0,False,True,model_output_path,gate5a_id_unsw,128,128
id,id8c8771f4,svc_rbf,12,pipeline,feature_dropout_p_0.020,0.00234375,0.00234375,0.00047146445990953943,0.0029166725854536495,0.0,0.0024035909573626633,0.0021531495571479923,5,2,0.0008183146651221,0.0,0.0,0.0086082062360476,0.0,0.0,False,True,model_output_path,gate2_id_256,256,256
id,idcc6a61e9,qsvc_z_r1,10,covariate_shift,scaling_drift_alpha_0.020,0.00234375,0.01640625,0.43140518186566884,0.4698374548248546,0.0,0.022812701810847453,0.18121939348669597,5,2,0.1928756694696342,0.195959878842539,0.8,0.5630369416160166,0.0,0.0,False,True,model_output_path,gate5b_id_ton_iot,128,128
id,idcc6a61e9,qsvc_z_r1,12,covariate_shift,mean_shift_pf_delta_0.050,0.00234375,0.04609375,0.47652134932858814,0.4848477137251462,0.0,0.05412688518310684,0.2009113891651017,5,2,0.2304019363470427,0.1642869411505485,1.0,0.4246796411462509,0.0,0.0,False,True,model_output_path,gate5b_id_ton_iot,128,128
id,idcc6a61e9,svc_rbf,8,pipeline,feature_dropout_p_0.020,0.00234375,0.00234375,0.0008226915792924469,0.001958493851982879,0.0,0.0028918321805289403,0.0020266487555069285,5,2,0.0011891119933855,0.0,0.0,0.00939045995277,0.0,0.0,False,True,model_output_path,gate5b_id_ton_iot,128,128
id,idcc6a61e9,svc_rbf,12,pipeline,feature_dropout_p_0.020,0.00234375,0.003125,0.0007233974107632676,0.0031779873408442775,0.0,0.004035370358880351,0.0029898910143435326,5,2,0.0016840055605993,0.0,0.0,0.0208609306576718,0.0,0.0,False,True,model_output_path,gate5b_id_ton_iot,128,128
ood,tr649b5ffb__te0e535a99,qsvc_zz_r1,10,pipeline,feature_dropout_p_0.020,0.00234375,0.0046875,0.0004911325504496535,0.002757753985614086,0.0,0.0066499251852829315,0.004025512897170091,5,2,0.0014219106357199,0.0,0.0,0.0084217942785074,0.0,0.0,False,True,model_output_path,gate3b_ood_tue_fri_portscan,128,128
ood,tr649b5ffb__te0e535a99,svc_rbf,8,corruption,feature_sign_flip_p_0.100,0.00234375,0.00859375,0.10638771748968645,0.14544032093628703,0.0,0.30827204424384336,0.19301104590585136,5,2,0.0356538758287221,0.243431109579627,0.0,0.1941440493660197,0.0,0.0,False,True,model_output_path,gate3b_ood_tue_fri_portscan,128,128
ood,tr649b5ffb__tec82af0ba,qsvc_zz_r1,10,corruption,feature_sign_flip_p_0.100,0.00234375,0.06171875,0.356153229271846,0.3409361151926907,0.0,0.47204691564947704,0.33854354900164985,5,2,0.0281263644188031,0.1754614774787411,0.0,0.1277764225540019,0.0,0.0,False,True,model_output_path,gate3a_ood_tue_wed,128,128
ood,tr649b5ffb__tec82af0ba,qsvc_zz_r1,10,covariate_shift,mean_shift_pf_delta_0.100,0.00234375,0.06328125,0.45970572656449465,0.5399777903232061,0.0,0.6632181061391393,0.4978183356353201,5,2,0.2343832939135854,0.0,1.0,0.3327154814014662,0.0,0.0,False,True,model_output_path,gate3a_ood_tue_wed,128,128
ood,tr649b5ffb__tec82af0ba,qsvc_zz_r1,12,pipeline,feature_dropout_p_0.020,0.00234375,0.00234375,0.0008070198161024151,0.006562980744352279,0.0,0.005804360823099532,0.005024884281173344,5,2,0.0014207441957458,0.0,0.0,0.0187472250124891,0.0,0.0,False,True,model_output_path,gate3a_ood_tue_wed,128,128
ood,tr649b5ffb__tec82af0ba,svc_rbf,10,pipeline,feature_dropout_p_0.050,0.00234375,0.003125,0.002427746673468935,0.014699335600523122,0.0,0.08781069987592233,0.045259167434700376,5,2,0.0032174100369742,0.0,0.0,0.0255398853433144,0.0,0.0,False,True,model_output_path,gate3a_ood_tue_wed,128,128
ood,tr649b5ffb__tec82af0ba,svc_rbf,12,pipeline,feature_dropout_p_0.020,0.00234375,0.00234375,0.0008070198152640006,0.005931362899221638,0.0,0.0566986891226565,0.027928990655469922,5,2,0.0014207441965171,0.0,0.0,0.0227506570156473,0.0,0.0,False,True,model_output_path,gate3a_ood_tue_wed,128,128
ood,tr993984ca__teb9107599,svc_rbf,8,covariate_shift,scaling_drift_alpha_0.100,0.00234375,0.00546875,0.5247027730814416,0.5053540597219832,0.0,0.012445097510643727,0.18942197513101378,5,2,0.1613669003752294,0.0,1.0,0.154429333362639,0.0,0.0,False,True,model_output_path,gate6_ood_unsw,128,128
ood,tr993984ca__teb9107599,svc_rbf,10,covariate_shift,scaling_drift_alpha_0.100,0.00234375,0.00546875,0.5075159595409058,0.47915496520683415,0.0,0.00868508567903008,0.17818593538386246,5,2,0.2088205055793237,0.0,1.0,0.1532208083612837,0.0,0.0,False,True,model_output_path,gate6_ood_unsw,128,128
ood,trc82af0ba__te3ec6a4d7,qsvc_zz_r1,8,covariate_shift,mean_shift_pf_delta_0.020,0.00234375,0.03984375,0.4591155352449429,0.45040968190947905,0.0,0.08815229970580872,0.20385456601517818,5,2,0.256300682153645,0.0264959215797753,1.0,0.3405431747132693,0.0,0.0,False,True,model_output_path,gate3c_ood_wed_thu_webattacks,128,128
ood,trc82af0ba__te3ec6a4d7,svc_rbf,10,pipeline,feature_dropout_p_0.100,0.00234375,0.003125,0.00980342807259785,0.027765572977927457,0.0,0.007825482630455696,0.013653609551271664,5,2,0.0202290405723944,0.0052786707313321,0.0,0.0793073093391052,0.0,0.0,False,True,model_output_path,gate3c_ood_wed_thu_webattacks,128,128
ood,trc82af0ba__te5c44b321,qsvc_zz_r1,12,corruption,feature_sign_flip_p_0.020,0.00234375,0.13984375,0.06390810593291538,0.06301313324328536,0.0,0.1257094470734104,0.08005452439456304,5,2,0.0039775210959344,0.1668378248959499,0.0,0.0566059203726807,0.0,0.0,False,True,model_output_path,gate3d_ood_wed_fri_morning,128,128
ood,trc82af0ba__te5c44b321,qsvc_zz_r1,12,covariate_shift,mean_shift_pf_delta_0.020,0.00234375,0.00234375,0.5240501339781094,0.5366476044253232,0.0,0.008245313571505267,0.19889245323261995,5,2,0.1957411877507821,0.4981627179975587,1.0,0.6036590244793999,0.0,0.0,False,True,model_output_path,gate3d_ood_wed_fri_morning,128,128
ood,trc82af0ba__te5c44b321,svc_rbf,12,pipeline,feature_dropout_p_0.100,0.00234375,0.00234375,0.002593821942349465,0.010487679553192606,0.0,0.00186369116207265,0.004660834002103062,5,2,0.0049953647709855,0.0,0.0,0.0301141633892569,0.0,0.0,False,True,model_output_path,gate3d_ood_wed_fri_morning,128,128
id,id8c8771f4,qsvc_zz_r1,12,covariate_shift,mean_shift_pf_delta_0.050,0.001953125,0.00390625,0.4761047497567593,0.5674402183012622,0.0,0.0034749779634660116,0.20792143300203447,5,2,0.2112096771527189,0.0186986380107089,1.0,0.4934641601204276,0.0,0.0,False,True,model_output_path,gate2_id_256,256,256
id,id6292a46b,qsvc_pauli_xyz_r1,8,covariate_shift,mean_shift_pf_delta_0.020,0.0015625,0.0171875,0.42450469704185967,0.40113845320183306,0.0,0.0810366061208645,0.18270334940105948,5,2,0.1273739201385468,0.0,1.0,0.2074314407240144,0.0,0.0,False,True,model_output_path,gate5a_id_unsw,128,128
id,id6292a46b,qsvc_pauli_xyz_r1,12,covariate_shift,mean_shift_pf_delta_0.020,0.0015625,0.00390625,0.4186572376658774,0.3758333004823797,0.0,0.005396199994876412,0.13911947290035462,5,2,0.1081089861931505,0.0,1.0,0.1978794822007276,0.0,0.0,False,True,model_output_path,gate5a_id_unsw,128,128
id,id6292a46b,qsvc_z_r1,8,pipeline,feature_dropout_p_0.020,0.0015625,0.0078125,0.0020566518256292174,0.010993111111868913,0.0,0.021436472523686665,0.013741346096900817,5,2,0.0032441137029533,0.0,0.0,0.016884169549725,0.0,0.0,False,True,model_output_path,gate5a_id_unsw,128,128
id,idcc6a61e9,svc_rbf,10,covariate_shift,mean_shift_pf_delta_0.050,0.0015625,0.0125,0.47178500822051284,0.4690736790947341,0.0,0.016214477799912252,0.17794246412531795,5,2,0.2087058693802124,0.1363081254573111,1.0,0.4288831137603209,0.0,0.0,False,True,model_output_path,gate5b_id_ton_iot,128,128
ood,tr649b5ffb__te0e535a99,svc_rbf,8,covariate_shift,scaling_drift_alpha_0.100,0.0015625,0.0015625,0.5349309387788923,0.5613792800835571,0.0,0.13345664455690984,0.26480003119261614,5,2,0.2158636298464182,0.4522559090966976,1.0,0.5882139338480086,0.0,0.0,False,True,model_output_path,gate3b_ood_tue_fri_portscan,128,128
ood,tr649b5ffb__te0e535a99,svc_rbf,10,corruption,feature_sign_flip_p_0.050,0.0015625,0.003125,0.06744435703731942,0.09283748912765263,0.0,0.07746972357887053,0.06897259767317847,5,2,0.0179993168316623,0.1799525760901242,0.0,0.1339442956091352,0.0,0.0,False,True,model_output_path,gate3b_ood_tue_fri_portscan,128,128
ood,tr649b5ffb__te0e535a99,svc_rbf,10,covariate_shift,scaling_drift_alpha_0.100,0.0015625,0.0015625,0.5162651576623356,0.5515776898949276,0.0,0.0032984335679758755,0.20207299340178086,5,2,0.1793139233851699,0.4491283016792123,1.0,0.5848447226918289,0.0,0.0,False,True,model_output_path,gate3b_ood_tue_fri_portscan,128,128
ood,tr649b5ffb__te0e535a99,svc_rbf,12,pipeline,feature_dropout_p_0.100,0.0015625,0.003125,0.003280355290462516,0.013779189067651677,0.0,0.070790777521711,0.03718824035265107,5,2,0.0061367892823159,0.0,0.0,0.0431611847369147,0.0,0.0,False,True,model_output_path,gate3b_ood_tue_fri_portscan,128,128
ood,tr649b5ffb__tec82af0ba,qsvc_zz_r1,8,covariate_shift,scaling_drift_alpha_0.020,0.0015625,0.05625,0.3494436295352076,0.47524197805430834,0.0,0.4965790761007205,0.3985330266109851,5,2,0.1192657180164273,0.0,0.75,0.394346913254946,0.0,0.0,False,True,model_output_path,gate3a_ood_tue_wed,128,128
ood,tr649b5ffb__tec82af0ba,qsvc_zz_r1,8,pipeline,feature_dropout_p_0.100,0.0015625,0.00390625,0.0055081061774909955,0.019195994681583683,0.0,0.04390076522118051,0.026935254984748847,5,2,0.0063694391431248,0.0,0.0,0.0320008309516676,0.0,0.0,False,True,model_output_path,gate3a_ood_tue_wed,128,128
ood,tr649b5ffb__tec82af0ba,qsvc_zz_r1,10,corruption,feature_sign_flip_p_0.020,0.0015625,0.01484375,0.004448653448347039,0.016324514514801935,0.0,0.059215153314212954,0.03285216587547932,5,2,0.0057905391663779,0.0,0.0,0.0465481546851462,0.0,0.0,False,True,model_output_path,gate3a_ood_tue_wed,128,128
ood,tr649b5ffb__tec82af0ba,qsvc_zz_r1,10,corruption,feature_sign_flip_p_0.050,0.0015625,0.04296875,0.13572760021097638,0.14162221153687576,0.0,0.3841840106092707,0.22612808174489601,5,2,0.0152982341604445,0.0834730881900767,0.0,0.0710592961689055,0.0,0.0,False,True,model_output_path,gate3a_ood_tue_wed,128,128
ood,tr649b5ffb__tec82af0ba,qsvc_zz_r1,10,pipeline,feature_dropout_p_0.100,0.0015625,0.01015625,0.0056467178110138315,0.021349755192177692,0.0,0.04336041494549371,0.027472826863289036,5,2,0.0069398941059562,0.0,0.0,0.0345098524277075,0.0,0.0,False,True,model_output_path,gate3a_ood_tue_wed,128,128
ood,tr649b5ffb__tec82af0ba,svc_rbf,10,covariate_shift,mean_shift_pf_delta_0.100,0.0015625,0.00234375,0.40517153832871167,0.46592478003770943,0.0,0.04777461223898056,0.1911429255768855,5,2,0.0897848504884373,0.0,1.0,0.3399662410324215,0.0,0.0,False,True,model_output_path,gate3a_ood_tue_wed,128,128
ood,tr649b5ffb__tec82af0ba,svc_rbf,12,pipeline,feature_dropout_p_0.100,0.0015625,0.003125,0.019016233210679905,0.03302527924126629,0.0,0.08892286500344627,0.05242867654384513,5,2,0.0062705180907998,0.0329929808550492,0.0,0.0607871131835795,0.0,0.0,False,True,model_output_path,gate3a_ood_tue_wed,128,128
ood,tr993984ca__teb9107599,qsvc_zz_r1,12,covariate_shift,mean_shift_pf_delta_0.020,0.0015625,0.00390625,0.39746427228297126,0.48773340071601845,0.0,0.006998513223248485,0.1805387426345742,5,2,0.1424716663680453,0.0,1.0,0.275421060750984,0.0,0.0,False,True,model_output_path,gate6_ood_unsw,128,128
ood,trc82af0ba__te3ec6a4d7,qsvc_zz_r1,10,pipeline,feature_dropout_p_0.100,0.0015625,0.08515625,0.009552902954745549,0.04607688473863396,0.0,0.09802884545971279,0.061313796932099984,5,2,0.0202290405723926,0.0,0.0,0.1340747671157239,0.0,0.0,False,True,model_output_path,gate3c_ood_wed_thu_webattacks,128,128
ood,trc82af0ba__te3ec6a4d7,svc_rbf,10,covariate_shift,scaling_drift_alpha_0.050,0.0015625,0.0015625,0.40191458833128746,0.3538681259264059,0.0,0.0012937935713028352,0.12926740650564889,5,2,0.1201310934605323,0.0,1.0,0.2301240460522393,0.0,0.0,False,True,model_output_path,gate3c_ood_wed_thu_webattacks,128,128
ood,trc82af0ba__te3ec6a4d7,svc_rbf,10,covariate_shift,scaling_drift_alpha_0.100,0.0015625,0.0015625,0.4262496436249483,0.4107371518867905,0.0,0.0012937935713028352,0.14994705230942512,5,2,0.1493384207222468,0.0,1.0,0.3482122965282435,0.0,0.0,False,True,model_output_path,gate3c_ood_wed_thu_webattacks,128,128
ood,trc82af0ba__te3ec6a4d7,svc_rbf,10,pipeline,feature_dropout_p_0.050,0.0015625,0.0015625,0.004237492999185186,0.015113336557416368,0.0,0.001858900498384978,0.006340713520144578,5,2,0.0118120621924957,0.0,0.0,0.0467684174895597,0.0,0.0,False,True,model_output_path,gate3c_ood_wed_thu_webattacks,128,128
ood,trc82af0ba__te5c44b321,qsvc_zz_r1,10,pipeline,feature_dropout_p_0.020,0.0015625,0.00234375,0.0005446331894553735,0.002449766835437011,0.0,0.001969900041908975,0.001786233413753902,5,2,0.0019387621359574,0.0,0.0,0.0096187160965956,0.0,0.0,False,True,model_output_path,gate3d_ood_wed_fri_morning,128,128
ood,trc82af0ba__te5c44b321,qsvc_zz_r1,10,pipeline,feature_dropout_p_0.100,0.0015625,0.009375,0.0028227215947904108,0.014124343024188472,0.0,0.009366033572191812,0.00939341272342845,5,2,0.0065047186018546,0.0,0.0,0.0549952342583234,0.0,0.0,False,True,model_output_path,gate3d_ood_wed_fri_morning,128,128
ood,trc82af0ba__te5c44b321,svc_rbf,8,covariate_shift,scaling_drift_alpha_0.100,0.0015625,0.0015625,0.5766528310507822,0.6012673925805754,0.0,0.0012742873342660988,0.2192219097266938,5,2,0.1861697502766119,0.6327576816461336,1.0,0.6330410794893895,0.0,0.0,False,True,model_output_path,gate3d_ood_wed_fri_morning,128,128
ood,trc82af0ba__te5c44b321,svc_rbf,10,pipeline,feature_dropout_p_0.100,0.0015625,0.00234375,0.0028227215944980613,0.009976977928296913,0.0,0.0029637884131226283,0.004975168525345526,5,2,0.0065047186005604,0.0,0.0,0.0471866723203276,0.0,0.0,False,True,model_output_path,gate3d_ood_wed_fri_morning,128,128
id,id8c8771f4,qsvc_zz_r1,8,covariate_shift,mean_shift_pf_delta_0.020,0.001171875,0.002734375,0.43211028012974656,0.45215614369021095,0.0,0.0025485987180714647,0.16557886985010917,5,2,0.1939582871427162,0.0,1.0,0.4147369840084389,0.0,0.0,False,True,model_output_path,gate2_id_256,256,256
id,id8c8771f4,svc_rbf,10,pipeline,feature_dropout_p_0.020,0.001171875,0.001171875,0.00037164356316540207,0.0023402839859413237,0.0,0.0011272570096152869,0.0013634019083492482,5,2,0.0015771227209197,0.0,0.0,0.0086206101431621,0.0,0.0,False,True,model_output_path,gate2_id_256,256,256
id,id8c8771f4,svc_rbf,12,covariate_shift,mean_shift_pf_delta_0.100,0.001171875,0.001171875,0.5560578630693924,0.48593059652135756,0.0,0.0012558588848708004,0.17727288004634403,5,2,0.2874935503361839,0.1203245717761087,1.0,0.4178664320318631,0.0,0.0,False,True,model_output_path,gate2_id_256,256,256
id,id6292a46b,svc_rbf,10,covariate_shift,mean_shift_pf_delta_0.100,0.00078125,0.00390625,0.5874804536189292,0.5459477003963304,0.0,0.006386819116538533,0.20142953610618308,5,2,0.2599217093457928,0.0813232886835669,1.0,0.2566379470308679,0.0,0.0,False,True,model_output_path,gate5a_id_unsw,128,128
id,id6292a46b,svc_rbf,10,covariate_shift,scaling_drift_alpha_0.020,0.00078125,0.00078125,0.3617069962309435,0.2989888219418997,0.0,0.0015498239164482527,0.10942767339543999,5,2,0.0705443380557752,0.0,1.0,0.0762793932976194,0.0,0.0,False,True,model_output_path,gate5a_id_unsw,128,128
id,id6292a46b,svc_rbf,12,covariate_shift,mean_shift_pf_delta_0.020,0.00078125,0.00390625,0.38154155501672166,0.31825506940611925,0.0,0.006430531868028724,0.11865208517860189,5,2,0.0703876797631009,0.0,1.0,0.1236279075814023,0.0,0.0,False,True,model_output_path,gate5a_id_unsw,128,128
id,id6292a46b,svc_rbf,12,covariate_shift,mean_shift_pf_delta_0.050,0.00078125,0.0078125,0.5123901485671251,0.43916651869137374,0.0,0.013758731994552492,0.16595088497620522,5,2,0.2014809747364427,0.0,1.0,0.1730028250646629,0.0,0.0,False,True,model_output_path,gate5a_id_unsw,128,128
id,id6292a46b,svc_rbf,12,covariate_shift,mean_shift_pf_delta_0.100,0.00078125,0.01171875,0.6087288849021422,0.5535500772796241,0.0,0.019871992181936887,0.21032366091165283,5,2,0.2553123035489816,0.0994036374824092,1.0,0.2543200742837479,0.0,0.0,False,True,model_output_path,gate5a_id_unsw,128,128
id,id6292a46b,svc_rbf,12,covariate_shift,scaling_drift_alpha_0.050,0.00078125,0.0046875,0.4199123412236944,0.3746767322298524,0.0,0.008145924479653706,0.1399487773925162,5,2,0.0936662120307401,0.0,1.0,0.151267682902071,0.0,0.0,False,True,model_output_path,gate5a_id_unsw,128,128
id,id8c8771f4,svc_rbf,12,covariate_shift,scaling_drift_alpha_0.100,0.00078125,0.003515625,0.41714445414004214,0.3907275119451493,0.0,0.0029326227354504893,0.1434157419507136,5,2,0.1286825553141315,0.0,1.0,0.2842427154146748,0.0,0.0,False,True,model_output_path,gate2_id_256,256,256
id,idcc6a61e9,qsvc_z_r1,10,covariate_shift,mean_shift_pf_delta_0.100,0.00078125,0.0328125,0.6041772242294383,0.6243864465552939,0.0,0.043703005718449706,0.24691461952849308,5,2,0.3635862953075748,0.3900589708275503,1.0,0.6202439974709217,0.0,0.0,False,True,model_output_path,gate5b_id_ton_iot,128,128
id,idcc6a61e9,svc_rbf,8,covariate_shift,mean_shift_pf_delta_0.050,0.00078125,0.00546875,0.5386523952734402,0.47961171443491146,0.0,0.0073357022694066215,0.17773866991697082,5,2,0.214064232494033,0.3400863767182128,1.0,0.3624876310845352,0.0,0.0,False,True,model_output_path,gate5b_id_ton_iot,128,128
id,idcc6a61e9,svc_rbf,8,covariate_shift,mean_shift_pf_delta_0.100,0.00078125,0.00078125,0.6100937037059767,0.5610838256481395,0.0,0.0009262636459680552,0.20445151098385442,5,2,0.2774696797474648,0.6228426869229081,1.0,0.4249424150693243,0.0,0.0,False,True,model_output_path,gate5b_id_ton_iot,128,128
id,idcc6a61e9,svc_rbf,8,covariate_shift,scaling_drift_alpha_0.020,0.00078125,0.00078125,0.37227898182543795,0.29848901497536634,0.0,0.0014264580436737667,0.10918985001089401,5,2,0.1001075015969801,0.0,1.0,0.1287581290597718,0.0,0.0,False,True,model_output_path,gate5b_id_ton_iot,128,128
id,idcc6a61e9,svc_rbf,8,covariate_shift,scaling_drift_alpha_0.050,0.00078125,0.0015625,0.45617951125237,0.3887813837184292,0.0,0.002352700136112631,0.1424444577776618,5,2,0.1467508142265014,0.0508171880600835,1.0,0.2493486162334298,0.0,0.0,False,True,model_output_path,gate5b_id_ton_iot,128,128
id,idcc6a61e9,svc_rbf,10,covariate_shift,scaling_drift_alpha_0.020,0.00078125,0.00078125,0.363445854250322,0.29466915919143405,0.0,0.0007356626373813563,0.10748681363205845,5,2,0.081870716239111,0.0,1.0,0.0838390309909347,0.0,0.0,False,True,model_output_path,gate5b_id_ton_iot,128,128
id,idcc6a61e9,svc_rbf,10,covariate_shift,scaling_drift_alpha_0.050,0.00078125,0.00625,0.42633824407209453,0.3693977632176457,0.0,0.00871426562524805,0.1382874891815294,5,2,0.1201117768158246,0.0,1.0,0.2582730799650901,0.0,0.0,False,True,model_output_path,gate5b_id_ton_iot,128,128
id,idcc6a61e9,svc_rbf,10,covariate_shift,scaling_drift_alpha_0.100,0.00078125,0.01171875,0.5031074876165593,0.47494225440926574,0.0,0.01581549699066941,0.17989513659912817,5,2,0.1842119227801845,0.0253965974852033,1.0,0.3743456215367898,0.0,0.0,False,True,model_output_path,gate5b_id_ton_iot,128,128
id,idcc6a61e9,svc_rbf,12,covariate_shift,mean_shift_pf_delta_0.020,0.00078125,0.00078125,0.42007153044098294,0.35236768878737906,0.0,0.0011298618242603588,0.12864727857007438,5,2,0.1566126440743034,0.0,1.0,0.1969668082729135,0.0,0.0,False,True,model_output_path,gate5b_id_ton_iot,128,128
id,idcc6a61e9,svc_rbf,12,covariate_shift,mean_shift_pf_delta_0.100,0.00078125,0.00546875,0.5589494313364727,0.5407005205808424,0.0,0.008141937018712724,0.20031925158335756,5,2,0.2533742152535743,0.3856428215974716,1.0,0.4220242126694734,0.0,0.0,False,True,model_output_path,gate5b_id_ton_iot,128,128
id,idcc6a61e9,svc_rbf,12,covariate_shift,scaling_drift_alpha_0.020,0.00078125,0.0046875,0.33958725519455957,0.2822470989957468,0.0,0.006154901842814273,0.10543299138155078,5,2,0.0971538032278953,0.0,1.0,0.1378526446475272,0.0,0.0,False,True,model_output_path,gate5b_id_ton_iot,128,128
id,idcc6a61e9,svc_rbf,12,covariate_shift,scaling_drift_alpha_0.050,0.00078125,0.0109375,0.41221975214109124,0.35438115917252644,0.0,0.015500665425068543,0.13591163307413168,5,2,0.145485327497406,0.0,1.0,0.173959979763853,0.0,0.0,False,True,model_output_path,gate5b_id_ton_iot,128,128
ood,tr649b5ffb__te0e535a99,svc_rbf,8,corruption,feature_sign_flip_p_0.020,0.00078125,0.00234375,0.016607172406242224,0.026346279965246945,0.0,0.1566516841360128,0.08078577641282289,5,2,0.0080151778301581,0.0831245180676173,0.0,0.0441809703345985,0.0,0.0,False,True,model_output_path,gate3b_ood_tue_fri_portscan,128,128
ood,tr649b5ffb__te0e535a99,svc_rbf,8,corruption,feature_sign_flip_p_0.050,0.00078125,0.003125,0.06522315452947991,0.08335026935991663,0.0,0.08103853627902854,0.06714488716680084,5,2,0.0165678768093277,0.1734905211454092,0.0,0.1117409438575496,0.0,0.0,False,True,model_output_path,gate3b_ood_tue_fri_portscan,128,128
ood,tr649b5ffb__te0e535a99,svc_rbf,8,covariate_shift,mean_shift_pf_delta_0.100,0.00078125,0.00078125,0.7314869143288958,0.7694267329058192,0.0,0.0012960372314076837,0.2803806470709378,5,2,0.4617028584692357,0.6918855427561349,1.0,0.5813194083516068,0.0,0.0,False,True,model_output_path,gate3b_ood_tue_fri_portscan,128,128
ood,tr649b5ffb__te0e535a99,svc_rbf,10,corruption,feature_sign_flip_p_0.020,0.00078125,0.00078125,0.021043580496279073,0.03025178006809775,0.0,0.0011292959430660137,0.011513963635247369,5,2,0.0057805914346325,0.1193978890629983,0.0,0.0637202453059263,0.0,0.0,False,True,model_output_path,gate3b_ood_tue_fri_portscan,128,128
ood,tr649b5ffb__te0e535a99,svc_rbf,10,covariate_shift,mean_shift_pf_delta_0.100,0.00078125,0.00078125,0.7454444841167406,0.7249133746884087,0.0,0.0016362592594791774,0.2643486177319119,5,2,0.468094024622065,0.6947644347131622,1.0,0.5283367043522912,0.0,0.0,False,True,model_output_path,gate3b_ood_tue_fri_portscan,128,128
ood,tr649b5ffb__te0e535a99,svc_rbf,10,covariate_shift,scaling_drift_alpha_0.050,0.00078125,0.00078125,0.4305498967500899,0.4361638064268239,0.0,0.0016362592594791774,0.15934877472769923,5,2,0.1115835652389528,0.259592229270314,1.0,0.5310312906320873,0.0,0.0,False,True,model_output_path,gate3b_ood_tue_fri_portscan,128,128
ood,tr649b5ffb__te0e535a99,svc_rbf,12,corruption,feature_sign_flip_p_0.020,0.00078125,0.0015625,0.01939344286191088,0.02935120490296191,0.0,0.0020349775767000205,0.011598155226849793,5,2,0.0053359852216822,0.1398368283691027,0.0,0.0546872150934743,0.0,0.0,False,True,model_output_path,gate3b_ood_tue_fri_portscan,128,128
ood,tr649b5ffb__te0e535a99,svc_rbf,12,corruption,feature_sign_flip_p_0.050,0.00078125,0.00078125,0.06568092998755212,0.0866000433711506,0.0,0.0011713882591307006,0.03202337407093235,5,2,0.0170048920062157,0.1853271637466205,0.0,0.1106570135544173,0.0,0.0,False,True,model_output_path,gate3b_ood_tue_fri_portscan,128,128
ood,tr649b5ffb__te0e535a99,svc_rbf,12,corruption,feature_sign_flip_p_0.100,0.00078125,0.00078125,0.1082237598736628,0.14666901241764285,0.0,0.0010773517875746828,0.0538238916916768,5,2,0.0318069210006822,0.2335872858371434,0.0833333333333333,0.19508731313977,0.0,0.0,False,True,model_output_path,gate3b_ood_tue_fri_portscan,128,128
ood,tr649b5ffb__tec82af0ba,qsvc_zz_r1,8,corruption,feature_sign_flip_p_0.020,0.00078125,0.009375,0.0038837311196580084,0.014516133558215145,0.0,0.1417800440418692,0.06972406858565514,5,2,0.0052993738566938,0.0,0.0,0.0238209345311257,0.0,0.0,False,True,model_output_path,gate3a_ood_tue_wed,128,128
ood,tr649b5ffb__tec82af0ba,qsvc_zz_r1,8,pipeline,feature_dropout_p_0.050,0.00078125,0.003125,0.0026640712112699226,0.01222132222846305,0.0,0.023753961797730122,0.015241372536591167,5,2,0.0032282404534157,0.0,0.0,0.023906870523746,0.0,0.0,False,True,model_output_path,gate3a_ood_tue_wed,128,128
ood,tr649b5ffb__tec82af0ba,qsvc_zz_r1,10,covariate_shift,mean_shift_pf_delta_0.050,0.00078125,0.034375,0.40335712817147257,0.47191341967883566,0.0,0.3079101670114343,0.3115640467065922,5,2,0.1274155622492435,0.0,1.0,0.2832476940317783,0.0,0.0,False,True,model_output_path,gate3a_ood_tue_wed,128,128
ood,tr649b5ffb__tec82af0ba,qsvc_zz_r1,10,pipeline,feature_dropout_p_0.020,0.00078125,0.0046875,0.0007233063642326001,0.0050593232324786805,0.0,0.009775856480619027,0.006283325030273623,5,2,0.0012936852997386,0.0,0.0,0.0159211143155146,0.0,0.0,False,True,model_output_path,gate3a_ood_tue_wed,128,128
ood,tr649b5ffb__tec82af0ba,qsvc_zz_r1,10,pipeline,feature_dropout_p_0.050,0.00078125,0.00859375,0.0024277466745082463,0.015702547862932386,0.0,0.032687859492850066,0.02056813535599817,5,2,0.0032174100404424,0.0,0.0,0.0357212343183585,0.0,0.0,False,True,model_output_path,gate3a_ood_tue_wed,128,128
ood,tr649b5ffb__tec82af0ba,svc_rbf,8,corruption,feature_sign_flip_p_0.020,0.00078125,0.00078125,0.0030473248108087926,0.017822430561026104,0.0,0.08499999999999996,0.04511724747673675,5,2,0.0042781775777965,0.0,0.0,0.0295951400375865,0.0,0.0,False,True,model_output_path,gate3a_ood_tue_wed,128,128
ood,tr649b5ffb__tec82af0ba,svc_rbf,8,covariate_shift,mean_shift_pf_delta_0.100,0.00078125,0.0015625,0.4139578953592862,0.4823169547758951,0.0,0.036676040429830865,0.19205891102297587,5,2,0.1092162449788645,0.0,1.0,0.3207600825209297,0.0,0.0,False,True,model_output_path,gate3a_ood_tue_wed,128,128
ood,tr649b5ffb__tec82af0ba,svc_rbf,8,covariate_shift,scaling_drift_alpha_0.100,0.00078125,0.0015625,0.5265744541581266,0.5545191749237504,0.0,0.08654687756038108,0.2409828261360824,5,2,0.1738593905369828,0.0,1.0,0.3457802798487503,0.0,0.0,False,True,model_output_path,gate3a_ood_tue_wed,128,128
ood,tr649b5ffb__tec82af0ba,svc_rbf,8,pipeline,feature_dropout_p_0.050,0.00078125,0.0015625,0.0026640712103958688,0.014036304876729116,0.0,0.10895611523517501,0.05462961778934468,5,2,0.0032282404522595,0.0,0.0,0.0312622049320795,0.0,0.0,False,True,model_output_path,gate3a_ood_tue_wed,128,128
ood,tr649b5ffb__tec82af0ba,svc_rbf,10,corruption,feature_sign_flip_p_0.100,0.00078125,0.0046875,0.1290806592661134,0.16110094249060405,0.0,0.07041206584784218,0.09058764538196609,5,2,0.021195759404194,0.0783887651300097,0.0,0.1182081142106249,0.0,0.0,False,True,model_output_path,gate3a_ood_tue_wed,128,128
ood,tr649b5ffb__tec82af0ba,svc_rbf,10,pipeline,feature_dropout_p_0.020,0.00078125,0.0015625,0.0007233063640846917,0.005496866623106498,0.0,0.09228032258755753,0.04394446176638306,5,2,0.0012936853002975,0.0,0.0,0.0174368724583012,0.0,0.0,False,True,model_output_path,gate3a_ood_tue_wed,128,128
ood,tr649b5ffb__tec82af0ba,svc_rbf,10,pipeline,feature_dropout_p_0.100,0.00078125,0.003125,0.005646717808129713,0.020126547543807733,0.0,0.10675785239918771,0.05584504110646996,5,2,0.0069398940994201,0.0,0.0,0.0300953223633473,0.0,0.0,False,True,model_output_path,gate3a_ood_tue_wed,128,128
ood,tr649b5ffb__tec82af0ba,svc_rbf,12,corruption,feature_sign_flip_p_0.050,0.00078125,0.00078125,0.008462407718180302,0.04782350315770526,0.0,0.016565062337695398,0.02491993857448164,5,2,0.008779665506979,0.0,0.0,0.0774103927222831,0.0,0.0,False,True,model_output_path,gate3a_ood_tue_wed,128,128
ood,tr649b5ffb__tec82af0ba,svc_rbf,12,covariate_shift,mean_shift_pf_delta_0.100,0.00078125,0.0015625,0.3986033368059222,0.4253102152300004,0.0,0.0492154339594199,0.17702891188337283,5,2,0.0777949255305907,0.0,1.0,0.2924041726907125,0.0,0.0,False,True,model_output_path,gate3a_ood_tue_wed,128,128
ood,tr649b5ffb__tec82af0ba,svc_rbf,12,pipeline,feature_dropout_p_0.050,0.00078125,0.0015625,0.0027829592811950453,0.01639062154764006,0.0,0.03593781122567751,0.02229559475626798,5,2,0.0036362455386115,0.0,0.0,0.026879945851758,0.0,0.0,False,True,model_output_path,gate3a_ood_tue_wed,128,128
ood,tr993984ca__teb9107599,svc_rbf,8,covariate_shift,mean_shift_pf_delta_0.020,0.00078125,0.003125,0.40429186885417734,0.3365733505006072,0.0,0.007836526405086735,0.1259523667298057,5,2,0.1331579720298705,0.0,1.0,0.137908821740218,0.0,0.0,False,True,model_output_path,gate6_ood_unsw,128,128
ood,tr993984ca__teb9107599,svc_rbf,8,covariate_shift,mean_shift_pf_delta_0.050,0.00078125,0.00390625,0.5278242497538492,0.46609479233967865,0.0,0.01026996001530003,0.17415717903956499,5,2,0.2188574099780621,0.0,1.0,0.129308438299554,0.0,0.0,False,True,model_output_path,gate6_ood_unsw,128,128
ood,tr993984ca__teb9107599,svc_rbf,8,covariate_shift,scaling_drift_alpha_0.050,0.00078125,0.0015625,0.465827221703472,0.41792252153811515,0.0,0.004937065618611702,0.15421594674959266,5,2,0.1329954147641263,0.0,1.0,0.1476804510820507,0.0,0.0,False,True,model_output_path,gate6_ood_unsw,128,128
ood,tr993984ca__teb9107599,svc_rbf,10,covariate_shift,scaling_drift_alpha_0.050,0.00078125,0.00234375,0.44458577450608916,0.40699363590882875,0.0,0.003578243663279837,0.14962416017742858,5,2,0.1619669397963791,0.0,1.0,0.1262663717792275,0.0,0.0,False,True,model_output_path,gate6_ood_unsw,128,128
ood,tr993984ca__teb9107599,svc_rbf,12,covariate_shift,scaling_drift_alpha_0.100,0.00078125,0.00234375,0.48352065763590335,0.4657127616495429,0.0,0.004565269103564378,0.17142521746509032,5,2,0.1794457571141682,0.0,1.0,0.2242067382550711,0.0,0.0,False,True,model_output_path,gate6_ood_unsw,128,128
ood,trc82af0ba__te3ec6a4d7,qsvc_zz_r1,8,pipeline,feature_dropout_p_0.020,0.00078125,0.01328125,0.001034416877765566,0.005324579453125896,0.0,0.012786818996824253,0.0077484011633295324,5,2,0.0026693395653189,0.0,0.0,0.0247126768033532,0.0,0.0,False,True,model_output_path,gate3c_ood_wed_thu_webattacks,128,128
ood,trc82af0ba__te3ec6a4d7,qsvc_zz_r1,10,corruption,feature_sign_flip_p_0.020,0.00078125,0.11953125,0.0673408769818178,0.06676569141566611,0.0,0.12763964420266033,0.08229645333417876,5,2,0.0032143186881857,0.1440588892298843,0.0,0.0586848917015909,0.0,0.0,False,True,model_output_path,gate3c_ood_wed_thu_webattacks,128,128
ood,trc82af0ba__te3ec6a4d7,qsvc_zz_r1,10,pipeline,feature_dropout_p_0.020,0.00078125,0.0140625,0.0013026795477855137,0.008625481636403132,0.0,0.013695967285433538,0.009361978452070931,5,2,0.0028860144324087,0.0,0.0,0.0271845349781429,0.0,0.0,False,True,model_output_path,gate3c_ood_wed_thu_webattacks,128,128
ood,trc82af0ba__te3ec6a4d7,qsvc_zz_r1,12,covariate_shift,mean_shift_pf_delta_0.020,0.00078125,0.0125,0.42723406897848354,0.4170085887157963,0.0,0.010423133125195366,0.15637727458992384,5,2,0.2073443982715012,0.0,1.0,0.3629623059733769,0.0,0.0,False,True,model_output_path,gate3c_ood_wed_thu_webattacks,128,128
ood,trc82af0ba__te3ec6a4d7,qsvc_zz_r1,12,pipeline,feature_dropout_p_0.020,0.00078125,0.021875,0.001153973029972944,0.009400163947981422,0.0,0.01764141739748922,0.011437067525397436,5,2,0.0025467934013113,0.0,0.0,0.0296887689916389,0.0,0.0,False,True,model_output_path,gate3c_ood_wed_thu_webattacks,128,128
ood,trc82af0ba__te3ec6a4d7,svc_rbf,8,pipeline,feature_dropout_p_0.020,0.00078125,0.00078125,0.001034416877762167,0.004162606364418774,0.0,0.0007123696572419037,0.0018374794312622379,5,2,0.0026693395650848,0.0,0.0,0.0138759750518746,0.0,0.0,False,True,model_output_path,gate3c_ood_wed_thu_webattacks,128,128
ood,trc82af0ba__te3ec6a4d7,svc_rbf,8,pipeline,feature_dropout_p_0.050,0.00078125,0.00234375,0.005525427231875013,0.015621912378925924,0.0,0.004963167082672514,0.007936680448096933,5,2,0.0122878521379964,0.0,0.0,0.0419076884078495,0.0,0.0,False,True,model_output_path,gate3c_ood_wed_thu_webattacks,128,128
ood,trc82af0ba__te3ec6a4d7,svc_rbf,10,covariate_shift,mean_shift_pf_delta_0.100,0.00078125,0.0015625,0.5962147631748652,0.5846413459475251,0.0,0.005007884523550781,0.21487316421889585,5,2,0.441279135770392,0.2177998464243598,1.0,0.651658520087287,0.0,0.0,False,True,model_output_path,gate3c_ood_wed_thu_webattacks,128,128
ood,trc82af0ba__te3ec6a4d7,svc_rbf,10,covariate_shift,scaling_drift_alpha_0.020,0.00078125,0.00078125,0.3679838941342183,0.29482384858206184,0.0,0.0007201666578914199,0.10753602069251858,5,2,0.0602026453672381,0.0,1.0,0.1220630697944033,0.0,0.0,False,True,model_output_path,gate3c_ood_wed_thu_webattacks,128,128
ood,trc82af0ba__te3ec6a4d7,svc_rbf,12,covariate_shift,scaling_drift_alpha_0.020,0.00078125,0.00078125,0.3621916152856377,0.29409699582747556,0.0,0.0006202463783063064,0.10722629229103942,5,2,0.0559156888303221,0.0,1.0,0.0907486245576393,0.0,0.0,False,True,model_output_path,gate3c_ood_wed_thu_webattacks,128,128
ood,trc82af0ba__te3ec6a4d7,svc_rbf,12,covariate_shift,scaling_drift_alpha_0.050,0.00078125,0.00078125,0.3952943203592759,0.3596793774570193,0.0,0.0006202463783063064,0.13107443106541897,5,2,0.1105681308003208,0.0,1.0,0.2477934873423251,0.0,0.0,False,True,model_output_path,gate3c_ood_wed_thu_webattacks,128,128
ood,trc82af0ba__te3ec6a4d7,svc_rbf,12,covariate_shift,scaling_drift_alpha_0.100,0.00078125,0.0015625,0.42856304280381224,0.41274039799773865,0.0,0.0012727773768957625,0.1506659526250394,5,2,0.1456032999861576,0.0,1.0,0.3458967958883471,0.0,0.0,False,True,model_output_path,gate3c_ood_wed_thu_webattacks,128,128
ood,trc82af0ba__te5c44b321,qsvc_zz_r1,12,pipeline,feature_dropout_p_0.020,0.00078125,0.00546875,0.0003757162052789348,0.0038667237195210134,0.0,0.002647510326686764,0.0026094951374107155,5,2,0.0012343473742154,0.0,0.0,0.0162121790262344,0.0,0.0,False,True,model_output_path,gate3d_ood_wed_fri_morning,128,128
ood,trc82af0ba__te5c44b321,svc_rbf,8,covariate_shift,mean_shift_pf_delta_0.020,0.00078125,0.00078125,0.5314224147571346,0.4592221911167508,0.0,0.0007309165928616915,0.1673221224937556,5,2,0.206478057855431,0.4559234358664261,1.0,0.6336236609576507,0.0,0.0,False,True,model_output_path,gate3d_ood_wed_fri_morning,128,128
ood,trc82af0ba__te5c44b321,svc_rbf,8,covariate_shift,mean_shift_pf_delta_0.050,0.00078125,0.00078125,0.6867762505555858,0.6554214444823181,0.0,0.0007309165928616915,0.2386673055357801,5,2,0.2882223624663833,0.7547527344002137,1.0,0.642701624953938,0.0,0.0,False,True,model_output_path,gate3d_ood_wed_fri_morning,128,128
ood,trc82af0ba__te5c44b321,svc_rbf,8,covariate_shift,scaling_drift_alpha_0.020,0.00078125,0.00078125,0.40128270158121004,0.36908791486725984,0.0,0.0007309165928616915,0.13454602203939525,5,2,0.0926134459145833,0.1508656564891444,1.0,0.6036888411011578,0.0,0.0,False,True,model_output_path,gate3d_ood_wed_fri_morning,128,128
ood,trc82af0ba__te5c44b321,svc_rbf,8,covariate_shift,scaling_drift_alpha_0.050,0.00078125,0.00078125,0.48024992558497737,0.4816419168529113,0.0,0.0007309165928616915,0.17547475003417762,5,2,0.134047554490417,0.3835448857705645,1.0,0.6559719917462551,0.0,0.0,False,True,model_output_path,gate3d_ood_wed_fri_morning,128,128
ood,trc82af0ba__te5c44b321,svc_rbf,8,pipeline,feature_dropout_p_0.050,0.00078125,0.00078125,0.0017036611396014408,0.005681746897936638,0.0,0.004560489092072938,0.00413903936837375,5,2,0.0042102404882052,0.0,0.0,0.0218887096395534,0.0,0.0,False,True,model_output_path,gate3d_ood_wed_fri_morning,128,128
ood,trc82af0ba__te5c44b321,svc_rbf,8,pipeline,feature_dropout_p_0.100,0.00078125,0.0015625,0.0032231365550297957,0.010008917371050958,0.0,0.001820590329781844,0.004467147375737551,5,2,0.0063563635700726,0.0,0.0,0.0246744979591342,0.0,0.0,False,True,model_output_path,gate3d_ood_wed_fri_morning,128,128
id,id8c8771f4,qsvc_zz_r1,12,covariate_shift,mean_shift_pf_delta_0.020,0.000390625,0.001171875,0.41536265221757623,0.4522849131922351,0.0,0.001167692032315076,0.16499801026641053,5,2,0.1629769356305505,0.0,1.0,0.4103742907719387,0.0,0.0,False,True,model_output_path,gate2_id_256,256,256
id,id8c8771f4,svc_rbf,12,covariate_shift,mean_shift_pf_delta_0.050,0.000390625,0.000390625,0.4344469548213154,0.3911746042113752,0.0,0.00039642575749157755,0.14242550414845076,5,2,0.1963447221960503,0.0,1.0,0.3292903839982641,0.0,0.0,False,True,model_output_path,gate2_id_256,256,256
id,id8c8771f4,svc_rbf,12,covariate_shift,scaling_drift_alpha_0.050,0.000390625,0.00078125,0.3878963063721766,0.3385486439317753,0.0,0.0007512253094818323,0.12345006384313731,5,2,0.0722064284377596,0.0,1.0,0.2495753179719318,0.0,0.0,False,True,model_output_path,gate2_id_256,256,256
id,id6292a46b,qsvc_zz_r1,12,covariate_shift,mean_shift_pf_delta_0.020,0.0,0.0015625,0.4186572376658774,0.4973410864753312,0.0,0.002920876482133408,0.18217897530109017,5,2,0.1081089861931505,0.0,1.0,0.2890841029035565,0.0,0.0,False,True,model_output_path,gate5a_id_unsw,128,128
id,id6292a46b,svc_rbf,8,covariate_shift,mean_shift_pf_delta_0.020,0.0,0.00390625,0.3944778616296579,0.34686957225893794,0.0,0.007562475968357349,0.12957187898886713,5,2,0.1029488031418272,0.0,1.0,0.1170774840856225,0.0,0.0,False,True,model_output_path,gate5a_id_unsw,128,128
id,id6292a46b,svc_rbf,8,covariate_shift,mean_shift_pf_delta_0.050,0.0,0.00234375,0.5118029343577581,0.46435375475062485,0.0,0.010637418962045033,0.17369110125570225,5,2,0.2252835523061082,0.0,1.0,0.1809259388801711,0.0,0.0,False,True,model_output_path,gate5a_id_unsw,128,128
id,id6292a46b,svc_rbf,10,covariate_shift,mean_shift_pf_delta_0.020,0.0,0.0,0.3857265965547331,0.3339653944224935,0.0,0.0,0.12144196160817947,5,2,0.0831751661176861,0.0,1.0,0.1217762875933442,0.0,0.0,False,True,evaluation_or_label_path,gate5a_id_unsw,128,128
id,id6292a46b,svc_rbf,10,covariate_shift,mean_shift_pf_delta_0.050,0.0,0.0046875,0.5208590753649511,0.45673188401969594,0.0,0.010425799679493952,0.170823321316023,5,2,0.2195269497318874,0.0,1.0,0.1790906352306205,0.0,0.0,False,True,model_output_path,gate5a_id_unsw,128,128
id,id6292a46b,svc_rbf,12,covariate_shift,scaling_drift_alpha_0.020,0.0,0.00234375,0.3455266710843622,0.28113425338309084,0.0,0.004290534219759092,0.10418088042101445,5,2,0.0608338825427185,0.0,1.0,0.0524197029148754,0.0,0.0,False,True,model_output_path,gate5a_id_unsw,128,128
id,id8c8771f4,svc_rbf,8,covariate_shift,mean_shift_pf_delta_0.020,0.0,0.0,0.40014259411629327,0.303205947151839,0.0,0.0,0.11025670805521419,5,2,0.1513992348646818,0.0,1.0,0.0150749698067436,0.0,0.0,False,True,evaluation_or_label_path,gate2_id_256,256,256
id,id8c8771f4,svc_rbf,8,covariate_shift,mean_shift_pf_delta_0.050,0.0,0.0,0.47484323789566363,0.4010330236854961,0.0,0.0,0.14583019043108947,5,2,0.221504486955514,0.1024400885407857,1.0,0.3044311555279182,0.0,0.0,False,True,evaluation_or_label_path,gate2_id_256,256,256
id,id8c8771f4,svc_rbf,8,covariate_shift,mean_shift_pf_delta_0.100,0.0,0.0,0.5720458957108311,0.5424536219732045,0.0,0.0,0.19725586253571073,5,2,0.299981872046459,0.2679615629917611,1.0,0.5373933568720042,0.0,0.0,False,True,evaluation_or_label_path,gate2_id_256,256,256
id,id8c8771f4,svc_rbf,8,covariate_shift,scaling_drift_alpha_0.020,0.0,0.0,0.37564421966465644,0.2874665867649822,0.0,0.0,0.10453330427817535,5,2,0.0592501243042013,0.0,1.0,0.0472303305929772,0.0,0.0,False,True,evaluation_or_label_path,gate2_id_256,256,256
id,id8c8771f4,svc_rbf,8,covariate_shift,scaling_drift_alpha_0.050,0.0,0.0,0.4074388961882656,0.33305768698998794,0.0,0.0,0.12111188617817743,5,2,0.1011463593539927,0.0,1.0,0.3788327435952991,0.0,0.0,False,True,evaluation_or_label_path,gate2_id_256,256,256
id,id8c8771f4,svc_rbf,8,covariate_shift,scaling_drift_alpha_0.100,0.0,0.001171875,0.4478256803284014,0.4192703980207564,0.0,0.0007877294284275134,0.1528200217477421,5,2,0.17766611775903,0.0218572440901435,1.0,0.4555519176386421,0.0,0.0,False,True,model_output_path,gate2_id_256,256,256
id,id8c8771f4,svc_rbf,10,covariate_shift,mean_shift_pf_delta_0.020,0.0,0.0,0.3907262377516206,0.31912948097691596,0.0,0.0,0.11604708399160582,5,2,0.1356570560166563,0.0,1.0,0.2886040773247015,0.0,0.0,False,True,evaluation_or_label_path,gate2_id_256,256,256
id,id8c8771f4,svc_rbf,10,covariate_shift,mean_shift_pf_delta_0.050,0.0,0.0,0.4520553380397224,0.39326580376487247,0.0,0.0,0.14300574682358996,5,2,0.2104982826244177,0.0938094922174783,1.0,0.3207582175698455,0.0,0.0,False,True,evaluation_or_label_path,gate2_id_256,256,256
id,id8c8771f4,svc_rbf,10,covariate_shift,mean_shift_pf_delta_0.100,0.0,0.001953125,0.5655914665459156,0.5288245671429971,0.0,0.0012872438981241107,0.19288495346023718,5,2,0.2856551707934489,0.2493874917130203,1.0,0.4865054842164317,0.0,0.0,False,True,model_output_path,gate2_id_256,256,256
id,id8c8771f4,svc_rbf,10,covariate_shift,scaling_drift_alpha_0.020,0.0,0.000390625,0.36805875230427965,0.29470657876534767,0.0,0.00035548395724018867,0.10732761225887197,5,2,0.0492965140759825,0.0,1.0,0.1743593005875613,0.0,0.0,False,True,model_output_path,gate2_id_256,256,256
id,id8c8771f4,svc_rbf,10,covariate_shift,scaling_drift_alpha_0.050,0.0,0.001171875,0.3937501406843479,0.32532925085073516,0.0,0.000821349349493665,0.11867488637730991,5,2,0.0841698596993081,0.0,1.0,0.206325674367269,0.0,0.0,False,True,model_output_path,gate2_id_256,256,256
id,id8c8771f4,svc_rbf,10,covariate_shift,scaling_drift_alpha_0.100,0.0,0.0015625,0.42558651358630495,0.4211680858968899,0.0,0.0009309205782993401,0.1535751769526415,5,2,0.1480341969076972,0.0,1.0,0.383497062044714,0.0,0.0,False,True,model_output_path,gate2_id_256,256,256
id,id8c8771f4,svc_rbf,12,covariate_shift,mean_shift_pf_delta_0.020,0.0,0.001171875,0.3866468894656935,0.33322471533930204,0.0,0.0011676315460898482,0.12170336537160523,5,2,0.129209204283346,0.0,1.0,0.2677983805736274,0.0,0.0,False,True,model_output_path,gate2_id_256,256,256
id,id8c8771f4,svc_rbf,12,covariate_shift,scaling_drift_alpha_0.020,0.0,0.0,0.3643099990123229,0.2847203624813397,0.0,0.0,0.10353467726594172,5,2,0.0422988883249577,0.0,1.0,0.1158042980473425,0.0,0.0,False,True,evaluation_or_label_path,gate2_id_256,256,256
id,idcc6a61e9,qsvc_z_r1,10,covariate_shift,mean_shift_pf_delta_0.050,0.0,0.01640625,0.4925969721361475,0.4967300466006046,0.0,0.021451374857686233,0.19037973279007725,5,2,0.2417561482328861,0.1586244661533725,1.0,0.4882780244787846,0.0,0.0,False,True,model_output_path,gate5b_id_ton_iot,128,128
id,idcc6a61e9,svc_rbf,8,covariate_shift,mean_shift_pf_delta_0.020,0.0,0.0,0.494965741152739,0.4018351370145818,0.0,0.0,0.14612186800530247,5,2,0.2087282985333242,0.1304257960095768,1.0,0.2192313074639581,0.0,0.0,False,True,evaluation_or_label_path,gate5b_id_ton_iot,128,128
id,idcc6a61e9,svc_rbf,8,covariate_shift,scaling_drift_alpha_0.100,0.0,0.00625,0.5856719309872472,0.5068344458112121,0.0,0.008709154912638128,0.1882621416189126,5,2,0.2124313761608248,0.1659882940732035,1.0,0.3185741016231125,0.0,0.0,False,True,model_output_path,gate5b_id_ton_iot,128,128
id,idcc6a61e9,svc_rbf,12,covariate_shift,scaling_drift_alpha_0.100,0.0,0.0171875,0.4847865981591137,0.4376166740469946,0.0,0.024149534477367854,0.17011039714316525,5,2,0.1944764652142842,0.0283739873420457,1.0,0.2446245211998689,0.0,0.0,False,True,model_output_path,gate5b_id_ton_iot,128,128
ood,tr649b5ffb__te0e535a99,svc_rbf,8,covariate_shift,mean_shift_pf_delta_0.020,0.0,0.0,0.5020125240901235,0.40286498208206767,0.0,0.0,0.14649635712075187,5,2,0.1775713920259898,0.452637032979175,1.0,0.3691918534747238,0.0,0.0,False,True,evaluation_or_label_path,gate3b_ood_tue_fri_portscan,128,128
ood,tr649b5ffb__te0e535a99,svc_rbf,8,covariate_shift,mean_shift_pf_delta_0.050,0.0,0.0,0.6464781937772796,0.6257432538319974,0.0,0.0,0.22754300139345357,5,2,0.3968060145312441,0.5919967869366012,1.0,0.4845797362671824,0.0,0.0,False,True,evaluation_or_label_path,gate3b_ood_tue_fri_portscan,128,128
ood,tr649b5ffb__te0e535a99,svc_rbf,8,covariate_shift,scaling_drift_alpha_0.020,0.0,0.0,0.38420927762035934,0.3424461108247533,0.0,0.0,0.12452585848172845,5,2,0.101187925180549,0.0830515199033892,1.0,0.3856944276593332,0.0,0.0,False,True,evaluation_or_label_path,gate3b_ood_tue_fri_portscan,128,128
ood,tr649b5ffb__te0e535a99,svc_rbf,8,covariate_shift,scaling_drift_alpha_0.050,0.0,0.0,0.4451569947406683,0.43967784416218975,0.0,0.0,0.15988285242261446,5,2,0.1325451082282417,0.2638568285584439,1.0,0.5161124221091428,0.0,0.0,False,True,evaluation_or_label_path,gate3b_ood_tue_fri_portscan,128,128
ood,tr649b5ffb__te0e535a99,svc_rbf,8,pipeline,feature_dropout_p_0.020,0.0,0.0,0.000615301720194768,0.0020884623672122763,0.0,0.0,0.0007594408608044641,5,2,0.0014817774312377,0.0,0.0,0.0109039166505987,0.0,0.0,False,True,evaluation_or_label_path,gate3b_ood_tue_fri_portscan,128,128
ood,tr649b5ffb__te0e535a99,svc_rbf,8,pipeline,feature_dropout_p_0.050,0.0,0.0,0.001985738390166687,0.005590798987724864,0.0,0.0,0.002033017813718132,5,2,0.0048991737889816,0.0,0.0,0.0173025769038726,0.0,0.0,False,True,evaluation_or_label_path,gate3b_ood_tue_fri_portscan,128,128
ood,tr649b5ffb__te0e535a99,svc_rbf,8,pipeline,feature_dropout_p_0.100,0.0,0.0015625,0.0031761412398657258,0.011699446352270161,0.0,0.05274556772547649,0.028229602185133006,5,2,0.0074703443212908,0.0,0.0,0.0333036859003928,0.0,0.0,False,True,model_output_path,gate3b_ood_tue_fri_portscan,128,128
ood,tr649b5ffb__te0e535a99,svc_rbf,10,corruption,feature_sign_flip_p_0.100,0.0,0.003125,0.10850380211500847,0.15035068169210172,0.0,0.07587119752095259,0.08915988312483362,5,2,0.0337873615548336,0.247271304607004,0.0,0.1937914061705564,0.0,0.0,False,True,model_output_path,gate3b_ood_tue_fri_portscan,128,128
ood,tr649b5ffb__te0e535a99,svc_rbf,10,covariate_shift,mean_shift_pf_delta_0.020,0.0,0.0,0.4839726550668823,0.42763425450933645,0.0,0.0,0.15550336527612235,5,2,0.1873173317115977,0.4142860010746682,1.0,0.4661055630699908,0.0,0.0,False,True,evaluation_or_label_path,gate3b_ood_tue_fri_portscan,128,128
ood,tr649b5ffb__te0e535a99,svc_rbf,10,covariate_shift,mean_shift_pf_delta_0.050,0.0,0.0,0.6354803031794558,0.5413786310912475,0.0,0.0,0.19686495676045362,5,2,0.3759723840744217,0.5972203630734945,1.0,0.4967605180227303,0.0,0.0,False,True,evaluation_or_label_path,gate3b_ood_tue_fri_portscan,128,128
ood,tr649b5ffb__te0e535a99,svc_rbf,10,covariate_shift,scaling_drift_alpha_0.020,0.0,0.0,0.3749688299327086,0.33649344663827985,0.0,0.0,0.12236125332301084,5,2,0.0837545315125281,0.0788468826032324,1.0,0.4869512535002506,0.0,0.0,False,True,evaluation_or_label_path,gate3b_ood_tue_fri_portscan,128,128
ood,tr649b5ffb__te0e535a99,svc_rbf,10,pipeline,feature_dropout_p_0.020,0.0,0.00078125,0.0004911325502755252,0.0041693642096109155,0.0,0.0017749030324381964,0.0023229065455122404,5,2,0.0014219106352563,0.0,0.0,0.0229890518179628,0.0,0.0,False,True,model_output_path,gate3b_ood_tue_fri_portscan,128,128
ood,tr649b5ffb__te0e535a99,svc_rbf,10,pipeline,feature_dropout_p_0.050,0.0,0.00078125,0.001566399004068021,0.006649195816356844,0.0,0.0017449361532830034,0.003211042184712945,5,2,0.0042204108896885,0.0,0.0,0.0222461033413993,0.0,0.0,False,True,model_output_path,gate3b_ood_tue_fri_portscan,128,128
ood,tr649b5ffb__te0e535a99,svc_rbf,10,pipeline,feature_dropout_p_0.100,0.0,0.00078125,0.0028502757241944095,0.011448895302737471,0.0,0.0017749030324381964,0.004970008761194624,5,2,0.0064252630994504,0.0,0.0,0.0301883359854043,0.0,0.0,False,True,model_output_path,gate3b_ood_tue_fri_portscan,128,128
ood,tr649b5ffb__te0e535a99,svc_rbf,12,covariate_shift,mean_shift_pf_delta_0.020,0.0,0.0,0.4699242428694618,0.4089212555308911,0.0,0.0,0.14869863837486946,5,2,0.1595943597763068,0.4187210097016418,1.0,0.4992897061127263,0.0,0.0,False,True,evaluation_or_label_path,gate3b_ood_tue_fri_portscan,128,128
ood,tr649b5ffb__te0e535a99,svc_rbf,12,covariate_shift,mean_shift_pf_delta_0.050,0.0,0.00078125,0.6228064888885222,0.5490595671221277,0.0,0.0009576257891253379,0.20009330885764887,5,2,0.3181596186783259,0.6167797179781964,1.0,0.582811557484534,0.0,0.0,False,True,model_output_path,gate3b_ood_tue_fri_portscan,128,128
ood,tr649b5ffb__te0e535a99,svc_rbf,12,covariate_shift,mean_shift_pf_delta_0.100,0.0,0.0,0.7443331510848556,0.6994591931703065,0.0,0.0,0.2543487975164751,5,2,0.4873083135158285,0.7152516747467343,1.0,0.526270953525483,0.0,0.0,False,True,evaluation_or_label_path,gate3b_ood_tue_fri_portscan,128,128
ood,tr649b5ffb__te0e535a99,svc_rbf,12,covariate_shift,scaling_drift_alpha_0.020,0.0,0.0,0.36891575290196055,0.3303914984026511,0.0,0.0,0.12014236305550947,5,2,0.0714440121421485,0.0636138341677598,1.0,0.5152599686736986,0.0,0.0,False,True,evaluation_or_label_path,gate3b_ood_tue_fri_portscan,128,128
ood,tr649b5ffb__te0e535a99,svc_rbf,12,covariate_shift,scaling_drift_alpha_0.050,0.0,0.0,0.41732947753346517,0.4732720739236019,0.0,0.0,0.17209893597221887,5,2,0.0946482511801094,0.2369629622371387,1.0,0.5996766485832179,0.0,0.0,False,True,evaluation_or_label_path,gate3b_ood_tue_fri_portscan,128,128
ood,tr649b5ffb__te0e535a99,svc_rbf,12,covariate_shift,scaling_drift_alpha_0.100,0.0,0.0,0.49604444927214,0.5535305426661978,0.0,0.0,0.2012838336967992,5,2,0.1566444391749741,0.4272870799246699,1.0,0.6235179491712021,0.0,0.0,False,True,evaluation_or_label_path,gate3b_ood_tue_fri_portscan,128,128
ood,tr649b5ffb__te0e535a99,svc_rbf,12,pipeline,feature_dropout_p_0.020,0.0,0.00078125,0.0005029104238516923,0.003399909883264897,0.0,0.0012251446717544603,0.0017932148083483538,5,2,0.0022605489494256,0.0,0.0,0.0163618627617106,0.0,0.0,False,True,model_output_path,gate3b_ood_tue_fri_portscan,128,128
ood,tr649b5ffb__te0e535a99,svc_rbf,12,pipeline,feature_dropout_p_0.050,0.0,0.0,0.0015451641799446984,0.009193911135260848,0.0,0.0,0.0033432404128221267,5,2,0.0028696360900893,0.0,0.0,0.0309712194372841,0.0,0.0,False,True,evaluation_or_label_path,gate3b_ood_tue_fri_portscan,128,128
ood,tr649b5ffb__tec82af0ba,qsvc_zz_r1,8,corruption,feature_sign_flip_p_0.050,0.0,0.0078125,0.09209170954768639,0.09695150500236278,0.0,0.0754529009288956,0.06955186587762993,5,2,0.0149821653664257,0.0751071769800341,0.0,0.052082644196457,0.0,0.0,False,True,model_output_path,gate3a_ood_tue_wed,128,128
ood,tr649b5ffb__tec82af0ba,qsvc_zz_r1,8,corruption,feature_sign_flip_p_0.100,0.0,0.015625,0.35284338553763617,0.325342367798476,0.0,0.24180281374845647,0.22821668544874418,5,2,0.0256003730677276,0.1640794698592815,0.0,0.095997639373343,0.0,0.0,False,True,model_output_path,gate3a_ood_tue_wed,128,128
ood,tr649b5ffb__tec82af0ba,qsvc_zz_r1,8,covariate_shift,mean_shift_pf_delta_0.020,0.0,0.003125,0.37672412370539543,0.3991218886163629,0.0,0.024779875874886136,0.15639881216726204,5,2,0.0686137101043476,0.0,1.0,0.2586894547314505,0.0,0.0,False,True,model_output_path,gate3a_ood_tue_wed,128,128
ood,tr649b5ffb__tec82af0ba,qsvc_zz_r1,8,covariate_shift,mean_shift_pf_delta_0.050,0.0,0.01015625,0.4076076545673974,0.48592157543705233,0.0,0.14126376135668361,0.240909555321057,5,2,0.1501178184348159,0.0,1.0,0.3959426303346059,0.0,0.0,False,True,model_output_path,gate3a_ood_tue_wed,128,128
ood,tr649b5ffb__tec82af0ba,qsvc_zz_r1,8,covariate_shift,scaling_drift_alpha_0.050,0.0,0.028125,0.5041980167356933,0.5957692944449186,0.0,0.5870304269519215,0.4834753920490257,5,2,0.3111629322383278,0.0,0.75,0.3727959563931726,0.0,0.0,False,True,model_output_path,gate3a_ood_tue_wed,128,128
ood,tr649b5ffb__tec82af0ba,qsvc_zz_r1,8,covariate_shift,scaling_drift_alpha_0.100,0.0,0.0296875,0.6806022012220815,0.7226101476693255,0.0,0.6650610631124779,0.5650678096581538,5,2,0.3876086657055987,0.109417445551343,0.875,0.3259040372521325,0.0,0.0,False,True,model_output_path,gate3a_ood_tue_wed,128,128
ood,tr649b5ffb__tec82af0ba,qsvc_zz_r1,8,pipeline,feature_dropout_p_0.020,0.0,0.0,0.0007771721885278958,0.0038985865427090234,0.0,0.0,0.0014176678337123722,5,2,0.0018865226930945,0.0,0.0,0.009798918130385,0.0,0.0,False,True,evaluation_or_label_path,gate3a_ood_tue_wed,128,128
ood,tr649b5ffb__tec82af0ba,qsvc_zz_r1,10,covariate_shift,scaling_drift_alpha_0.050,0.0,0.065625,0.5048926687090896,0.6111909238866868,0.0,0.6771783281364165,0.5300595760208028,5,2,0.290785131247086,0.0,0.8,0.3815551332448953,0.0,0.0,False,True,model_output_path,gate3a_ood_tue_wed,128,128
ood,tr649b5ffb__tec82af0ba,qsvc_zz_r1,10,covariate_shift,scaling_drift_alpha_0.100,0.0,0.0671875,0.6921522074024351,0.7347284537941718,0.0,0.6842401801287272,0.5781922468927567,5,2,0.3802114806890804,0.1219503372036614,0.9,0.357651555607806,0.0,0.0,False,True,model_output_path,gate3a_ood_tue_wed,128,128
ood,tr649b5ffb__tec82af0ba,svc_rbf,8,corruption,feature_sign_flip_p_0.050,0.0,0.0046875,0.008529849643191728,0.040864971649196724,0.0,0.017200644189601478,0.022678464322254024,5,2,0.0097528678037775,0.0,0.0,0.061659621489288,0.0,0.0,False,True,model_output_path,gate3a_ood_tue_wed,128,128
ood,tr649b5ffb__tec82af0ba,svc_rbf,8,covariate_shift,mean_shift_pf_delta_0.020,0.0,0.0,0.36518527568714026,0.2864540075114582,0.0,0.0,0.10416509364053025,5,2,0.0529660935993176,0.0,1.0,0.0601148548188854,0.0,0.0,False,True,evaluation_or_label_path,gate3a_ood_tue_wed,128,128
ood,tr649b5ffb__tec82af0ba,svc_rbf,8,covariate_shift,mean_shift_pf_delta_0.050,0.0,0.0,0.39417427095190455,0.42031769408716746,0.0,0.0,0.1528427978498791,5,2,0.1168355691905212,0.0,1.0,0.2644872211021983,0.0,0.0,False,True,evaluation_or_label_path,gate3a_ood_tue_wed,128,128
ood,tr649b5ffb__tec82af0ba,svc_rbf,8,covariate_shift,scaling_drift_alpha_0.020,0.0,0.0,0.406972194017763,0.35481805363448754,0.0,0.0,0.12902474677617728,5,2,0.0910139595825343,0.0,1.0,0.1948659028661591,0.0,0.0,False,True,evaluation_or_label_path,gate3a_ood_tue_wed,128,128
ood,tr649b5ffb__tec82af0ba,svc_rbf,8,covariate_shift,scaling_drift_alpha_0.050,0.0,0.0,0.4845296850933095,0.48277547752581845,0.0,0.0,0.1755547191002976,5,2,0.1432381859358336,0.0,1.0,0.2904302078605465,0.0,0.0,False,True,evaluation_or_label_path,gate3a_ood_tue_wed,128,128
ood,tr649b5ffb__tec82af0ba,svc_rbf,8,pipeline,feature_dropout_p_0.020,0.0,0.00234375,0.0007771721885057266,0.004438206172180261,0.0,0.14317147194541185,0.06669183494688911,5,2,0.0018865226944772,0.0,0.0,0.0142716374505039,0.0,0.0,False,True,model_output_path,gate3a_ood_tue_wed,128,128
ood,tr649b5ffb__tec82af0ba,svc_rbf,8,pipeline,feature_dropout_p_0.100,0.0,0.00078125,0.005508106175342158,0.018396081099231604,0.0,0.023283160865764395,0.017272738975068036,5,2,0.0063694391414514,0.0,0.0,0.0316785910421212,0.0,0.0,False,True,model_output_path,gate3a_ood_tue_wed,128,128
ood,tr649b5ffb__tec82af0ba,svc_rbf,10,corruption,feature_sign_flip_p_0.020,0.0,0.0,0.003657011312853964,0.01617480242658565,0.0,0.0,0.005881746336940237,5,2,0.0039242786655951,0.0,0.0,0.0309086733627145,0.0,0.0,False,True,evaluation_or_label_path,gate3a_ood_tue_wed,128,128
ood,tr649b5ffb__tec82af0ba,svc_rbf,10,corruption,feature_sign_flip_p_0.050,0.0,0.00078125,0.008981299423061955,0.04283699298368941,0.0,0.012695552896319146,0.021347794219668488,5,2,0.0102675856549399,0.0,0.0,0.0692713191804199,0.0,0.0,False,True,model_output_path,gate3a_ood_tue_wed,128,128
ood,tr649b5ffb__tec82af0ba,svc_rbf,10,covariate_shift,mean_shift_pf_delta_0.020,0.0,0.0,0.360684378020853,0.3269054908619135,0.0,0.0,0.11887472394978674,5,2,0.0424672383250459,0.0,1.0,0.238348324269356,0.0,0.0,False,True,evaluation_or_label_path,gate3a_ood_tue_wed,128,128
ood,tr649b5ffb__tec82af0ba,svc_rbf,10,covariate_shift,mean_shift_pf_delta_0.050,0.0,0.0,0.3880272081137149,0.3436986718334952,0.0,0.0,0.12498133521218005,5,2,0.1187299586364711,0.0,1.0,0.2358252330072251,0.0,0.0,False,True,evaluation_or_label_path,gate3a_ood_tue_wed,128,128
ood,tr649b5ffb__tec82af0ba,svc_rbf,10,covariate_shift,scaling_drift_alpha_0.020,0.0,0.00078125,0.3988266050731107,0.34127479359754453,0.0,0.012695552896319146,0.1298706308065249,5,2,0.0767784304340239,0.0,1.0,0.1249009714846208,0.0,0.0,False,True,model_output_path,gate3a_ood_tue_wed,128,128
ood,tr649b5ffb__tec82af0ba,svc_rbf,10,covariate_shift,scaling_drift_alpha_0.050,0.0,0.00078125,0.468227947848892,0.47506655266864206,0.0,0.012695552896319146,0.17852217955965127,5,2,0.1239275260405543,0.0,1.0,0.2374020043613014,0.0,0.0,False,True,model_output_path,gate3a_ood_tue_wed,128,128
ood,tr649b5ffb__tec82af0ba,svc_rbf,10,covariate_shift,scaling_drift_alpha_0.100,0.0,0.003125,0.508385930656637,0.5454399069832252,0.0,0.0224775298116302,0.20855884336282288,5,2,0.1557947366195306,0.0,1.0,0.2828488449956604,0.0,0.0,False,True,model_output_path,gate3a_ood_tue_wed,128,128
ood,tr649b5ffb__tec82af0ba,svc_rbf,12,corruption,feature_sign_flip_p_0.020,0.0,0.0,0.003264566142210135,0.02067754226373863,0.0,0.0,0.007519106277723138,5,2,0.004484340341735,0.0,0.0,0.0430729934121667,0.0,0.0,False,True,evaluation_or_label_path,gate3a_ood_tue_wed,128,128
ood,tr649b5ffb__tec82af0ba,svc_rbf,12,covariate_shift,mean_shift_pf_delta_0.020,0.0,0.0,0.35807809251086725,0.31313660613207,0.0,0.0,0.11386785677529818,5,2,0.0356479064271899,0.0,1.0,0.1455378237745811,0.0,0.0,False,True,evaluation_or_label_path,gate3a_ood_tue_wed,128,128
ood,tr649b5ffb__tec82af0ba,svc_rbf,12,covariate_shift,mean_shift_pf_delta_0.050,0.0,0.0,0.38283693998170787,0.3900830843017084,0.0,0.0,0.14184839429153034,5,2,0.0993690792638385,0.0,1.0,0.3372683610957021,0.0,0.0,False,True,evaluation_or_label_path,gate3a_ood_tue_wed,128,128
ood,tr649b5ffb__tec82af0ba,svc_rbf,12,covariate_shift,scaling_drift_alpha_0.020,0.0,0.0,0.3834819872516363,0.34285024422189514,0.0,0.0,0.12467281608068911,5,2,0.067161775109935,0.0,1.0,0.246056242199438,0.0,0.0,False,True,evaluation_or_label_path,gate3a_ood_tue_wed,128,128
ood,tr649b5ffb__tec82af0ba,svc_rbf,12,covariate_shift,scaling_drift_alpha_0.050,0.0,0.00078125,0.4539515515820801,0.47665885639822936,0.0,0.015873562458565155,0.18054574889870392,5,2,0.1115741221983184,0.0,1.0,0.3346106356890423,0.0,0.0,False,True,model_output_path,gate3a_ood_tue_wed,128,128
ood,tr649b5ffb__tec82af0ba,svc_rbf,12,covariate_shift,scaling_drift_alpha_0.100,0.0,0.00234375,0.49720736283911854,0.5422677996355831,0.0,0.1300456591356197,0.25629995402003913,5,2,0.1412943478463369,0.0,1.0,0.3475690657976297,0.0,0.0,False,True,model_output_path,gate3a_ood_tue_wed,128,128
ood,tr993984ca__teb9107599,svc_rbf,8,covariate_shift,scaling_drift_alpha_0.020,0.0,0.00078125,0.38674895394967923,0.3187595571457369,0.0,0.0024690548536392084,0.1170348638955585,5,2,0.0928577875799849,0.0,1.0,0.0641278515383305,0.0,0.0,False,True,model_output_path,gate6_ood_unsw,128,128
ood,tr993984ca__teb9107599,svc_rbf,10,covariate_shift,mean_shift_pf_delta_0.020,0.0,0.003125,0.4029768934558054,0.3262512650859161,0.0,0.0034094917878587675,0.12018659266208713,5,2,0.167097948487799,0.0,1.0,0.0771160822795774,0.0,0.0,False,True,model_output_path,gate6_ood_unsw,128,128
ood,tr993984ca__teb9107599,svc_rbf,10,covariate_shift,scaling_drift_alpha_0.020,0.0,0.0,0.3702696483772817,0.30778554149954346,0.0,0.0,0.11192201509074307,5,2,0.0757554423409763,0.0,1.0,0.0581554667938143,0.0,0.0,False,True,evaluation_or_label_path,gate6_ood_unsw,128,128
ood,tr993984ca__teb9107599,svc_rbf,12,covariate_shift,scaling_drift_alpha_0.020,0.0,0.0015625,0.3399862821957529,0.28299379324922935,0.0,0.002968850822556165,0.10425631155542711,5,2,0.0649138929350566,0.0,1.0,0.064775684324193,0.0,0.0,False,True,model_output_path,gate6_ood_unsw,128,128
ood,tr993984ca__teb9107599,svc_rbf,12,covariate_shift,scaling_drift_alpha_0.050,0.0,0.0015625,0.4181004508718618,0.3814130394895471,0.0,0.002968850822556165,0.14004512837008812,5,2,0.1389977930744811,0.0,1.0,0.1137951958469296,0.0,0.0,False,True,model_output_path,gate6_ood_unsw,128,128
ood,trc82af0ba__te3ec6a4d7,qsvc_zz_r1,8,pipeline,feature_dropout_p_0.050,0.0,0.03671875,0.005525427232052174,0.02439547757622809,0.0,0.03586783360225726,0.025174643483290786,5,2,0.0122878521381194,0.0,0.0,0.0614977914984953,0.0,0.0,False,True,model_output_path,gate3c_ood_wed_thu_webattacks,128,128
ood,trc82af0ba__te3ec6a4d7,qsvc_zz_r1,10,covariate_shift,mean_shift_pf_delta_0.100,0.0,0.2328125,0.668186212873142,0.6987619204265467,0.0,0.31957615066674316,0.399357130458173,5,2,0.4827972414513923,0.3431392687010516,1.0,0.6100780773666631,0.0,0.0,False,True,model_output_path,gate3c_ood_wed_thu_webattacks,128,128
ood,trc82af0ba__te3ec6a4d7,svc_rbf,8,covariate_shift,mean_shift_pf_delta_0.020,0.0,0.00078125,0.43372717582543824,0.3565271440160146,0.0,0.0005736269134114156,0.12990697369373777,5,2,0.2514524823244082,0.0,1.0,0.2781419343234217,0.0,0.0,False,True,model_output_path,gate3c_ood_wed_thu_webattacks,128,128
ood,trc82af0ba__te3ec6a4d7,svc_rbf,8,covariate_shift,mean_shift_pf_delta_0.050,0.0,0.0,0.516121451398962,0.47403279946948745,0.0,0.0,0.17237556344345,5,2,0.3546409468850141,0.0587961183688386,1.0,0.3697447135526348,0.0,0.0,False,True,evaluation_or_label_path,gate3c_ood_wed_thu_webattacks,128,128
ood,trc82af0ba__te3ec6a4d7,svc_rbf,8,covariate_shift,mean_shift_pf_delta_0.100,0.0,0.0,0.6099194221141426,0.6333525702889827,0.0,0.0,0.23031002555963007,5,2,0.4265258332319671,0.2206381376877938,1.0,0.651688947045218,0.0,0.0,False,True,evaluation_or_label_path,gate3c_ood_wed_thu_webattacks,128,128
ood,trc82af0ba__te3ec6a4d7,svc_rbf,8,covariate_shift,scaling_drift_alpha_0.020,0.0,0.0,0.3757932637947755,0.3004227250068848,0.0,0.0,0.10924462727523084,5,2,0.069990792615028,0.0,1.0,0.1071015104062194,0.0,0.0,False,True,evaluation_or_label_path,gate3c_ood_wed_thu_webattacks,128,128
ood,trc82af0ba__te3ec6a4d7,svc_rbf,8,covariate_shift,scaling_drift_alpha_0.050,0.0,0.0,0.4144901485398325,0.3782674272805908,0.0,0.0,0.13755179173839666,5,2,0.1390556212425032,0.0,1.0,0.4620197165936505,0.0,0.0,False,True,evaluation_or_label_path,gate3c_ood_wed_thu_webattacks,128,128
ood,trc82af0ba__te3ec6a4d7,svc_rbf,8,covariate_shift,scaling_drift_alpha_0.100,0.0,0.0,0.4397533119557194,0.4370003782988897,0.0,0.0,0.15890922847232355,5,2,0.1718731399979607,0.0,1.0,0.5191944846016097,0.0,0.0,False,True,evaluation_or_label_path,gate3c_ood_wed_thu_webattacks,128,128
ood,trc82af0ba__te3ec6a4d7,svc_rbf,8,pipeline,feature_dropout_p_0.100,0.0,0.0,0.010196772552758396,0.02894453841864681,0.0,0.0,0.010525286697689748,5,2,0.0228795294649863,0.0113231057132461,0.0,0.0704391604282476,0.0,0.0,False,True,evaluation_or_label_path,gate3c_ood_wed_thu_webattacks,128,128
ood,trc82af0ba__te3ec6a4d7,svc_rbf,10,covariate_shift,mean_shift_pf_delta_0.020,0.0,0.0,0.414482827686019,0.33701915242756325,0.0,0.0,0.12255241906456846,5,2,0.2068417286502944,0.0,1.0,0.1300706810580827,0.0,0.0,False,True,evaluation_or_label_path,gate3c_ood_wed_thu_webattacks,128,128
ood,trc82af0ba__te3ec6a4d7,svc_rbf,10,covariate_shift,mean_shift_pf_delta_0.050,0.0,0.0,0.5022052111233277,0.46997261845665433,0.0,0.0,0.17089913398423792,5,2,0.3479720571898256,0.0655757075888484,1.0,0.4823781577517744,0.0,0.0,False,True,evaluation_or_label_path,gate3c_ood_wed_thu_webattacks,128,128
ood,trc82af0ba__te3ec6a4d7,svc_rbf,10,pipeline,feature_dropout_p_0.020,0.0,0.0,0.0013026795477408856,0.005332843783473634,0.0,0.0,0.0019392159212631393,5,2,0.0028860144323087,0.0,0.0,0.0237314956043729,0.0,0.0,False,True,evaluation_or_label_path,gate3c_ood_wed_thu_webattacks,128,128
ood,trc82af0ba__te3ec6a4d7,svc_rbf,12,covariate_shift,mean_shift_pf_delta_0.020,0.0,0.0,0.4032108749501172,0.3443704606979571,0.0,0.0,0.12522562207198443,5,2,0.1750556380499681,0.0,1.0,0.1891257633195892,0.0,0.0,False,True,evaluation_or_label_path,gate3c_ood_wed_thu_webattacks,128,128
ood,trc82af0ba__te3ec6a4d7,svc_rbf,12,covariate_shift,mean_shift_pf_delta_0.050,0.0,0.0,0.49332627277353935,0.4272143136191927,0.0,0.0,0.15535065949788823,5,2,0.3169569635414097,0.0396630896916658,1.0,0.2805675571699155,0.0,0.0,False,True,evaluation_or_label_path,gate3c_ood_wed_thu_webattacks,128,128
ood,trc82af0ba__te3ec6a4d7,svc_rbf,12,covariate_shift,mean_shift_pf_delta_0.100,0.0,0.0,0.5937431455300093,0.5870916476344491,0.0,0.0,0.21348787186707244,5,2,0.4465535050455811,0.2112080302932199,1.0,0.5813737108678285,0.0,0.0,False,True,evaluation_or_label_path,gate3c_ood_wed_thu_webattacks,128,128
ood,trc82af0ba__te3ec6a4d7,svc_rbf,12,pipeline,feature_dropout_p_0.020,0.0,0.0,0.0011539730299237085,0.004555212537150866,0.0,0.0,0.0016564409226003148,5,2,0.0025467934011922,0.0,0.0,0.0127466886125817,0.0,0.0,False,True,evaluation_or_label_path,gate3c_ood_wed_thu_webattacks,128,128
ood,trc82af0ba__te3ec6a4d7,svc_rbf,12,pipeline,feature_dropout_p_0.050,0.0,0.00078125,0.006801329632817219,0.024173914142125597,0.0,0.0006222211572702441,0.009073342032259419,5,2,0.0147033597025405,0.0,0.0,0.0667320768586483,0.0,0.0,False,True,model_output_path,gate3c_ood_wed_thu_webattacks,128,128
ood,trc82af0ba__te3ec6a4d7,svc_rbf,12,pipeline,feature_dropout_p_0.100,0.0,0.00078125,0.010823522668840986,0.03563349783486035,0.0,0.0006222211572702441,0.013240463375072054,5,2,0.0237546407304881,0.0,0.0,0.0834029227076027,0.0,0.0,False,True,model_output_path,gate3c_ood_wed_thu_webattacks,128,128
ood,trc82af0ba__te5c44b321,svc_rbf,8,covariate_shift,mean_shift_pf_delta_0.100,0.0,0.0,0.818960437766701,0.8147367491679514,0.0,0.0,0.29626790878834597,5,2,0.3942515973411112,0.8266711911128958,1.0,0.6801801283446045,0.0,0.0,False,True,evaluation_or_label_path,gate3d_ood_wed_fri_morning,128,128
ood,trc82af0ba__te5c44b321,svc_rbf,8,pipeline,feature_dropout_p_0.020,0.0,0.0,0.0004979414301744701,0.0020126141144928204,0.0,0.0,0.0007318596779973893,5,2,0.00240108309156,0.0,0.0,0.0084018556861661,0.0,0.0,False,True,evaluation_or_label_path,gate3d_ood_wed_fri_morning,128,128
ood,trc82af0ba__te5c44b321,svc_rbf,10,covariate_shift,mean_shift_pf_delta_0.020,0.0,0.0,0.49420221833423383,0.42162349484429085,0.0,0.0,0.153317634488833,5,2,0.211025499638256,0.3290373063517693,1.0,0.5252296893502933,0.0,0.0,False,True,evaluation_or_label_path,gate3d_ood_wed_fri_morning,128,128
ood,trc82af0ba__te5c44b321,svc_rbf,10,covariate_shift,mean_shift_pf_delta_0.050,0.0,0.00078125,0.6566195053141397,0.6183595123141143,0.0,0.0005406123273244022,0.22510373735391634,5,2,0.3107352275845284,0.6509922510128353,1.0,0.5993918235806382,0.0,0.0,False,True,model_output_path,gate3d_ood_wed_fri_morning,128,128
ood,trc82af0ba__te5c44b321,svc_rbf,10,covariate_shift,mean_shift_pf_delta_0.100,0.0,0.0015625,0.8276751469979639,0.780520430081495,0.0,0.0011177367237956014,0.2843336730859053,5,2,0.4403992670218965,0.8118542423108878,1.0,0.6767733422233119,0.0,0.0,False,True,model_output_path,gate3d_ood_wed_fri_morning,128,128
ood,trc82af0ba__te5c44b321,svc_rbf,10,covariate_shift,scaling_drift_alpha_0.020,0.0,0.00078125,0.3800288338318711,0.3357902019357023,0.0,0.000577124396471199,0.12236785724774228,5,2,0.0767169227930357,0.0708260706299065,1.0,0.335085580175045,0.0,0.0,False,True,model_output_path,gate3d_ood_wed_fri_morning,128,128
ood,trc82af0ba__te5c44b321,svc_rbf,10,covariate_shift,scaling_drift_alpha_0.050,0.0,0.00078125,0.4466422575569579,0.4469821005814098,0.0,0.000577124396471199,0.16280127493709046,5,2,0.1138326296300006,0.2476026137449953,1.0,0.5193915579613348,0.0,0.0,False,True,model_output_path,gate3d_ood_wed_fri_morning,128,128
ood,trc82af0ba__te5c44b321,svc_rbf,10,covariate_shift,scaling_drift_alpha_0.100,0.0,0.00078125,0.5278458265229558,0.5470577189538498,0.0,0.000577124396471199,0.19919240889070502,5,2,0.166538783120994,0.4505299006629326,1.0,0.6241500548816105,0.0,0.0,False,True,model_output_path,gate3d_ood_wed_fri_morning,128,128
ood,trc82af0ba__te5c44b321,svc_rbf,10,pipeline,feature_dropout_p_0.020,0.0,0.00078125,0.0005446331893700495,0.002735271429100963,0.0,0.0005406123273244022,0.0012403770320932603,5,2,0.0019387621353448,0.0,0.0,0.0115451208106429,0.0,0.0,False,True,model_output_path,gate3d_ood_wed_fri_morning,128,128
ood,trc82af0ba__te5c44b321,svc_rbf,10,pipeline,feature_dropout_p_0.050,0.0,0.0,0.001586396187066785,0.006700475044494289,0.0,0.0,0.002436536379816105,5,2,0.0035442676068553,0.0,0.0,0.0223606024305214,0.0,0.0,False,True,evaluation_or_label_path,gate3d_ood_wed_fri_morning,128,128
ood,trc82af0ba__te5c44b321,svc_rbf,12,covariate_shift,mean_shift_pf_delta_0.020,0.0,0.0,0.4784251179391303,0.4420184230155405,0.0,0.0,0.1607339720056511,5,2,0.1783797878747574,0.3273817752146307,1.0,0.5881437955427747,0.0,0.0,False,True,evaluation_or_label_path,gate3d_ood_wed_fri_morning,128,128
ood,trc82af0ba__te5c44b321,svc_rbf,12,covariate_shift,mean_shift_pf_delta_0.050,0.0,0.00078125,0.6403286939235004,0.5796270639051992,0.0,0.0005608136029453024,0.21102839305777485,5,2,0.3271977262666868,0.5807974906930798,1.0,0.5853119451258828,0.0,0.0,False,True,model_output_path,gate3d_ood_wed_fri_morning,128,128
ood,trc82af0ba__te5c44b321,svc_rbf,12,covariate_shift,mean_shift_pf_delta_0.100,0.0,0.00078125,0.8100430339690432,0.7808076875699772,0.0,0.0005608136029453024,0.2841849834813305,5,2,0.455119023714208,0.7652402111629824,1.0,0.6788009764080969,0.0,0.0,False,True,model_output_path,gate3d_ood_wed_fri_morning,128,128
ood,trc82af0ba__te5c44b321,svc_rbf,12,covariate_shift,scaling_drift_alpha_0.020,0.0,0.0,0.37175857886625663,0.34082996992582354,0.0,0.0,0.12393817088211764,5,2,0.065835341868846,0.0518452284041054,1.0,0.5150302942957108,0.0,0.0,False,True,evaluation_or_label_path,gate3d_ood_wed_fri_morning,128,128
ood,trc82af0ba__te5c44b321,svc_rbf,12,covariate_shift,scaling_drift_alpha_0.050,0.0,0.0,0.42669757066467434,0.426543858827453,0.0,0.0,0.15510685775543748,5,2,0.0997563359592223,0.2245366805221422,1.0,0.586862729317387,0.0,0.0,False,True,evaluation_or_label_path,gate3d_ood_wed_fri_morning,128,128
ood,trc82af0ba__te5c44b321,svc_rbf,12,covariate_shift,scaling_drift_alpha_0.100,0.0,0.0,0.5022218632650752,0.5183793224887622,0.0,0.0,0.18850157181409535,5,2,0.1460735226490744,0.4114535022751142,1.0,0.5079612548058148,0.0,0.0,False,True,evaluation_or_label_path,gate3d_ood_wed_fri_morning,128,128
ood,trc82af0ba__te5c44b321,svc_rbf,12,pipeline,feature_dropout_p_0.020,0.0,0.0,0.0003757162052424387,0.002892636123574744,0.0,0.0,0.001051867681299907,5,2,0.0012343473740064,0.0,0.0,0.0116127495484775,0.0,0.0,False,True,evaluation_or_label_path,gate3d_ood_wed_fri_morning,128,128
ood,trc82af0ba__te5c44b321,svc_rbf,12,pipeline,feature_dropout_p_0.050,0.0,0.00078125,0.0014552471902697947,0.007132714632488282,0.0,0.0005831846134900655,0.0028587983270366778,5,2,0.0033835763564984,0.0,0.0,0.0342603094227676,0.0,0.0,False,True,model_output_path,gate3d_ood_wed_fri_morning,128,128
