gate,attack_family,attack,regime,rule,n,n_fire,detection_rate
gate2_id_256,corruption,feature_sign_flip_p_0.020,I_X,union,60,5,0.08333333333333333
gate2_id_256,corruption,feature_sign_flip_p_0.020,I_X,family_v12,60,4,0.06666666666666667
gate2_id_256,corruption,feature_sign_flip_p_0.020,I_X,family,60,4,0.06666666666666667
gate2_id_256,corruption,feature_sign_flip_p_0.020,I_XF,union,60,19,0.31666666666666665
gate2_id_256,corruption,feature_sign_flip_p_0.020,I_XF,family_v12,60,18,0.3
gate2_id_256,corruption,feature_sign_flip_p_0.020,I_XF,family,60,17,0.2833333333333333
gate2_id_256,corruption,feature_sign_flip_p_0.020,I_Ym,union,60,0,0.0
gate2_id_256,corruption,feature_sign_flip_p_0.020,I_Ym,family_v12,60,0,0.0
gate2_id_256,corruption,feature_sign_flip_p_0.020,I_Ym,family,60,0,0.0
gate2_id_256,corruption,feature_sign_flip_p_0.020,I_XFY,union,60,23,0.38333333333333336
gate2_id_256,corruption,feature_sign_flip_p_0.020,I_XFY,family_v12,60,21,0.35
gate2_id_256,corruption,feature_sign_flip_p_0.020,I_XFY,family,60,20,0.3333333333333333
gate2_id_256,corruption,feature_sign_flip_p_0.050,I_X,union,60,30,0.5
gate2_id_256,corruption,feature_sign_flip_p_0.050,I_X,family_v12,60,30,0.5
gate2_id_256,corruption,feature_sign_flip_p_0.050,I_X,family,60,30,0.5
gate2_id_256,corruption,feature_sign_flip_p_0.050,I_XF,union,60,40,0.6666666666666666
gate2_id_256,corruption,feature_sign_flip_p_0.050,I_XF,family_v12,60,36,0.6
gate2_id_256,corruption,feature_sign_flip_p_0.050,I_XF,family,60,36,0.6
gate2_id_256,corruption,feature_sign_flip_p_0.050,I_Ym,union,60,0,0.0
gate2_id_256,corruption,feature_sign_flip_p_0.050,I_Ym,family_v12,60,0,0.0
gate2_id_256,corruption,feature_sign_flip_p_0.050,I_Ym,family,60,0,0.0
gate2_id_256,corruption,feature_sign_flip_p_0.050,I_XFY,union,60,42,0.7
gate2_id_256,corruption,feature_sign_flip_p_0.050,I_XFY,family_v12,60,38,0.6333333333333333
gate2_id_256,corruption,feature_sign_flip_p_0.050,I_XFY,family,60,38,0.6333333333333333
gate2_id_256,corruption,feature_sign_flip_p_0.100,I_X,union,60,30,0.5
gate2_id_256,corruption,feature_sign_flip_p_0.100,I_X,family_v12,60,30,0.5
gate2_id_256,corruption,feature_sign_flip_p_0.100,I_X,family,60,30,0.5
gate2_id_256,corruption,feature_sign_flip_p_0.100,I_XF,union,60,58,0.9666666666666667
gate2_id_256,corruption,feature_sign_flip_p_0.100,I_XF,family_v12,60,57,0.95
gate2_id_256,corruption,feature_sign_flip_p_0.100,I_XF,family,60,57,0.95
gate2_id_256,corruption,feature_sign_flip_p_0.100,I_Ym,union,60,0,0.0
gate2_id_256,corruption,feature_sign_flip_p_0.100,I_Ym,family_v12,60,0,0.0
gate2_id_256,corruption,feature_sign_flip_p_0.100,I_Ym,family,60,0,0.0
gate2_id_256,corruption,feature_sign_flip_p_0.100,I_XFY,union,60,59,0.9833333333333333
gate2_id_256,corruption,feature_sign_flip_p_0.100,I_XFY,family_v12,60,58,0.9666666666666667
gate2_id_256,corruption,feature_sign_flip_p_0.100,I_XFY,family,60,58,0.9666666666666667
gate2_id_256,covariate_shift,mean_shift_pf_delta_0.020,I_X,union,60,60,1.0
gate2_id_256,covariate_shift,mean_shift_pf_delta_0.020,I_X,family_v12,60,60,1.0
gate2_id_256,covariate_shift,mean_shift_pf_delta_0.020,I_X,family,60,60,1.0
gate2_id_256,covariate_shift,mean_shift_pf_delta_0.020,I_XF,union,60,60,1.0
gate2_id_256,covariate_shift,mean_shift_pf_delta_0.020,I_XF,family_v12,60,60,1.0
gate2_id_256,covariate_shift,mean_shift_pf_delta_0.020,I_XF,family,60,60,1.0
gate2_id_256,covariate_shift,mean_shift_pf_delta_0.020,I_Ym,union,60,0,0.0
gate2_id_256,covariate_shift,mean_shift_pf_delta_0.020,I_Ym,family_v12,60,0,0.0
gate2_id_256,covariate_shift,mean_shift_pf_delta_0.020,I_Ym,family,60,0,0.0
gate2_id_256,covariate_shift,mean_shift_pf_delta_0.020,I_XFY,union,60,60,1.0
gate2_id_256,covariate_shift,mean_shift_pf_delta_0.020,I_XFY,family_v12,60,60,1.0
gate2_id_256,covariate_shift,mean_shift_pf_delta_0.020,I_XFY,family,60,60,1.0
gate2_id_256,covariate_shift,mean_shift_pf_delta_0.050,I_X,union,60,60,1.0
gate2_id_256,covariate_shift,mean_shift_pf_delta_0.050,I_X,family_v12,60,60,1.0
gate2_id_256,covariate_shift,mean_shift_pf_delta_0.050,I_X,family,60,60,1.0
gate2_id_256,covariate_shift,mean_shift_pf_delta_0.050,I_XF,union,60,60,1.0
gate2_id_256,covariate_shift,mean_shift_pf_delta_0.050,I_XF,family_v12,60,60,1.0
gate2_id_256,covariate_shift,mean_shift_pf_delta_0.050,I_XF,family,60,60,1.0
gate2_id_256,covariate_shift,mean_shift_pf_delta_0.050,I_Ym,union,60,0,0.0
gate2_id_256,covariate_shift,mean_shift_pf_delta_0.050,I_Ym,family_v12,60,0,0.0
gate2_id_256,covariate_shift,mean_shift_pf_delta_0.050,I_Ym,family,60,0,0.0
gate2_id_256,covariate_shift,mean_shift_pf_delta_0.050,I_XFY,union,60,60,1.0
gate2_id_256,covariate_shift,mean_shift_pf_delta_0.050,I_XFY,family_v12,60,60,1.0
gate2_id_256,covariate_shift,mean_shift_pf_delta_0.050,I_XFY,family,60,60,1.0
gate2_id_256,covariate_shift,mean_shift_pf_delta_0.100,I_X,union,60,60,1.0
gate2_id_256,covariate_shift,mean_shift_pf_delta_0.100,I_X,family_v12,60,60,1.0
gate2_id_256,covariate_shift,mean_shift_pf_delta_0.100,I_X,family,60,60,1.0
gate2_id_256,covariate_shift,mean_shift_pf_delta_0.100,I_XF,union,60,60,1.0
gate2_id_256,covariate_shift,mean_shift_pf_delta_0.100,I_XF,family_v12,60,60,1.0
gate2_id_256,covariate_shift,mean_shift_pf_delta_0.100,I_XF,family,60,60,1.0
gate2_id_256,covariate_shift,mean_shift_pf_delta_0.100,I_Ym,union,60,0,0.0
gate2_id_256,covariate_shift,mean_shift_pf_delta_0.100,I_Ym,family_v12,60,0,0.0
gate2_id_256,covariate_shift,mean_shift_pf_delta_0.100,I_Ym,family,60,0,0.0
gate2_id_256,covariate_shift,mean_shift_pf_delta_0.100,I_XFY,union,60,60,1.0
gate2_id_256,covariate_shift,mean_shift_pf_delta_0.100,I_XFY,family_v12,60,60,1.0
gate2_id_256,covariate_shift,mean_shift_pf_delta_0.100,I_XFY,family,60,60,1.0
gate2_id_256,covariate_shift,scaling_drift_alpha_0.020,I_X,union,60,60,1.0
gate2_id_256,covariate_shift,scaling_drift_alpha_0.020,I_X,family_v12,60,60,1.0
gate2_id_256,covariate_shift,scaling_drift_alpha_0.020,I_X,family,60,60,1.0
gate2_id_256,covariate_shift,scaling_drift_alpha_0.020,I_XF,union,60,60,1.0
gate2_id_256,covariate_shift,scaling_drift_alpha_0.020,I_XF,family_v12,60,60,1.0
gate2_id_256,covariate_shift,scaling_drift_alpha_0.020,I_XF,family,60,60,1.0
gate2_id_256,covariate_shift,scaling_drift_alpha_0.020,I_Ym,union,60,0,0.0
gate2_id_256,covariate_shift,scaling_drift_alpha_0.020,I_Ym,family_v12,60,0,0.0
gate2_id_256,covariate_shift,scaling_drift_alpha_0.020,I_Ym,family,60,0,0.0
gate2_id_256,covariate_shift,scaling_drift_alpha_0.020,I_XFY,union,60,60,1.0
gate2_id_256,covariate_shift,scaling_drift_alpha_0.020,I_XFY,family_v12,60,60,1.0
gate2_id_256,covariate_shift,scaling_drift_alpha_0.020,I_XFY,family,60,60,1.0
gate2_id_256,covariate_shift,scaling_drift_alpha_0.050,I_X,union,60,60,1.0
gate2_id_256,covariate_shift,scaling_drift_alpha_0.050,I_X,family_v12,60,60,1.0
gate2_id_256,covariate_shift,scaling_drift_alpha_0.050,I_X,family,60,60,1.0
gate2_id_256,covariate_shift,scaling_drift_alpha_0.050,I_XF,union,60,60,1.0
gate2_id_256,covariate_shift,scaling_drift_alpha_0.050,I_XF,family_v12,60,60,1.0
gate2_id_256,covariate_shift,scaling_drift_alpha_0.050,I_XF,family,60,60,1.0
gate2_id_256,covariate_shift,scaling_drift_alpha_0.050,I_Ym,union,60,0,0.0
gate2_id_256,covariate_shift,scaling_drift_alpha_0.050,I_Ym,family_v12,60,0,0.0
gate2_id_256,covariate_shift,scaling_drift_alpha_0.050,I_Ym,family,60,0,0.0
gate2_id_256,covariate_shift,scaling_drift_alpha_0.050,I_XFY,union,60,60,1.0
gate2_id_256,covariate_shift,scaling_drift_alpha_0.050,I_XFY,family_v12,60,60,1.0
gate2_id_256,covariate_shift,scaling_drift_alpha_0.050,I_XFY,family,60,60,1.0
gate2_id_256,covariate_shift,scaling_drift_alpha_0.100,I_X,union,60,60,1.0
gate2_id_256,covariate_shift,scaling_drift_alpha_0.100,I_X,family_v12,60,60,1.0
gate2_id_256,covariate_shift,scaling_drift_alpha_0.100,I_X,family,60,60,1.0
gate2_id_256,covariate_shift,scaling_drift_alpha_0.100,I_XF,union,60,60,1.0
gate2_id_256,covariate_shift,scaling_drift_alpha_0.100,I_XF,family_v12,60,60,1.0
gate2_id_256,covariate_shift,scaling_drift_alpha_0.100,I_XF,family,60,60,1.0
gate2_id_256,covariate_shift,scaling_drift_alpha_0.100,I_Ym,union,60,0,0.0
gate2_id_256,covariate_shift,scaling_drift_alpha_0.100,I_Ym,family_v12,60,0,0.0
gate2_id_256,covariate_shift,scaling_drift_alpha_0.100,I_Ym,family,60,0,0.0
gate2_id_256,covariate_shift,scaling_drift_alpha_0.100,I_XFY,union,60,60,1.0
gate2_id_256,covariate_shift,scaling_drift_alpha_0.100,I_XFY,family_v12,60,60,1.0
gate2_id_256,covariate_shift,scaling_drift_alpha_0.100,I_XFY,family,60,60,1.0
gate2_id_256,pipeline,feature_dropout_p_0.020,I_X,union,60,0,0.0
gate2_id_256,pipeline,feature_dropout_p_0.020,I_X,family_v12,60,0,0.0
gate2_id_256,pipeline,feature_dropout_p_0.020,I_X,family,60,0,0.0
gate2_id_256,pipeline,feature_dropout_p_0.020,I_XF,union,60,0,0.0
gate2_id_256,pipeline,feature_dropout_p_0.020,I_XF,family_v12,60,0,0.0
gate2_id_256,pipeline,feature_dropout_p_0.020,I_XF,family,60,0,0.0
gate2_id_256,pipeline,feature_dropout_p_0.020,I_Ym,union,60,0,0.0
gate2_id_256,pipeline,feature_dropout_p_0.020,I_Ym,family_v12,60,0,0.0
gate2_id_256,pipeline,feature_dropout_p_0.020,I_Ym,family,60,0,0.0
gate2_id_256,pipeline,feature_dropout_p_0.020,I_XFY,union,60,0,0.0
gate2_id_256,pipeline,feature_dropout_p_0.020,I_XFY,family_v12,60,0,0.0
gate2_id_256,pipeline,feature_dropout_p_0.020,I_XFY,family,60,0,0.0
gate2_id_256,pipeline,feature_dropout_p_0.050,I_X,union,60,0,0.0
gate2_id_256,pipeline,feature_dropout_p_0.050,I_X,family_v12,60,0,0.0
gate2_id_256,pipeline,feature_dropout_p_0.050,I_X,family,60,0,0.0
gate2_id_256,pipeline,feature_dropout_p_0.050,I_XF,union,60,0,0.0
gate2_id_256,pipeline,feature_dropout_p_0.050,I_XF,family_v12,60,0,0.0
gate2_id_256,pipeline,feature_dropout_p_0.050,I_XF,family,60,0,0.0
gate2_id_256,pipeline,feature_dropout_p_0.050,I_Ym,union,60,0,0.0
gate2_id_256,pipeline,feature_dropout_p_0.050,I_Ym,family_v12,60,0,0.0
gate2_id_256,pipeline,feature_dropout_p_0.050,I_Ym,family,60,0,0.0
gate2_id_256,pipeline,feature_dropout_p_0.050,I_XFY,union,60,0,0.0
gate2_id_256,pipeline,feature_dropout_p_0.050,I_XFY,family_v12,60,0,0.0
gate2_id_256,pipeline,feature_dropout_p_0.050,I_XFY,family,60,0,0.0
gate2_id_256,pipeline,feature_dropout_p_0.100,I_X,union,60,0,0.0
gate2_id_256,pipeline,feature_dropout_p_0.100,I_X,family_v12,60,0,0.0
gate2_id_256,pipeline,feature_dropout_p_0.100,I_X,family,60,0,0.0
gate2_id_256,pipeline,feature_dropout_p_0.100,I_XF,union,60,2,0.03333333333333333
gate2_id_256,pipeline,feature_dropout_p_0.100,I_XF,family_v12,60,0,0.0
gate2_id_256,pipeline,feature_dropout_p_0.100,I_XF,family,60,0,0.0
gate2_id_256,pipeline,feature_dropout_p_0.100,I_Ym,union,60,0,0.0
gate2_id_256,pipeline,feature_dropout_p_0.100,I_Ym,family_v12,60,0,0.0
gate2_id_256,pipeline,feature_dropout_p_0.100,I_Ym,family,60,0,0.0
gate2_id_256,pipeline,feature_dropout_p_0.100,I_XFY,union,60,2,0.03333333333333333
gate2_id_256,pipeline,feature_dropout_p_0.100,I_XFY,family_v12,60,0,0.0
gate2_id_256,pipeline,feature_dropout_p_0.100,I_XFY,family,60,0,0.0
gate2_id_256,target_shift,label_flip_prior_preserving_r_0.020,I_X,union,60,0,0.0
gate2_id_256,target_shift,label_flip_prior_preserving_r_0.020,I_X,family_v12,60,0,0.0
gate2_id_256,target_shift,label_flip_prior_preserving_r_0.020,I_X,family,60,0,0.0
gate2_id_256,target_shift,label_flip_prior_preserving_r_0.020,I_XF,union,60,0,0.0
gate2_id_256,target_shift,label_flip_prior_preserving_r_0.020,I_XF,family_v12,60,0,0.0
gate2_id_256,target_shift,label_flip_prior_preserving_r_0.020,I_XF,family,60,0,0.0
gate2_id_256,target_shift,label_flip_prior_preserving_r_0.020,I_Ym,union,60,0,0.0
gate2_id_256,target_shift,label_flip_prior_preserving_r_0.020,I_Ym,family_v12,60,0,0.0
gate2_id_256,target_shift,label_flip_prior_preserving_r_0.020,I_Ym,family,60,0,0.0
gate2_id_256,target_shift,label_flip_prior_preserving_r_0.020,I_XFY,union,60,0,0.0
gate2_id_256,target_shift,label_flip_prior_preserving_r_0.020,I_XFY,family_v12,60,0,0.0
gate2_id_256,target_shift,label_flip_prior_preserving_r_0.020,I_XFY,family,60,0,0.0
gate2_id_256,target_shift,label_flip_prior_preserving_r_0.050,I_X,union,60,0,0.0
gate2_id_256,target_shift,label_flip_prior_preserving_r_0.050,I_X,family_v12,60,0,0.0
gate2_id_256,target_shift,label_flip_prior_preserving_r_0.050,I_X,family,60,0,0.0
gate2_id_256,target_shift,label_flip_prior_preserving_r_0.050,I_XF,union,60,0,0.0
gate2_id_256,target_shift,label_flip_prior_preserving_r_0.050,I_XF,family_v12,60,0,0.0
gate2_id_256,target_shift,label_flip_prior_preserving_r_0.050,I_XF,family,60,0,0.0
gate2_id_256,target_shift,label_flip_prior_preserving_r_0.050,I_Ym,union,60,0,0.0
gate2_id_256,target_shift,label_flip_prior_preserving_r_0.050,I_Ym,family_v12,60,0,0.0
gate2_id_256,target_shift,label_flip_prior_preserving_r_0.050,I_Ym,family,60,0,0.0
gate2_id_256,target_shift,label_flip_prior_preserving_r_0.050,I_XFY,union,60,0,0.0
gate2_id_256,target_shift,label_flip_prior_preserving_r_0.050,I_XFY,family_v12,60,0,0.0
gate2_id_256,target_shift,label_flip_prior_preserving_r_0.050,I_XFY,family,60,0,0.0
gate2_id_256,target_shift,label_flip_prior_preserving_r_0.100,I_X,union,60,0,0.0
gate2_id_256,target_shift,label_flip_prior_preserving_r_0.100,I_X,family_v12,60,0,0.0
gate2_id_256,target_shift,label_flip_prior_preserving_r_0.100,I_X,family,60,0,0.0
gate2_id_256,target_shift,label_flip_prior_preserving_r_0.100,I_XF,union,60,0,0.0
gate2_id_256,target_shift,label_flip_prior_preserving_r_0.100,I_XF,family_v12,60,0,0.0
gate2_id_256,target_shift,label_flip_prior_preserving_r_0.100,I_XF,family,60,0,0.0
gate2_id_256,target_shift,label_flip_prior_preserving_r_0.100,I_Ym,union,60,0,0.0
gate2_id_256,target_shift,label_flip_prior_preserving_r_0.100,I_Ym,family_v12,60,0,0.0
gate2_id_256,target_shift,label_flip_prior_preserving_r_0.100,I_Ym,family,60,0,0.0
gate2_id_256,target_shift,label_flip_prior_preserving_r_0.100,I_XFY,union,60,9,0.15
gate2_id_256,target_shift,label_flip_prior_preserving_r_0.100,I_XFY,family_v12,60,7,0.11666666666666667
gate2_id_256,target_shift,label_flip_prior_preserving_r_0.100,I_XFY,family,60,6,0.1
gate2_id_256,target_shift,label_flip_r_0.020,I_X,union,60,0,0.0
gate2_id_256,target_shift,label_flip_r_0.020,I_X,family_v12,60,0,0.0
gate2_id_256,target_shift,label_flip_r_0.020,I_X,family,60,0,0.0
gate2_id_256,target_shift,label_flip_r_0.020,I_XF,union,60,0,0.0
gate2_id_256,target_shift,label_flip_r_0.020,I_XF,family_v12,60,0,0.0
gate2_id_256,target_shift,label_flip_r_0.020,I_XF,family,60,0,0.0
gate2_id_256,target_shift,label_flip_r_0.020,I_Ym,union,60,0,0.0
gate2_id_256,target_shift,label_flip_r_0.020,I_Ym,family_v12,60,0,0.0
gate2_id_256,target_shift,label_flip_r_0.020,I_Ym,family,60,0,0.0
gate2_id_256,target_shift,label_flip_r_0.020,I_XFY,union,60,0,0.0
gate2_id_256,target_shift,label_flip_r_0.020,I_XFY,family_v12,60,0,0.0
gate2_id_256,target_shift,label_flip_r_0.020,I_XFY,family,60,0,0.0
gate2_id_256,target_shift,label_flip_r_0.050,I_X,union,60,0,0.0
gate2_id_256,target_shift,label_flip_r_0.050,I_X,family_v12,60,0,0.0
gate2_id_256,target_shift,label_flip_r_0.050,I_X,family,60,0,0.0
gate2_id_256,target_shift,label_flip_r_0.050,I_XF,union,60,0,0.0
gate2_id_256,target_shift,label_flip_r_0.050,I_XF,family_v12,60,0,0.0
gate2_id_256,target_shift,label_flip_r_0.050,I_XF,family,60,0,0.0
gate2_id_256,target_shift,label_flip_r_0.050,I_Ym,union,60,0,0.0
gate2_id_256,target_shift,label_flip_r_0.050,I_Ym,family_v12,60,0,0.0
gate2_id_256,target_shift,label_flip_r_0.050,I_Ym,family,60,0,0.0
gate2_id_256,target_shift,label_flip_r_0.050,I_XFY,union,60,0,0.0
gate2_id_256,target_shift,label_flip_r_0.050,I_XFY,family_v12,60,0,0.0
gate2_id_256,target_shift,label_flip_r_0.050,I_XFY,family,60,0,0.0
gate2_id_256,target_shift,label_flip_r_0.100,I_X,union,60,0,0.0
gate2_id_256,target_shift,label_flip_r_0.100,I_X,family_v12,60,0,0.0
gate2_id_256,target_shift,label_flip_r_0.100,I_X,family,60,0,0.0
gate2_id_256,target_shift,label_flip_r_0.100,I_XF,union,60,0,0.0
gate2_id_256,target_shift,label_flip_r_0.100,I_XF,family_v12,60,0,0.0
gate2_id_256,target_shift,label_flip_r_0.100,I_XF,family,60,0,0.0
gate2_id_256,target_shift,label_flip_r_0.100,I_Ym,union,60,0,0.0
gate2_id_256,target_shift,label_flip_r_0.100,I_Ym,family_v12,60,0,0.0
gate2_id_256,target_shift,label_flip_r_0.100,I_Ym,family,60,0,0.0
gate2_id_256,target_shift,label_flip_r_0.100,I_XFY,union,60,11,0.18333333333333332
gate2_id_256,target_shift,label_flip_r_0.100,I_XFY,family_v12,60,5,0.08333333333333333
gate2_id_256,target_shift,label_flip_r_0.100,I_XFY,family,60,4,0.06666666666666667
gate3a_ood_tue_wed,corruption,feature_sign_flip_p_0.020,I_X,union,60,0,0.0
gate3a_ood_tue_wed,corruption,feature_sign_flip_p_0.020,I_X,family_v12,60,0,0.0
gate3a_ood_tue_wed,corruption,feature_sign_flip_p_0.020,I_X,family,60,0,0.0
gate3a_ood_tue_wed,corruption,feature_sign_flip_p_0.020,I_XF,union,60,0,0.0
gate3a_ood_tue_wed,corruption,feature_sign_flip_p_0.020,I_XF,family_v12,60,0,0.0
gate3a_ood_tue_wed,corruption,feature_sign_flip_p_0.020,I_XF,family,60,0,0.0
gate3a_ood_tue_wed,corruption,feature_sign_flip_p_0.020,I_Ym,union,60,0,0.0
gate3a_ood_tue_wed,corruption,feature_sign_flip_p_0.020,I_Ym,family_v12,60,0,0.0
gate3a_ood_tue_wed,corruption,feature_sign_flip_p_0.020,I_Ym,family,60,0,0.0
gate3a_ood_tue_wed,corruption,feature_sign_flip_p_0.020,I_XFY,union,60,0,0.0
gate3a_ood_tue_wed,corruption,feature_sign_flip_p_0.020,I_XFY,family_v12,60,0,0.0
gate3a_ood_tue_wed,corruption,feature_sign_flip_p_0.020,I_XFY,family,60,0,0.0
gate3a_ood_tue_wed,corruption,feature_sign_flip_p_0.050,I_X,union,60,0,0.0
gate3a_ood_tue_wed,corruption,feature_sign_flip_p_0.050,I_X,family_v12,60,0,0.0
gate3a_ood_tue_wed,corruption,feature_sign_flip_p_0.050,I_X,family,60,0,0.0
gate3a_ood_tue_wed,corruption,feature_sign_flip_p_0.050,I_XF,union,60,4,0.06666666666666667
gate3a_ood_tue_wed,corruption,feature_sign_flip_p_0.050,I_XF,family_v12,60,3,0.05
gate3a_ood_tue_wed,corruption,feature_sign_flip_p_0.050,I_XF,family,60,3,0.05
gate3a_ood_tue_wed,corruption,feature_sign_flip_p_0.050,I_Ym,union,60,0,0.0
gate3a_ood_tue_wed,corruption,feature_sign_flip_p_0.050,I_Ym,family_v12,60,0,0.0
gate3a_ood_tue_wed,corruption,feature_sign_flip_p_0.050,I_Ym,family,60,0,0.0
gate3a_ood_tue_wed,corruption,feature_sign_flip_p_0.050,I_XFY,union,60,4,0.06666666666666667
gate3a_ood_tue_wed,corruption,feature_sign_flip_p_0.050,I_XFY,family_v12,60,3,0.05
gate3a_ood_tue_wed,corruption,feature_sign_flip_p_0.050,I_XFY,family,60,3,0.05
gate3a_ood_tue_wed,corruption,feature_sign_flip_p_0.100,I_X,union,60,31,0.5166666666666667
gate3a_ood_tue_wed,corruption,feature_sign_flip_p_0.100,I_X,family_v12,60,27,0.45
gate3a_ood_tue_wed,corruption,feature_sign_flip_p_0.100,I_X,family,60,26,0.43333333333333335
gate3a_ood_tue_wed,corruption,feature_sign_flip_p_0.100,I_XF,union,60,52,0.8666666666666667
gate3a_ood_tue_wed,corruption,feature_sign_flip_p_0.100,I_XF,family_v12,60,40,0.6666666666666666
gate3a_ood_tue_wed,corruption,feature_sign_flip_p_0.100,I_XF,family,60,38,0.6333333333333333
gate3a_ood_tue_wed,corruption,feature_sign_flip_p_0.100,I_Ym,union,60,0,0.0
gate3a_ood_tue_wed,corruption,feature_sign_flip_p_0.100,I_Ym,family_v12,60,0,0.0
gate3a_ood_tue_wed,corruption,feature_sign_flip_p_0.100,I_Ym,family,60,0,0.0
gate3a_ood_tue_wed,corruption,feature_sign_flip_p_0.100,I_XFY,union,60,52,0.8666666666666667
gate3a_ood_tue_wed,corruption,feature_sign_flip_p_0.100,I_XFY,family_v12,60,38,0.6333333333333333
gate3a_ood_tue_wed,corruption,feature_sign_flip_p_0.100,I_XFY,family,60,35,0.5833333333333334
gate3a_ood_tue_wed,covariate_shift,mean_shift_pf_delta_0.020,I_X,union,60,60,1.0
gate3a_ood_tue_wed,covariate_shift,mean_shift_pf_delta_0.020,I_X,family_v12,60,60,1.0
gate3a_ood_tue_wed,covariate_shift,mean_shift_pf_delta_0.020,I_X,family,60,60,1.0
gate3a_ood_tue_wed,covariate_shift,mean_shift_pf_delta_0.020,I_XF,union,60,60,1.0
gate3a_ood_tue_wed,covariate_shift,mean_shift_pf_delta_0.020,I_XF,family_v12,60,60,1.0
gate3a_ood_tue_wed,covariate_shift,mean_shift_pf_delta_0.020,I_XF,family,60,60,1.0
gate3a_ood_tue_wed,covariate_shift,mean_shift_pf_delta_0.020,I_Ym,union,60,0,0.0
gate3a_ood_tue_wed,covariate_shift,mean_shift_pf_delta_0.020,I_Ym,family_v12,60,0,0.0
gate3a_ood_tue_wed,covariate_shift,mean_shift_pf_delta_0.020,I_Ym,family,60,0,0.0
gate3a_ood_tue_wed,covariate_shift,mean_shift_pf_delta_0.020,I_XFY,union,60,60,1.0
gate3a_ood_tue_wed,covariate_shift,mean_shift_pf_delta_0.020,I_XFY,family_v12,60,60,1.0
gate3a_ood_tue_wed,covariate_shift,mean_shift_pf_delta_0.020,I_XFY,family,60,60,1.0
gate3a_ood_tue_wed,covariate_shift,mean_shift_pf_delta_0.050,I_X,union,60,60,1.0
gate3a_ood_tue_wed,covariate_shift,mean_shift_pf_delta_0.050,I_X,family_v12,60,60,1.0
gate3a_ood_tue_wed,covariate_shift,mean_shift_pf_delta_0.050,I_X,family,60,60,1.0
gate3a_ood_tue_wed,covariate_shift,mean_shift_pf_delta_0.050,I_XF,union,60,60,1.0
gate3a_ood_tue_wed,covariate_shift,mean_shift_pf_delta_0.050,I_XF,family_v12,60,60,1.0
gate3a_ood_tue_wed,covariate_shift,mean_shift_pf_delta_0.050,I_XF,family,60,60,1.0
gate3a_ood_tue_wed,covariate_shift,mean_shift_pf_delta_0.050,I_Ym,union,60,0,0.0
gate3a_ood_tue_wed,covariate_shift,mean_shift_pf_delta_0.050,I_Ym,family_v12,60,0,0.0
gate3a_ood_tue_wed,covariate_shift,mean_shift_pf_delta_0.050,I_Ym,family,60,0,0.0
gate3a_ood_tue_wed,covariate_shift,mean_shift_pf_delta_0.050,I_XFY,union,60,60,1.0
gate3a_ood_tue_wed,covariate_shift,mean_shift_pf_delta_0.050,I_XFY,family_v12,60,60,1.0
gate3a_ood_tue_wed,covariate_shift,mean_shift_pf_delta_0.050,I_XFY,family,60,60,1.0
gate3a_ood_tue_wed,covariate_shift,mean_shift_pf_delta_0.100,I_X,union,60,60,1.0
gate3a_ood_tue_wed,covariate_shift,mean_shift_pf_delta_0.100,I_X,family_v12,60,60,1.0
gate3a_ood_tue_wed,covariate_shift,mean_shift_pf_delta_0.100,I_X,family,60,60,1.0
gate3a_ood_tue_wed,covariate_shift,mean_shift_pf_delta_0.100,I_XF,union,60,60,1.0
gate3a_ood_tue_wed,covariate_shift,mean_shift_pf_delta_0.100,I_XF,family_v12,60,60,1.0
gate3a_ood_tue_wed,covariate_shift,mean_shift_pf_delta_0.100,I_XF,family,60,60,1.0
gate3a_ood_tue_wed,covariate_shift,mean_shift_pf_delta_0.100,I_Ym,union,60,0,0.0
gate3a_ood_tue_wed,covariate_shift,mean_shift_pf_delta_0.100,I_Ym,family_v12,60,0,0.0
gate3a_ood_tue_wed,covariate_shift,mean_shift_pf_delta_0.100,I_Ym,family,60,0,0.0
gate3a_ood_tue_wed,covariate_shift,mean_shift_pf_delta_0.100,I_XFY,union,60,60,1.0
gate3a_ood_tue_wed,covariate_shift,mean_shift_pf_delta_0.100,I_XFY,family_v12,60,60,1.0
gate3a_ood_tue_wed,covariate_shift,mean_shift_pf_delta_0.100,I_XFY,family,60,60,1.0
gate3a_ood_tue_wed,covariate_shift,scaling_drift_alpha_0.020,I_X,union,60,60,1.0
gate3a_ood_tue_wed,covariate_shift,scaling_drift_alpha_0.020,I_X,family_v12,60,60,1.0
gate3a_ood_tue_wed,covariate_shift,scaling_drift_alpha_0.020,I_X,family,60,60,1.0
gate3a_ood_tue_wed,covariate_shift,scaling_drift_alpha_0.020,I_XF,union,60,60,1.0
gate3a_ood_tue_wed,covariate_shift,scaling_drift_alpha_0.020,I_XF,family_v12,60,60,1.0
gate3a_ood_tue_wed,covariate_shift,scaling_drift_alpha_0.020,I_XF,family,60,60,1.0
gate3a_ood_tue_wed,covariate_shift,scaling_drift_alpha_0.020,I_Ym,union,60,0,0.0
gate3a_ood_tue_wed,covariate_shift,scaling_drift_alpha_0.020,I_Ym,family_v12,60,0,0.0
gate3a_ood_tue_wed,covariate_shift,scaling_drift_alpha_0.020,I_Ym,family,60,0,0.0
gate3a_ood_tue_wed,covariate_shift,scaling_drift_alpha_0.020,I_XFY,union,60,60,1.0
gate3a_ood_tue_wed,covariate_shift,scaling_drift_alpha_0.020,I_XFY,family_v12,60,60,1.0
gate3a_ood_tue_wed,covariate_shift,scaling_drift_alpha_0.020,I_XFY,family,60,60,1.0
gate3a_ood_tue_wed,covariate_shift,scaling_drift_alpha_0.050,I_X,union,60,60,1.0
gate3a_ood_tue_wed,covariate_shift,scaling_drift_alpha_0.050,I_X,family_v12,60,60,1.0
gate3a_ood_tue_wed,covariate_shift,scaling_drift_alpha_0.050,I_X,family,60,60,1.0
gate3a_ood_tue_wed,covariate_shift,scaling_drift_alpha_0.050,I_XF,union,60,60,1.0
gate3a_ood_tue_wed,covariate_shift,scaling_drift_alpha_0.050,I_XF,family_v12,60,60,1.0
gate3a_ood_tue_wed,covariate_shift,scaling_drift_alpha_0.050,I_XF,family,60,60,1.0
gate3a_ood_tue_wed,covariate_shift,scaling_drift_alpha_0.050,I_Ym,union,60,0,0.0
gate3a_ood_tue_wed,covariate_shift,scaling_drift_alpha_0.050,I_Ym,family_v12,60,0,0.0
gate3a_ood_tue_wed,covariate_shift,scaling_drift_alpha_0.050,I_Ym,family,60,0,0.0
gate3a_ood_tue_wed,covariate_shift,scaling_drift_alpha_0.050,I_XFY,union,60,60,1.0
gate3a_ood_tue_wed,covariate_shift,scaling_drift_alpha_0.050,I_XFY,family_v12,60,60,1.0
gate3a_ood_tue_wed,covariate_shift,scaling_drift_alpha_0.050,I_XFY,family,60,60,1.0
gate3a_ood_tue_wed,covariate_shift,scaling_drift_alpha_0.100,I_X,union,60,60,1.0
gate3a_ood_tue_wed,covariate_shift,scaling_drift_alpha_0.100,I_X,family_v12,60,60,1.0
gate3a_ood_tue_wed,covariate_shift,scaling_drift_alpha_0.100,I_X,family,60,60,1.0
gate3a_ood_tue_wed,covariate_shift,scaling_drift_alpha_0.100,I_XF,union,60,60,1.0
gate3a_ood_tue_wed,covariate_shift,scaling_drift_alpha_0.100,I_XF,family_v12,60,60,1.0
gate3a_ood_tue_wed,covariate_shift,scaling_drift_alpha_0.100,I_XF,family,60,60,1.0
gate3a_ood_tue_wed,covariate_shift,scaling_drift_alpha_0.100,I_Ym,union,60,0,0.0
gate3a_ood_tue_wed,covariate_shift,scaling_drift_alpha_0.100,I_Ym,family_v12,60,0,0.0
gate3a_ood_tue_wed,covariate_shift,scaling_drift_alpha_0.100,I_Ym,family,60,0,0.0
gate3a_ood_tue_wed,covariate_shift,scaling_drift_alpha_0.100,I_XFY,union,60,60,1.0
gate3a_ood_tue_wed,covariate_shift,scaling_drift_alpha_0.100,I_XFY,family_v12,60,60,1.0
gate3a_ood_tue_wed,covariate_shift,scaling_drift_alpha_0.100,I_XFY,family,60,60,1.0
gate3a_ood_tue_wed,pipeline,feature_dropout_p_0.020,I_X,union,60,0,0.0
gate3a_ood_tue_wed,pipeline,feature_dropout_p_0.020,I_X,family_v12,60,0,0.0
gate3a_ood_tue_wed,pipeline,feature_dropout_p_0.020,I_X,family,60,0,0.0
gate3a_ood_tue_wed,pipeline,feature_dropout_p_0.020,I_XF,union,60,0,0.0
gate3a_ood_tue_wed,pipeline,feature_dropout_p_0.020,I_XF,family_v12,60,0,0.0
gate3a_ood_tue_wed,pipeline,feature_dropout_p_0.020,I_XF,family,60,0,0.0
gate3a_ood_tue_wed,pipeline,feature_dropout_p_0.020,I_Ym,union,60,0,0.0
gate3a_ood_tue_wed,pipeline,feature_dropout_p_0.020,I_Ym,family_v12,60,0,0.0
gate3a_ood_tue_wed,pipeline,feature_dropout_p_0.020,I_Ym,family,60,0,0.0
gate3a_ood_tue_wed,pipeline,feature_dropout_p_0.020,I_XFY,union,60,0,0.0
gate3a_ood_tue_wed,pipeline,feature_dropout_p_0.020,I_XFY,family_v12,60,0,0.0
gate3a_ood_tue_wed,pipeline,feature_dropout_p_0.020,I_XFY,family,60,0,0.0
gate3a_ood_tue_wed,pipeline,feature_dropout_p_0.050,I_X,union,60,0,0.0
gate3a_ood_tue_wed,pipeline,feature_dropout_p_0.050,I_X,family_v12,60,0,0.0
gate3a_ood_tue_wed,pipeline,feature_dropout_p_0.050,I_X,family,60,0,0.0
gate3a_ood_tue_wed,pipeline,feature_dropout_p_0.050,I_XF,union,60,0,0.0
gate3a_ood_tue_wed,pipeline,feature_dropout_p_0.050,I_XF,family_v12,60,0,0.0
gate3a_ood_tue_wed,pipeline,feature_dropout_p_0.050,I_XF,family,60,0,0.0
gate3a_ood_tue_wed,pipeline,feature_dropout_p_0.050,I_Ym,union,60,0,0.0
gate3a_ood_tue_wed,pipeline,feature_dropout_p_0.050,I_Ym,family_v12,60,0,0.0
gate3a_ood_tue_wed,pipeline,feature_dropout_p_0.050,I_Ym,family,60,0,0.0
gate3a_ood_tue_wed,pipeline,feature_dropout_p_0.050,I_XFY,union,60,0,0.0
gate3a_ood_tue_wed,pipeline,feature_dropout_p_0.050,I_XFY,family_v12,60,0,0.0
gate3a_ood_tue_wed,pipeline,feature_dropout_p_0.050,I_XFY,family,60,0,0.0
gate3a_ood_tue_wed,pipeline,feature_dropout_p_0.100,I_X,union,60,0,0.0
gate3a_ood_tue_wed,pipeline,feature_dropout_p_0.100,I_X,family_v12,60,0,0.0
gate3a_ood_tue_wed,pipeline,feature_dropout_p_0.100,I_X,family,60,0,0.0
gate3a_ood_tue_wed,pipeline,feature_dropout_p_0.100,I_XF,union,60,0,0.0
gate3a_ood_tue_wed,pipeline,feature_dropout_p_0.100,I_XF,family_v12,60,0,0.0
gate3a_ood_tue_wed,pipeline,feature_dropout_p_0.100,I_XF,family,60,0,0.0
gate3a_ood_tue_wed,pipeline,feature_dropout_p_0.100,I_Ym,union,60,0,0.0
gate3a_ood_tue_wed,pipeline,feature_dropout_p_0.100,I_Ym,family_v12,60,0,0.0
gate3a_ood_tue_wed,pipeline,feature_dropout_p_0.100,I_Ym,family,60,0,0.0
gate3a_ood_tue_wed,pipeline,feature_dropout_p_0.100,I_XFY,union,60,0,0.0
gate3a_ood_tue_wed,pipeline,feature_dropout_p_0.100,I_XFY,family_v12,60,0,0.0
gate3a_ood_tue_wed,pipeline,feature_dropout_p_0.100,I_XFY,family,60,0,0.0
gate3a_ood_tue_wed,target_shift,label_flip_prior_preserving_r_0.020,I_X,union,60,0,0.0
gate3a_ood_tue_wed,target_shift,label_flip_prior_preserving_r_0.020,I_X,family_v12,60,0,0.0
gate3a_ood_tue_wed,target_shift,label_flip_prior_preserving_r_0.020,I_X,family,60,0,0.0
gate3a_ood_tue_wed,target_shift,label_flip_prior_preserving_r_0.020,I_XF,union,60,0,0.0
gate3a_ood_tue_wed,target_shift,label_flip_prior_preserving_r_0.020,I_XF,family_v12,60,0,0.0
gate3a_ood_tue_wed,target_shift,label_flip_prior_preserving_r_0.020,I_XF,family,60,0,0.0
gate3a_ood_tue_wed,target_shift,label_flip_prior_preserving_r_0.020,I_Ym,union,60,0,0.0
gate3a_ood_tue_wed,target_shift,label_flip_prior_preserving_r_0.020,I_Ym,family_v12,60,0,0.0
gate3a_ood_tue_wed,target_shift,label_flip_prior_preserving_r_0.020,I_Ym,family,60,0,0.0
gate3a_ood_tue_wed,target_shift,label_flip_prior_preserving_r_0.020,I_XFY,union,60,0,0.0
gate3a_ood_tue_wed,target_shift,label_flip_prior_preserving_r_0.020,I_XFY,family_v12,60,0,0.0
gate3a_ood_tue_wed,target_shift,label_flip_prior_preserving_r_0.020,I_XFY,family,60,0,0.0
gate3a_ood_tue_wed,target_shift,label_flip_prior_preserving_r_0.050,I_X,union,60,0,0.0
gate3a_ood_tue_wed,target_shift,label_flip_prior_preserving_r_0.050,I_X,family_v12,60,0,0.0
gate3a_ood_tue_wed,target_shift,label_flip_prior_preserving_r_0.050,I_X,family,60,0,0.0
gate3a_ood_tue_wed,target_shift,label_flip_prior_preserving_r_0.050,I_XF,union,60,0,0.0
gate3a_ood_tue_wed,target_shift,label_flip_prior_preserving_r_0.050,I_XF,family_v12,60,0,0.0
gate3a_ood_tue_wed,target_shift,label_flip_prior_preserving_r_0.050,I_XF,family,60,0,0.0
gate3a_ood_tue_wed,target_shift,label_flip_prior_preserving_r_0.050,I_Ym,union,60,0,0.0
gate3a_ood_tue_wed,target_shift,label_flip_prior_preserving_r_0.050,I_Ym,family_v12,60,0,0.0
gate3a_ood_tue_wed,target_shift,label_flip_prior_preserving_r_0.050,I_Ym,family,60,0,0.0
gate3a_ood_tue_wed,target_shift,label_flip_prior_preserving_r_0.050,I_XFY,union,60,0,0.0
gate3a_ood_tue_wed,target_shift,label_flip_prior_preserving_r_0.050,I_XFY,family_v12,60,0,0.0
gate3a_ood_tue_wed,target_shift,label_flip_prior_preserving_r_0.050,I_XFY,family,60,0,0.0
gate3a_ood_tue_wed,target_shift,label_flip_prior_preserving_r_0.100,I_X,union,60,0,0.0
gate3a_ood_tue_wed,target_shift,label_flip_prior_preserving_r_0.100,I_X,family_v12,60,0,0.0
gate3a_ood_tue_wed,target_shift,label_flip_prior_preserving_r_0.100,I_X,family,60,0,0.0
gate3a_ood_tue_wed,target_shift,label_flip_prior_preserving_r_0.100,I_XF,union,60,0,0.0
gate3a_ood_tue_wed,target_shift,label_flip_prior_preserving_r_0.100,I_XF,family_v12,60,0,0.0
gate3a_ood_tue_wed,target_shift,label_flip_prior_preserving_r_0.100,I_XF,family,60,0,0.0
gate3a_ood_tue_wed,target_shift,label_flip_prior_preserving_r_0.100,I_Ym,union,60,0,0.0
gate3a_ood_tue_wed,target_shift,label_flip_prior_preserving_r_0.100,I_Ym,family_v12,60,0,0.0
gate3a_ood_tue_wed,target_shift,label_flip_prior_preserving_r_0.100,I_Ym,family,60,0,0.0
gate3a_ood_tue_wed,target_shift,label_flip_prior_preserving_r_0.100,I_XFY,union,60,0,0.0
gate3a_ood_tue_wed,target_shift,label_flip_prior_preserving_r_0.100,I_XFY,family_v12,60,0,0.0
gate3a_ood_tue_wed,target_shift,label_flip_prior_preserving_r_0.100,I_XFY,family,60,0,0.0
gate3a_ood_tue_wed,target_shift,label_flip_r_0.020,I_X,union,60,0,0.0
gate3a_ood_tue_wed,target_shift,label_flip_r_0.020,I_X,family_v12,60,0,0.0
gate3a_ood_tue_wed,target_shift,label_flip_r_0.020,I_X,family,60,0,0.0
gate3a_ood_tue_wed,target_shift,label_flip_r_0.020,I_XF,union,60,0,0.0
gate3a_ood_tue_wed,target_shift,label_flip_r_0.020,I_XF,family_v12,60,0,0.0
gate3a_ood_tue_wed,target_shift,label_flip_r_0.020,I_XF,family,60,0,0.0
gate3a_ood_tue_wed,target_shift,label_flip_r_0.020,I_Ym,union,60,0,0.0
gate3a_ood_tue_wed,target_shift,label_flip_r_0.020,I_Ym,family_v12,60,0,0.0
gate3a_ood_tue_wed,target_shift,label_flip_r_0.020,I_Ym,family,60,0,0.0
gate3a_ood_tue_wed,target_shift,label_flip_r_0.020,I_XFY,union,60,0,0.0
gate3a_ood_tue_wed,target_shift,label_flip_r_0.020,I_XFY,family_v12,60,0,0.0
gate3a_ood_tue_wed,target_shift,label_flip_r_0.020,I_XFY,family,60,0,0.0
gate3a_ood_tue_wed,target_shift,label_flip_r_0.050,I_X,union,60,0,0.0
gate3a_ood_tue_wed,target_shift,label_flip_r_0.050,I_X,family_v12,60,0,0.0
gate3a_ood_tue_wed,target_shift,label_flip_r_0.050,I_X,family,60,0,0.0
gate3a_ood_tue_wed,target_shift,label_flip_r_0.050,I_XF,union,60,0,0.0
gate3a_ood_tue_wed,target_shift,label_flip_r_0.050,I_XF,family_v12,60,0,0.0
gate3a_ood_tue_wed,target_shift,label_flip_r_0.050,I_XF,family,60,0,0.0
gate3a_ood_tue_wed,target_shift,label_flip_r_0.050,I_Ym,union,60,0,0.0
gate3a_ood_tue_wed,target_shift,label_flip_r_0.050,I_Ym,family_v12,60,0,0.0
gate3a_ood_tue_wed,target_shift,label_flip_r_0.050,I_Ym,family,60,0,0.0
gate3a_ood_tue_wed,target_shift,label_flip_r_0.050,I_XFY,union,60,0,0.0
gate3a_ood_tue_wed,target_shift,label_flip_r_0.050,I_XFY,family_v12,60,0,0.0
gate3a_ood_tue_wed,target_shift,label_flip_r_0.050,I_XFY,family,60,0,0.0
gate3a_ood_tue_wed,target_shift,label_flip_r_0.100,I_X,union,60,0,0.0
gate3a_ood_tue_wed,target_shift,label_flip_r_0.100,I_X,family_v12,60,0,0.0
gate3a_ood_tue_wed,target_shift,label_flip_r_0.100,I_X,family,60,0,0.0
gate3a_ood_tue_wed,target_shift,label_flip_r_0.100,I_XF,union,60,0,0.0
gate3a_ood_tue_wed,target_shift,label_flip_r_0.100,I_XF,family_v12,60,0,0.0
gate3a_ood_tue_wed,target_shift,label_flip_r_0.100,I_XF,family,60,0,0.0
gate3a_ood_tue_wed,target_shift,label_flip_r_0.100,I_Ym,union,60,0,0.0
gate3a_ood_tue_wed,target_shift,label_flip_r_0.100,I_Ym,family_v12,60,0,0.0
gate3a_ood_tue_wed,target_shift,label_flip_r_0.100,I_Ym,family,60,0,0.0
gate3a_ood_tue_wed,target_shift,label_flip_r_0.100,I_XFY,union,60,0,0.0
gate3a_ood_tue_wed,target_shift,label_flip_r_0.100,I_XFY,family_v12,60,0,0.0
gate3a_ood_tue_wed,target_shift,label_flip_r_0.100,I_XFY,family,60,0,0.0
gate3b_ood_tue_fri_portscan,corruption,feature_sign_flip_p_0.020,I_X,union,60,19,0.31666666666666665
gate3b_ood_tue_fri_portscan,corruption,feature_sign_flip_p_0.020,I_X,family_v12,60,14,0.23333333333333334
gate3b_ood_tue_fri_portscan,corruption,feature_sign_flip_p_0.020,I_X,family,60,14,0.23333333333333334
gate3b_ood_tue_fri_portscan,corruption,feature_sign_flip_p_0.020,I_XF,union,60,19,0.31666666666666665
gate3b_ood_tue_fri_portscan,corruption,feature_sign_flip_p_0.020,I_XF,family_v12,60,12,0.2
gate3b_ood_tue_fri_portscan,corruption,feature_sign_flip_p_0.020,I_XF,family,60,0,0.0
gate3b_ood_tue_fri_portscan,corruption,feature_sign_flip_p_0.020,I_Ym,union,60,0,0.0
gate3b_ood_tue_fri_portscan,corruption,feature_sign_flip_p_0.020,I_Ym,family_v12,60,0,0.0
gate3b_ood_tue_fri_portscan,corruption,feature_sign_flip_p_0.020,I_Ym,family,60,0,0.0
gate3b_ood_tue_fri_portscan,corruption,feature_sign_flip_p_0.020,I_XFY,union,60,19,0.31666666666666665
gate3b_ood_tue_fri_portscan,corruption,feature_sign_flip_p_0.020,I_XFY,family_v12,60,10,0.16666666666666666
gate3b_ood_tue_fri_portscan,corruption,feature_sign_flip_p_0.020,I_XFY,family,60,0,0.0
gate3b_ood_tue_fri_portscan,corruption,feature_sign_flip_p_0.050,I_X,union,60,51,0.85
gate3b_ood_tue_fri_portscan,corruption,feature_sign_flip_p_0.050,I_X,family_v12,60,46,0.7666666666666667
gate3b_ood_tue_fri_portscan,corruption,feature_sign_flip_p_0.050,I_X,family,60,46,0.7666666666666667
gate3b_ood_tue_fri_portscan,corruption,feature_sign_flip_p_0.050,I_XF,union,60,54,0.9
gate3b_ood_tue_fri_portscan,corruption,feature_sign_flip_p_0.050,I_XF,family_v12,60,50,0.8333333333333334
gate3b_ood_tue_fri_portscan,corruption,feature_sign_flip_p_0.050,I_XF,family,60,43,0.7166666666666667
gate3b_ood_tue_fri_portscan,corruption,feature_sign_flip_p_0.050,I_Ym,union,60,0,0.0
gate3b_ood_tue_fri_portscan,corruption,feature_sign_flip_p_0.050,I_Ym,family_v12,60,0,0.0
gate3b_ood_tue_fri_portscan,corruption,feature_sign_flip_p_0.050,I_Ym,family,60,0,0.0
gate3b_ood_tue_fri_portscan,corruption,feature_sign_flip_p_0.050,I_XFY,union,60,54,0.9
gate3b_ood_tue_fri_portscan,corruption,feature_sign_flip_p_0.050,I_XFY,family_v12,60,43,0.7166666666666667
gate3b_ood_tue_fri_portscan,corruption,feature_sign_flip_p_0.050,I_XFY,family,60,43,0.7166666666666667
gate3b_ood_tue_fri_portscan,corruption,feature_sign_flip_p_0.100,I_X,union,60,58,0.9666666666666667
gate3b_ood_tue_fri_portscan,corruption,feature_sign_flip_p_0.100,I_X,family_v12,60,57,0.95
gate3b_ood_tue_fri_portscan,corruption,feature_sign_flip_p_0.100,I_X,family,60,57,0.95
gate3b_ood_tue_fri_portscan,corruption,feature_sign_flip_p_0.100,I_XF,union,60,60,1.0
gate3b_ood_tue_fri_portscan,corruption,feature_sign_flip_p_0.100,I_XF,family_v12,60,60,1.0
gate3b_ood_tue_fri_portscan,corruption,feature_sign_flip_p_0.100,I_XF,family,60,60,1.0
gate3b_ood_tue_fri_portscan,corruption,feature_sign_flip_p_0.100,I_Ym,union,60,0,0.0
gate3b_ood_tue_fri_portscan,corruption,feature_sign_flip_p_0.100,I_Ym,family_v12,60,0,0.0
gate3b_ood_tue_fri_portscan,corruption,feature_sign_flip_p_0.100,I_Ym,family,60,0,0.0
gate3b_ood_tue_fri_portscan,corruption,feature_sign_flip_p_0.100,I_XFY,union,60,60,1.0
gate3b_ood_tue_fri_portscan,corruption,feature_sign_flip_p_0.100,I_XFY,family_v12,60,60,1.0
gate3b_ood_tue_fri_portscan,corruption,feature_sign_flip_p_0.100,I_XFY,family,60,60,1.0
gate3b_ood_tue_fri_portscan,covariate_shift,mean_shift_pf_delta_0.020,I_X,union,60,60,1.0
gate3b_ood_tue_fri_portscan,covariate_shift,mean_shift_pf_delta_0.020,I_X,family_v12,60,60,1.0
gate3b_ood_tue_fri_portscan,covariate_shift,mean_shift_pf_delta_0.020,I_X,family,60,60,1.0
gate3b_ood_tue_fri_portscan,covariate_shift,mean_shift_pf_delta_0.020,I_XF,union,60,60,1.0
gate3b_ood_tue_fri_portscan,covariate_shift,mean_shift_pf_delta_0.020,I_XF,family_v12,60,60,1.0
gate3b_ood_tue_fri_portscan,covariate_shift,mean_shift_pf_delta_0.020,I_XF,family,60,60,1.0
gate3b_ood_tue_fri_portscan,covariate_shift,mean_shift_pf_delta_0.020,I_Ym,union,60,0,0.0
gate3b_ood_tue_fri_portscan,covariate_shift,mean_shift_pf_delta_0.020,I_Ym,family_v12,60,0,0.0
gate3b_ood_tue_fri_portscan,covariate_shift,mean_shift_pf_delta_0.020,I_Ym,family,60,0,0.0
gate3b_ood_tue_fri_portscan,covariate_shift,mean_shift_pf_delta_0.020,I_XFY,union,60,60,1.0
gate3b_ood_tue_fri_portscan,covariate_shift,mean_shift_pf_delta_0.020,I_XFY,family_v12,60,60,1.0
gate3b_ood_tue_fri_portscan,covariate_shift,mean_shift_pf_delta_0.020,I_XFY,family,60,60,1.0
gate3b_ood_tue_fri_portscan,covariate_shift,mean_shift_pf_delta_0.050,I_X,union,60,60,1.0
gate3b_ood_tue_fri_portscan,covariate_shift,mean_shift_pf_delta_0.050,I_X,family_v12,60,60,1.0
gate3b_ood_tue_fri_portscan,covariate_shift,mean_shift_pf_delta_0.050,I_X,family,60,60,1.0
gate3b_ood_tue_fri_portscan,covariate_shift,mean_shift_pf_delta_0.050,I_XF,union,60,60,1.0
gate3b_ood_tue_fri_portscan,covariate_shift,mean_shift_pf_delta_0.050,I_XF,family_v12,60,60,1.0
gate3b_ood_tue_fri_portscan,covariate_shift,mean_shift_pf_delta_0.050,I_XF,family,60,60,1.0
gate3b_ood_tue_fri_portscan,covariate_shift,mean_shift_pf_delta_0.050,I_Ym,union,60,0,0.0
gate3b_ood_tue_fri_portscan,covariate_shift,mean_shift_pf_delta_0.050,I_Ym,family_v12,60,0,0.0
gate3b_ood_tue_fri_portscan,covariate_shift,mean_shift_pf_delta_0.050,I_Ym,family,60,0,0.0
gate3b_ood_tue_fri_portscan,covariate_shift,mean_shift_pf_delta_0.050,I_XFY,union,60,60,1.0
gate3b_ood_tue_fri_portscan,covariate_shift,mean_shift_pf_delta_0.050,I_XFY,family_v12,60,60,1.0
gate3b_ood_tue_fri_portscan,covariate_shift,mean_shift_pf_delta_0.050,I_XFY,family,60,60,1.0
gate3b_ood_tue_fri_portscan,covariate_shift,mean_shift_pf_delta_0.100,I_X,union,60,60,1.0
gate3b_ood_tue_fri_portscan,covariate_shift,mean_shift_pf_delta_0.100,I_X,family_v12,60,60,1.0
gate3b_ood_tue_fri_portscan,covariate_shift,mean_shift_pf_delta_0.100,I_X,family,60,60,1.0
gate3b_ood_tue_fri_portscan,covariate_shift,mean_shift_pf_delta_0.100,I_XF,union,60,60,1.0
gate3b_ood_tue_fri_portscan,covariate_shift,mean_shift_pf_delta_0.100,I_XF,family_v12,60,60,1.0
gate3b_ood_tue_fri_portscan,covariate_shift,mean_shift_pf_delta_0.100,I_XF,family,60,60,1.0
gate3b_ood_tue_fri_portscan,covariate_shift,mean_shift_pf_delta_0.100,I_Ym,union,60,0,0.0
gate3b_ood_tue_fri_portscan,covariate_shift,mean_shift_pf_delta_0.100,I_Ym,family_v12,60,0,0.0
gate3b_ood_tue_fri_portscan,covariate_shift,mean_shift_pf_delta_0.100,I_Ym,family,60,0,0.0
gate3b_ood_tue_fri_portscan,covariate_shift,mean_shift_pf_delta_0.100,I_XFY,union,60,60,1.0
gate3b_ood_tue_fri_portscan,covariate_shift,mean_shift_pf_delta_0.100,I_XFY,family_v12,60,60,1.0
gate3b_ood_tue_fri_portscan,covariate_shift,mean_shift_pf_delta_0.100,I_XFY,family,60,60,1.0
gate3b_ood_tue_fri_portscan,covariate_shift,scaling_drift_alpha_0.020,I_X,union,60,60,1.0
gate3b_ood_tue_fri_portscan,covariate_shift,scaling_drift_alpha_0.020,I_X,family_v12,60,60,1.0
gate3b_ood_tue_fri_portscan,covariate_shift,scaling_drift_alpha_0.020,I_X,family,60,60,1.0
gate3b_ood_tue_fri_portscan,covariate_shift,scaling_drift_alpha_0.020,I_XF,union,60,60,1.0
gate3b_ood_tue_fri_portscan,covariate_shift,scaling_drift_alpha_0.020,I_XF,family_v12,60,60,1.0
gate3b_ood_tue_fri_portscan,covariate_shift,scaling_drift_alpha_0.020,I_XF,family,60,60,1.0
gate3b_ood_tue_fri_portscan,covariate_shift,scaling_drift_alpha_0.020,I_Ym,union,60,0,0.0
gate3b_ood_tue_fri_portscan,covariate_shift,scaling_drift_alpha_0.020,I_Ym,family_v12,60,0,0.0
gate3b_ood_tue_fri_portscan,covariate_shift,scaling_drift_alpha_0.020,I_Ym,family,60,0,0.0
gate3b_ood_tue_fri_portscan,covariate_shift,scaling_drift_alpha_0.020,I_XFY,union,60,60,1.0
gate3b_ood_tue_fri_portscan,covariate_shift,scaling_drift_alpha_0.020,I_XFY,family_v12,60,60,1.0
gate3b_ood_tue_fri_portscan,covariate_shift,scaling_drift_alpha_0.020,I_XFY,family,60,60,1.0
gate3b_ood_tue_fri_portscan,covariate_shift,scaling_drift_alpha_0.050,I_X,union,60,60,1.0
gate3b_ood_tue_fri_portscan,covariate_shift,scaling_drift_alpha_0.050,I_X,family_v12,60,60,1.0
gate3b_ood_tue_fri_portscan,covariate_shift,scaling_drift_alpha_0.050,I_X,family,60,60,1.0
gate3b_ood_tue_fri_portscan,covariate_shift,scaling_drift_alpha_0.050,I_XF,union,60,60,1.0
gate3b_ood_tue_fri_portscan,covariate_shift,scaling_drift_alpha_0.050,I_XF,family_v12,60,60,1.0
gate3b_ood_tue_fri_portscan,covariate_shift,scaling_drift_alpha_0.050,I_XF,family,60,60,1.0
gate3b_ood_tue_fri_portscan,covariate_shift,scaling_drift_alpha_0.050,I_Ym,union,60,0,0.0
gate3b_ood_tue_fri_portscan,covariate_shift,scaling_drift_alpha_0.050,I_Ym,family_v12,60,0,0.0
gate3b_ood_tue_fri_portscan,covariate_shift,scaling_drift_alpha_0.050,I_Ym,family,60,0,0.0
gate3b_ood_tue_fri_portscan,covariate_shift,scaling_drift_alpha_0.050,I_XFY,union,60,60,1.0
gate3b_ood_tue_fri_portscan,covariate_shift,scaling_drift_alpha_0.050,I_XFY,family_v12,60,60,1.0
gate3b_ood_tue_fri_portscan,covariate_shift,scaling_drift_alpha_0.050,I_XFY,family,60,60,1.0
gate3b_ood_tue_fri_portscan,covariate_shift,scaling_drift_alpha_0.100,I_X,union,60,60,1.0
gate3b_ood_tue_fri_portscan,covariate_shift,scaling_drift_alpha_0.100,I_X,family_v12,60,60,1.0
gate3b_ood_tue_fri_portscan,covariate_shift,scaling_drift_alpha_0.100,I_X,family,60,60,1.0
gate3b_ood_tue_fri_portscan,covariate_shift,scaling_drift_alpha_0.100,I_XF,union,60,60,1.0
gate3b_ood_tue_fri_portscan,covariate_shift,scaling_drift_alpha_0.100,I_XF,family_v12,60,60,1.0
gate3b_ood_tue_fri_portscan,covariate_shift,scaling_drift_alpha_0.100,I_XF,family,60,60,1.0
gate3b_ood_tue_fri_portscan,covariate_shift,scaling_drift_alpha_0.100,I_Ym,union,60,0,0.0
gate3b_ood_tue_fri_portscan,covariate_shift,scaling_drift_alpha_0.100,I_Ym,family_v12,60,0,0.0
gate3b_ood_tue_fri_portscan,covariate_shift,scaling_drift_alpha_0.100,I_Ym,family,60,0,0.0
gate3b_ood_tue_fri_portscan,covariate_shift,scaling_drift_alpha_0.100,I_XFY,union,60,60,1.0
gate3b_ood_tue_fri_portscan,covariate_shift,scaling_drift_alpha_0.100,I_XFY,family_v12,60,60,1.0
gate3b_ood_tue_fri_portscan,covariate_shift,scaling_drift_alpha_0.100,I_XFY,family,60,60,1.0
gate3b_ood_tue_fri_portscan,pipeline,feature_dropout_p_0.020,I_X,union,60,0,0.0
gate3b_ood_tue_fri_portscan,pipeline,feature_dropout_p_0.020,I_X,family_v12,60,0,0.0
gate3b_ood_tue_fri_portscan,pipeline,feature_dropout_p_0.020,I_X,family,60,0,0.0
gate3b_ood_tue_fri_portscan,pipeline,feature_dropout_p_0.020,I_XF,union,60,0,0.0
gate3b_ood_tue_fri_portscan,pipeline,feature_dropout_p_0.020,I_XF,family_v12,60,0,0.0
gate3b_ood_tue_fri_portscan,pipeline,feature_dropout_p_0.020,I_XF,family,60,0,0.0
gate3b_ood_tue_fri_portscan,pipeline,feature_dropout_p_0.020,I_Ym,union,60,0,0.0
gate3b_ood_tue_fri_portscan,pipeline,feature_dropout_p_0.020,I_Ym,family_v12,60,0,0.0
gate3b_ood_tue_fri_portscan,pipeline,feature_dropout_p_0.020,I_Ym,family,60,0,0.0
gate3b_ood_tue_fri_portscan,pipeline,feature_dropout_p_0.020,I_XFY,union,60,0,0.0
gate3b_ood_tue_fri_portscan,pipeline,feature_dropout_p_0.020,I_XFY,family_v12,60,0,0.0
gate3b_ood_tue_fri_portscan,pipeline,feature_dropout_p_0.020,I_XFY,family,60,0,0.0
gate3b_ood_tue_fri_portscan,pipeline,feature_dropout_p_0.050,I_X,union,60,0,0.0
gate3b_ood_tue_fri_portscan,pipeline,feature_dropout_p_0.050,I_X,family_v12,60,0,0.0
gate3b_ood_tue_fri_portscan,pipeline,feature_dropout_p_0.050,I_X,family,60,0,0.0
gate3b_ood_tue_fri_portscan,pipeline,feature_dropout_p_0.050,I_XF,union,60,0,0.0
gate3b_ood_tue_fri_portscan,pipeline,feature_dropout_p_0.050,I_XF,family_v12,60,0,0.0
gate3b_ood_tue_fri_portscan,pipeline,feature_dropout_p_0.050,I_XF,family,60,0,0.0
gate3b_ood_tue_fri_portscan,pipeline,feature_dropout_p_0.050,I_Ym,union,60,0,0.0
gate3b_ood_tue_fri_portscan,pipeline,feature_dropout_p_0.050,I_Ym,family_v12,60,0,0.0
gate3b_ood_tue_fri_portscan,pipeline,feature_dropout_p_0.050,I_Ym,family,60,0,0.0
gate3b_ood_tue_fri_portscan,pipeline,feature_dropout_p_0.050,I_XFY,union,60,0,0.0
gate3b_ood_tue_fri_portscan,pipeline,feature_dropout_p_0.050,I_XFY,family_v12,60,0,0.0
gate3b_ood_tue_fri_portscan,pipeline,feature_dropout_p_0.050,I_XFY,family,60,0,0.0
gate3b_ood_tue_fri_portscan,pipeline,feature_dropout_p_0.100,I_X,union,60,0,0.0
gate3b_ood_tue_fri_portscan,pipeline,feature_dropout_p_0.100,I_X,family_v12,60,0,0.0
gate3b_ood_tue_fri_portscan,pipeline,feature_dropout_p_0.100,I_X,family,60,0,0.0
gate3b_ood_tue_fri_portscan,pipeline,feature_dropout_p_0.100,I_XF,union,60,0,0.0
gate3b_ood_tue_fri_portscan,pipeline,feature_dropout_p_0.100,I_XF,family_v12,60,0,0.0
gate3b_ood_tue_fri_portscan,pipeline,feature_dropout_p_0.100,I_XF,family,60,0,0.0
gate3b_ood_tue_fri_portscan,pipeline,feature_dropout_p_0.100,I_Ym,union,60,0,0.0
gate3b_ood_tue_fri_portscan,pipeline,feature_dropout_p_0.100,I_Ym,family_v12,60,0,0.0
gate3b_ood_tue_fri_portscan,pipeline,feature_dropout_p_0.100,I_Ym,family,60,0,0.0
gate3b_ood_tue_fri_portscan,pipeline,feature_dropout_p_0.100,I_XFY,union,60,0,0.0
gate3b_ood_tue_fri_portscan,pipeline,feature_dropout_p_0.100,I_XFY,family_v12,60,0,0.0
gate3b_ood_tue_fri_portscan,pipeline,feature_dropout_p_0.100,I_XFY,family,60,0,0.0
gate3b_ood_tue_fri_portscan,target_shift,label_flip_prior_preserving_r_0.020,I_X,union,60,0,0.0
gate3b_ood_tue_fri_portscan,target_shift,label_flip_prior_preserving_r_0.020,I_X,family_v12,60,0,0.0
gate3b_ood_tue_fri_portscan,target_shift,label_flip_prior_preserving_r_0.020,I_X,family,60,0,0.0
gate3b_ood_tue_fri_portscan,target_shift,label_flip_prior_preserving_r_0.020,I_XF,union,60,0,0.0
gate3b_ood_tue_fri_portscan,target_shift,label_flip_prior_preserving_r_0.020,I_XF,family_v12,60,0,0.0
gate3b_ood_tue_fri_portscan,target_shift,label_flip_prior_preserving_r_0.020,I_XF,family,60,0,0.0
gate3b_ood_tue_fri_portscan,target_shift,label_flip_prior_preserving_r_0.020,I_Ym,union,60,0,0.0
gate3b_ood_tue_fri_portscan,target_shift,label_flip_prior_preserving_r_0.020,I_Ym,family_v12,60,0,0.0
gate3b_ood_tue_fri_portscan,target_shift,label_flip_prior_preserving_r_0.020,I_Ym,family,60,0,0.0
gate3b_ood_tue_fri_portscan,target_shift,label_flip_prior_preserving_r_0.020,I_XFY,union,60,0,0.0
gate3b_ood_tue_fri_portscan,target_shift,label_flip_prior_preserving_r_0.020,I_XFY,family_v12,60,0,0.0
gate3b_ood_tue_fri_portscan,target_shift,label_flip_prior_preserving_r_0.020,I_XFY,family,60,0,0.0
gate3b_ood_tue_fri_portscan,target_shift,label_flip_prior_preserving_r_0.050,I_X,union,60,0,0.0
gate3b_ood_tue_fri_portscan,target_shift,label_flip_prior_preserving_r_0.050,I_X,family_v12,60,0,0.0
gate3b_ood_tue_fri_portscan,target_shift,label_flip_prior_preserving_r_0.050,I_X,family,60,0,0.0
gate3b_ood_tue_fri_portscan,target_shift,label_flip_prior_preserving_r_0.050,I_XF,union,60,0,0.0
gate3b_ood_tue_fri_portscan,target_shift,label_flip_prior_preserving_r_0.050,I_XF,family_v12,60,0,0.0
gate3b_ood_tue_fri_portscan,target_shift,label_flip_prior_preserving_r_0.050,I_XF,family,60,0,0.0
gate3b_ood_tue_fri_portscan,target_shift,label_flip_prior_preserving_r_0.050,I_Ym,union,60,0,0.0
gate3b_ood_tue_fri_portscan,target_shift,label_flip_prior_preserving_r_0.050,I_Ym,family_v12,60,0,0.0
gate3b_ood_tue_fri_portscan,target_shift,label_flip_prior_preserving_r_0.050,I_Ym,family,60,0,0.0
gate3b_ood_tue_fri_portscan,target_shift,label_flip_prior_preserving_r_0.050,I_XFY,union,60,0,0.0
gate3b_ood_tue_fri_portscan,target_shift,label_flip_prior_preserving_r_0.050,I_XFY,family_v12,60,0,0.0
gate3b_ood_tue_fri_portscan,target_shift,label_flip_prior_preserving_r_0.050,I_XFY,family,60,0,0.0
gate3b_ood_tue_fri_portscan,target_shift,label_flip_prior_preserving_r_0.100,I_X,union,60,0,0.0
gate3b_ood_tue_fri_portscan,target_shift,label_flip_prior_preserving_r_0.100,I_X,family_v12,60,0,0.0
gate3b_ood_tue_fri_portscan,target_shift,label_flip_prior_preserving_r_0.100,I_X,family,60,0,0.0
gate3b_ood_tue_fri_portscan,target_shift,label_flip_prior_preserving_r_0.100,I_XF,union,60,0,0.0
gate3b_ood_tue_fri_portscan,target_shift,label_flip_prior_preserving_r_0.100,I_XF,family_v12,60,0,0.0
gate3b_ood_tue_fri_portscan,target_shift,label_flip_prior_preserving_r_0.100,I_XF,family,60,0,0.0
gate3b_ood_tue_fri_portscan,target_shift,label_flip_prior_preserving_r_0.100,I_Ym,union,60,0,0.0
gate3b_ood_tue_fri_portscan,target_shift,label_flip_prior_preserving_r_0.100,I_Ym,family_v12,60,0,0.0
gate3b_ood_tue_fri_portscan,target_shift,label_flip_prior_preserving_r_0.100,I_Ym,family,60,0,0.0
gate3b_ood_tue_fri_portscan,target_shift,label_flip_prior_preserving_r_0.100,I_XFY,union,60,0,0.0
gate3b_ood_tue_fri_portscan,target_shift,label_flip_prior_preserving_r_0.100,I_XFY,family_v12,60,0,0.0
gate3b_ood_tue_fri_portscan,target_shift,label_flip_prior_preserving_r_0.100,I_XFY,family,60,0,0.0
gate3b_ood_tue_fri_portscan,target_shift,label_flip_r_0.020,I_X,union,60,0,0.0
gate3b_ood_tue_fri_portscan,target_shift,label_flip_r_0.020,I_X,family_v12,60,0,0.0
gate3b_ood_tue_fri_portscan,target_shift,label_flip_r_0.020,I_X,family,60,0,0.0
gate3b_ood_tue_fri_portscan,target_shift,label_flip_r_0.020,I_XF,union,60,0,0.0
gate3b_ood_tue_fri_portscan,target_shift,label_flip_r_0.020,I_XF,family_v12,60,0,0.0
gate3b_ood_tue_fri_portscan,target_shift,label_flip_r_0.020,I_XF,family,60,0,0.0
gate3b_ood_tue_fri_portscan,target_shift,label_flip_r_0.020,I_Ym,union,60,0,0.0
gate3b_ood_tue_fri_portscan,target_shift,label_flip_r_0.020,I_Ym,family_v12,60,0,0.0
gate3b_ood_tue_fri_portscan,target_shift,label_flip_r_0.020,I_Ym,family,60,0,0.0
gate3b_ood_tue_fri_portscan,target_shift,label_flip_r_0.020,I_XFY,union,60,0,0.0
gate3b_ood_tue_fri_portscan,target_shift,label_flip_r_0.020,I_XFY,family_v12,60,0,0.0
gate3b_ood_tue_fri_portscan,target_shift,label_flip_r_0.020,I_XFY,family,60,0,0.0
gate3b_ood_tue_fri_portscan,target_shift,label_flip_r_0.050,I_X,union,60,0,0.0
gate3b_ood_tue_fri_portscan,target_shift,label_flip_r_0.050,I_X,family_v12,60,0,0.0
gate3b_ood_tue_fri_portscan,target_shift,label_flip_r_0.050,I_X,family,60,0,0.0
gate3b_ood_tue_fri_portscan,target_shift,label_flip_r_0.050,I_XF,union,60,0,0.0
gate3b_ood_tue_fri_portscan,target_shift,label_flip_r_0.050,I_XF,family_v12,60,0,0.0
gate3b_ood_tue_fri_portscan,target_shift,label_flip_r_0.050,I_XF,family,60,0,0.0
gate3b_ood_tue_fri_portscan,target_shift,label_flip_r_0.050,I_Ym,union,60,0,0.0
gate3b_ood_tue_fri_portscan,target_shift,label_flip_r_0.050,I_Ym,family_v12,60,0,0.0
gate3b_ood_tue_fri_portscan,target_shift,label_flip_r_0.050,I_Ym,family,60,0,0.0
gate3b_ood_tue_fri_portscan,target_shift,label_flip_r_0.050,I_XFY,union,60,0,0.0
gate3b_ood_tue_fri_portscan,target_shift,label_flip_r_0.050,I_XFY,family_v12,60,0,0.0
gate3b_ood_tue_fri_portscan,target_shift,label_flip_r_0.050,I_XFY,family,60,0,0.0
gate3b_ood_tue_fri_portscan,target_shift,label_flip_r_0.100,I_X,union,60,0,0.0
gate3b_ood_tue_fri_portscan,target_shift,label_flip_r_0.100,I_X,family_v12,60,0,0.0
gate3b_ood_tue_fri_portscan,target_shift,label_flip_r_0.100,I_X,family,60,0,0.0
gate3b_ood_tue_fri_portscan,target_shift,label_flip_r_0.100,I_XF,union,60,0,0.0
gate3b_ood_tue_fri_portscan,target_shift,label_flip_r_0.100,I_XF,family_v12,60,0,0.0
gate3b_ood_tue_fri_portscan,target_shift,label_flip_r_0.100,I_XF,family,60,0,0.0
gate3b_ood_tue_fri_portscan,target_shift,label_flip_r_0.100,I_Ym,union,60,0,0.0
gate3b_ood_tue_fri_portscan,target_shift,label_flip_r_0.100,I_Ym,family_v12,60,0,0.0
gate3b_ood_tue_fri_portscan,target_shift,label_flip_r_0.100,I_Ym,family,60,0,0.0
gate3b_ood_tue_fri_portscan,target_shift,label_flip_r_0.100,I_XFY,union,60,1,0.016666666666666666
gate3b_ood_tue_fri_portscan,target_shift,label_flip_r_0.100,I_XFY,family_v12,60,0,0.0
gate3b_ood_tue_fri_portscan,target_shift,label_flip_r_0.100,I_XFY,family,60,0,0.0
gate3c_ood_wed_thu_webattacks,corruption,feature_sign_flip_p_0.020,I_X,union,60,25,0.4166666666666667
gate3c_ood_wed_thu_webattacks,corruption,feature_sign_flip_p_0.020,I_X,family_v12,60,21,0.35
gate3c_ood_wed_thu_webattacks,corruption,feature_sign_flip_p_0.020,I_X,family,60,21,0.35
gate3c_ood_wed_thu_webattacks,corruption,feature_sign_flip_p_0.020,I_XF,union,60,34,0.5666666666666667
gate3c_ood_wed_thu_webattacks,corruption,feature_sign_flip_p_0.020,I_XF,family_v12,60,29,0.48333333333333334
gate3c_ood_wed_thu_webattacks,corruption,feature_sign_flip_p_0.020,I_XF,family,60,28,0.4666666666666667
gate3c_ood_wed_thu_webattacks,corruption,feature_sign_flip_p_0.020,I_Ym,union,60,0,0.0
gate3c_ood_wed_thu_webattacks,corruption,feature_sign_flip_p_0.020,I_Ym,family_v12,60,0,0.0
gate3c_ood_wed_thu_webattacks,corruption,feature_sign_flip_p_0.020,I_Ym,family,60,0,0.0
gate3c_ood_wed_thu_webattacks,corruption,feature_sign_flip_p_0.020,I_XFY,union,60,34,0.5666666666666667
gate3c_ood_wed_thu_webattacks,corruption,feature_sign_flip_p_0.020,I_XFY,family_v12,60,28,0.4666666666666667
gate3c_ood_wed_thu_webattacks,corruption,feature_sign_flip_p_0.020,I_XFY,family,60,28,0.4666666666666667
gate3c_ood_wed_thu_webattacks,corruption,feature_sign_flip_p_0.050,I_X,union,60,30,0.5
gate3c_ood_wed_thu_webattacks,corruption,feature_sign_flip_p_0.050,I_X,family_v12,60,30,0.5
gate3c_ood_wed_thu_webattacks,corruption,feature_sign_flip_p_0.050,I_X,family,60,30,0.5
gate3c_ood_wed_thu_webattacks,corruption,feature_sign_flip_p_0.050,I_XF,union,60,46,0.7666666666666667
gate3c_ood_wed_thu_webattacks,corruption,feature_sign_flip_p_0.050,I_XF,family_v12,60,44,0.7333333333333333
gate3c_ood_wed_thu_webattacks,corruption,feature_sign_flip_p_0.050,I_XF,family,60,42,0.7
gate3c_ood_wed_thu_webattacks,corruption,feature_sign_flip_p_0.050,I_Ym,union,60,0,0.0
gate3c_ood_wed_thu_webattacks,corruption,feature_sign_flip_p_0.050,I_Ym,family_v12,60,0,0.0
gate3c_ood_wed_thu_webattacks,corruption,feature_sign_flip_p_0.050,I_Ym,family,60,0,0.0
gate3c_ood_wed_thu_webattacks,corruption,feature_sign_flip_p_0.050,I_XFY,union,60,46,0.7666666666666667
gate3c_ood_wed_thu_webattacks,corruption,feature_sign_flip_p_0.050,I_XFY,family_v12,60,45,0.75
gate3c_ood_wed_thu_webattacks,corruption,feature_sign_flip_p_0.050,I_XFY,family,60,41,0.6833333333333333
gate3c_ood_wed_thu_webattacks,corruption,feature_sign_flip_p_0.100,I_X,union,60,57,0.95
gate3c_ood_wed_thu_webattacks,corruption,feature_sign_flip_p_0.100,I_X,family_v12,60,50,0.8333333333333334
gate3c_ood_wed_thu_webattacks,corruption,feature_sign_flip_p_0.100,I_X,family,60,50,0.8333333333333334
gate3c_ood_wed_thu_webattacks,corruption,feature_sign_flip_p_0.100,I_XF,union,60,60,1.0
gate3c_ood_wed_thu_webattacks,corruption,feature_sign_flip_p_0.100,I_XF,family_v12,60,59,0.9833333333333333
gate3c_ood_wed_thu_webattacks,corruption,feature_sign_flip_p_0.100,I_XF,family,60,59,0.9833333333333333
gate3c_ood_wed_thu_webattacks,corruption,feature_sign_flip_p_0.100,I_Ym,union,60,0,0.0
gate3c_ood_wed_thu_webattacks,corruption,feature_sign_flip_p_0.100,I_Ym,family_v12,60,0,0.0
gate3c_ood_wed_thu_webattacks,corruption,feature_sign_flip_p_0.100,I_Ym,family,60,0,0.0
gate3c_ood_wed_thu_webattacks,corruption,feature_sign_flip_p_0.100,I_XFY,union,60,60,1.0
gate3c_ood_wed_thu_webattacks,corruption,feature_sign_flip_p_0.100,I_XFY,family_v12,60,59,0.9833333333333333
gate3c_ood_wed_thu_webattacks,corruption,feature_sign_flip_p_0.100,I_XFY,family,60,59,0.9833333333333333
gate3c_ood_wed_thu_webattacks,covariate_shift,mean_shift_pf_delta_0.020,I_X,union,60,60,1.0
gate3c_ood_wed_thu_webattacks,covariate_shift,mean_shift_pf_delta_0.020,I_X,family_v12,60,60,1.0
gate3c_ood_wed_thu_webattacks,covariate_shift,mean_shift_pf_delta_0.020,I_X,family,60,60,1.0
gate3c_ood_wed_thu_webattacks,covariate_shift,mean_shift_pf_delta_0.020,I_XF,union,60,60,1.0
gate3c_ood_wed_thu_webattacks,covariate_shift,mean_shift_pf_delta_0.020,I_XF,family_v12,60,60,1.0
gate3c_ood_wed_thu_webattacks,covariate_shift,mean_shift_pf_delta_0.020,I_XF,family,60,60,1.0
gate3c_ood_wed_thu_webattacks,covariate_shift,mean_shift_pf_delta_0.020,I_Ym,union,60,0,0.0
gate3c_ood_wed_thu_webattacks,covariate_shift,mean_shift_pf_delta_0.020,I_Ym,family_v12,60,0,0.0
gate3c_ood_wed_thu_webattacks,covariate_shift,mean_shift_pf_delta_0.020,I_Ym,family,60,0,0.0
gate3c_ood_wed_thu_webattacks,covariate_shift,mean_shift_pf_delta_0.020,I_XFY,union,60,60,1.0
gate3c_ood_wed_thu_webattacks,covariate_shift,mean_shift_pf_delta_0.020,I_XFY,family_v12,60,60,1.0
gate3c_ood_wed_thu_webattacks,covariate_shift,mean_shift_pf_delta_0.020,I_XFY,family,60,60,1.0
gate3c_ood_wed_thu_webattacks,covariate_shift,mean_shift_pf_delta_0.050,I_X,union,60,60,1.0
gate3c_ood_wed_thu_webattacks,covariate_shift,mean_shift_pf_delta_0.050,I_X,family_v12,60,60,1.0
gate3c_ood_wed_thu_webattacks,covariate_shift,mean_shift_pf_delta_0.050,I_X,family,60,60,1.0
gate3c_ood_wed_thu_webattacks,covariate_shift,mean_shift_pf_delta_0.050,I_XF,union,60,60,1.0
gate3c_ood_wed_thu_webattacks,covariate_shift,mean_shift_pf_delta_0.050,I_XF,family_v12,60,60,1.0
gate3c_ood_wed_thu_webattacks,covariate_shift,mean_shift_pf_delta_0.050,I_XF,family,60,60,1.0
gate3c_ood_wed_thu_webattacks,covariate_shift,mean_shift_pf_delta_0.050,I_Ym,union,60,0,0.0
gate3c_ood_wed_thu_webattacks,covariate_shift,mean_shift_pf_delta_0.050,I_Ym,family_v12,60,0,0.0
gate3c_ood_wed_thu_webattacks,covariate_shift,mean_shift_pf_delta_0.050,I_Ym,family,60,0,0.0
gate3c_ood_wed_thu_webattacks,covariate_shift,mean_shift_pf_delta_0.050,I_XFY,union,60,60,1.0
gate3c_ood_wed_thu_webattacks,covariate_shift,mean_shift_pf_delta_0.050,I_XFY,family_v12,60,60,1.0
gate3c_ood_wed_thu_webattacks,covariate_shift,mean_shift_pf_delta_0.050,I_XFY,family,60,60,1.0
gate3c_ood_wed_thu_webattacks,covariate_shift,mean_shift_pf_delta_0.100,I_X,union,60,60,1.0
gate3c_ood_wed_thu_webattacks,covariate_shift,mean_shift_pf_delta_0.100,I_X,family_v12,60,60,1.0
gate3c_ood_wed_thu_webattacks,covariate_shift,mean_shift_pf_delta_0.100,I_X,family,60,60,1.0
gate3c_ood_wed_thu_webattacks,covariate_shift,mean_shift_pf_delta_0.100,I_XF,union,60,60,1.0
gate3c_ood_wed_thu_webattacks,covariate_shift,mean_shift_pf_delta_0.100,I_XF,family_v12,60,60,1.0
gate3c_ood_wed_thu_webattacks,covariate_shift,mean_shift_pf_delta_0.100,I_XF,family,60,60,1.0
gate3c_ood_wed_thu_webattacks,covariate_shift,mean_shift_pf_delta_0.100,I_Ym,union,60,0,0.0
gate3c_ood_wed_thu_webattacks,covariate_shift,mean_shift_pf_delta_0.100,I_Ym,family_v12,60,0,0.0
gate3c_ood_wed_thu_webattacks,covariate_shift,mean_shift_pf_delta_0.100,I_Ym,family,60,0,0.0
gate3c_ood_wed_thu_webattacks,covariate_shift,mean_shift_pf_delta_0.100,I_XFY,union,60,60,1.0
gate3c_ood_wed_thu_webattacks,covariate_shift,mean_shift_pf_delta_0.100,I_XFY,family_v12,60,60,1.0
gate3c_ood_wed_thu_webattacks,covariate_shift,mean_shift_pf_delta_0.100,I_XFY,family,60,60,1.0
gate3c_ood_wed_thu_webattacks,covariate_shift,scaling_drift_alpha_0.020,I_X,union,60,60,1.0
gate3c_ood_wed_thu_webattacks,covariate_shift,scaling_drift_alpha_0.020,I_X,family_v12,60,60,1.0
gate3c_ood_wed_thu_webattacks,covariate_shift,scaling_drift_alpha_0.020,I_X,family,60,60,1.0
gate3c_ood_wed_thu_webattacks,covariate_shift,scaling_drift_alpha_0.020,I_XF,union,60,60,1.0
gate3c_ood_wed_thu_webattacks,covariate_shift,scaling_drift_alpha_0.020,I_XF,family_v12,60,60,1.0
gate3c_ood_wed_thu_webattacks,covariate_shift,scaling_drift_alpha_0.020,I_XF,family,60,60,1.0
gate3c_ood_wed_thu_webattacks,covariate_shift,scaling_drift_alpha_0.020,I_Ym,union,60,0,0.0
gate3c_ood_wed_thu_webattacks,covariate_shift,scaling_drift_alpha_0.020,I_Ym,family_v12,60,0,0.0
gate3c_ood_wed_thu_webattacks,covariate_shift,scaling_drift_alpha_0.020,I_Ym,family,60,0,0.0
gate3c_ood_wed_thu_webattacks,covariate_shift,scaling_drift_alpha_0.020,I_XFY,union,60,60,1.0
gate3c_ood_wed_thu_webattacks,covariate_shift,scaling_drift_alpha_0.020,I_XFY,family_v12,60,60,1.0
gate3c_ood_wed_thu_webattacks,covariate_shift,scaling_drift_alpha_0.020,I_XFY,family,60,60,1.0
gate3c_ood_wed_thu_webattacks,covariate_shift,scaling_drift_alpha_0.050,I_X,union,60,60,1.0
gate3c_ood_wed_thu_webattacks,covariate_shift,scaling_drift_alpha_0.050,I_X,family_v12,60,60,1.0
gate3c_ood_wed_thu_webattacks,covariate_shift,scaling_drift_alpha_0.050,I_X,family,60,60,1.0
gate3c_ood_wed_thu_webattacks,covariate_shift,scaling_drift_alpha_0.050,I_XF,union,60,60,1.0
gate3c_ood_wed_thu_webattacks,covariate_shift,scaling_drift_alpha_0.050,I_XF,family_v12,60,60,1.0
gate3c_ood_wed_thu_webattacks,covariate_shift,scaling_drift_alpha_0.050,I_XF,family,60,60,1.0
gate3c_ood_wed_thu_webattacks,covariate_shift,scaling_drift_alpha_0.050,I_Ym,union,60,0,0.0
gate3c_ood_wed_thu_webattacks,covariate_shift,scaling_drift_alpha_0.050,I_Ym,family_v12,60,0,0.0
gate3c_ood_wed_thu_webattacks,covariate_shift,scaling_drift_alpha_0.050,I_Ym,family,60,0,0.0
gate3c_ood_wed_thu_webattacks,covariate_shift,scaling_drift_alpha_0.050,I_XFY,union,60,60,1.0
gate3c_ood_wed_thu_webattacks,covariate_shift,scaling_drift_alpha_0.050,I_XFY,family_v12,60,60,1.0
gate3c_ood_wed_thu_webattacks,covariate_shift,scaling_drift_alpha_0.050,I_XFY,family,60,60,1.0
gate3c_ood_wed_thu_webattacks,covariate_shift,scaling_drift_alpha_0.100,I_X,union,60,60,1.0
gate3c_ood_wed_thu_webattacks,covariate_shift,scaling_drift_alpha_0.100,I_X,family_v12,60,60,1.0
gate3c_ood_wed_thu_webattacks,covariate_shift,scaling_drift_alpha_0.100,I_X,family,60,60,1.0
gate3c_ood_wed_thu_webattacks,covariate_shift,scaling_drift_alpha_0.100,I_XF,union,60,60,1.0
gate3c_ood_wed_thu_webattacks,covariate_shift,scaling_drift_alpha_0.100,I_XF,family_v12,60,60,1.0
gate3c_ood_wed_thu_webattacks,covariate_shift,scaling_drift_alpha_0.100,I_XF,family,60,60,1.0
gate3c_ood_wed_thu_webattacks,covariate_shift,scaling_drift_alpha_0.100,I_Ym,union,60,0,0.0
gate3c_ood_wed_thu_webattacks,covariate_shift,scaling_drift_alpha_0.100,I_Ym,family_v12,60,0,0.0
gate3c_ood_wed_thu_webattacks,covariate_shift,scaling_drift_alpha_0.100,I_Ym,family,60,0,0.0
gate3c_ood_wed_thu_webattacks,covariate_shift,scaling_drift_alpha_0.100,I_XFY,union,60,60,1.0
gate3c_ood_wed_thu_webattacks,covariate_shift,scaling_drift_alpha_0.100,I_XFY,family_v12,60,60,1.0
gate3c_ood_wed_thu_webattacks,covariate_shift,scaling_drift_alpha_0.100,I_XFY,family,60,60,1.0
gate3c_ood_wed_thu_webattacks,pipeline,feature_dropout_p_0.020,I_X,union,60,0,0.0
gate3c_ood_wed_thu_webattacks,pipeline,feature_dropout_p_0.020,I_X,family_v12,60,0,0.0
gate3c_ood_wed_thu_webattacks,pipeline,feature_dropout_p_0.020,I_X,family,60,0,0.0
gate3c_ood_wed_thu_webattacks,pipeline,feature_dropout_p_0.020,I_XF,union,60,0,0.0
gate3c_ood_wed_thu_webattacks,pipeline,feature_dropout_p_0.020,I_XF,family_v12,60,0,0.0
gate3c_ood_wed_thu_webattacks,pipeline,feature_dropout_p_0.020,I_XF,family,60,0,0.0
gate3c_ood_wed_thu_webattacks,pipeline,feature_dropout_p_0.020,I_Ym,union,60,0,0.0
gate3c_ood_wed_thu_webattacks,pipeline,feature_dropout_p_0.020,I_Ym,family_v12,60,0,0.0
gate3c_ood_wed_thu_webattacks,pipeline,feature_dropout_p_0.020,I_Ym,family,60,0,0.0
gate3c_ood_wed_thu_webattacks,pipeline,feature_dropout_p_0.020,I_XFY,union,60,0,0.0
gate3c_ood_wed_thu_webattacks,pipeline,feature_dropout_p_0.020,I_XFY,family_v12,60,0,0.0
gate3c_ood_wed_thu_webattacks,pipeline,feature_dropout_p_0.020,I_XFY,family,60,0,0.0
gate3c_ood_wed_thu_webattacks,pipeline,feature_dropout_p_0.050,I_X,union,60,0,0.0
gate3c_ood_wed_thu_webattacks,pipeline,feature_dropout_p_0.050,I_X,family_v12,60,0,0.0
gate3c_ood_wed_thu_webattacks,pipeline,feature_dropout_p_0.050,I_X,family,60,0,0.0
gate3c_ood_wed_thu_webattacks,pipeline,feature_dropout_p_0.050,I_XF,union,60,11,0.18333333333333332
gate3c_ood_wed_thu_webattacks,pipeline,feature_dropout_p_0.050,I_XF,family_v12,60,7,0.11666666666666667
gate3c_ood_wed_thu_webattacks,pipeline,feature_dropout_p_0.050,I_XF,family,60,6,0.1
gate3c_ood_wed_thu_webattacks,pipeline,feature_dropout_p_0.050,I_Ym,union,60,0,0.0
gate3c_ood_wed_thu_webattacks,pipeline,feature_dropout_p_0.050,I_Ym,family_v12,60,0,0.0
gate3c_ood_wed_thu_webattacks,pipeline,feature_dropout_p_0.050,I_Ym,family,60,0,0.0
gate3c_ood_wed_thu_webattacks,pipeline,feature_dropout_p_0.050,I_XFY,union,60,11,0.18333333333333332
gate3c_ood_wed_thu_webattacks,pipeline,feature_dropout_p_0.050,I_XFY,family_v12,60,7,0.11666666666666667
gate3c_ood_wed_thu_webattacks,pipeline,feature_dropout_p_0.050,I_XFY,family,60,7,0.11666666666666667
gate3c_ood_wed_thu_webattacks,pipeline,feature_dropout_p_0.100,I_X,union,60,0,0.0
gate3c_ood_wed_thu_webattacks,pipeline,feature_dropout_p_0.100,I_X,family_v12,60,0,0.0
gate3c_ood_wed_thu_webattacks,pipeline,feature_dropout_p_0.100,I_X,family,60,0,0.0
gate3c_ood_wed_thu_webattacks,pipeline,feature_dropout_p_0.100,I_XF,union,60,23,0.38333333333333336
gate3c_ood_wed_thu_webattacks,pipeline,feature_dropout_p_0.100,I_XF,family_v12,60,14,0.23333333333333334
gate3c_ood_wed_thu_webattacks,pipeline,feature_dropout_p_0.100,I_XF,family,60,12,0.2
gate3c_ood_wed_thu_webattacks,pipeline,feature_dropout_p_0.100,I_Ym,union,60,0,0.0
gate3c_ood_wed_thu_webattacks,pipeline,feature_dropout_p_0.100,I_Ym,family_v12,60,0,0.0
gate3c_ood_wed_thu_webattacks,pipeline,feature_dropout_p_0.100,I_Ym,family,60,0,0.0
gate3c_ood_wed_thu_webattacks,pipeline,feature_dropout_p_0.100,I_XFY,union,60,23,0.38333333333333336
gate3c_ood_wed_thu_webattacks,pipeline,feature_dropout_p_0.100,I_XFY,family_v12,60,13,0.21666666666666667
gate3c_ood_wed_thu_webattacks,pipeline,feature_dropout_p_0.100,I_XFY,family,60,12,0.2
gate3c_ood_wed_thu_webattacks,target_shift,label_flip_prior_preserving_r_0.020,I_X,union,60,0,0.0
gate3c_ood_wed_thu_webattacks,target_shift,label_flip_prior_preserving_r_0.020,I_X,family_v12,60,0,0.0
gate3c_ood_wed_thu_webattacks,target_shift,label_flip_prior_preserving_r_0.020,I_X,family,60,0,0.0
gate3c_ood_wed_thu_webattacks,target_shift,label_flip_prior_preserving_r_0.020,I_XF,union,60,0,0.0
gate3c_ood_wed_thu_webattacks,target_shift,label_flip_prior_preserving_r_0.020,I_XF,family_v12,60,0,0.0
gate3c_ood_wed_thu_webattacks,target_shift,label_flip_prior_preserving_r_0.020,I_XF,family,60,0,0.0
gate3c_ood_wed_thu_webattacks,target_shift,label_flip_prior_preserving_r_0.020,I_Ym,union,60,0,0.0
gate3c_ood_wed_thu_webattacks,target_shift,label_flip_prior_preserving_r_0.020,I_Ym,family_v12,60,0,0.0
gate3c_ood_wed_thu_webattacks,target_shift,label_flip_prior_preserving_r_0.020,I_Ym,family,60,0,0.0
gate3c_ood_wed_thu_webattacks,target_shift,label_flip_prior_preserving_r_0.020,I_XFY,union,60,0,0.0
gate3c_ood_wed_thu_webattacks,target_shift,label_flip_prior_preserving_r_0.020,I_XFY,family_v12,60,0,0.0
gate3c_ood_wed_thu_webattacks,target_shift,label_flip_prior_preserving_r_0.020,I_XFY,family,60,0,0.0
gate3c_ood_wed_thu_webattacks,target_shift,label_flip_prior_preserving_r_0.050,I_X,union,60,0,0.0
gate3c_ood_wed_thu_webattacks,target_shift,label_flip_prior_preserving_r_0.050,I_X,family_v12,60,0,0.0
gate3c_ood_wed_thu_webattacks,target_shift,label_flip_prior_preserving_r_0.050,I_X,family,60,0,0.0
gate3c_ood_wed_thu_webattacks,target_shift,label_flip_prior_preserving_r_0.050,I_XF,union,60,0,0.0
gate3c_ood_wed_thu_webattacks,target_shift,label_flip_prior_preserving_r_0.050,I_XF,family_v12,60,0,0.0
gate3c_ood_wed_thu_webattacks,target_shift,label_flip_prior_preserving_r_0.050,I_XF,family,60,0,0.0
gate3c_ood_wed_thu_webattacks,target_shift,label_flip_prior_preserving_r_0.050,I_Ym,union,60,0,0.0
gate3c_ood_wed_thu_webattacks,target_shift,label_flip_prior_preserving_r_0.050,I_Ym,family_v12,60,0,0.0
gate3c_ood_wed_thu_webattacks,target_shift,label_flip_prior_preserving_r_0.050,I_Ym,family,60,0,0.0
gate3c_ood_wed_thu_webattacks,target_shift,label_flip_prior_preserving_r_0.050,I_XFY,union,60,1,0.016666666666666666
gate3c_ood_wed_thu_webattacks,target_shift,label_flip_prior_preserving_r_0.050,I_XFY,family_v12,60,0,0.0
gate3c_ood_wed_thu_webattacks,target_shift,label_flip_prior_preserving_r_0.050,I_XFY,family,60,0,0.0
gate3c_ood_wed_thu_webattacks,target_shift,label_flip_prior_preserving_r_0.100,I_X,union,60,0,0.0
gate3c_ood_wed_thu_webattacks,target_shift,label_flip_prior_preserving_r_0.100,I_X,family_v12,60,0,0.0
gate3c_ood_wed_thu_webattacks,target_shift,label_flip_prior_preserving_r_0.100,I_X,family,60,0,0.0
gate3c_ood_wed_thu_webattacks,target_shift,label_flip_prior_preserving_r_0.100,I_XF,union,60,0,0.0
gate3c_ood_wed_thu_webattacks,target_shift,label_flip_prior_preserving_r_0.100,I_XF,family_v12,60,0,0.0
gate3c_ood_wed_thu_webattacks,target_shift,label_flip_prior_preserving_r_0.100,I_XF,family,60,0,0.0
gate3c_ood_wed_thu_webattacks,target_shift,label_flip_prior_preserving_r_0.100,I_Ym,union,60,0,0.0
gate3c_ood_wed_thu_webattacks,target_shift,label_flip_prior_preserving_r_0.100,I_Ym,family_v12,60,0,0.0
gate3c_ood_wed_thu_webattacks,target_shift,label_flip_prior_preserving_r_0.100,I_Ym,family,60,0,0.0
gate3c_ood_wed_thu_webattacks,target_shift,label_flip_prior_preserving_r_0.100,I_XFY,union,60,1,0.016666666666666666
gate3c_ood_wed_thu_webattacks,target_shift,label_flip_prior_preserving_r_0.100,I_XFY,family_v12,60,0,0.0
gate3c_ood_wed_thu_webattacks,target_shift,label_flip_prior_preserving_r_0.100,I_XFY,family,60,0,0.0
gate3c_ood_wed_thu_webattacks,target_shift,label_flip_r_0.020,I_X,union,60,0,0.0
gate3c_ood_wed_thu_webattacks,target_shift,label_flip_r_0.020,I_X,family_v12,60,0,0.0
gate3c_ood_wed_thu_webattacks,target_shift,label_flip_r_0.020,I_X,family,60,0,0.0
gate3c_ood_wed_thu_webattacks,target_shift,label_flip_r_0.020,I_XF,union,60,0,0.0
gate3c_ood_wed_thu_webattacks,target_shift,label_flip_r_0.020,I_XF,family_v12,60,0,0.0
gate3c_ood_wed_thu_webattacks,target_shift,label_flip_r_0.020,I_XF,family,60,0,0.0
gate3c_ood_wed_thu_webattacks,target_shift,label_flip_r_0.020,I_Ym,union,60,0,0.0
gate3c_ood_wed_thu_webattacks,target_shift,label_flip_r_0.020,I_Ym,family_v12,60,0,0.0
gate3c_ood_wed_thu_webattacks,target_shift,label_flip_r_0.020,I_Ym,family,60,0,0.0
gate3c_ood_wed_thu_webattacks,target_shift,label_flip_r_0.020,I_XFY,union,60,0,0.0
gate3c_ood_wed_thu_webattacks,target_shift,label_flip_r_0.020,I_XFY,family_v12,60,0,0.0
gate3c_ood_wed_thu_webattacks,target_shift,label_flip_r_0.020,I_XFY,family,60,0,0.0
gate3c_ood_wed_thu_webattacks,target_shift,label_flip_r_0.050,I_X,union,60,0,0.0
gate3c_ood_wed_thu_webattacks,target_shift,label_flip_r_0.050,I_X,family_v12,60,0,0.0
gate3c_ood_wed_thu_webattacks,target_shift,label_flip_r_0.050,I_X,family,60,0,0.0
gate3c_ood_wed_thu_webattacks,target_shift,label_flip_r_0.050,I_XF,union,60,0,0.0
gate3c_ood_wed_thu_webattacks,target_shift,label_flip_r_0.050,I_XF,family_v12,60,0,0.0
gate3c_ood_wed_thu_webattacks,target_shift,label_flip_r_0.050,I_XF,family,60,0,0.0
gate3c_ood_wed_thu_webattacks,target_shift,label_flip_r_0.050,I_Ym,union,60,0,0.0
gate3c_ood_wed_thu_webattacks,target_shift,label_flip_r_0.050,I_Ym,family_v12,60,0,0.0
gate3c_ood_wed_thu_webattacks,target_shift,label_flip_r_0.050,I_Ym,family,60,0,0.0
gate3c_ood_wed_thu_webattacks,target_shift,label_flip_r_0.050,I_XFY,union,60,0,0.0
gate3c_ood_wed_thu_webattacks,target_shift,label_flip_r_0.050,I_XFY,family_v12,60,0,0.0
gate3c_ood_wed_thu_webattacks,target_shift,label_flip_r_0.050,I_XFY,family,60,0,0.0
gate3c_ood_wed_thu_webattacks,target_shift,label_flip_r_0.100,I_X,union,60,0,0.0
gate3c_ood_wed_thu_webattacks,target_shift,label_flip_r_0.100,I_X,family_v12,60,0,0.0
gate3c_ood_wed_thu_webattacks,target_shift,label_flip_r_0.100,I_X,family,60,0,0.0
gate3c_ood_wed_thu_webattacks,target_shift,label_flip_r_0.100,I_XF,union,60,0,0.0
gate3c_ood_wed_thu_webattacks,target_shift,label_flip_r_0.100,I_XF,family_v12,60,0,0.0
gate3c_ood_wed_thu_webattacks,target_shift,label_flip_r_0.100,I_XF,family,60,0,0.0
gate3c_ood_wed_thu_webattacks,target_shift,label_flip_r_0.100,I_Ym,union,60,0,0.0
gate3c_ood_wed_thu_webattacks,target_shift,label_flip_r_0.100,I_Ym,family_v12,60,0,0.0
gate3c_ood_wed_thu_webattacks,target_shift,label_flip_r_0.100,I_Ym,family,60,0,0.0
gate3c_ood_wed_thu_webattacks,target_shift,label_flip_r_0.100,I_XFY,union,60,0,0.0
gate3c_ood_wed_thu_webattacks,target_shift,label_flip_r_0.100,I_XFY,family_v12,60,0,0.0
gate3c_ood_wed_thu_webattacks,target_shift,label_flip_r_0.100,I_XFY,family,60,0,0.0
gate3d_ood_wed_fri_morning,corruption,feature_sign_flip_p_0.020,I_X,union,60,16,0.26666666666666666
gate3d_ood_wed_fri_morning,corruption,feature_sign_flip_p_0.020,I_X,family_v12,60,15,0.25
gate3d_ood_wed_fri_morning,corruption,feature_sign_flip_p_0.020,I_X,family,60,15,0.25
gate3d_ood_wed_fri_morning,corruption,feature_sign_flip_p_0.020,I_XF,union,60,33,0.55
gate3d_ood_wed_fri_morning,corruption,feature_sign_flip_p_0.020,I_XF,family_v12,60,31,0.5166666666666667
gate3d_ood_wed_fri_morning,corruption,feature_sign_flip_p_0.020,I_XF,family,60,31,0.5166666666666667
gate3d_ood_wed_fri_morning,corruption,feature_sign_flip_p_0.020,I_Ym,union,60,0,0.0
gate3d_ood_wed_fri_morning,corruption,feature_sign_flip_p_0.020,I_Ym,family_v12,60,0,0.0
gate3d_ood_wed_fri_morning,corruption,feature_sign_flip_p_0.020,I_Ym,family,60,0,0.0
gate3d_ood_wed_fri_morning,corruption,feature_sign_flip_p_0.020,I_XFY,union,60,33,0.55
gate3d_ood_wed_fri_morning,corruption,feature_sign_flip_p_0.020,I_XFY,family_v12,60,31,0.5166666666666667
gate3d_ood_wed_fri_morning,corruption,feature_sign_flip_p_0.020,I_XFY,family,60,26,0.43333333333333335
gate3d_ood_wed_fri_morning,corruption,feature_sign_flip_p_0.050,I_X,union,60,47,0.7833333333333333
gate3d_ood_wed_fri_morning,corruption,feature_sign_flip_p_0.050,I_X,family_v12,60,45,0.75
gate3d_ood_wed_fri_morning,corruption,feature_sign_flip_p_0.050,I_X,family,60,45,0.75
gate3d_ood_wed_fri_morning,corruption,feature_sign_flip_p_0.050,I_XF,union,60,54,0.9
gate3d_ood_wed_fri_morning,corruption,feature_sign_flip_p_0.050,I_XF,family_v12,60,52,0.8666666666666667
gate3d_ood_wed_fri_morning,corruption,feature_sign_flip_p_0.050,I_XF,family,60,47,0.7833333333333333
gate3d_ood_wed_fri_morning,corruption,feature_sign_flip_p_0.050,I_Ym,union,60,0,0.0
gate3d_ood_wed_fri_morning,corruption,feature_sign_flip_p_0.050,I_Ym,family_v12,60,0,0.0
gate3d_ood_wed_fri_morning,corruption,feature_sign_flip_p_0.050,I_Ym,family,60,0,0.0
gate3d_ood_wed_fri_morning,corruption,feature_sign_flip_p_0.050,I_XFY,union,60,54,0.9
gate3d_ood_wed_fri_morning,corruption,feature_sign_flip_p_0.050,I_XFY,family_v12,60,48,0.8
gate3d_ood_wed_fri_morning,corruption,feature_sign_flip_p_0.050,I_XFY,family,60,42,0.7
gate3d_ood_wed_fri_morning,corruption,feature_sign_flip_p_0.100,I_X,union,60,60,1.0
gate3d_ood_wed_fri_morning,corruption,feature_sign_flip_p_0.100,I_X,family_v12,60,57,0.95
gate3d_ood_wed_fri_morning,corruption,feature_sign_flip_p_0.100,I_X,family,60,55,0.9166666666666666
gate3d_ood_wed_fri_morning,corruption,feature_sign_flip_p_0.100,I_XF,union,60,60,1.0
gate3d_ood_wed_fri_morning,corruption,feature_sign_flip_p_0.100,I_XF,family_v12,60,60,1.0
gate3d_ood_wed_fri_morning,corruption,feature_sign_flip_p_0.100,I_XF,family,60,59,0.9833333333333333
gate3d_ood_wed_fri_morning,corruption,feature_sign_flip_p_0.100,I_Ym,union,60,0,0.0
gate3d_ood_wed_fri_morning,corruption,feature_sign_flip_p_0.100,I_Ym,family_v12,60,0,0.0
gate3d_ood_wed_fri_morning,corruption,feature_sign_flip_p_0.100,I_Ym,family,60,0,0.0
gate3d_ood_wed_fri_morning,corruption,feature_sign_flip_p_0.100,I_XFY,union,60,60,1.0
gate3d_ood_wed_fri_morning,corruption,feature_sign_flip_p_0.100,I_XFY,family_v12,60,59,0.9833333333333333
gate3d_ood_wed_fri_morning,corruption,feature_sign_flip_p_0.100,I_XFY,family,60,59,0.9833333333333333
gate3d_ood_wed_fri_morning,covariate_shift,mean_shift_pf_delta_0.020,I_X,union,60,60,1.0
gate3d_ood_wed_fri_morning,covariate_shift,mean_shift_pf_delta_0.020,I_X,family_v12,60,60,1.0
gate3d_ood_wed_fri_morning,covariate_shift,mean_shift_pf_delta_0.020,I_X,family,60,60,1.0
gate3d_ood_wed_fri_morning,covariate_shift,mean_shift_pf_delta_0.020,I_XF,union,60,60,1.0
gate3d_ood_wed_fri_morning,covariate_shift,mean_shift_pf_delta_0.020,I_XF,family_v12,60,60,1.0
gate3d_ood_wed_fri_morning,covariate_shift,mean_shift_pf_delta_0.020,I_XF,family,60,60,1.0
gate3d_ood_wed_fri_morning,covariate_shift,mean_shift_pf_delta_0.020,I_Ym,union,60,0,0.0
gate3d_ood_wed_fri_morning,covariate_shift,mean_shift_pf_delta_0.020,I_Ym,family_v12,60,0,0.0
gate3d_ood_wed_fri_morning,covariate_shift,mean_shift_pf_delta_0.020,I_Ym,family,60,0,0.0
gate3d_ood_wed_fri_morning,covariate_shift,mean_shift_pf_delta_0.020,I_XFY,union,60,60,1.0
gate3d_ood_wed_fri_morning,covariate_shift,mean_shift_pf_delta_0.020,I_XFY,family_v12,60,60,1.0
gate3d_ood_wed_fri_morning,covariate_shift,mean_shift_pf_delta_0.020,I_XFY,family,60,60,1.0
gate3d_ood_wed_fri_morning,covariate_shift,mean_shift_pf_delta_0.050,I_X,union,60,60,1.0
gate3d_ood_wed_fri_morning,covariate_shift,mean_shift_pf_delta_0.050,I_X,family_v12,60,60,1.0
gate3d_ood_wed_fri_morning,covariate_shift,mean_shift_pf_delta_0.050,I_X,family,60,60,1.0
gate3d_ood_wed_fri_morning,covariate_shift,mean_shift_pf_delta_0.050,I_XF,union,60,60,1.0
gate3d_ood_wed_fri_morning,covariate_shift,mean_shift_pf_delta_0.050,I_XF,family_v12,60,60,1.0
gate3d_ood_wed_fri_morning,covariate_shift,mean_shift_pf_delta_0.050,I_XF,family,60,60,1.0
gate3d_ood_wed_fri_morning,covariate_shift,mean_shift_pf_delta_0.050,I_Ym,union,60,0,0.0
gate3d_ood_wed_fri_morning,covariate_shift,mean_shift_pf_delta_0.050,I_Ym,family_v12,60,0,0.0
gate3d_ood_wed_fri_morning,covariate_shift,mean_shift_pf_delta_0.050,I_Ym,family,60,0,0.0
gate3d_ood_wed_fri_morning,covariate_shift,mean_shift_pf_delta_0.050,I_XFY,union,60,60,1.0
gate3d_ood_wed_fri_morning,covariate_shift,mean_shift_pf_delta_0.050,I_XFY,family_v12,60,60,1.0
gate3d_ood_wed_fri_morning,covariate_shift,mean_shift_pf_delta_0.050,I_XFY,family,60,60,1.0
gate3d_ood_wed_fri_morning,covariate_shift,mean_shift_pf_delta_0.100,I_X,union,60,60,1.0
gate3d_ood_wed_fri_morning,covariate_shift,mean_shift_pf_delta_0.100,I_X,family_v12,60,60,1.0
gate3d_ood_wed_fri_morning,covariate_shift,mean_shift_pf_delta_0.100,I_X,family,60,60,1.0
gate3d_ood_wed_fri_morning,covariate_shift,mean_shift_pf_delta_0.100,I_XF,union,60,60,1.0
gate3d_ood_wed_fri_morning,covariate_shift,mean_shift_pf_delta_0.100,I_XF,family_v12,60,60,1.0
gate3d_ood_wed_fri_morning,covariate_shift,mean_shift_pf_delta_0.100,I_XF,family,60,60,1.0
gate3d_ood_wed_fri_morning,covariate_shift,mean_shift_pf_delta_0.100,I_Ym,union,60,0,0.0
gate3d_ood_wed_fri_morning,covariate_shift,mean_shift_pf_delta_0.100,I_Ym,family_v12,60,0,0.0
gate3d_ood_wed_fri_morning,covariate_shift,mean_shift_pf_delta_0.100,I_Ym,family,60,0,0.0
gate3d_ood_wed_fri_morning,covariate_shift,mean_shift_pf_delta_0.100,I_XFY,union,60,60,1.0
gate3d_ood_wed_fri_morning,covariate_shift,mean_shift_pf_delta_0.100,I_XFY,family_v12,60,60,1.0
gate3d_ood_wed_fri_morning,covariate_shift,mean_shift_pf_delta_0.100,I_XFY,family,60,60,1.0
gate3d_ood_wed_fri_morning,covariate_shift,scaling_drift_alpha_0.020,I_X,union,60,60,1.0
gate3d_ood_wed_fri_morning,covariate_shift,scaling_drift_alpha_0.020,I_X,family_v12,60,60,1.0
gate3d_ood_wed_fri_morning,covariate_shift,scaling_drift_alpha_0.020,I_X,family,60,60,1.0
gate3d_ood_wed_fri_morning,covariate_shift,scaling_drift_alpha_0.020,I_XF,union,60,60,1.0
gate3d_ood_wed_fri_morning,covariate_shift,scaling_drift_alpha_0.020,I_XF,family_v12,60,60,1.0
gate3d_ood_wed_fri_morning,covariate_shift,scaling_drift_alpha_0.020,I_XF,family,60,60,1.0
gate3d_ood_wed_fri_morning,covariate_shift,scaling_drift_alpha_0.020,I_Ym,union,60,0,0.0
gate3d_ood_wed_fri_morning,covariate_shift,scaling_drift_alpha_0.020,I_Ym,family_v12,60,0,0.0
gate3d_ood_wed_fri_morning,covariate_shift,scaling_drift_alpha_0.020,I_Ym,family,60,0,0.0
gate3d_ood_wed_fri_morning,covariate_shift,scaling_drift_alpha_0.020,I_XFY,union,60,60,1.0
gate3d_ood_wed_fri_morning,covariate_shift,scaling_drift_alpha_0.020,I_XFY,family_v12,60,60,1.0
gate3d_ood_wed_fri_morning,covariate_shift,scaling_drift_alpha_0.020,I_XFY,family,60,60,1.0
gate3d_ood_wed_fri_morning,covariate_shift,scaling_drift_alpha_0.050,I_X,union,60,60,1.0
gate3d_ood_wed_fri_morning,covariate_shift,scaling_drift_alpha_0.050,I_X,family_v12,60,60,1.0
gate3d_ood_wed_fri_morning,covariate_shift,scaling_drift_alpha_0.050,I_X,family,60,60,1.0
gate3d_ood_wed_fri_morning,covariate_shift,scaling_drift_alpha_0.050,I_XF,union,60,60,1.0
gate3d_ood_wed_fri_morning,covariate_shift,scaling_drift_alpha_0.050,I_XF,family_v12,60,60,1.0
gate3d_ood_wed_fri_morning,covariate_shift,scaling_drift_alpha_0.050,I_XF,family,60,60,1.0
gate3d_ood_wed_fri_morning,covariate_shift,scaling_drift_alpha_0.050,I_Ym,union,60,0,0.0
gate3d_ood_wed_fri_morning,covariate_shift,scaling_drift_alpha_0.050,I_Ym,family_v12,60,0,0.0
gate3d_ood_wed_fri_morning,covariate_shift,scaling_drift_alpha_0.050,I_Ym,family,60,0,0.0
gate3d_ood_wed_fri_morning,covariate_shift,scaling_drift_alpha_0.050,I_XFY,union,60,60,1.0
gate3d_ood_wed_fri_morning,covariate_shift,scaling_drift_alpha_0.050,I_XFY,family_v12,60,60,1.0
gate3d_ood_wed_fri_morning,covariate_shift,scaling_drift_alpha_0.050,I_XFY,family,60,60,1.0
gate3d_ood_wed_fri_morning,covariate_shift,scaling_drift_alpha_0.100,I_X,union,60,60,1.0
gate3d_ood_wed_fri_morning,covariate_shift,scaling_drift_alpha_0.100,I_X,family_v12,60,60,1.0
gate3d_ood_wed_fri_morning,covariate_shift,scaling_drift_alpha_0.100,I_X,family,60,60,1.0
gate3d_ood_wed_fri_morning,covariate_shift,scaling_drift_alpha_0.100,I_XF,union,60,60,1.0
gate3d_ood_wed_fri_morning,covariate_shift,scaling_drift_alpha_0.100,I_XF,family_v12,60,60,1.0
gate3d_ood_wed_fri_morning,covariate_shift,scaling_drift_alpha_0.100,I_XF,family,60,60,1.0
gate3d_ood_wed_fri_morning,covariate_shift,scaling_drift_alpha_0.100,I_Ym,union,60,0,0.0
gate3d_ood_wed_fri_morning,covariate_shift,scaling_drift_alpha_0.100,I_Ym,family_v12,60,0,0.0
gate3d_ood_wed_fri_morning,covariate_shift,scaling_drift_alpha_0.100,I_Ym,family,60,0,0.0
gate3d_ood_wed_fri_morning,covariate_shift,scaling_drift_alpha_0.100,I_XFY,union,60,60,1.0
gate3d_ood_wed_fri_morning,covariate_shift,scaling_drift_alpha_0.100,I_XFY,family_v12,60,60,1.0
gate3d_ood_wed_fri_morning,covariate_shift,scaling_drift_alpha_0.100,I_XFY,family,60,60,1.0
gate3d_ood_wed_fri_morning,pipeline,feature_dropout_p_0.020,I_X,union,60,0,0.0
gate3d_ood_wed_fri_morning,pipeline,feature_dropout_p_0.020,I_X,family_v12,60,0,0.0
gate3d_ood_wed_fri_morning,pipeline,feature_dropout_p_0.020,I_X,family,60,0,0.0
gate3d_ood_wed_fri_morning,pipeline,feature_dropout_p_0.020,I_XF,union,60,0,0.0
gate3d_ood_wed_fri_morning,pipeline,feature_dropout_p_0.020,I_XF,family_v12,60,0,0.0
gate3d_ood_wed_fri_morning,pipeline,feature_dropout_p_0.020,I_XF,family,60,0,0.0
gate3d_ood_wed_fri_morning,pipeline,feature_dropout_p_0.020,I_Ym,union,60,0,0.0
gate3d_ood_wed_fri_morning,pipeline,feature_dropout_p_0.020,I_Ym,family_v12,60,0,0.0
gate3d_ood_wed_fri_morning,pipeline,feature_dropout_p_0.020,I_Ym,family,60,0,0.0
gate3d_ood_wed_fri_morning,pipeline,feature_dropout_p_0.020,I_XFY,union,60,0,0.0
gate3d_ood_wed_fri_morning,pipeline,feature_dropout_p_0.020,I_XFY,family_v12,60,0,0.0
gate3d_ood_wed_fri_morning,pipeline,feature_dropout_p_0.020,I_XFY,family,60,0,0.0
gate3d_ood_wed_fri_morning,pipeline,feature_dropout_p_0.050,I_X,union,60,0,0.0
gate3d_ood_wed_fri_morning,pipeline,feature_dropout_p_0.050,I_X,family_v12,60,0,0.0
gate3d_ood_wed_fri_morning,pipeline,feature_dropout_p_0.050,I_X,family,60,0,0.0
gate3d_ood_wed_fri_morning,pipeline,feature_dropout_p_0.050,I_XF,union,60,0,0.0
gate3d_ood_wed_fri_morning,pipeline,feature_dropout_p_0.050,I_XF,family_v12,60,0,0.0
gate3d_ood_wed_fri_morning,pipeline,feature_dropout_p_0.050,I_XF,family,60,0,0.0
gate3d_ood_wed_fri_morning,pipeline,feature_dropout_p_0.050,I_Ym,union,60,0,0.0
gate3d_ood_wed_fri_morning,pipeline,feature_dropout_p_0.050,I_Ym,family_v12,60,0,0.0
gate3d_ood_wed_fri_morning,pipeline,feature_dropout_p_0.050,I_Ym,family,60,0,0.0
gate3d_ood_wed_fri_morning,pipeline,feature_dropout_p_0.050,I_XFY,union,60,0,0.0
gate3d_ood_wed_fri_morning,pipeline,feature_dropout_p_0.050,I_XFY,family_v12,60,0,0.0
gate3d_ood_wed_fri_morning,pipeline,feature_dropout_p_0.050,I_XFY,family,60,0,0.0
gate3d_ood_wed_fri_morning,pipeline,feature_dropout_p_0.100,I_X,union,60,0,0.0
gate3d_ood_wed_fri_morning,pipeline,feature_dropout_p_0.100,I_X,family_v12,60,0,0.0
gate3d_ood_wed_fri_morning,pipeline,feature_dropout_p_0.100,I_X,family,60,0,0.0
gate3d_ood_wed_fri_morning,pipeline,feature_dropout_p_0.100,I_XF,union,60,0,0.0
gate3d_ood_wed_fri_morning,pipeline,feature_dropout_p_0.100,I_XF,family_v12,60,0,0.0
gate3d_ood_wed_fri_morning,pipeline,feature_dropout_p_0.100,I_XF,family,60,0,0.0
gate3d_ood_wed_fri_morning,pipeline,feature_dropout_p_0.100,I_Ym,union,60,0,0.0
gate3d_ood_wed_fri_morning,pipeline,feature_dropout_p_0.100,I_Ym,family_v12,60,0,0.0
gate3d_ood_wed_fri_morning,pipeline,feature_dropout_p_0.100,I_Ym,family,60,0,0.0
gate3d_ood_wed_fri_morning,pipeline,feature_dropout_p_0.100,I_XFY,union,60,0,0.0
gate3d_ood_wed_fri_morning,pipeline,feature_dropout_p_0.100,I_XFY,family_v12,60,0,0.0
gate3d_ood_wed_fri_morning,pipeline,feature_dropout_p_0.100,I_XFY,family,60,0,0.0
gate3d_ood_wed_fri_morning,target_shift,label_flip_prior_preserving_r_0.020,I_X,union,60,0,0.0
gate3d_ood_wed_fri_morning,target_shift,label_flip_prior_preserving_r_0.020,I_X,family_v12,60,0,0.0
gate3d_ood_wed_fri_morning,target_shift,label_flip_prior_preserving_r_0.020,I_X,family,60,0,0.0
gate3d_ood_wed_fri_morning,target_shift,label_flip_prior_preserving_r_0.020,I_XF,union,60,0,0.0
gate3d_ood_wed_fri_morning,target_shift,label_flip_prior_preserving_r_0.020,I_XF,family_v12,60,0,0.0
gate3d_ood_wed_fri_morning,target_shift,label_flip_prior_preserving_r_0.020,I_XF,family,60,0,0.0
gate3d_ood_wed_fri_morning,target_shift,label_flip_prior_preserving_r_0.020,I_Ym,union,60,0,0.0
gate3d_ood_wed_fri_morning,target_shift,label_flip_prior_preserving_r_0.020,I_Ym,family_v12,60,0,0.0
gate3d_ood_wed_fri_morning,target_shift,label_flip_prior_preserving_r_0.020,I_Ym,family,60,0,0.0
gate3d_ood_wed_fri_morning,target_shift,label_flip_prior_preserving_r_0.020,I_XFY,union,60,0,0.0
gate3d_ood_wed_fri_morning,target_shift,label_flip_prior_preserving_r_0.020,I_XFY,family_v12,60,0,0.0
gate3d_ood_wed_fri_morning,target_shift,label_flip_prior_preserving_r_0.020,I_XFY,family,60,0,0.0
gate3d_ood_wed_fri_morning,target_shift,label_flip_prior_preserving_r_0.050,I_X,union,60,0,0.0
gate3d_ood_wed_fri_morning,target_shift,label_flip_prior_preserving_r_0.050,I_X,family_v12,60,0,0.0
gate3d_ood_wed_fri_morning,target_shift,label_flip_prior_preserving_r_0.050,I_X,family,60,0,0.0
gate3d_ood_wed_fri_morning,target_shift,label_flip_prior_preserving_r_0.050,I_XF,union,60,0,0.0
gate3d_ood_wed_fri_morning,target_shift,label_flip_prior_preserving_r_0.050,I_XF,family_v12,60,0,0.0
gate3d_ood_wed_fri_morning,target_shift,label_flip_prior_preserving_r_0.050,I_XF,family,60,0,0.0
gate3d_ood_wed_fri_morning,target_shift,label_flip_prior_preserving_r_0.050,I_Ym,union,60,0,0.0
gate3d_ood_wed_fri_morning,target_shift,label_flip_prior_preserving_r_0.050,I_Ym,family_v12,60,0,0.0
gate3d_ood_wed_fri_morning,target_shift,label_flip_prior_preserving_r_0.050,I_Ym,family,60,0,0.0
gate3d_ood_wed_fri_morning,target_shift,label_flip_prior_preserving_r_0.050,I_XFY,union,60,0,0.0
gate3d_ood_wed_fri_morning,target_shift,label_flip_prior_preserving_r_0.050,I_XFY,family_v12,60,0,0.0
gate3d_ood_wed_fri_morning,target_shift,label_flip_prior_preserving_r_0.050,I_XFY,family,60,0,0.0
gate3d_ood_wed_fri_morning,target_shift,label_flip_prior_preserving_r_0.100,I_X,union,60,0,0.0
gate3d_ood_wed_fri_morning,target_shift,label_flip_prior_preserving_r_0.100,I_X,family_v12,60,0,0.0
gate3d_ood_wed_fri_morning,target_shift,label_flip_prior_preserving_r_0.100,I_X,family,60,0,0.0
gate3d_ood_wed_fri_morning,target_shift,label_flip_prior_preserving_r_0.100,I_XF,union,60,0,0.0
gate3d_ood_wed_fri_morning,target_shift,label_flip_prior_preserving_r_0.100,I_XF,family_v12,60,0,0.0
gate3d_ood_wed_fri_morning,target_shift,label_flip_prior_preserving_r_0.100,I_XF,family,60,0,0.0
gate3d_ood_wed_fri_morning,target_shift,label_flip_prior_preserving_r_0.100,I_Ym,union,60,0,0.0
gate3d_ood_wed_fri_morning,target_shift,label_flip_prior_preserving_r_0.100,I_Ym,family_v12,60,0,0.0
gate3d_ood_wed_fri_morning,target_shift,label_flip_prior_preserving_r_0.100,I_Ym,family,60,0,0.0
gate3d_ood_wed_fri_morning,target_shift,label_flip_prior_preserving_r_0.100,I_XFY,union,60,1,0.016666666666666666
gate3d_ood_wed_fri_morning,target_shift,label_flip_prior_preserving_r_0.100,I_XFY,family_v12,60,0,0.0
gate3d_ood_wed_fri_morning,target_shift,label_flip_prior_preserving_r_0.100,I_XFY,family,60,0,0.0
gate3d_ood_wed_fri_morning,target_shift,label_flip_r_0.020,I_X,union,60,0,0.0
gate3d_ood_wed_fri_morning,target_shift,label_flip_r_0.020,I_X,family_v12,60,0,0.0
gate3d_ood_wed_fri_morning,target_shift,label_flip_r_0.020,I_X,family,60,0,0.0
gate3d_ood_wed_fri_morning,target_shift,label_flip_r_0.020,I_XF,union,60,0,0.0
gate3d_ood_wed_fri_morning,target_shift,label_flip_r_0.020,I_XF,family_v12,60,0,0.0
gate3d_ood_wed_fri_morning,target_shift,label_flip_r_0.020,I_XF,family,60,0,0.0
gate3d_ood_wed_fri_morning,target_shift,label_flip_r_0.020,I_Ym,union,60,0,0.0
gate3d_ood_wed_fri_morning,target_shift,label_flip_r_0.020,I_Ym,family_v12,60,0,0.0
gate3d_ood_wed_fri_morning,target_shift,label_flip_r_0.020,I_Ym,family,60,0,0.0
gate3d_ood_wed_fri_morning,target_shift,label_flip_r_0.020,I_XFY,union,60,0,0.0
gate3d_ood_wed_fri_morning,target_shift,label_flip_r_0.020,I_XFY,family_v12,60,0,0.0
gate3d_ood_wed_fri_morning,target_shift,label_flip_r_0.020,I_XFY,family,60,0,0.0
gate3d_ood_wed_fri_morning,target_shift,label_flip_r_0.050,I_X,union,60,0,0.0
gate3d_ood_wed_fri_morning,target_shift,label_flip_r_0.050,I_X,family_v12,60,0,0.0
gate3d_ood_wed_fri_morning,target_shift,label_flip_r_0.050,I_X,family,60,0,0.0
gate3d_ood_wed_fri_morning,target_shift,label_flip_r_0.050,I_XF,union,60,0,0.0
gate3d_ood_wed_fri_morning,target_shift,label_flip_r_0.050,I_XF,family_v12,60,0,0.0
gate3d_ood_wed_fri_morning,target_shift,label_flip_r_0.050,I_XF,family,60,0,0.0
gate3d_ood_wed_fri_morning,target_shift,label_flip_r_0.050,I_Ym,union,60,0,0.0
gate3d_ood_wed_fri_morning,target_shift,label_flip_r_0.050,I_Ym,family_v12,60,0,0.0
gate3d_ood_wed_fri_morning,target_shift,label_flip_r_0.050,I_Ym,family,60,0,0.0
gate3d_ood_wed_fri_morning,target_shift,label_flip_r_0.050,I_XFY,union,60,0,0.0
gate3d_ood_wed_fri_morning,target_shift,label_flip_r_0.050,I_XFY,family_v12,60,0,0.0
gate3d_ood_wed_fri_morning,target_shift,label_flip_r_0.050,I_XFY,family,60,0,0.0
gate3d_ood_wed_fri_morning,target_shift,label_flip_r_0.100,I_X,union,60,0,0.0
gate3d_ood_wed_fri_morning,target_shift,label_flip_r_0.100,I_X,family_v12,60,0,0.0
gate3d_ood_wed_fri_morning,target_shift,label_flip_r_0.100,I_X,family,60,0,0.0
gate3d_ood_wed_fri_morning,target_shift,label_flip_r_0.100,I_XF,union,60,0,0.0
gate3d_ood_wed_fri_morning,target_shift,label_flip_r_0.100,I_XF,family_v12,60,0,0.0
gate3d_ood_wed_fri_morning,target_shift,label_flip_r_0.100,I_XF,family,60,0,0.0
gate3d_ood_wed_fri_morning,target_shift,label_flip_r_0.100,I_Ym,union,60,0,0.0
gate3d_ood_wed_fri_morning,target_shift,label_flip_r_0.100,I_Ym,family_v12,60,0,0.0
gate3d_ood_wed_fri_morning,target_shift,label_flip_r_0.100,I_Ym,family,60,0,0.0
gate3d_ood_wed_fri_morning,target_shift,label_flip_r_0.100,I_XFY,union,60,0,0.0
gate3d_ood_wed_fri_morning,target_shift,label_flip_r_0.100,I_XFY,family_v12,60,0,0.0
gate3d_ood_wed_fri_morning,target_shift,label_flip_r_0.100,I_XFY,family,60,0,0.0
gate5a_id_unsw,corruption,feature_sign_flip_p_0.020,I_X,union,120,0,0.0
gate5a_id_unsw,corruption,feature_sign_flip_p_0.020,I_X,family_v12,120,0,0.0
gate5a_id_unsw,corruption,feature_sign_flip_p_0.020,I_X,family,120,0,0.0
gate5a_id_unsw,corruption,feature_sign_flip_p_0.020,I_XF,union,120,0,0.0
gate5a_id_unsw,corruption,feature_sign_flip_p_0.020,I_XF,family_v12,120,0,0.0
gate5a_id_unsw,corruption,feature_sign_flip_p_0.020,I_XF,family,120,0,0.0
gate5a_id_unsw,corruption,feature_sign_flip_p_0.020,I_Ym,union,120,0,0.0
gate5a_id_unsw,corruption,feature_sign_flip_p_0.020,I_Ym,family_v12,120,0,0.0
gate5a_id_unsw,corruption,feature_sign_flip_p_0.020,I_Ym,family,120,0,0.0
gate5a_id_unsw,corruption,feature_sign_flip_p_0.020,I_XFY,union,120,0,0.0
gate5a_id_unsw,corruption,feature_sign_flip_p_0.020,I_XFY,family_v12,120,0,0.0
gate5a_id_unsw,corruption,feature_sign_flip_p_0.020,I_XFY,family,120,0,0.0
gate5a_id_unsw,corruption,feature_sign_flip_p_0.050,I_X,union,120,48,0.4
gate5a_id_unsw,corruption,feature_sign_flip_p_0.050,I_X,family_v12,120,33,0.275
gate5a_id_unsw,corruption,feature_sign_flip_p_0.050,I_X,family,120,33,0.275
gate5a_id_unsw,corruption,feature_sign_flip_p_0.050,I_XF,union,120,65,0.5416666666666666
gate5a_id_unsw,corruption,feature_sign_flip_p_0.050,I_XF,family_v12,120,46,0.38333333333333336
gate5a_id_unsw,corruption,feature_sign_flip_p_0.050,I_XF,family,120,40,0.3333333333333333
gate5a_id_unsw,corruption,feature_sign_flip_p_0.050,I_Ym,union,120,0,0.0
gate5a_id_unsw,corruption,feature_sign_flip_p_0.050,I_Ym,family_v12,120,0,0.0
gate5a_id_unsw,corruption,feature_sign_flip_p_0.050,I_Ym,family,120,0,0.0
gate5a_id_unsw,corruption,feature_sign_flip_p_0.050,I_XFY,union,120,65,0.5416666666666666
gate5a_id_unsw,corruption,feature_sign_flip_p_0.050,I_XFY,family_v12,120,39,0.325
gate5a_id_unsw,corruption,feature_sign_flip_p_0.050,I_XFY,family,120,33,0.275
gate5a_id_unsw,corruption,feature_sign_flip_p_0.100,I_X,union,120,90,0.75
gate5a_id_unsw,corruption,feature_sign_flip_p_0.100,I_X,family_v12,120,90,0.75
gate5a_id_unsw,corruption,feature_sign_flip_p_0.100,I_X,family,120,90,0.75
gate5a_id_unsw,corruption,feature_sign_flip_p_0.100,I_XF,union,120,90,0.75
gate5a_id_unsw,corruption,feature_sign_flip_p_0.100,I_XF,family_v12,120,90,0.75
gate5a_id_unsw,corruption,feature_sign_flip_p_0.100,I_XF,family,120,87,0.725
gate5a_id_unsw,corruption,feature_sign_flip_p_0.100,I_Ym,union,120,0,0.0
gate5a_id_unsw,corruption,feature_sign_flip_p_0.100,I_Ym,family_v12,120,0,0.0
gate5a_id_unsw,corruption,feature_sign_flip_p_0.100,I_Ym,family,120,0,0.0
gate5a_id_unsw,corruption,feature_sign_flip_p_0.100,I_XFY,union,120,90,0.75
gate5a_id_unsw,corruption,feature_sign_flip_p_0.100,I_XFY,family_v12,120,87,0.725
gate5a_id_unsw,corruption,feature_sign_flip_p_0.100,I_XFY,family,120,86,0.7166666666666667
gate5a_id_unsw,covariate_shift,mean_shift_pf_delta_0.020,I_X,union,120,120,1.0
gate5a_id_unsw,covariate_shift,mean_shift_pf_delta_0.020,I_X,family_v12,120,120,1.0
gate5a_id_unsw,covariate_shift,mean_shift_pf_delta_0.020,I_X,family,120,120,1.0
gate5a_id_unsw,covariate_shift,mean_shift_pf_delta_0.020,I_XF,union,120,120,1.0
gate5a_id_unsw,covariate_shift,mean_shift_pf_delta_0.020,I_XF,family_v12,120,120,1.0
gate5a_id_unsw,covariate_shift,mean_shift_pf_delta_0.020,I_XF,family,120,120,1.0
gate5a_id_unsw,covariate_shift,mean_shift_pf_delta_0.020,I_Ym,union,120,0,0.0
gate5a_id_unsw,covariate_shift,mean_shift_pf_delta_0.020,I_Ym,family_v12,120,0,0.0
gate5a_id_unsw,covariate_shift,mean_shift_pf_delta_0.020,I_Ym,family,120,0,0.0
gate5a_id_unsw,covariate_shift,mean_shift_pf_delta_0.020,I_XFY,union,120,120,1.0
gate5a_id_unsw,covariate_shift,mean_shift_pf_delta_0.020,I_XFY,family_v12,120,120,1.0
gate5a_id_unsw,covariate_shift,mean_shift_pf_delta_0.020,I_XFY,family,120,120,1.0
gate5a_id_unsw,covariate_shift,mean_shift_pf_delta_0.050,I_X,union,120,120,1.0
gate5a_id_unsw,covariate_shift,mean_shift_pf_delta_0.050,I_X,family_v12,120,120,1.0
gate5a_id_unsw,covariate_shift,mean_shift_pf_delta_0.050,I_X,family,120,120,1.0
gate5a_id_unsw,covariate_shift,mean_shift_pf_delta_0.050,I_XF,union,120,120,1.0
gate5a_id_unsw,covariate_shift,mean_shift_pf_delta_0.050,I_XF,family_v12,120,120,1.0
gate5a_id_unsw,covariate_shift,mean_shift_pf_delta_0.050,I_XF,family,120,120,1.0
gate5a_id_unsw,covariate_shift,mean_shift_pf_delta_0.050,I_Ym,union,120,0,0.0
gate5a_id_unsw,covariate_shift,mean_shift_pf_delta_0.050,I_Ym,family_v12,120,0,0.0
gate5a_id_unsw,covariate_shift,mean_shift_pf_delta_0.050,I_Ym,family,120,0,0.0
gate5a_id_unsw,covariate_shift,mean_shift_pf_delta_0.050,I_XFY,union,120,120,1.0
gate5a_id_unsw,covariate_shift,mean_shift_pf_delta_0.050,I_XFY,family_v12,120,120,1.0
gate5a_id_unsw,covariate_shift,mean_shift_pf_delta_0.050,I_XFY,family,120,120,1.0
gate5a_id_unsw,covariate_shift,mean_shift_pf_delta_0.100,I_X,union,120,120,1.0
gate5a_id_unsw,covariate_shift,mean_shift_pf_delta_0.100,I_X,family_v12,120,120,1.0
gate5a_id_unsw,covariate_shift,mean_shift_pf_delta_0.100,I_X,family,120,120,1.0
gate5a_id_unsw,covariate_shift,mean_shift_pf_delta_0.100,I_XF,union,120,120,1.0
gate5a_id_unsw,covariate_shift,mean_shift_pf_delta_0.100,I_XF,family_v12,120,120,1.0
gate5a_id_unsw,covariate_shift,mean_shift_pf_delta_0.100,I_XF,family,120,120,1.0
gate5a_id_unsw,covariate_shift,mean_shift_pf_delta_0.100,I_Ym,union,120,0,0.0
gate5a_id_unsw,covariate_shift,mean_shift_pf_delta_0.100,I_Ym,family_v12,120,0,0.0
gate5a_id_unsw,covariate_shift,mean_shift_pf_delta_0.100,I_Ym,family,120,0,0.0
gate5a_id_unsw,covariate_shift,mean_shift_pf_delta_0.100,I_XFY,union,120,120,1.0
gate5a_id_unsw,covariate_shift,mean_shift_pf_delta_0.100,I_XFY,family_v12,120,120,1.0
gate5a_id_unsw,covariate_shift,mean_shift_pf_delta_0.100,I_XFY,family,120,120,1.0
gate5a_id_unsw,covariate_shift,scaling_drift_alpha_0.020,I_X,union,120,120,1.0
gate5a_id_unsw,covariate_shift,scaling_drift_alpha_0.020,I_X,family_v12,120,120,1.0
gate5a_id_unsw,covariate_shift,scaling_drift_alpha_0.020,I_X,family,120,120,1.0
gate5a_id_unsw,covariate_shift,scaling_drift_alpha_0.020,I_XF,union,120,120,1.0
gate5a_id_unsw,covariate_shift,scaling_drift_alpha_0.020,I_XF,family_v12,120,120,1.0
gate5a_id_unsw,covariate_shift,scaling_drift_alpha_0.020,I_XF,family,120,119,0.9916666666666667
gate5a_id_unsw,covariate_shift,scaling_drift_alpha_0.020,I_Ym,union,120,0,0.0
gate5a_id_unsw,covariate_shift,scaling_drift_alpha_0.020,I_Ym,family_v12,120,0,0.0
gate5a_id_unsw,covariate_shift,scaling_drift_alpha_0.020,I_Ym,family,120,0,0.0
gate5a_id_unsw,covariate_shift,scaling_drift_alpha_0.020,I_XFY,union,120,120,1.0
gate5a_id_unsw,covariate_shift,scaling_drift_alpha_0.020,I_XFY,family_v12,120,119,0.9916666666666667
gate5a_id_unsw,covariate_shift,scaling_drift_alpha_0.020,I_XFY,family,120,110,0.9166666666666666
gate5a_id_unsw,covariate_shift,scaling_drift_alpha_0.050,I_X,union,120,120,1.0
gate5a_id_unsw,covariate_shift,scaling_drift_alpha_0.050,I_X,family_v12,120,120,1.0
gate5a_id_unsw,covariate_shift,scaling_drift_alpha_0.050,I_X,family,120,120,1.0
gate5a_id_unsw,covariate_shift,scaling_drift_alpha_0.050,I_XF,union,120,120,1.0
gate5a_id_unsw,covariate_shift,scaling_drift_alpha_0.050,I_XF,family_v12,120,120,1.0
gate5a_id_unsw,covariate_shift,scaling_drift_alpha_0.050,I_XF,family,120,120,1.0
gate5a_id_unsw,covariate_shift,scaling_drift_alpha_0.050,I_Ym,union,120,0,0.0
gate5a_id_unsw,covariate_shift,scaling_drift_alpha_0.050,I_Ym,family_v12,120,0,0.0
gate5a_id_unsw,covariate_shift,scaling_drift_alpha_0.050,I_Ym,family,120,0,0.0
gate5a_id_unsw,covariate_shift,scaling_drift_alpha_0.050,I_XFY,union,120,120,1.0
gate5a_id_unsw,covariate_shift,scaling_drift_alpha_0.050,I_XFY,family_v12,120,120,1.0
gate5a_id_unsw,covariate_shift,scaling_drift_alpha_0.050,I_XFY,family,120,120,1.0
gate5a_id_unsw,covariate_shift,scaling_drift_alpha_0.100,I_X,union,120,120,1.0
gate5a_id_unsw,covariate_shift,scaling_drift_alpha_0.100,I_X,family_v12,120,120,1.0
gate5a_id_unsw,covariate_shift,scaling_drift_alpha_0.100,I_X,family,120,120,1.0
gate5a_id_unsw,covariate_shift,scaling_drift_alpha_0.100,I_XF,union,120,120,1.0
gate5a_id_unsw,covariate_shift,scaling_drift_alpha_0.100,I_XF,family_v12,120,120,1.0
gate5a_id_unsw,covariate_shift,scaling_drift_alpha_0.100,I_XF,family,120,120,1.0
gate5a_id_unsw,covariate_shift,scaling_drift_alpha_0.100,I_Ym,union,120,0,0.0
gate5a_id_unsw,covariate_shift,scaling_drift_alpha_0.100,I_Ym,family_v12,120,0,0.0
gate5a_id_unsw,covariate_shift,scaling_drift_alpha_0.100,I_Ym,family,120,0,0.0
gate5a_id_unsw,covariate_shift,scaling_drift_alpha_0.100,I_XFY,union,120,120,1.0
gate5a_id_unsw,covariate_shift,scaling_drift_alpha_0.100,I_XFY,family_v12,120,120,1.0
gate5a_id_unsw,covariate_shift,scaling_drift_alpha_0.100,I_XFY,family,120,120,1.0
gate5a_id_unsw,pipeline,feature_dropout_p_0.020,I_X,union,120,0,0.0
gate5a_id_unsw,pipeline,feature_dropout_p_0.020,I_X,family_v12,120,0,0.0
gate5a_id_unsw,pipeline,feature_dropout_p_0.020,I_X,family,120,0,0.0
gate5a_id_unsw,pipeline,feature_dropout_p_0.020,I_XF,union,120,0,0.0
gate5a_id_unsw,pipeline,feature_dropout_p_0.020,I_XF,family_v12,120,0,0.0
gate5a_id_unsw,pipeline,feature_dropout_p_0.020,I_XF,family,120,0,0.0
gate5a_id_unsw,pipeline,feature_dropout_p_0.020,I_Ym,union,120,0,0.0
gate5a_id_unsw,pipeline,feature_dropout_p_0.020,I_Ym,family_v12,120,0,0.0
gate5a_id_unsw,pipeline,feature_dropout_p_0.020,I_Ym,family,120,0,0.0
gate5a_id_unsw,pipeline,feature_dropout_p_0.020,I_XFY,union,120,0,0.0
gate5a_id_unsw,pipeline,feature_dropout_p_0.020,I_XFY,family_v12,120,0,0.0
gate5a_id_unsw,pipeline,feature_dropout_p_0.020,I_XFY,family,120,0,0.0
gate5a_id_unsw,pipeline,feature_dropout_p_0.050,I_X,union,120,0,0.0
gate5a_id_unsw,pipeline,feature_dropout_p_0.050,I_X,family_v12,120,0,0.0
gate5a_id_unsw,pipeline,feature_dropout_p_0.050,I_X,family,120,0,0.0
gate5a_id_unsw,pipeline,feature_dropout_p_0.050,I_XF,union,120,0,0.0
gate5a_id_unsw,pipeline,feature_dropout_p_0.050,I_XF,family_v12,120,0,0.0
gate5a_id_unsw,pipeline,feature_dropout_p_0.050,I_XF,family,120,0,0.0
gate5a_id_unsw,pipeline,feature_dropout_p_0.050,I_Ym,union,120,0,0.0
gate5a_id_unsw,pipeline,feature_dropout_p_0.050,I_Ym,family_v12,120,0,0.0
gate5a_id_unsw,pipeline,feature_dropout_p_0.050,I_Ym,family,120,0,0.0
gate5a_id_unsw,pipeline,feature_dropout_p_0.050,I_XFY,union,120,0,0.0
gate5a_id_unsw,pipeline,feature_dropout_p_0.050,I_XFY,family_v12,120,0,0.0
gate5a_id_unsw,pipeline,feature_dropout_p_0.050,I_XFY,family,120,0,0.0
gate5a_id_unsw,pipeline,feature_dropout_p_0.100,I_X,union,120,0,0.0
gate5a_id_unsw,pipeline,feature_dropout_p_0.100,I_X,family_v12,120,0,0.0
gate5a_id_unsw,pipeline,feature_dropout_p_0.100,I_X,family,120,0,0.0
gate5a_id_unsw,pipeline,feature_dropout_p_0.100,I_XF,union,120,1,0.008333333333333333
gate5a_id_unsw,pipeline,feature_dropout_p_0.100,I_XF,family_v12,120,0,0.0
gate5a_id_unsw,pipeline,feature_dropout_p_0.100,I_XF,family,120,0,0.0
gate5a_id_unsw,pipeline,feature_dropout_p_0.100,I_Ym,union,120,0,0.0
gate5a_id_unsw,pipeline,feature_dropout_p_0.100,I_Ym,family_v12,120,0,0.0
gate5a_id_unsw,pipeline,feature_dropout_p_0.100,I_Ym,family,120,0,0.0
gate5a_id_unsw,pipeline,feature_dropout_p_0.100,I_XFY,union,120,1,0.008333333333333333
gate5a_id_unsw,pipeline,feature_dropout_p_0.100,I_XFY,family_v12,120,0,0.0
gate5a_id_unsw,pipeline,feature_dropout_p_0.100,I_XFY,family,120,0,0.0
gate5a_id_unsw,target_shift,label_flip_prior_preserving_r_0.020,I_X,union,120,0,0.0
gate5a_id_unsw,target_shift,label_flip_prior_preserving_r_0.020,I_X,family_v12,120,0,0.0
gate5a_id_unsw,target_shift,label_flip_prior_preserving_r_0.020,I_X,family,120,0,0.0
gate5a_id_unsw,target_shift,label_flip_prior_preserving_r_0.020,I_XF,union,120,0,0.0
gate5a_id_unsw,target_shift,label_flip_prior_preserving_r_0.020,I_XF,family_v12,120,0,0.0
gate5a_id_unsw,target_shift,label_flip_prior_preserving_r_0.020,I_XF,family,120,0,0.0
gate5a_id_unsw,target_shift,label_flip_prior_preserving_r_0.020,I_Ym,union,120,0,0.0
gate5a_id_unsw,target_shift,label_flip_prior_preserving_r_0.020,I_Ym,family_v12,120,0,0.0
gate5a_id_unsw,target_shift,label_flip_prior_preserving_r_0.020,I_Ym,family,120,0,0.0
gate5a_id_unsw,target_shift,label_flip_prior_preserving_r_0.020,I_XFY,union,120,0,0.0
gate5a_id_unsw,target_shift,label_flip_prior_preserving_r_0.020,I_XFY,family_v12,120,0,0.0
gate5a_id_unsw,target_shift,label_flip_prior_preserving_r_0.020,I_XFY,family,120,0,0.0
gate5a_id_unsw,target_shift,label_flip_prior_preserving_r_0.050,I_X,union,120,0,0.0
gate5a_id_unsw,target_shift,label_flip_prior_preserving_r_0.050,I_X,family_v12,120,0,0.0
gate5a_id_unsw,target_shift,label_flip_prior_preserving_r_0.050,I_X,family,120,0,0.0
gate5a_id_unsw,target_shift,label_flip_prior_preserving_r_0.050,I_XF,union,120,0,0.0
gate5a_id_unsw,target_shift,label_flip_prior_preserving_r_0.050,I_XF,family_v12,120,0,0.0
gate5a_id_unsw,target_shift,label_flip_prior_preserving_r_0.050,I_XF,family,120,0,0.0
gate5a_id_unsw,target_shift,label_flip_prior_preserving_r_0.050,I_Ym,union,120,0,0.0
gate5a_id_unsw,target_shift,label_flip_prior_preserving_r_0.050,I_Ym,family_v12,120,0,0.0
gate5a_id_unsw,target_shift,label_flip_prior_preserving_r_0.050,I_Ym,family,120,0,0.0
gate5a_id_unsw,target_shift,label_flip_prior_preserving_r_0.050,I_XFY,union,120,0,0.0
gate5a_id_unsw,target_shift,label_flip_prior_preserving_r_0.050,I_XFY,family_v12,120,0,0.0
gate5a_id_unsw,target_shift,label_flip_prior_preserving_r_0.050,I_XFY,family,120,0,0.0
gate5a_id_unsw,target_shift,label_flip_prior_preserving_r_0.100,I_X,union,120,0,0.0
gate5a_id_unsw,target_shift,label_flip_prior_preserving_r_0.100,I_X,family_v12,120,0,0.0
gate5a_id_unsw,target_shift,label_flip_prior_preserving_r_0.100,I_X,family,120,0,0.0
gate5a_id_unsw,target_shift,label_flip_prior_preserving_r_0.100,I_XF,union,120,0,0.0
gate5a_id_unsw,target_shift,label_flip_prior_preserving_r_0.100,I_XF,family_v12,120,0,0.0
gate5a_id_unsw,target_shift,label_flip_prior_preserving_r_0.100,I_XF,family,120,0,0.0
gate5a_id_unsw,target_shift,label_flip_prior_preserving_r_0.100,I_Ym,union,120,0,0.0
gate5a_id_unsw,target_shift,label_flip_prior_preserving_r_0.100,I_Ym,family_v12,120,0,0.0
gate5a_id_unsw,target_shift,label_flip_prior_preserving_r_0.100,I_Ym,family,120,0,0.0
gate5a_id_unsw,target_shift,label_flip_prior_preserving_r_0.100,I_XFY,union,120,0,0.0
gate5a_id_unsw,target_shift,label_flip_prior_preserving_r_0.100,I_XFY,family_v12,120,0,0.0
gate5a_id_unsw,target_shift,label_flip_prior_preserving_r_0.100,I_XFY,family,120,0,0.0
gate5a_id_unsw,target_shift,label_flip_r_0.020,I_X,union,120,0,0.0
gate5a_id_unsw,target_shift,label_flip_r_0.020,I_X,family_v12,120,0,0.0
gate5a_id_unsw,target_shift,label_flip_r_0.020,I_X,family,120,0,0.0
gate5a_id_unsw,target_shift,label_flip_r_0.020,I_XF,union,120,0,0.0
gate5a_id_unsw,target_shift,label_flip_r_0.020,I_XF,family_v12,120,0,0.0
gate5a_id_unsw,target_shift,label_flip_r_0.020,I_XF,family,120,0,0.0
gate5a_id_unsw,target_shift,label_flip_r_0.020,I_Ym,union,120,0,0.0
gate5a_id_unsw,target_shift,label_flip_r_0.020,I_Ym,family_v12,120,0,0.0
gate5a_id_unsw,target_shift,label_flip_r_0.020,I_Ym,family,120,0,0.0
gate5a_id_unsw,target_shift,label_flip_r_0.020,I_XFY,union,120,0,0.0
gate5a_id_unsw,target_shift,label_flip_r_0.020,I_XFY,family_v12,120,0,0.0
gate5a_id_unsw,target_shift,label_flip_r_0.020,I_XFY,family,120,0,0.0
gate5a_id_unsw,target_shift,label_flip_r_0.050,I_X,union,120,0,0.0
gate5a_id_unsw,target_shift,label_flip_r_0.050,I_X,family_v12,120,0,0.0
gate5a_id_unsw,target_shift,label_flip_r_0.050,I_X,family,120,0,0.0
gate5a_id_unsw,target_shift,label_flip_r_0.050,I_XF,union,120,0,0.0
gate5a_id_unsw,target_shift,label_flip_r_0.050,I_XF,family_v12,120,0,0.0
gate5a_id_unsw,target_shift,label_flip_r_0.050,I_XF,family,120,0,0.0
gate5a_id_unsw,target_shift,label_flip_r_0.050,I_Ym,union,120,0,0.0
gate5a_id_unsw,target_shift,label_flip_r_0.050,I_Ym,family_v12,120,0,0.0
gate5a_id_unsw,target_shift,label_flip_r_0.050,I_Ym,family,120,0,0.0
gate5a_id_unsw,target_shift,label_flip_r_0.050,I_XFY,union,120,0,0.0
gate5a_id_unsw,target_shift,label_flip_r_0.050,I_XFY,family_v12,120,0,0.0
gate5a_id_unsw,target_shift,label_flip_r_0.050,I_XFY,family,120,0,0.0
gate5a_id_unsw,target_shift,label_flip_r_0.100,I_X,union,120,0,0.0
gate5a_id_unsw,target_shift,label_flip_r_0.100,I_X,family_v12,120,0,0.0
gate5a_id_unsw,target_shift,label_flip_r_0.100,I_X,family,120,0,0.0
gate5a_id_unsw,target_shift,label_flip_r_0.100,I_XF,union,120,0,0.0
gate5a_id_unsw,target_shift,label_flip_r_0.100,I_XF,family_v12,120,0,0.0
gate5a_id_unsw,target_shift,label_flip_r_0.100,I_XF,family,120,0,0.0
gate5a_id_unsw,target_shift,label_flip_r_0.100,I_Ym,union,120,0,0.0
gate5a_id_unsw,target_shift,label_flip_r_0.100,I_Ym,family_v12,120,0,0.0
gate5a_id_unsw,target_shift,label_flip_r_0.100,I_Ym,family,120,0,0.0
gate5a_id_unsw,target_shift,label_flip_r_0.100,I_XFY,union,120,0,0.0
gate5a_id_unsw,target_shift,label_flip_r_0.100,I_XFY,family_v12,120,0,0.0
gate5a_id_unsw,target_shift,label_flip_r_0.100,I_XFY,family,120,0,0.0
gate5b_id_ton_iot,corruption,feature_sign_flip_p_0.020,I_X,union,120,6,0.05
gate5b_id_ton_iot,corruption,feature_sign_flip_p_0.020,I_X,family_v12,120,0,0.0
gate5b_id_ton_iot,corruption,feature_sign_flip_p_0.020,I_X,family,120,0,0.0
gate5b_id_ton_iot,corruption,feature_sign_flip_p_0.020,I_XF,union,120,10,0.08333333333333333
gate5b_id_ton_iot,corruption,feature_sign_flip_p_0.020,I_XF,family_v12,120,1,0.008333333333333333
gate5b_id_ton_iot,corruption,feature_sign_flip_p_0.020,I_XF,family,120,0,0.0
gate5b_id_ton_iot,corruption,feature_sign_flip_p_0.020,I_Ym,union,120,0,0.0
gate5b_id_ton_iot,corruption,feature_sign_flip_p_0.020,I_Ym,family_v12,120,0,0.0
gate5b_id_ton_iot,corruption,feature_sign_flip_p_0.020,I_Ym,family,120,0,0.0
gate5b_id_ton_iot,corruption,feature_sign_flip_p_0.020,I_XFY,union,120,11,0.09166666666666666
gate5b_id_ton_iot,corruption,feature_sign_flip_p_0.020,I_XFY,family_v12,120,2,0.016666666666666666
gate5b_id_ton_iot,corruption,feature_sign_flip_p_0.020,I_XFY,family,120,1,0.008333333333333333
gate5b_id_ton_iot,corruption,feature_sign_flip_p_0.050,I_X,union,120,91,0.7583333333333333
gate5b_id_ton_iot,corruption,feature_sign_flip_p_0.050,I_X,family_v12,120,81,0.675
gate5b_id_ton_iot,corruption,feature_sign_flip_p_0.050,I_X,family,120,81,0.675
gate5b_id_ton_iot,corruption,feature_sign_flip_p_0.050,I_XF,union,120,93,0.775
gate5b_id_ton_iot,corruption,feature_sign_flip_p_0.050,I_XF,family_v12,120,85,0.7083333333333334
gate5b_id_ton_iot,corruption,feature_sign_flip_p_0.050,I_XF,family,120,82,0.6833333333333333
gate5b_id_ton_iot,corruption,feature_sign_flip_p_0.050,I_Ym,union,120,0,0.0
gate5b_id_ton_iot,corruption,feature_sign_flip_p_0.050,I_Ym,family_v12,120,0,0.0
gate5b_id_ton_iot,corruption,feature_sign_flip_p_0.050,I_Ym,family,120,0,0.0
gate5b_id_ton_iot,corruption,feature_sign_flip_p_0.050,I_XFY,union,120,93,0.775
gate5b_id_ton_iot,corruption,feature_sign_flip_p_0.050,I_XFY,family_v12,120,84,0.7
gate5b_id_ton_iot,corruption,feature_sign_flip_p_0.050,I_XFY,family,120,69,0.575
gate5b_id_ton_iot,corruption,feature_sign_flip_p_0.100,I_X,union,120,98,0.8166666666666667
gate5b_id_ton_iot,corruption,feature_sign_flip_p_0.100,I_X,family_v12,120,93,0.775
gate5b_id_ton_iot,corruption,feature_sign_flip_p_0.100,I_X,family,120,93,0.775
gate5b_id_ton_iot,corruption,feature_sign_flip_p_0.100,I_XF,union,120,116,0.9666666666666667
gate5b_id_ton_iot,corruption,feature_sign_flip_p_0.100,I_XF,family_v12,120,113,0.9416666666666667
gate5b_id_ton_iot,corruption,feature_sign_flip_p_0.100,I_XF,family,120,113,0.9416666666666667
gate5b_id_ton_iot,corruption,feature_sign_flip_p_0.100,I_Ym,union,120,0,0.0
gate5b_id_ton_iot,corruption,feature_sign_flip_p_0.100,I_Ym,family_v12,120,0,0.0
gate5b_id_ton_iot,corruption,feature_sign_flip_p_0.100,I_Ym,family,120,0,0.0
gate5b_id_ton_iot,corruption,feature_sign_flip_p_0.100,I_XFY,union,120,116,0.9666666666666667
gate5b_id_ton_iot,corruption,feature_sign_flip_p_0.100,I_XFY,family_v12,120,113,0.9416666666666667
gate5b_id_ton_iot,corruption,feature_sign_flip_p_0.100,I_XFY,family,120,109,0.9083333333333333
gate5b_id_ton_iot,covariate_shift,mean_shift_pf_delta_0.020,I_X,union,120,120,1.0
gate5b_id_ton_iot,covariate_shift,mean_shift_pf_delta_0.020,I_X,family_v12,120,120,1.0
gate5b_id_ton_iot,covariate_shift,mean_shift_pf_delta_0.020,I_X,family,120,120,1.0
gate5b_id_ton_iot,covariate_shift,mean_shift_pf_delta_0.020,I_XF,union,120,120,1.0
gate5b_id_ton_iot,covariate_shift,mean_shift_pf_delta_0.020,I_XF,family_v12,120,120,1.0
gate5b_id_ton_iot,covariate_shift,mean_shift_pf_delta_0.020,I_XF,family,120,120,1.0
gate5b_id_ton_iot,covariate_shift,mean_shift_pf_delta_0.020,I_Ym,union,120,0,0.0
gate5b_id_ton_iot,covariate_shift,mean_shift_pf_delta_0.020,I_Ym,family_v12,120,0,0.0
gate5b_id_ton_iot,covariate_shift,mean_shift_pf_delta_0.020,I_Ym,family,120,0,0.0
gate5b_id_ton_iot,covariate_shift,mean_shift_pf_delta_0.020,I_XFY,union,120,120,1.0
gate5b_id_ton_iot,covariate_shift,mean_shift_pf_delta_0.020,I_XFY,family_v12,120,120,1.0
gate5b_id_ton_iot,covariate_shift,mean_shift_pf_delta_0.020,I_XFY,family,120,120,1.0
gate5b_id_ton_iot,covariate_shift,mean_shift_pf_delta_0.050,I_X,union,120,120,1.0
gate5b_id_ton_iot,covariate_shift,mean_shift_pf_delta_0.050,I_X,family_v12,120,120,1.0
gate5b_id_ton_iot,covariate_shift,mean_shift_pf_delta_0.050,I_X,family,120,120,1.0
gate5b_id_ton_iot,covariate_shift,mean_shift_pf_delta_0.050,I_XF,union,120,120,1.0
gate5b_id_ton_iot,covariate_shift,mean_shift_pf_delta_0.050,I_XF,family_v12,120,120,1.0
gate5b_id_ton_iot,covariate_shift,mean_shift_pf_delta_0.050,I_XF,family,120,120,1.0
gate5b_id_ton_iot,covariate_shift,mean_shift_pf_delta_0.050,I_Ym,union,120,0,0.0
gate5b_id_ton_iot,covariate_shift,mean_shift_pf_delta_0.050,I_Ym,family_v12,120,0,0.0
gate5b_id_ton_iot,covariate_shift,mean_shift_pf_delta_0.050,I_Ym,family,120,0,0.0
gate5b_id_ton_iot,covariate_shift,mean_shift_pf_delta_0.050,I_XFY,union,120,120,1.0
gate5b_id_ton_iot,covariate_shift,mean_shift_pf_delta_0.050,I_XFY,family_v12,120,120,1.0
gate5b_id_ton_iot,covariate_shift,mean_shift_pf_delta_0.050,I_XFY,family,120,120,1.0
gate5b_id_ton_iot,covariate_shift,mean_shift_pf_delta_0.100,I_X,union,120,120,1.0
gate5b_id_ton_iot,covariate_shift,mean_shift_pf_delta_0.100,I_X,family_v12,120,120,1.0
gate5b_id_ton_iot,covariate_shift,mean_shift_pf_delta_0.100,I_X,family,120,120,1.0
gate5b_id_ton_iot,covariate_shift,mean_shift_pf_delta_0.100,I_XF,union,120,120,1.0
gate5b_id_ton_iot,covariate_shift,mean_shift_pf_delta_0.100,I_XF,family_v12,120,120,1.0
gate5b_id_ton_iot,covariate_shift,mean_shift_pf_delta_0.100,I_XF,family,120,120,1.0
gate5b_id_ton_iot,covariate_shift,mean_shift_pf_delta_0.100,I_Ym,union,120,0,0.0
gate5b_id_ton_iot,covariate_shift,mean_shift_pf_delta_0.100,I_Ym,family_v12,120,0,0.0
gate5b_id_ton_iot,covariate_shift,mean_shift_pf_delta_0.100,I_Ym,family,120,0,0.0
gate5b_id_ton_iot,covariate_shift,mean_shift_pf_delta_0.100,I_XFY,union,120,120,1.0
gate5b_id_ton_iot,covariate_shift,mean_shift_pf_delta_0.100,I_XFY,family_v12,120,120,1.0
gate5b_id_ton_iot,covariate_shift,mean_shift_pf_delta_0.100,I_XFY,family,120,120,1.0
gate5b_id_ton_iot,covariate_shift,scaling_drift_alpha_0.020,I_X,union,120,120,1.0
gate5b_id_ton_iot,covariate_shift,scaling_drift_alpha_0.020,I_X,family_v12,120,120,1.0
gate5b_id_ton_iot,covariate_shift,scaling_drift_alpha_0.020,I_X,family,120,120,1.0
gate5b_id_ton_iot,covariate_shift,scaling_drift_alpha_0.020,I_XF,union,120,120,1.0
gate5b_id_ton_iot,covariate_shift,scaling_drift_alpha_0.020,I_XF,family_v12,120,120,1.0
gate5b_id_ton_iot,covariate_shift,scaling_drift_alpha_0.020,I_XF,family,120,120,1.0
gate5b_id_ton_iot,covariate_shift,scaling_drift_alpha_0.020,I_Ym,union,120,0,0.0
gate5b_id_ton_iot,covariate_shift,scaling_drift_alpha_0.020,I_Ym,family_v12,120,0,0.0
gate5b_id_ton_iot,covariate_shift,scaling_drift_alpha_0.020,I_Ym,family,120,0,0.0
gate5b_id_ton_iot,covariate_shift,scaling_drift_alpha_0.020,I_XFY,union,120,120,1.0
gate5b_id_ton_iot,covariate_shift,scaling_drift_alpha_0.020,I_XFY,family_v12,120,120,1.0
gate5b_id_ton_iot,covariate_shift,scaling_drift_alpha_0.020,I_XFY,family,120,120,1.0
gate5b_id_ton_iot,covariate_shift,scaling_drift_alpha_0.050,I_X,union,120,120,1.0
gate5b_id_ton_iot,covariate_shift,scaling_drift_alpha_0.050,I_X,family_v12,120,120,1.0
gate5b_id_ton_iot,covariate_shift,scaling_drift_alpha_0.050,I_X,family,120,120,1.0
gate5b_id_ton_iot,covariate_shift,scaling_drift_alpha_0.050,I_XF,union,120,120,1.0
gate5b_id_ton_iot,covariate_shift,scaling_drift_alpha_0.050,I_XF,family_v12,120,120,1.0
gate5b_id_ton_iot,covariate_shift,scaling_drift_alpha_0.050,I_XF,family,120,120,1.0
gate5b_id_ton_iot,covariate_shift,scaling_drift_alpha_0.050,I_Ym,union,120,0,0.0
gate5b_id_ton_iot,covariate_shift,scaling_drift_alpha_0.050,I_Ym,family_v12,120,0,0.0
gate5b_id_ton_iot,covariate_shift,scaling_drift_alpha_0.050,I_Ym,family,120,0,0.0
gate5b_id_ton_iot,covariate_shift,scaling_drift_alpha_0.050,I_XFY,union,120,120,1.0
gate5b_id_ton_iot,covariate_shift,scaling_drift_alpha_0.050,I_XFY,family_v12,120,120,1.0
gate5b_id_ton_iot,covariate_shift,scaling_drift_alpha_0.050,I_XFY,family,120,120,1.0
gate5b_id_ton_iot,covariate_shift,scaling_drift_alpha_0.100,I_X,union,120,120,1.0
gate5b_id_ton_iot,covariate_shift,scaling_drift_alpha_0.100,I_X,family_v12,120,120,1.0
gate5b_id_ton_iot,covariate_shift,scaling_drift_alpha_0.100,I_X,family,120,120,1.0
gate5b_id_ton_iot,covariate_shift,scaling_drift_alpha_0.100,I_XF,union,120,120,1.0
gate5b_id_ton_iot,covariate_shift,scaling_drift_alpha_0.100,I_XF,family_v12,120,120,1.0
gate5b_id_ton_iot,covariate_shift,scaling_drift_alpha_0.100,I_XF,family,120,120,1.0
gate5b_id_ton_iot,covariate_shift,scaling_drift_alpha_0.100,I_Ym,union,120,0,0.0
gate5b_id_ton_iot,covariate_shift,scaling_drift_alpha_0.100,I_Ym,family_v12,120,0,0.0
gate5b_id_ton_iot,covariate_shift,scaling_drift_alpha_0.100,I_Ym,family,120,0,0.0
gate5b_id_ton_iot,covariate_shift,scaling_drift_alpha_0.100,I_XFY,union,120,120,1.0
gate5b_id_ton_iot,covariate_shift,scaling_drift_alpha_0.100,I_XFY,family_v12,120,120,1.0
gate5b_id_ton_iot,covariate_shift,scaling_drift_alpha_0.100,I_XFY,family,120,120,1.0
gate5b_id_ton_iot,pipeline,feature_dropout_p_0.020,I_X,union,120,0,0.0
gate5b_id_ton_iot,pipeline,feature_dropout_p_0.020,I_X,family_v12,120,0,0.0
gate5b_id_ton_iot,pipeline,feature_dropout_p_0.020,I_X,family,120,0,0.0
gate5b_id_ton_iot,pipeline,feature_dropout_p_0.020,I_XF,union,120,0,0.0
gate5b_id_ton_iot,pipeline,feature_dropout_p_0.020,I_XF,family_v12,120,0,0.0
gate5b_id_ton_iot,pipeline,feature_dropout_p_0.020,I_XF,family,120,0,0.0
gate5b_id_ton_iot,pipeline,feature_dropout_p_0.020,I_Ym,union,120,0,0.0
gate5b_id_ton_iot,pipeline,feature_dropout_p_0.020,I_Ym,family_v12,120,0,0.0
gate5b_id_ton_iot,pipeline,feature_dropout_p_0.020,I_Ym,family,120,0,0.0
gate5b_id_ton_iot,pipeline,feature_dropout_p_0.020,I_XFY,union,120,0,0.0
gate5b_id_ton_iot,pipeline,feature_dropout_p_0.020,I_XFY,family_v12,120,0,0.0
gate5b_id_ton_iot,pipeline,feature_dropout_p_0.020,I_XFY,family,120,0,0.0
gate5b_id_ton_iot,pipeline,feature_dropout_p_0.050,I_X,union,120,0,0.0
gate5b_id_ton_iot,pipeline,feature_dropout_p_0.050,I_X,family_v12,120,0,0.0
gate5b_id_ton_iot,pipeline,feature_dropout_p_0.050,I_X,family,120,0,0.0
gate5b_id_ton_iot,pipeline,feature_dropout_p_0.050,I_XF,union,120,2,0.016666666666666666
gate5b_id_ton_iot,pipeline,feature_dropout_p_0.050,I_XF,family_v12,120,0,0.0
gate5b_id_ton_iot,pipeline,feature_dropout_p_0.050,I_XF,family,120,0,0.0
gate5b_id_ton_iot,pipeline,feature_dropout_p_0.050,I_Ym,union,120,0,0.0
gate5b_id_ton_iot,pipeline,feature_dropout_p_0.050,I_Ym,family_v12,120,0,0.0
gate5b_id_ton_iot,pipeline,feature_dropout_p_0.050,I_Ym,family,120,0,0.0
gate5b_id_ton_iot,pipeline,feature_dropout_p_0.050,I_XFY,union,120,2,0.016666666666666666
gate5b_id_ton_iot,pipeline,feature_dropout_p_0.050,I_XFY,family_v12,120,0,0.0
gate5b_id_ton_iot,pipeline,feature_dropout_p_0.050,I_XFY,family,120,0,0.0
gate5b_id_ton_iot,pipeline,feature_dropout_p_0.100,I_X,union,120,0,0.0
gate5b_id_ton_iot,pipeline,feature_dropout_p_0.100,I_X,family_v12,120,0,0.0
gate5b_id_ton_iot,pipeline,feature_dropout_p_0.100,I_X,family,120,0,0.0
gate5b_id_ton_iot,pipeline,feature_dropout_p_0.100,I_XF,union,120,9,0.075
gate5b_id_ton_iot,pipeline,feature_dropout_p_0.100,I_XF,family_v12,120,9,0.075
gate5b_id_ton_iot,pipeline,feature_dropout_p_0.100,I_XF,family,120,7,0.058333333333333334
gate5b_id_ton_iot,pipeline,feature_dropout_p_0.100,I_Ym,union,120,0,0.0
gate5b_id_ton_iot,pipeline,feature_dropout_p_0.100,I_Ym,family_v12,120,0,0.0
gate5b_id_ton_iot,pipeline,feature_dropout_p_0.100,I_Ym,family,120,0,0.0
gate5b_id_ton_iot,pipeline,feature_dropout_p_0.100,I_XFY,union,120,9,0.075
gate5b_id_ton_iot,pipeline,feature_dropout_p_0.100,I_XFY,family_v12,120,7,0.058333333333333334
gate5b_id_ton_iot,pipeline,feature_dropout_p_0.100,I_XFY,family,120,6,0.05
gate5b_id_ton_iot,target_shift,label_flip_prior_preserving_r_0.020,I_X,union,120,0,0.0
gate5b_id_ton_iot,target_shift,label_flip_prior_preserving_r_0.020,I_X,family_v12,120,0,0.0
gate5b_id_ton_iot,target_shift,label_flip_prior_preserving_r_0.020,I_X,family,120,0,0.0
gate5b_id_ton_iot,target_shift,label_flip_prior_preserving_r_0.020,I_XF,union,120,0,0.0
gate5b_id_ton_iot,target_shift,label_flip_prior_preserving_r_0.020,I_XF,family_v12,120,0,0.0
gate5b_id_ton_iot,target_shift,label_flip_prior_preserving_r_0.020,I_XF,family,120,0,0.0
gate5b_id_ton_iot,target_shift,label_flip_prior_preserving_r_0.020,I_Ym,union,120,0,0.0
gate5b_id_ton_iot,target_shift,label_flip_prior_preserving_r_0.020,I_Ym,family_v12,120,0,0.0
gate5b_id_ton_iot,target_shift,label_flip_prior_preserving_r_0.020,I_Ym,family,120,0,0.0
gate5b_id_ton_iot,target_shift,label_flip_prior_preserving_r_0.020,I_XFY,union,120,0,0.0
gate5b_id_ton_iot,target_shift,label_flip_prior_preserving_r_0.020,I_XFY,family_v12,120,0,0.0
gate5b_id_ton_iot,target_shift,label_flip_prior_preserving_r_0.020,I_XFY,family,120,0,0.0
gate5b_id_ton_iot,target_shift,label_flip_prior_preserving_r_0.050,I_X,union,120,0,0.0
gate5b_id_ton_iot,target_shift,label_flip_prior_preserving_r_0.050,I_X,family_v12,120,0,0.0
gate5b_id_ton_iot,target_shift,label_flip_prior_preserving_r_0.050,I_X,family,120,0,0.0
gate5b_id_ton_iot,target_shift,label_flip_prior_preserving_r_0.050,I_XF,union,120,0,0.0
gate5b_id_ton_iot,target_shift,label_flip_prior_preserving_r_0.050,I_XF,family_v12,120,0,0.0
gate5b_id_ton_iot,target_shift,label_flip_prior_preserving_r_0.050,I_XF,family,120,0,0.0
gate5b_id_ton_iot,target_shift,label_flip_prior_preserving_r_0.050,I_Ym,union,120,0,0.0
gate5b_id_ton_iot,target_shift,label_flip_prior_preserving_r_0.050,I_Ym,family_v12,120,0,0.0
gate5b_id_ton_iot,target_shift,label_flip_prior_preserving_r_0.050,I_Ym,family,120,0,0.0
gate5b_id_ton_iot,target_shift,label_flip_prior_preserving_r_0.050,I_XFY,union,120,0,0.0
gate5b_id_ton_iot,target_shift,label_flip_prior_preserving_r_0.050,I_XFY,family_v12,120,0,0.0
gate5b_id_ton_iot,target_shift,label_flip_prior_preserving_r_0.050,I_XFY,family,120,0,0.0
gate5b_id_ton_iot,target_shift,label_flip_prior_preserving_r_0.100,I_X,union,120,0,0.0
gate5b_id_ton_iot,target_shift,label_flip_prior_preserving_r_0.100,I_X,family_v12,120,0,0.0
gate5b_id_ton_iot,target_shift,label_flip_prior_preserving_r_0.100,I_X,family,120,0,0.0
gate5b_id_ton_iot,target_shift,label_flip_prior_preserving_r_0.100,I_XF,union,120,0,0.0
gate5b_id_ton_iot,target_shift,label_flip_prior_preserving_r_0.100,I_XF,family_v12,120,0,0.0
gate5b_id_ton_iot,target_shift,label_flip_prior_preserving_r_0.100,I_XF,family,120,0,0.0
gate5b_id_ton_iot,target_shift,label_flip_prior_preserving_r_0.100,I_Ym,union,120,0,0.0
gate5b_id_ton_iot,target_shift,label_flip_prior_preserving_r_0.100,I_Ym,family_v12,120,0,0.0
gate5b_id_ton_iot,target_shift,label_flip_prior_preserving_r_0.100,I_Ym,family,120,0,0.0
gate5b_id_ton_iot,target_shift,label_flip_prior_preserving_r_0.100,I_XFY,union,120,9,0.075
gate5b_id_ton_iot,target_shift,label_flip_prior_preserving_r_0.100,I_XFY,family_v12,120,2,0.016666666666666666
gate5b_id_ton_iot,target_shift,label_flip_prior_preserving_r_0.100,I_XFY,family,120,1,0.008333333333333333
gate5b_id_ton_iot,target_shift,label_flip_r_0.020,I_X,union,120,0,0.0
gate5b_id_ton_iot,target_shift,label_flip_r_0.020,I_X,family_v12,120,0,0.0
gate5b_id_ton_iot,target_shift,label_flip_r_0.020,I_X,family,120,0,0.0
gate5b_id_ton_iot,target_shift,label_flip_r_0.020,I_XF,union,120,0,0.0
gate5b_id_ton_iot,target_shift,label_flip_r_0.020,I_XF,family_v12,120,0,0.0
gate5b_id_ton_iot,target_shift,label_flip_r_0.020,I_XF,family,120,0,0.0
gate5b_id_ton_iot,target_shift,label_flip_r_0.020,I_Ym,union,120,0,0.0
gate5b_id_ton_iot,target_shift,label_flip_r_0.020,I_Ym,family_v12,120,0,0.0
gate5b_id_ton_iot,target_shift,label_flip_r_0.020,I_Ym,family,120,0,0.0
gate5b_id_ton_iot,target_shift,label_flip_r_0.020,I_XFY,union,120,0,0.0
gate5b_id_ton_iot,target_shift,label_flip_r_0.020,I_XFY,family_v12,120,0,0.0
gate5b_id_ton_iot,target_shift,label_flip_r_0.020,I_XFY,family,120,0,0.0
gate5b_id_ton_iot,target_shift,label_flip_r_0.050,I_X,union,120,0,0.0
gate5b_id_ton_iot,target_shift,label_flip_r_0.050,I_X,family_v12,120,0,0.0
gate5b_id_ton_iot,target_shift,label_flip_r_0.050,I_X,family,120,0,0.0
gate5b_id_ton_iot,target_shift,label_flip_r_0.050,I_XF,union,120,0,0.0
gate5b_id_ton_iot,target_shift,label_flip_r_0.050,I_XF,family_v12,120,0,0.0
gate5b_id_ton_iot,target_shift,label_flip_r_0.050,I_XF,family,120,0,0.0
gate5b_id_ton_iot,target_shift,label_flip_r_0.050,I_Ym,union,120,0,0.0
gate5b_id_ton_iot,target_shift,label_flip_r_0.050,I_Ym,family_v12,120,0,0.0
gate5b_id_ton_iot,target_shift,label_flip_r_0.050,I_Ym,family,120,0,0.0
gate5b_id_ton_iot,target_shift,label_flip_r_0.050,I_XFY,union,120,2,0.016666666666666666
gate5b_id_ton_iot,target_shift,label_flip_r_0.050,I_XFY,family_v12,120,0,0.0
gate5b_id_ton_iot,target_shift,label_flip_r_0.050,I_XFY,family,120,0,0.0
gate5b_id_ton_iot,target_shift,label_flip_r_0.100,I_X,union,120,0,0.0
gate5b_id_ton_iot,target_shift,label_flip_r_0.100,I_X,family_v12,120,0,0.0
gate5b_id_ton_iot,target_shift,label_flip_r_0.100,I_X,family,120,0,0.0
gate5b_id_ton_iot,target_shift,label_flip_r_0.100,I_XF,union,120,0,0.0
gate5b_id_ton_iot,target_shift,label_flip_r_0.100,I_XF,family_v12,120,0,0.0
gate5b_id_ton_iot,target_shift,label_flip_r_0.100,I_XF,family,120,0,0.0
gate5b_id_ton_iot,target_shift,label_flip_r_0.100,I_Ym,union,120,0,0.0
gate5b_id_ton_iot,target_shift,label_flip_r_0.100,I_Ym,family_v12,120,0,0.0
gate5b_id_ton_iot,target_shift,label_flip_r_0.100,I_Ym,family,120,0,0.0
gate5b_id_ton_iot,target_shift,label_flip_r_0.100,I_XFY,union,120,8,0.06666666666666667
gate5b_id_ton_iot,target_shift,label_flip_r_0.100,I_XFY,family_v12,120,2,0.016666666666666666
gate5b_id_ton_iot,target_shift,label_flip_r_0.100,I_XFY,family,120,0,0.0
gate6_ood_unsw,corruption,feature_sign_flip_p_0.020,I_X,union,60,0,0.0
gate6_ood_unsw,corruption,feature_sign_flip_p_0.020,I_X,family_v12,60,0,0.0
gate6_ood_unsw,corruption,feature_sign_flip_p_0.020,I_X,family,60,0,0.0
gate6_ood_unsw,corruption,feature_sign_flip_p_0.020,I_XF,union,60,0,0.0
gate6_ood_unsw,corruption,feature_sign_flip_p_0.020,I_XF,family_v12,60,0,0.0
gate6_ood_unsw,corruption,feature_sign_flip_p_0.020,I_XF,family,60,0,0.0
gate6_ood_unsw,corruption,feature_sign_flip_p_0.020,I_Ym,union,60,0,0.0
gate6_ood_unsw,corruption,feature_sign_flip_p_0.020,I_Ym,family_v12,60,0,0.0
gate6_ood_unsw,corruption,feature_sign_flip_p_0.020,I_Ym,family,60,0,0.0
gate6_ood_unsw,corruption,feature_sign_flip_p_0.020,I_XFY,union,60,0,0.0
gate6_ood_unsw,corruption,feature_sign_flip_p_0.020,I_XFY,family_v12,60,0,0.0
gate6_ood_unsw,corruption,feature_sign_flip_p_0.020,I_XFY,family,60,0,0.0
gate6_ood_unsw,corruption,feature_sign_flip_p_0.050,I_X,union,60,22,0.36666666666666664
gate6_ood_unsw,corruption,feature_sign_flip_p_0.050,I_X,family_v12,60,16,0.26666666666666666
gate6_ood_unsw,corruption,feature_sign_flip_p_0.050,I_X,family,60,16,0.26666666666666666
gate6_ood_unsw,corruption,feature_sign_flip_p_0.050,I_XF,union,60,28,0.4666666666666667
gate6_ood_unsw,corruption,feature_sign_flip_p_0.050,I_XF,family_v12,60,18,0.3
gate6_ood_unsw,corruption,feature_sign_flip_p_0.050,I_XF,family,60,17,0.2833333333333333
gate6_ood_unsw,corruption,feature_sign_flip_p_0.050,I_Ym,union,60,0,0.0
gate6_ood_unsw,corruption,feature_sign_flip_p_0.050,I_Ym,family_v12,60,0,0.0
gate6_ood_unsw,corruption,feature_sign_flip_p_0.050,I_Ym,family,60,0,0.0
gate6_ood_unsw,corruption,feature_sign_flip_p_0.050,I_XFY,union,60,28,0.4666666666666667
gate6_ood_unsw,corruption,feature_sign_flip_p_0.050,I_XFY,family_v12,60,18,0.3
gate6_ood_unsw,corruption,feature_sign_flip_p_0.050,I_XFY,family,60,13,0.21666666666666667
gate6_ood_unsw,corruption,feature_sign_flip_p_0.100,I_X,union,60,30,0.5
gate6_ood_unsw,corruption,feature_sign_flip_p_0.100,I_X,family_v12,60,29,0.48333333333333334
gate6_ood_unsw,corruption,feature_sign_flip_p_0.100,I_X,family,60,29,0.48333333333333334
gate6_ood_unsw,corruption,feature_sign_flip_p_0.100,I_XF,union,60,30,0.5
gate6_ood_unsw,corruption,feature_sign_flip_p_0.100,I_XF,family_v12,60,30,0.5
gate6_ood_unsw,corruption,feature_sign_flip_p_0.100,I_XF,family,60,30,0.5
gate6_ood_unsw,corruption,feature_sign_flip_p_0.100,I_Ym,union,60,0,0.0
gate6_ood_unsw,corruption,feature_sign_flip_p_0.100,I_Ym,family_v12,60,0,0.0
gate6_ood_unsw,corruption,feature_sign_flip_p_0.100,I_Ym,family,60,0,0.0
gate6_ood_unsw,corruption,feature_sign_flip_p_0.100,I_XFY,union,60,30,0.5
gate6_ood_unsw,corruption,feature_sign_flip_p_0.100,I_XFY,family_v12,60,30,0.5
gate6_ood_unsw,corruption,feature_sign_flip_p_0.100,I_XFY,family,60,30,0.5
gate6_ood_unsw,covariate_shift,mean_shift_pf_delta_0.020,I_X,union,60,60,1.0
gate6_ood_unsw,covariate_shift,mean_shift_pf_delta_0.020,I_X,family_v12,60,60,1.0
gate6_ood_unsw,covariate_shift,mean_shift_pf_delta_0.020,I_X,family,60,60,1.0
gate6_ood_unsw,covariate_shift,mean_shift_pf_delta_0.020,I_XF,union,60,60,1.0
gate6_ood_unsw,covariate_shift,mean_shift_pf_delta_0.020,I_XF,family_v12,60,58,0.9666666666666667
gate6_ood_unsw,covariate_shift,mean_shift_pf_delta_0.020,I_XF,family,60,44,0.7333333333333333
gate6_ood_unsw,covariate_shift,mean_shift_pf_delta_0.020,I_Ym,union,60,0,0.0
gate6_ood_unsw,covariate_shift,mean_shift_pf_delta_0.020,I_Ym,family_v12,60,0,0.0
gate6_ood_unsw,covariate_shift,mean_shift_pf_delta_0.020,I_Ym,family,60,0,0.0
gate6_ood_unsw,covariate_shift,mean_shift_pf_delta_0.020,I_XFY,union,60,60,1.0
gate6_ood_unsw,covariate_shift,mean_shift_pf_delta_0.020,I_XFY,family_v12,60,57,0.95
gate6_ood_unsw,covariate_shift,mean_shift_pf_delta_0.020,I_XFY,family,60,44,0.7333333333333333
gate6_ood_unsw,covariate_shift,mean_shift_pf_delta_0.050,I_X,union,60,60,1.0
gate6_ood_unsw,covariate_shift,mean_shift_pf_delta_0.050,I_X,family_v12,60,60,1.0
gate6_ood_unsw,covariate_shift,mean_shift_pf_delta_0.050,I_X,family,60,60,1.0
gate6_ood_unsw,covariate_shift,mean_shift_pf_delta_0.050,I_XF,union,60,60,1.0
gate6_ood_unsw,covariate_shift,mean_shift_pf_delta_0.050,I_XF,family_v12,60,60,1.0
gate6_ood_unsw,covariate_shift,mean_shift_pf_delta_0.050,I_XF,family,60,60,1.0
gate6_ood_unsw,covariate_shift,mean_shift_pf_delta_0.050,I_Ym,union,60,0,0.0
gate6_ood_unsw,covariate_shift,mean_shift_pf_delta_0.050,I_Ym,family_v12,60,0,0.0
gate6_ood_unsw,covariate_shift,mean_shift_pf_delta_0.050,I_Ym,family,60,0,0.0
gate6_ood_unsw,covariate_shift,mean_shift_pf_delta_0.050,I_XFY,union,60,60,1.0
gate6_ood_unsw,covariate_shift,mean_shift_pf_delta_0.050,I_XFY,family_v12,60,60,1.0
gate6_ood_unsw,covariate_shift,mean_shift_pf_delta_0.050,I_XFY,family,60,59,0.9833333333333333
gate6_ood_unsw,covariate_shift,mean_shift_pf_delta_0.100,I_X,union,60,60,1.0
gate6_ood_unsw,covariate_shift,mean_shift_pf_delta_0.100,I_X,family_v12,60,60,1.0
gate6_ood_unsw,covariate_shift,mean_shift_pf_delta_0.100,I_X,family,60,60,1.0
gate6_ood_unsw,covariate_shift,mean_shift_pf_delta_0.100,I_XF,union,60,60,1.0
gate6_ood_unsw,covariate_shift,mean_shift_pf_delta_0.100,I_XF,family_v12,60,60,1.0
gate6_ood_unsw,covariate_shift,mean_shift_pf_delta_0.100,I_XF,family,60,60,1.0
gate6_ood_unsw,covariate_shift,mean_shift_pf_delta_0.100,I_Ym,union,60,0,0.0
gate6_ood_unsw,covariate_shift,mean_shift_pf_delta_0.100,I_Ym,family_v12,60,0,0.0
gate6_ood_unsw,covariate_shift,mean_shift_pf_delta_0.100,I_Ym,family,60,0,0.0
gate6_ood_unsw,covariate_shift,mean_shift_pf_delta_0.100,I_XFY,union,60,60,1.0
gate6_ood_unsw,covariate_shift,mean_shift_pf_delta_0.100,I_XFY,family_v12,60,60,1.0
gate6_ood_unsw,covariate_shift,mean_shift_pf_delta_0.100,I_XFY,family,60,60,1.0
gate6_ood_unsw,covariate_shift,scaling_drift_alpha_0.020,I_X,union,60,60,1.0
gate6_ood_unsw,covariate_shift,scaling_drift_alpha_0.020,I_X,family_v12,60,57,0.95
gate6_ood_unsw,covariate_shift,scaling_drift_alpha_0.020,I_X,family,60,57,0.95
gate6_ood_unsw,covariate_shift,scaling_drift_alpha_0.020,I_XF,union,60,60,1.0
gate6_ood_unsw,covariate_shift,scaling_drift_alpha_0.020,I_XF,family_v12,60,52,0.8666666666666667
gate6_ood_unsw,covariate_shift,scaling_drift_alpha_0.020,I_XF,family,60,39,0.65
gate6_ood_unsw,covariate_shift,scaling_drift_alpha_0.020,I_Ym,union,60,0,0.0
gate6_ood_unsw,covariate_shift,scaling_drift_alpha_0.020,I_Ym,family_v12,60,0,0.0
gate6_ood_unsw,covariate_shift,scaling_drift_alpha_0.020,I_Ym,family,60,0,0.0
gate6_ood_unsw,covariate_shift,scaling_drift_alpha_0.020,I_XFY,union,60,60,1.0
gate6_ood_unsw,covariate_shift,scaling_drift_alpha_0.020,I_XFY,family_v12,60,52,0.8666666666666667
gate6_ood_unsw,covariate_shift,scaling_drift_alpha_0.020,I_XFY,family,60,39,0.65
gate6_ood_unsw,covariate_shift,scaling_drift_alpha_0.050,I_X,union,60,60,1.0
gate6_ood_unsw,covariate_shift,scaling_drift_alpha_0.050,I_X,family_v12,60,60,1.0
gate6_ood_unsw,covariate_shift,scaling_drift_alpha_0.050,I_X,family,60,60,1.0
gate6_ood_unsw,covariate_shift,scaling_drift_alpha_0.050,I_XF,union,60,60,1.0
gate6_ood_unsw,covariate_shift,scaling_drift_alpha_0.050,I_XF,family_v12,60,60,1.0
gate6_ood_unsw,covariate_shift,scaling_drift_alpha_0.050,I_XF,family,60,57,0.95
gate6_ood_unsw,covariate_shift,scaling_drift_alpha_0.050,I_Ym,union,60,0,0.0
gate6_ood_unsw,covariate_shift,scaling_drift_alpha_0.050,I_Ym,family_v12,60,0,0.0
gate6_ood_unsw,covariate_shift,scaling_drift_alpha_0.050,I_Ym,family,60,0,0.0
gate6_ood_unsw,covariate_shift,scaling_drift_alpha_0.050,I_XFY,union,60,60,1.0
gate6_ood_unsw,covariate_shift,scaling_drift_alpha_0.050,I_XFY,family_v12,60,60,1.0
gate6_ood_unsw,covariate_shift,scaling_drift_alpha_0.050,I_XFY,family,60,54,0.9
gate6_ood_unsw,covariate_shift,scaling_drift_alpha_0.100,I_X,union,60,60,1.0
gate6_ood_unsw,covariate_shift,scaling_drift_alpha_0.100,I_X,family_v12,60,60,1.0
gate6_ood_unsw,covariate_shift,scaling_drift_alpha_0.100,I_X,family,60,60,1.0
gate6_ood_unsw,covariate_shift,scaling_drift_alpha_0.100,I_XF,union,60,60,1.0
gate6_ood_unsw,covariate_shift,scaling_drift_alpha_0.100,I_XF,family_v12,60,60,1.0
gate6_ood_unsw,covariate_shift,scaling_drift_alpha_0.100,I_XF,family,60,60,1.0
gate6_ood_unsw,covariate_shift,scaling_drift_alpha_0.100,I_Ym,union,60,0,0.0
gate6_ood_unsw,covariate_shift,scaling_drift_alpha_0.100,I_Ym,family_v12,60,0,0.0
gate6_ood_unsw,covariate_shift,scaling_drift_alpha_0.100,I_Ym,family,60,0,0.0
gate6_ood_unsw,covariate_shift,scaling_drift_alpha_0.100,I_XFY,union,60,60,1.0
gate6_ood_unsw,covariate_shift,scaling_drift_alpha_0.100,I_XFY,family_v12,60,60,1.0
gate6_ood_unsw,covariate_shift,scaling_drift_alpha_0.100,I_XFY,family,60,60,1.0
gate6_ood_unsw,pipeline,feature_dropout_p_0.020,I_X,union,60,0,0.0
gate6_ood_unsw,pipeline,feature_dropout_p_0.020,I_X,family_v12,60,0,0.0
gate6_ood_unsw,pipeline,feature_dropout_p_0.020,I_X,family,60,0,0.0
gate6_ood_unsw,pipeline,feature_dropout_p_0.020,I_XF,union,60,0,0.0
gate6_ood_unsw,pipeline,feature_dropout_p_0.020,I_XF,family_v12,60,0,0.0
gate6_ood_unsw,pipeline,feature_dropout_p_0.020,I_XF,family,60,0,0.0
gate6_ood_unsw,pipeline,feature_dropout_p_0.020,I_Ym,union,60,0,0.0
gate6_ood_unsw,pipeline,feature_dropout_p_0.020,I_Ym,family_v12,60,0,0.0
gate6_ood_unsw,pipeline,feature_dropout_p_0.020,I_Ym,family,60,0,0.0
gate6_ood_unsw,pipeline,feature_dropout_p_0.020,I_XFY,union,60,0,0.0
gate6_ood_unsw,pipeline,feature_dropout_p_0.020,I_XFY,family_v12,60,0,0.0
gate6_ood_unsw,pipeline,feature_dropout_p_0.020,I_XFY,family,60,0,0.0
gate6_ood_unsw,pipeline,feature_dropout_p_0.050,I_X,union,60,0,0.0
gate6_ood_unsw,pipeline,feature_dropout_p_0.050,I_X,family_v12,60,0,0.0
gate6_ood_unsw,pipeline,feature_dropout_p_0.050,I_X,family,60,0,0.0
gate6_ood_unsw,pipeline,feature_dropout_p_0.050,I_XF,union,60,0,0.0
gate6_ood_unsw,pipeline,feature_dropout_p_0.050,I_XF,family_v12,60,0,0.0
gate6_ood_unsw,pipeline,feature_dropout_p_0.050,I_XF,family,60,0,0.0
gate6_ood_unsw,pipeline,feature_dropout_p_0.050,I_Ym,union,60,0,0.0
gate6_ood_unsw,pipeline,feature_dropout_p_0.050,I_Ym,family_v12,60,0,0.0
gate6_ood_unsw,pipeline,feature_dropout_p_0.050,I_Ym,family,60,0,0.0
gate6_ood_unsw,pipeline,feature_dropout_p_0.050,I_XFY,union,60,0,0.0
gate6_ood_unsw,pipeline,feature_dropout_p_0.050,I_XFY,family_v12,60,0,0.0
gate6_ood_unsw,pipeline,feature_dropout_p_0.050,I_XFY,family,60,0,0.0
gate6_ood_unsw,pipeline,feature_dropout_p_0.100,I_X,union,60,0,0.0
gate6_ood_unsw,pipeline,feature_dropout_p_0.100,I_X,family_v12,60,0,0.0
gate6_ood_unsw,pipeline,feature_dropout_p_0.100,I_X,family,60,0,0.0
gate6_ood_unsw,pipeline,feature_dropout_p_0.100,I_XF,union,60,2,0.03333333333333333
gate6_ood_unsw,pipeline,feature_dropout_p_0.100,I_XF,family_v12,60,0,0.0
gate6_ood_unsw,pipeline,feature_dropout_p_0.100,I_XF,family,60,0,0.0
gate6_ood_unsw,pipeline,feature_dropout_p_0.100,I_Ym,union,60,0,0.0
gate6_ood_unsw,pipeline,feature_dropout_p_0.100,I_Ym,family_v12,60,0,0.0
gate6_ood_unsw,pipeline,feature_dropout_p_0.100,I_Ym,family,60,0,0.0
gate6_ood_unsw,pipeline,feature_dropout_p_0.100,I_XFY,union,60,2,0.03333333333333333
gate6_ood_unsw,pipeline,feature_dropout_p_0.100,I_XFY,family_v12,60,0,0.0
gate6_ood_unsw,pipeline,feature_dropout_p_0.100,I_XFY,family,60,0,0.0
gate6_ood_unsw,target_shift,label_flip_prior_preserving_r_0.020,I_X,union,60,0,0.0
gate6_ood_unsw,target_shift,label_flip_prior_preserving_r_0.020,I_X,family_v12,60,0,0.0
gate6_ood_unsw,target_shift,label_flip_prior_preserving_r_0.020,I_X,family,60,0,0.0
gate6_ood_unsw,target_shift,label_flip_prior_preserving_r_0.020,I_XF,union,60,0,0.0
gate6_ood_unsw,target_shift,label_flip_prior_preserving_r_0.020,I_XF,family_v12,60,0,0.0
gate6_ood_unsw,target_shift,label_flip_prior_preserving_r_0.020,I_XF,family,60,0,0.0
gate6_ood_unsw,target_shift,label_flip_prior_preserving_r_0.020,I_Ym,union,60,0,0.0
gate6_ood_unsw,target_shift,label_flip_prior_preserving_r_0.020,I_Ym,family_v12,60,0,0.0
gate6_ood_unsw,target_shift,label_flip_prior_preserving_r_0.020,I_Ym,family,60,0,0.0
gate6_ood_unsw,target_shift,label_flip_prior_preserving_r_0.020,I_XFY,union,60,0,0.0
gate6_ood_unsw,target_shift,label_flip_prior_preserving_r_0.020,I_XFY,family_v12,60,0,0.0
gate6_ood_unsw,target_shift,label_flip_prior_preserving_r_0.020,I_XFY,family,60,0,0.0
gate6_ood_unsw,target_shift,label_flip_prior_preserving_r_0.050,I_X,union,60,0,0.0
gate6_ood_unsw,target_shift,label_flip_prior_preserving_r_0.050,I_X,family_v12,60,0,0.0
gate6_ood_unsw,target_shift,label_flip_prior_preserving_r_0.050,I_X,family,60,0,0.0
gate6_ood_unsw,target_shift,label_flip_prior_preserving_r_0.050,I_XF,union,60,0,0.0
gate6_ood_unsw,target_shift,label_flip_prior_preserving_r_0.050,I_XF,family_v12,60,0,0.0
gate6_ood_unsw,target_shift,label_flip_prior_preserving_r_0.050,I_XF,family,60,0,0.0
gate6_ood_unsw,target_shift,label_flip_prior_preserving_r_0.050,I_Ym,union,60,0,0.0
gate6_ood_unsw,target_shift,label_flip_prior_preserving_r_0.050,I_Ym,family_v12,60,0,0.0
gate6_ood_unsw,target_shift,label_flip_prior_preserving_r_0.050,I_Ym,family,60,0,0.0
gate6_ood_unsw,target_shift,label_flip_prior_preserving_r_0.050,I_XFY,union,60,0,0.0
gate6_ood_unsw,target_shift,label_flip_prior_preserving_r_0.050,I_XFY,family_v12,60,0,0.0
gate6_ood_unsw,target_shift,label_flip_prior_preserving_r_0.050,I_XFY,family,60,0,0.0
gate6_ood_unsw,target_shift,label_flip_prior_preserving_r_0.100,I_X,union,60,0,0.0
gate6_ood_unsw,target_shift,label_flip_prior_preserving_r_0.100,I_X,family_v12,60,0,0.0
gate6_ood_unsw,target_shift,label_flip_prior_preserving_r_0.100,I_X,family,60,0,0.0
gate6_ood_unsw,target_shift,label_flip_prior_preserving_r_0.100,I_XF,union,60,0,0.0
gate6_ood_unsw,target_shift,label_flip_prior_preserving_r_0.100,I_XF,family_v12,60,0,0.0
gate6_ood_unsw,target_shift,label_flip_prior_preserving_r_0.100,I_XF,family,60,0,0.0
gate6_ood_unsw,target_shift,label_flip_prior_preserving_r_0.100,I_Ym,union,60,0,0.0
gate6_ood_unsw,target_shift,label_flip_prior_preserving_r_0.100,I_Ym,family_v12,60,0,0.0
gate6_ood_unsw,target_shift,label_flip_prior_preserving_r_0.100,I_Ym,family,60,0,0.0
gate6_ood_unsw,target_shift,label_flip_prior_preserving_r_0.100,I_XFY,union,60,0,0.0
gate6_ood_unsw,target_shift,label_flip_prior_preserving_r_0.100,I_XFY,family_v12,60,0,0.0
gate6_ood_unsw,target_shift,label_flip_prior_preserving_r_0.100,I_XFY,family,60,0,0.0
gate6_ood_unsw,target_shift,label_flip_r_0.020,I_X,union,60,0,0.0
gate6_ood_unsw,target_shift,label_flip_r_0.020,I_X,family_v12,60,0,0.0
gate6_ood_unsw,target_shift,label_flip_r_0.020,I_X,family,60,0,0.0
gate6_ood_unsw,target_shift,label_flip_r_0.020,I_XF,union,60,0,0.0
gate6_ood_unsw,target_shift,label_flip_r_0.020,I_XF,family_v12,60,0,0.0
gate6_ood_unsw,target_shift,label_flip_r_0.020,I_XF,family,60,0,0.0
gate6_ood_unsw,target_shift,label_flip_r_0.020,I_Ym,union,60,0,0.0
gate6_ood_unsw,target_shift,label_flip_r_0.020,I_Ym,family_v12,60,0,0.0
gate6_ood_unsw,target_shift,label_flip_r_0.020,I_Ym,family,60,0,0.0
gate6_ood_unsw,target_shift,label_flip_r_0.020,I_XFY,union,60,0,0.0
gate6_ood_unsw,target_shift,label_flip_r_0.020,I_XFY,family_v12,60,0,0.0
gate6_ood_unsw,target_shift,label_flip_r_0.020,I_XFY,family,60,0,0.0
gate6_ood_unsw,target_shift,label_flip_r_0.050,I_X,union,60,0,0.0
gate6_ood_unsw,target_shift,label_flip_r_0.050,I_X,family_v12,60,0,0.0
gate6_ood_unsw,target_shift,label_flip_r_0.050,I_X,family,60,0,0.0
gate6_ood_unsw,target_shift,label_flip_r_0.050,I_XF,union,60,0,0.0
gate6_ood_unsw,target_shift,label_flip_r_0.050,I_XF,family_v12,60,0,0.0
gate6_ood_unsw,target_shift,label_flip_r_0.050,I_XF,family,60,0,0.0
gate6_ood_unsw,target_shift,label_flip_r_0.050,I_Ym,union,60,0,0.0
gate6_ood_unsw,target_shift,label_flip_r_0.050,I_Ym,family_v12,60,0,0.0
gate6_ood_unsw,target_shift,label_flip_r_0.050,I_Ym,family,60,0,0.0
gate6_ood_unsw,target_shift,label_flip_r_0.050,I_XFY,union,60,0,0.0
gate6_ood_unsw,target_shift,label_flip_r_0.050,I_XFY,family_v12,60,0,0.0
gate6_ood_unsw,target_shift,label_flip_r_0.050,I_XFY,family,60,0,0.0
gate6_ood_unsw,target_shift,label_flip_r_0.100,I_X,union,60,0,0.0
gate6_ood_unsw,target_shift,label_flip_r_0.100,I_X,family_v12,60,0,0.0
gate6_ood_unsw,target_shift,label_flip_r_0.100,I_X,family,60,0,0.0
gate6_ood_unsw,target_shift,label_flip_r_0.100,I_XF,union,60,0,0.0
gate6_ood_unsw,target_shift,label_flip_r_0.100,I_XF,family_v12,60,0,0.0
gate6_ood_unsw,target_shift,label_flip_r_0.100,I_XF,family,60,0,0.0
gate6_ood_unsw,target_shift,label_flip_r_0.100,I_Ym,union,60,0,0.0
gate6_ood_unsw,target_shift,label_flip_r_0.100,I_Ym,family_v12,60,0,0.0
gate6_ood_unsw,target_shift,label_flip_r_0.100,I_Ym,family,60,0,0.0
gate6_ood_unsw,target_shift,label_flip_r_0.100,I_XFY,union,60,0,0.0
gate6_ood_unsw,target_shift,label_flip_r_0.100,I_XFY,family_v12,60,0,0.0
gate6_ood_unsw,target_shift,label_flip_r_0.100,I_XFY,family,60,0,0.0
