gate,svd_dim,split_seed,model_seed,model,attack,delta_bal_acc,fire_exact,fire_union__I_X,fire_union__I_XF,fire_union__I_Ym,fire_union__I_XFY,fire_family__I_X,fire_family__I_XF,fire_family__I_Ym,fire_family__I_XFY,decision__I_X__serve_always,decision__I_X__union_uncalibrated,decision__I_X__family_calibrated,decision__I_X__family_calibrated_strict,decision__I_XF__serve_always,decision__I_XF__union_uncalibrated,decision__I_XF__family_calibrated,decision__I_XF__family_calibrated_strict,decision__I_Ym__serve_always,decision__I_Ym__union_uncalibrated,decision__I_Ym__family_calibrated,decision__I_Ym__family_calibrated_strict,decision__I_XFY__serve_always,decision__I_XFY__union_uncalibrated,decision__I_XFY__family_calibrated,decision__I_XFY__family_calibrated_strict,decision__I_XFY_trusted__serve_always,decision__I_XFY_trusted__union_uncalibrated,decision__I_XFY_trusted__family_calibrated,decision__I_XFY_trusted__family_calibrated_strict
gate2_id_256,8,42,42,qsvc_zz_r1,sham_tiny_gaussian_sigma_0.001,0.0,False,True,True,False,True,True,True,False,True,allow,hold,hold,hold,allow,hold,hold,hold,allow,allow,allow,hold,allow,hold,hold,hold,allow,hold,hold,hold
gate2_id_256,8,42,42,qsvc_zz_r1,sham_tiny_scaling_alpha_0.001,0.0,False,True,True,False,True,True,True,False,True,allow,hold,hold,hold,allow,hold,hold,hold,allow,allow,allow,hold,allow,hold,hold,hold,allow,hold,hold,hold
gate2_id_256,8,42,43,qsvc_zz_r1,sham_tiny_gaussian_sigma_0.001,0.0,False,True,True,False,True,True,True,False,True,allow,hold,hold,hold,allow,hold,hold,hold,allow,allow,allow,hold,allow,hold,hold,hold,allow,hold,hold,hold
gate2_id_256,8,42,43,qsvc_zz_r1,sham_tiny_scaling_alpha_0.001,-0.00390625,True,True,True,False,True,True,True,False,True,allow,hold,hold,hold,allow,hold,hold,hold,allow,allow,allow,hold,allow,hold,hold,hold,allow,block,block,block
gate2_id_256,8,43,42,qsvc_zz_r1,sham_tiny_gaussian_sigma_0.001,0.0,False,True,True,False,True,True,True,False,True,allow,hold,hold,hold,allow,hold,hold,hold,allow,allow,allow,hold,allow,hold,hold,hold,allow,hold,hold,hold
gate2_id_256,8,43,42,qsvc_zz_r1,sham_tiny_scaling_alpha_0.001,0.0,False,True,True,False,True,True,True,False,True,allow,hold,hold,hold,allow,hold,hold,hold,allow,allow,allow,hold,allow,hold,hold,hold,allow,hold,hold,hold
gate2_id_256,8,43,43,qsvc_zz_r1,sham_tiny_gaussian_sigma_0.001,0.0,False,True,True,False,True,True,True,False,True,allow,hold,hold,hold,allow,hold,hold,hold,allow,allow,allow,hold,allow,hold,hold,hold,allow,hold,hold,hold
gate2_id_256,8,43,43,qsvc_zz_r1,sham_tiny_scaling_alpha_0.001,0.0,False,True,True,False,True,True,True,False,True,allow,hold,hold,hold,allow,hold,hold,hold,allow,allow,allow,hold,allow,hold,hold,hold,allow,hold,hold,hold
gate2_id_256,8,44,42,qsvc_zz_r1,sham_tiny_gaussian_sigma_0.001,0.0,False,True,True,False,True,True,True,False,True,allow,hold,hold,hold,allow,hold,hold,hold,allow,allow,allow,hold,allow,hold,hold,hold,allow,hold,hold,hold
gate2_id_256,8,44,42,qsvc_zz_r1,sham_tiny_scaling_alpha_0.001,0.0,False,True,True,False,True,True,True,False,True,allow,hold,hold,hold,allow,hold,hold,hold,allow,allow,allow,hold,allow,hold,hold,hold,allow,hold,hold,hold
gate2_id_256,8,44,43,qsvc_zz_r1,sham_tiny_gaussian_sigma_0.001,0.0,False,True,True,False,True,True,True,False,True,allow,hold,hold,hold,allow,hold,hold,hold,allow,allow,allow,hold,allow,hold,hold,hold,allow,hold,hold,hold
gate2_id_256,8,44,43,qsvc_zz_r1,sham_tiny_scaling_alpha_0.001,0.00390625,True,True,True,False,True,True,True,False,True,allow,hold,hold,hold,allow,hold,hold,hold,allow,allow,allow,hold,allow,hold,hold,hold,allow,block,block,block
gate2_id_256,8,45,42,qsvc_zz_r1,sham_tiny_gaussian_sigma_0.001,0.0,False,True,True,False,True,True,True,False,True,allow,hold,hold,hold,allow,hold,hold,hold,allow,allow,allow,hold,allow,hold,hold,hold,allow,hold,hold,hold
gate2_id_256,8,45,42,qsvc_zz_r1,sham_tiny_scaling_alpha_0.001,0.0,False,True,True,False,True,True,True,False,True,allow,hold,hold,hold,allow,hold,hold,hold,allow,allow,allow,hold,allow,hold,hold,hold,allow,hold,hold,hold
gate2_id_256,8,45,43,qsvc_zz_r1,sham_tiny_gaussian_sigma_0.001,0.0,False,True,True,False,True,True,True,False,True,allow,hold,hold,hold,allow,hold,hold,hold,allow,allow,allow,hold,allow,hold,hold,hold,allow,hold,hold,hold
gate2_id_256,8,45,43,qsvc_zz_r1,sham_tiny_scaling_alpha_0.001,0.0,False,True,True,False,True,True,True,False,True,allow,hold,hold,hold,allow,hold,hold,hold,allow,allow,allow,hold,allow,hold,hold,hold,allow,hold,hold,hold
gate2_id_256,8,46,42,qsvc_zz_r1,sham_tiny_gaussian_sigma_0.001,0.0,False,True,True,False,True,True,True,False,True,allow,hold,hold,hold,allow,hold,hold,hold,allow,allow,allow,hold,allow,hold,hold,hold,allow,hold,hold,hold
gate2_id_256,8,46,42,qsvc_zz_r1,sham_tiny_scaling_alpha_0.001,0.0,False,True,True,False,True,True,True,False,True,allow,hold,hold,hold,allow,hold,hold,hold,allow,allow,allow,hold,allow,hold,hold,hold,allow,hold,hold,hold
gate2_id_256,8,46,43,qsvc_zz_r1,sham_tiny_gaussian_sigma_0.001,0.0,False,True,True,False,True,True,True,False,True,allow,hold,hold,hold,allow,hold,hold,hold,allow,allow,allow,hold,allow,hold,hold,hold,allow,hold,hold,hold
gate2_id_256,8,46,43,qsvc_zz_r1,sham_tiny_scaling_alpha_0.001,0.0,False,True,True,False,True,True,True,False,True,allow,hold,hold,hold,allow,hold,hold,hold,allow,allow,allow,hold,allow,hold,hold,hold,allow,hold,hold,hold
gate2_id_256,8,42,42,svc_rbf,sham_tiny_gaussian_sigma_0.001,0.0,False,True,True,False,True,True,True,False,True,allow,hold,hold,hold,allow,hold,hold,hold,allow,allow,allow,hold,allow,hold,hold,hold,allow,hold,hold,hold
gate2_id_256,8,42,42,svc_rbf,sham_tiny_scaling_alpha_0.001,0.0,False,True,True,False,True,True,True,False,True,allow,hold,hold,hold,allow,hold,hold,hold,allow,allow,allow,hold,allow,hold,hold,hold,allow,hold,hold,hold
gate2_id_256,8,42,43,svc_rbf,sham_tiny_gaussian_sigma_0.001,0.0,False,True,True,False,True,True,True,False,True,allow,hold,hold,hold,allow,hold,hold,hold,allow,allow,allow,hold,allow,hold,hold,hold,allow,hold,hold,hold
gate2_id_256,8,42,43,svc_rbf,sham_tiny_scaling_alpha_0.001,0.0,False,True,True,False,True,True,True,False,True,allow,hold,hold,hold,allow,hold,hold,hold,allow,allow,allow,hold,allow,hold,hold,hold,allow,hold,hold,hold
gate2_id_256,8,43,42,svc_rbf,sham_tiny_gaussian_sigma_0.001,0.0,False,True,True,False,True,True,True,False,True,allow,hold,hold,hold,allow,hold,hold,hold,allow,allow,allow,hold,allow,hold,hold,hold,allow,hold,hold,hold
gate2_id_256,8,43,42,svc_rbf,sham_tiny_scaling_alpha_0.001,0.0,False,True,True,False,True,True,True,False,True,allow,hold,hold,hold,allow,hold,hold,hold,allow,allow,allow,hold,allow,hold,hold,hold,allow,hold,hold,hold
gate2_id_256,8,43,43,svc_rbf,sham_tiny_gaussian_sigma_0.001,0.0,False,True,True,False,True,True,True,False,True,allow,hold,hold,hold,allow,hold,hold,hold,allow,allow,allow,hold,allow,hold,hold,hold,allow,hold,hold,hold
gate2_id_256,8,43,43,svc_rbf,sham_tiny_scaling_alpha_0.001,0.0,False,True,True,False,True,True,True,False,True,allow,hold,hold,hold,allow,hold,hold,hold,allow,allow,allow,hold,allow,hold,hold,hold,allow,hold,hold,hold
gate2_id_256,8,44,42,svc_rbf,sham_tiny_gaussian_sigma_0.001,0.0,False,True,True,False,True,True,True,False,True,allow,hold,hold,hold,allow,hold,hold,hold,allow,allow,allow,hold,allow,hold,hold,hold,allow,hold,hold,hold
gate2_id_256,8,44,42,svc_rbf,sham_tiny_scaling_alpha_0.001,0.0,False,True,True,False,True,True,True,False,True,allow,hold,hold,hold,allow,hold,hold,hold,allow,allow,allow,hold,allow,hold,hold,hold,allow,hold,hold,hold
gate2_id_256,8,44,43,svc_rbf,sham_tiny_gaussian_sigma_0.001,0.0,False,True,True,False,True,True,True,False,True,allow,hold,hold,hold,allow,hold,hold,hold,allow,allow,allow,hold,allow,hold,hold,hold,allow,hold,hold,hold
gate2_id_256,8,44,43,svc_rbf,sham_tiny_scaling_alpha_0.001,0.0,False,True,True,False,True,True,True,False,True,allow,hold,hold,hold,allow,hold,hold,hold,allow,allow,allow,hold,allow,hold,hold,hold,allow,hold,hold,hold
gate2_id_256,8,45,42,svc_rbf,sham_tiny_gaussian_sigma_0.001,0.0,False,True,True,False,True,True,True,False,True,allow,hold,hold,hold,allow,hold,hold,hold,allow,allow,allow,hold,allow,hold,hold,hold,allow,hold,hold,hold
gate2_id_256,8,45,42,svc_rbf,sham_tiny_scaling_alpha_0.001,0.0,False,True,True,False,True,True,True,False,True,allow,hold,hold,hold,allow,hold,hold,hold,allow,allow,allow,hold,allow,hold,hold,hold,allow,hold,hold,hold
gate2_id_256,8,45,43,svc_rbf,sham_tiny_gaussian_sigma_0.001,0.0,False,True,True,False,True,True,True,False,True,allow,hold,hold,hold,allow,hold,hold,hold,allow,allow,allow,hold,allow,hold,hold,hold,allow,hold,hold,hold
gate2_id_256,8,45,43,svc_rbf,sham_tiny_scaling_alpha_0.001,0.0,False,True,True,False,True,True,True,False,True,allow,hold,hold,hold,allow,hold,hold,hold,allow,allow,allow,hold,allow,hold,hold,hold,allow,hold,hold,hold
gate2_id_256,8,46,42,svc_rbf,sham_tiny_gaussian_sigma_0.001,0.0,False,True,True,False,True,True,True,False,True,allow,hold,hold,hold,allow,hold,hold,hold,allow,allow,allow,hold,allow,hold,hold,hold,allow,hold,hold,hold
gate2_id_256,8,46,42,svc_rbf,sham_tiny_scaling_alpha_0.001,0.0,False,True,True,False,True,True,True,False,True,allow,hold,hold,hold,allow,hold,hold,hold,allow,allow,allow,hold,allow,hold,hold,hold,allow,hold,hold,hold
gate2_id_256,8,46,43,svc_rbf,sham_tiny_gaussian_sigma_0.001,0.0,False,True,True,False,True,True,True,False,True,allow,hold,hold,hold,allow,hold,hold,hold,allow,allow,allow,hold,allow,hold,hold,hold,allow,hold,hold,hold
gate2_id_256,8,46,43,svc_rbf,sham_tiny_scaling_alpha_0.001,0.0,False,True,True,False,True,True,True,False,True,allow,hold,hold,hold,allow,hold,hold,hold,allow,allow,allow,hold,allow,hold,hold,hold,allow,hold,hold,hold
gate2_id_256,10,42,42,qsvc_zz_r1,sham_tiny_gaussian_sigma_0.001,0.0,False,True,True,False,True,True,True,False,True,allow,hold,hold,hold,allow,hold,hold,hold,allow,allow,allow,hold,allow,hold,hold,hold,allow,hold,hold,hold
gate2_id_256,10,42,42,qsvc_zz_r1,sham_tiny_scaling_alpha_0.001,-0.00390625,True,True,True,False,True,True,True,False,True,allow,hold,hold,hold,allow,hold,hold,hold,allow,allow,allow,hold,allow,hold,hold,hold,allow,block,block,block
gate2_id_256,10,42,43,qsvc_zz_r1,sham_tiny_gaussian_sigma_0.001,0.0,False,True,True,False,True,True,True,False,True,allow,hold,hold,hold,allow,hold,hold,hold,allow,allow,allow,hold,allow,hold,hold,hold,allow,hold,hold,hold
gate2_id_256,10,42,43,qsvc_zz_r1,sham_tiny_scaling_alpha_0.001,0.0,False,True,True,False,True,True,True,False,True,allow,hold,hold,hold,allow,hold,hold,hold,allow,allow,allow,hold,allow,hold,hold,hold,allow,hold,hold,hold
gate2_id_256,10,43,42,qsvc_zz_r1,sham_tiny_gaussian_sigma_0.001,0.0,False,True,True,False,True,True,True,False,True,allow,hold,hold,hold,allow,hold,hold,hold,allow,allow,allow,hold,allow,hold,hold,hold,allow,hold,hold,hold
gate2_id_256,10,43,42,qsvc_zz_r1,sham_tiny_scaling_alpha_0.001,0.0,False,True,True,False,True,True,True,False,True,allow,hold,hold,hold,allow,hold,hold,hold,allow,allow,allow,hold,allow,hold,hold,hold,allow,hold,hold,hold
gate2_id_256,10,43,43,qsvc_zz_r1,sham_tiny_gaussian_sigma_0.001,0.0,False,True,True,False,True,True,True,False,True,allow,hold,hold,hold,allow,hold,hold,hold,allow,allow,allow,hold,allow,hold,hold,hold,allow,hold,hold,hold
gate2_id_256,10,43,43,qsvc_zz_r1,sham_tiny_scaling_alpha_0.001,0.0,False,True,True,False,True,True,True,False,True,allow,hold,hold,hold,allow,hold,hold,hold,allow,allow,allow,hold,allow,hold,hold,hold,allow,hold,hold,hold
gate2_id_256,10,44,42,qsvc_zz_r1,sham_tiny_gaussian_sigma_0.001,0.0,False,True,True,False,True,True,True,False,True,allow,hold,hold,hold,allow,hold,hold,hold,allow,allow,allow,hold,allow,hold,hold,hold,allow,hold,hold,hold
gate2_id_256,10,44,42,qsvc_zz_r1,sham_tiny_scaling_alpha_0.001,-0.00390625,True,True,True,False,True,True,True,False,True,allow,hold,hold,hold,allow,hold,hold,hold,allow,allow,allow,hold,allow,hold,hold,hold,allow,block,block,block
gate2_id_256,10,44,43,qsvc_zz_r1,sham_tiny_gaussian_sigma_0.001,0.0,False,True,True,False,True,True,True,False,True,allow,hold,hold,hold,allow,hold,hold,hold,allow,allow,allow,hold,allow,hold,hold,hold,allow,hold,hold,hold
gate2_id_256,10,44,43,qsvc_zz_r1,sham_tiny_scaling_alpha_0.001,-0.00390625,True,True,True,False,True,True,True,False,True,allow,hold,hold,hold,allow,hold,hold,hold,allow,allow,allow,hold,allow,hold,hold,hold,allow,block,block,block
gate2_id_256,10,45,42,qsvc_zz_r1,sham_tiny_gaussian_sigma_0.001,0.0,False,True,True,False,True,True,True,False,True,allow,hold,hold,hold,allow,hold,hold,hold,allow,allow,allow,hold,allow,hold,hold,hold,allow,hold,hold,hold
gate2_id_256,10,45,42,qsvc_zz_r1,sham_tiny_scaling_alpha_0.001,0.0,False,True,True,False,True,True,True,False,True,allow,hold,hold,hold,allow,hold,hold,hold,allow,allow,allow,hold,allow,hold,hold,hold,allow,hold,hold,hold
gate2_id_256,10,45,43,qsvc_zz_r1,sham_tiny_gaussian_sigma_0.001,0.0,False,True,True,False,True,True,True,False,True,allow,hold,hold,hold,allow,hold,hold,hold,allow,allow,allow,hold,allow,hold,hold,hold,allow,hold,hold,hold
gate2_id_256,10,45,43,qsvc_zz_r1,sham_tiny_scaling_alpha_0.001,0.0,False,True,True,False,True,True,True,False,True,allow,hold,hold,hold,allow,hold,hold,hold,allow,allow,allow,hold,allow,hold,hold,hold,allow,hold,hold,hold
gate2_id_256,10,46,42,qsvc_zz_r1,sham_tiny_gaussian_sigma_0.001,0.0,False,True,True,False,True,True,True,False,True,allow,hold,hold,hold,allow,hold,hold,hold,allow,allow,allow,hold,allow,hold,hold,hold,allow,hold,hold,hold
gate2_id_256,10,46,42,qsvc_zz_r1,sham_tiny_scaling_alpha_0.001,-0.0078125,True,True,True,False,True,True,True,False,True,allow,hold,hold,hold,allow,hold,hold,hold,allow,allow,allow,hold,allow,hold,hold,hold,allow,block,block,block
gate2_id_256,10,46,43,qsvc_zz_r1,sham_tiny_gaussian_sigma_0.001,0.0,False,True,True,False,True,True,True,False,True,allow,hold,hold,hold,allow,hold,hold,hold,allow,allow,allow,hold,allow,hold,hold,hold,allow,hold,hold,hold
gate2_id_256,10,46,43,qsvc_zz_r1,sham_tiny_scaling_alpha_0.001,0.0,False,True,True,False,True,True,True,False,True,allow,hold,hold,hold,allow,hold,hold,hold,allow,allow,allow,hold,allow,hold,hold,hold,allow,hold,hold,hold
gate2_id_256,10,42,42,svc_rbf,sham_tiny_gaussian_sigma_0.001,0.0,False,True,True,False,True,True,True,False,True,allow,hold,hold,hold,allow,hold,hold,hold,allow,allow,allow,hold,allow,hold,hold,hold,allow,hold,hold,hold
gate2_id_256,10,42,42,svc_rbf,sham_tiny_scaling_alpha_0.001,0.0,False,True,True,False,True,True,True,False,True,allow,hold,hold,hold,allow,hold,hold,hold,allow,allow,allow,hold,allow,hold,hold,hold,allow,hold,hold,hold
gate2_id_256,10,42,43,svc_rbf,sham_tiny_gaussian_sigma_0.001,0.0,False,True,True,False,True,True,True,False,True,allow,hold,hold,hold,allow,hold,hold,hold,allow,allow,allow,hold,allow,hold,hold,hold,allow,hold,hold,hold
gate2_id_256,10,42,43,svc_rbf,sham_tiny_scaling_alpha_0.001,0.0,False,True,True,False,True,True,True,False,True,allow,hold,hold,hold,allow,hold,hold,hold,allow,allow,allow,hold,allow,hold,hold,hold,allow,hold,hold,hold
gate2_id_256,10,43,42,svc_rbf,sham_tiny_gaussian_sigma_0.001,0.0,False,True,True,False,True,True,True,False,True,allow,hold,hold,hold,allow,hold,hold,hold,allow,allow,allow,hold,allow,hold,hold,hold,allow,hold,hold,hold
gate2_id_256,10,43,42,svc_rbf,sham_tiny_scaling_alpha_0.001,-0.00390625,True,True,True,False,True,True,True,False,True,allow,hold,hold,hold,allow,hold,hold,hold,allow,allow,allow,hold,allow,hold,hold,hold,allow,block,block,block
gate2_id_256,10,43,43,svc_rbf,sham_tiny_gaussian_sigma_0.001,0.0,False,True,True,False,True,True,True,False,True,allow,hold,hold,hold,allow,hold,hold,hold,allow,allow,allow,hold,allow,hold,hold,hold,allow,hold,hold,hold
gate2_id_256,10,43,43,svc_rbf,sham_tiny_scaling_alpha_0.001,0.0,False,True,True,False,True,True,True,False,True,allow,hold,hold,hold,allow,hold,hold,hold,allow,allow,allow,hold,allow,hold,hold,hold,allow,hold,hold,hold
gate2_id_256,10,44,42,svc_rbf,sham_tiny_gaussian_sigma_0.001,0.0,False,True,True,False,True,True,True,False,True,allow,hold,hold,hold,allow,hold,hold,hold,allow,allow,allow,hold,allow,hold,hold,hold,allow,hold,hold,hold
gate2_id_256,10,44,42,svc_rbf,sham_tiny_scaling_alpha_0.001,0.0,False,True,True,False,True,True,True,False,True,allow,hold,hold,hold,allow,hold,hold,hold,allow,allow,allow,hold,allow,hold,hold,hold,allow,hold,hold,hold
gate2_id_256,10,44,43,svc_rbf,sham_tiny_gaussian_sigma_0.001,0.0,False,True,True,False,True,True,True,False,True,allow,hold,hold,hold,allow,hold,hold,hold,allow,allow,allow,hold,allow,hold,hold,hold,allow,hold,hold,hold
gate2_id_256,10,44,43,svc_rbf,sham_tiny_scaling_alpha_0.001,0.0,False,True,True,False,True,True,True,False,True,allow,hold,hold,hold,allow,hold,hold,hold,allow,allow,allow,hold,allow,hold,hold,hold,allow,hold,hold,hold
gate2_id_256,10,45,42,svc_rbf,sham_tiny_gaussian_sigma_0.001,0.0,False,True,True,False,True,True,True,False,True,allow,hold,hold,hold,allow,hold,hold,hold,allow,allow,allow,hold,allow,hold,hold,hold,allow,hold,hold,hold
gate2_id_256,10,45,42,svc_rbf,sham_tiny_scaling_alpha_0.001,0.0,False,True,True,False,True,True,True,False,True,allow,hold,hold,hold,allow,hold,hold,hold,allow,allow,allow,hold,allow,hold,hold,hold,allow,hold,hold,hold
gate2_id_256,10,45,43,svc_rbf,sham_tiny_gaussian_sigma_0.001,0.0,False,True,True,False,True,True,True,False,True,allow,hold,hold,hold,allow,hold,hold,hold,allow,allow,allow,hold,allow,hold,hold,hold,allow,hold,hold,hold
gate2_id_256,10,45,43,svc_rbf,sham_tiny_scaling_alpha_0.001,0.0,False,True,True,False,True,True,True,False,True,allow,hold,hold,hold,allow,hold,hold,hold,allow,allow,allow,hold,allow,hold,hold,hold,allow,hold,hold,hold
gate2_id_256,10,46,42,svc_rbf,sham_tiny_gaussian_sigma_0.001,0.0,False,True,True,False,True,True,True,False,True,allow,hold,hold,hold,allow,hold,hold,hold,allow,allow,allow,hold,allow,hold,hold,hold,allow,hold,hold,hold
gate2_id_256,10,46,42,svc_rbf,sham_tiny_scaling_alpha_0.001,0.0,False,True,True,False,True,True,True,False,True,allow,hold,hold,hold,allow,hold,hold,hold,allow,allow,allow,hold,allow,hold,hold,hold,allow,hold,hold,hold
gate2_id_256,10,46,43,svc_rbf,sham_tiny_gaussian_sigma_0.001,0.0,False,True,True,False,True,True,True,False,True,allow,hold,hold,hold,allow,hold,hold,hold,allow,allow,allow,hold,allow,hold,hold,hold,allow,hold,hold,hold
gate2_id_256,10,46,43,svc_rbf,sham_tiny_scaling_alpha_0.001,0.0,False,True,True,False,True,True,True,False,True,allow,hold,hold,hold,allow,hold,hold,hold,allow,allow,allow,hold,allow,hold,hold,hold,allow,hold,hold,hold
gate2_id_256,12,42,42,qsvc_zz_r1,sham_tiny_gaussian_sigma_0.001,-0.00390625,True,True,True,False,True,True,True,False,True,allow,hold,hold,hold,allow,hold,hold,hold,allow,allow,allow,hold,allow,hold,hold,hold,allow,block,block,block
gate2_id_256,12,42,42,qsvc_zz_r1,sham_tiny_scaling_alpha_0.001,0.0,False,True,True,False,True,True,True,False,True,allow,hold,hold,hold,allow,hold,hold,hold,allow,allow,allow,hold,allow,hold,hold,hold,allow,hold,hold,hold
gate2_id_256,12,42,43,qsvc_zz_r1,sham_tiny_gaussian_sigma_0.001,-0.00390625,True,True,True,False,True,True,True,False,True,allow,hold,hold,hold,allow,hold,hold,hold,allow,allow,allow,hold,allow,hold,hold,hold,allow,block,block,block
gate2_id_256,12,42,43,qsvc_zz_r1,sham_tiny_scaling_alpha_0.001,0.0,False,True,True,False,True,True,True,False,True,allow,hold,hold,hold,allow,hold,hold,hold,allow,allow,allow,hold,allow,hold,hold,hold,allow,hold,hold,hold
gate2_id_256,12,43,42,qsvc_zz_r1,sham_tiny_gaussian_sigma_0.001,0.0,False,True,True,False,True,True,True,False,True,allow,hold,hold,hold,allow,hold,hold,hold,allow,allow,allow,hold,allow,hold,hold,hold,allow,hold,hold,hold
gate2_id_256,12,43,42,qsvc_zz_r1,sham_tiny_scaling_alpha_0.001,0.0,False,True,True,False,True,True,True,False,True,allow,hold,hold,hold,allow,hold,hold,hold,allow,allow,allow,hold,allow,hold,hold,hold,allow,hold,hold,hold
gate2_id_256,12,43,43,qsvc_zz_r1,sham_tiny_gaussian_sigma_0.001,0.0,False,True,True,False,True,True,True,False,True,allow,hold,hold,hold,allow,hold,hold,hold,allow,allow,allow,hold,allow,hold,hold,hold,allow,hold,hold,hold
gate2_id_256,12,43,43,qsvc_zz_r1,sham_tiny_scaling_alpha_0.001,0.0,False,True,True,False,True,True,True,False,True,allow,hold,hold,hold,allow,hold,hold,hold,allow,allow,allow,hold,allow,hold,hold,hold,allow,hold,hold,hold
gate2_id_256,12,44,42,qsvc_zz_r1,sham_tiny_gaussian_sigma_0.001,0.0,False,True,True,False,True,True,True,False,True,allow,hold,hold,hold,allow,hold,hold,hold,allow,allow,allow,hold,allow,hold,hold,hold,allow,hold,hold,hold
gate2_id_256,12,44,42,qsvc_zz_r1,sham_tiny_scaling_alpha_0.001,0.0,False,True,True,False,True,True,True,False,True,allow,hold,hold,hold,allow,hold,hold,hold,allow,allow,allow,hold,allow,hold,hold,hold,allow,hold,hold,hold
gate2_id_256,12,44,43,qsvc_zz_r1,sham_tiny_gaussian_sigma_0.001,0.0,False,True,True,False,True,True,True,False,True,allow,hold,hold,hold,allow,hold,hold,hold,allow,allow,allow,hold,allow,hold,hold,hold,allow,hold,hold,hold
gate2_id_256,12,44,43,qsvc_zz_r1,sham_tiny_scaling_alpha_0.001,-0.00390625,True,True,True,False,True,True,True,False,True,allow,hold,hold,hold,allow,hold,hold,hold,allow,allow,allow,hold,allow,hold,hold,hold,allow,block,block,block
gate2_id_256,12,45,42,qsvc_zz_r1,sham_tiny_gaussian_sigma_0.001,0.0,False,True,True,False,True,True,True,False,True,allow,hold,hold,hold,allow,hold,hold,hold,allow,allow,allow,hold,allow,hold,hold,hold,allow,hold,hold,hold
gate2_id_256,12,45,42,qsvc_zz_r1,sham_tiny_scaling_alpha_0.001,0.0,False,True,True,False,True,True,True,False,True,allow,hold,hold,hold,allow,hold,hold,hold,allow,allow,allow,hold,allow,hold,hold,hold,allow,hold,hold,hold
gate2_id_256,12,45,43,qsvc_zz_r1,sham_tiny_gaussian_sigma_0.001,0.0,False,True,True,False,True,True,True,False,True,allow,hold,hold,hold,allow,hold,hold,hold,allow,allow,allow,hold,allow,hold,hold,hold,allow,hold,hold,hold
gate2_id_256,12,45,43,qsvc_zz_r1,sham_tiny_scaling_alpha_0.001,-0.00390625,True,True,True,False,True,True,True,False,True,allow,hold,hold,hold,allow,hold,hold,hold,allow,allow,allow,hold,allow,hold,hold,hold,allow,block,block,block
gate2_id_256,12,46,42,qsvc_zz_r1,sham_tiny_gaussian_sigma_0.001,0.0,False,True,True,False,True,True,True,False,True,allow,hold,hold,hold,allow,hold,hold,hold,allow,allow,allow,hold,allow,hold,hold,hold,allow,hold,hold,hold
gate2_id_256,12,46,42,qsvc_zz_r1,sham_tiny_scaling_alpha_0.001,0.0,False,True,True,False,True,True,True,False,True,allow,hold,hold,hold,allow,hold,hold,hold,allow,allow,allow,hold,allow,hold,hold,hold,allow,hold,hold,hold
gate2_id_256,12,46,43,qsvc_zz_r1,sham_tiny_gaussian_sigma_0.001,0.0,False,True,True,False,True,True,True,False,True,allow,hold,hold,hold,allow,hold,hold,hold,allow,allow,allow,hold,allow,hold,hold,hold,allow,hold,hold,hold
gate2_id_256,12,46,43,qsvc_zz_r1,sham_tiny_scaling_alpha_0.001,0.0,False,True,True,False,True,True,True,False,True,allow,hold,hold,hold,allow,hold,hold,hold,allow,allow,allow,hold,allow,hold,hold,hold,allow,hold,hold,hold
gate2_id_256,12,42,42,svc_rbf,sham_tiny_gaussian_sigma_0.001,0.0,False,True,True,False,True,True,True,False,True,allow,hold,hold,hold,allow,hold,hold,hold,allow,allow,allow,hold,allow,hold,hold,hold,allow,hold,hold,hold
gate2_id_256,12,42,42,svc_rbf,sham_tiny_scaling_alpha_0.001,0.0,False,True,True,False,True,True,True,False,True,allow,hold,hold,hold,allow,hold,hold,hold,allow,allow,allow,hold,allow,hold,hold,hold,allow,hold,hold,hold
gate2_id_256,12,42,43,svc_rbf,sham_tiny_gaussian_sigma_0.001,0.0,False,True,True,False,True,True,True,False,True,allow,hold,hold,hold,allow,hold,hold,hold,allow,allow,allow,hold,allow,hold,hold,hold,allow,hold,hold,hold
gate2_id_256,12,42,43,svc_rbf,sham_tiny_scaling_alpha_0.001,0.0,False,True,True,False,True,True,True,False,True,allow,hold,hold,hold,allow,hold,hold,hold,allow,allow,allow,hold,allow,hold,hold,hold,allow,hold,hold,hold
gate2_id_256,12,43,42,svc_rbf,sham_tiny_gaussian_sigma_0.001,0.0,False,True,True,False,True,True,True,False,True,allow,hold,hold,hold,allow,hold,hold,hold,allow,allow,allow,hold,allow,hold,hold,hold,allow,hold,hold,hold
gate2_id_256,12,43,42,svc_rbf,sham_tiny_scaling_alpha_0.001,0.0,False,True,True,False,True,True,True,False,True,allow,hold,hold,hold,allow,hold,hold,hold,allow,allow,allow,hold,allow,hold,hold,hold,allow,hold,hold,hold
gate2_id_256,12,43,43,svc_rbf,sham_tiny_gaussian_sigma_0.001,0.0,False,True,True,False,True,True,True,False,True,allow,hold,hold,hold,allow,hold,hold,hold,allow,allow,allow,hold,allow,hold,hold,hold,allow,hold,hold,hold
gate2_id_256,12,43,43,svc_rbf,sham_tiny_scaling_alpha_0.001,0.0,False,True,True,False,True,True,True,False,True,allow,hold,hold,hold,allow,hold,hold,hold,allow,allow,allow,hold,allow,hold,hold,hold,allow,hold,hold,hold
gate2_id_256,12,44,42,svc_rbf,sham_tiny_gaussian_sigma_0.001,0.0,False,True,True,False,True,True,True,False,True,allow,hold,hold,hold,allow,hold,hold,hold,allow,allow,allow,hold,allow,hold,hold,hold,allow,hold,hold,hold
gate2_id_256,12,44,42,svc_rbf,sham_tiny_scaling_alpha_0.001,0.0,False,True,True,False,True,True,True,False,True,allow,hold,hold,hold,allow,hold,hold,hold,allow,allow,allow,hold,allow,hold,hold,hold,allow,hold,hold,hold
gate2_id_256,12,44,43,svc_rbf,sham_tiny_gaussian_sigma_0.001,0.0,False,True,True,False,True,True,True,False,True,allow,hold,hold,hold,allow,hold,hold,hold,allow,allow,allow,hold,allow,hold,hold,hold,allow,hold,hold,hold
gate2_id_256,12,44,43,svc_rbf,sham_tiny_scaling_alpha_0.001,0.0,False,True,True,False,True,True,True,False,True,allow,hold,hold,hold,allow,hold,hold,hold,allow,allow,allow,hold,allow,hold,hold,hold,allow,hold,hold,hold
gate2_id_256,12,45,42,svc_rbf,sham_tiny_gaussian_sigma_0.001,0.0,False,True,True,False,True,True,True,False,True,allow,hold,hold,hold,allow,hold,hold,hold,allow,allow,allow,hold,allow,hold,hold,hold,allow,hold,hold,hold
gate2_id_256,12,45,42,svc_rbf,sham_tiny_scaling_alpha_0.001,0.0,False,True,True,False,True,True,True,False,True,allow,hold,hold,hold,allow,hold,hold,hold,allow,allow,allow,hold,allow,hold,hold,hold,allow,hold,hold,hold
gate2_id_256,12,45,43,svc_rbf,sham_tiny_gaussian_sigma_0.001,0.0,False,True,True,False,True,True,True,False,True,allow,hold,hold,hold,allow,hold,hold,hold,allow,allow,allow,hold,allow,hold,hold,hold,allow,hold,hold,hold
gate2_id_256,12,45,43,svc_rbf,sham_tiny_scaling_alpha_0.001,0.0,False,True,True,False,True,True,True,False,True,allow,hold,hold,hold,allow,hold,hold,hold,allow,allow,allow,hold,allow,hold,hold,hold,allow,hold,hold,hold
gate2_id_256,12,46,42,svc_rbf,sham_tiny_gaussian_sigma_0.001,0.0,False,True,True,False,True,True,True,False,True,allow,hold,hold,hold,allow,hold,hold,hold,allow,allow,allow,hold,allow,hold,hold,hold,allow,hold,hold,hold
gate2_id_256,12,46,42,svc_rbf,sham_tiny_scaling_alpha_0.001,0.0,False,True,True,False,True,True,True,False,True,allow,hold,hold,hold,allow,hold,hold,hold,allow,allow,allow,hold,allow,hold,hold,hold,allow,hold,hold,hold
gate2_id_256,12,46,43,svc_rbf,sham_tiny_gaussian_sigma_0.001,0.0,False,True,True,False,True,True,True,False,True,allow,hold,hold,hold,allow,hold,hold,hold,allow,allow,allow,hold,allow,hold,hold,hold,allow,hold,hold,hold
gate2_id_256,12,46,43,svc_rbf,sham_tiny_scaling_alpha_0.001,0.0,False,True,True,False,True,True,True,False,True,allow,hold,hold,hold,allow,hold,hold,hold,allow,allow,allow,hold,allow,hold,hold,hold,allow,hold,hold,hold
gate3a_ood_tue_wed,8,42,42,qsvc_zz_r1,sham_tiny_gaussian_sigma_0.001,0.0,False,True,True,False,True,True,True,False,True,allow,hold,hold,hold,allow,hold,hold,hold,allow,allow,allow,hold,allow,hold,hold,hold,allow,hold,hold,hold
gate3a_ood_tue_wed,8,42,42,qsvc_zz_r1,sham_tiny_scaling_alpha_0.001,0.0,False,True,True,False,True,True,True,False,True,allow,hold,hold,hold,allow,hold,hold,hold,allow,allow,allow,hold,allow,hold,hold,hold,allow,hold,hold,hold
gate3a_ood_tue_wed,8,42,43,qsvc_zz_r1,sham_tiny_gaussian_sigma_0.001,0.0,False,True,True,False,True,True,True,False,True,allow,hold,hold,hold,allow,hold,hold,hold,allow,allow,allow,hold,allow,hold,hold,hold,allow,hold,hold,hold
gate3a_ood_tue_wed,8,42,43,qsvc_zz_r1,sham_tiny_scaling_alpha_0.001,0.0,False,True,True,False,True,True,True,False,True,allow,hold,hold,hold,allow,hold,hold,hold,allow,allow,allow,hold,allow,hold,hold,hold,allow,hold,hold,hold
gate3a_ood_tue_wed,8,43,42,qsvc_zz_r1,sham_tiny_gaussian_sigma_0.001,0.0,False,True,True,False,True,True,True,False,True,allow,hold,hold,hold,allow,hold,hold,hold,allow,allow,allow,hold,allow,hold,hold,hold,allow,hold,hold,hold
gate3a_ood_tue_wed,8,43,42,qsvc_zz_r1,sham_tiny_scaling_alpha_0.001,0.0,False,True,True,False,True,True,True,False,True,allow,hold,hold,hold,allow,hold,hold,hold,allow,allow,allow,hold,allow,hold,hold,hold,allow,hold,hold,hold
gate3a_ood_tue_wed,8,43,43,qsvc_zz_r1,sham_tiny_gaussian_sigma_0.001,0.0,False,True,True,False,True,True,True,False,True,allow,hold,hold,hold,allow,hold,hold,hold,allow,allow,allow,hold,allow,hold,hold,hold,allow,hold,hold,hold
gate3a_ood_tue_wed,8,43,43,qsvc_zz_r1,sham_tiny_scaling_alpha_0.001,0.0,False,True,True,False,True,True,True,False,True,allow,hold,hold,hold,allow,hold,hold,hold,allow,allow,allow,hold,allow,hold,hold,hold,allow,hold,hold,hold
gate3a_ood_tue_wed,8,44,42,qsvc_zz_r1,sham_tiny_gaussian_sigma_0.001,0.0,False,True,True,False,True,True,True,False,True,allow,hold,hold,hold,allow,hold,hold,hold,allow,allow,allow,hold,allow,hold,hold,hold,allow,hold,hold,hold
gate3a_ood_tue_wed,8,44,42,qsvc_zz_r1,sham_tiny_scaling_alpha_0.001,0.0,False,True,True,False,True,True,True,False,True,allow,hold,hold,hold,allow,hold,hold,hold,allow,allow,allow,hold,allow,hold,hold,hold,allow,hold,hold,hold
gate3a_ood_tue_wed,8,44,43,qsvc_zz_r1,sham_tiny_gaussian_sigma_0.001,0.0,False,True,True,False,True,True,True,False,True,allow,hold,hold,hold,allow,hold,hold,hold,allow,allow,allow,hold,allow,hold,hold,hold,allow,hold,hold,hold
gate3a_ood_tue_wed,8,44,43,qsvc_zz_r1,sham_tiny_scaling_alpha_0.001,0.0,False,True,True,False,True,True,True,False,True,allow,hold,hold,hold,allow,hold,hold,hold,allow,allow,allow,hold,allow,hold,hold,hold,allow,hold,hold,hold
gate3a_ood_tue_wed,8,45,42,qsvc_zz_r1,sham_tiny_gaussian_sigma_0.001,0.0,False,True,True,False,True,True,True,False,True,allow,hold,hold,hold,allow,hold,hold,hold,allow,allow,allow,hold,allow,hold,hold,hold,allow,hold,hold,hold
gate3a_ood_tue_wed,8,45,42,qsvc_zz_r1,sham_tiny_scaling_alpha_0.001,0.0,False,True,True,False,True,True,True,False,True,allow,hold,hold,hold,allow,hold,hold,hold,allow,allow,allow,hold,allow,hold,hold,hold,allow,hold,hold,hold
gate3a_ood_tue_wed,8,45,43,qsvc_zz_r1,sham_tiny_gaussian_sigma_0.001,0.0,False,True,True,False,True,True,True,False,True,allow,hold,hold,hold,allow,hold,hold,hold,allow,allow,allow,hold,allow,hold,hold,hold,allow,hold,hold,hold
gate3a_ood_tue_wed,8,45,43,qsvc_zz_r1,sham_tiny_scaling_alpha_0.001,0.0,False,True,True,False,True,True,True,False,True,allow,hold,hold,hold,allow,hold,hold,hold,allow,allow,allow,hold,allow,hold,hold,hold,allow,hold,hold,hold
gate3a_ood_tue_wed,8,46,42,qsvc_zz_r1,sham_tiny_gaussian_sigma_0.001,0.0,False,True,True,False,True,True,True,False,True,allow,hold,hold,hold,allow,hold,hold,hold,allow,allow,allow,hold,allow,hold,hold,hold,allow,hold,hold,hold
gate3a_ood_tue_wed,8,46,42,qsvc_zz_r1,sham_tiny_scaling_alpha_0.001,0.0,False,True,True,False,True,True,True,False,True,allow,hold,hold,hold,allow,hold,hold,hold,allow,allow,allow,hold,allow,hold,hold,hold,allow,hold,hold,hold
gate3a_ood_tue_wed,8,46,43,qsvc_zz_r1,sham_tiny_gaussian_sigma_0.001,0.0,False,True,True,False,True,True,True,False,True,allow,hold,hold,hold,allow,hold,hold,hold,allow,allow,allow,hold,allow,hold,hold,hold,allow,hold,hold,hold
gate3a_ood_tue_wed,8,46,43,qsvc_zz_r1,sham_tiny_scaling_alpha_0.001,0.0,False,True,True,False,True,True,True,False,True,allow,hold,hold,hold,allow,hold,hold,hold,allow,allow,allow,hold,allow,hold,hold,hold,allow,hold,hold,hold
gate3a_ood_tue_wed,8,42,42,svc_rbf,sham_tiny_gaussian_sigma_0.001,0.0,False,True,True,False,True,True,True,False,True,allow,hold,hold,hold,allow,hold,hold,hold,allow,allow,allow,hold,allow,hold,hold,hold,allow,hold,hold,hold
gate3a_ood_tue_wed,8,42,42,svc_rbf,sham_tiny_scaling_alpha_0.001,0.0,False,True,True,False,True,True,True,False,True,allow,hold,hold,hold,allow,hold,hold,hold,allow,allow,allow,hold,allow,hold,hold,hold,allow,hold,hold,hold
gate3a_ood_tue_wed,8,42,43,svc_rbf,sham_tiny_gaussian_sigma_0.001,0.0,False,True,True,False,True,False,False,False,False,allow,hold,allow,hold,allow,hold,allow,hold,allow,allow,allow,hold,allow,hold,allow,allow,allow,hold,allow,allow
gate3a_ood_tue_wed,8,42,43,svc_rbf,sham_tiny_scaling_alpha_0.001,0.0,False,True,True,False,True,True,True,False,True,allow,hold,hold,hold,allow,hold,hold,hold,allow,allow,allow,hold,allow,hold,hold,hold,allow,hold,hold,hold
gate3a_ood_tue_wed,8,43,42,svc_rbf,sham_tiny_gaussian_sigma_0.001,0.0,False,True,True,False,True,True,True,False,True,allow,hold,hold,hold,allow,hold,hold,hold,allow,allow,allow,hold,allow,hold,hold,hold,allow,hold,hold,hold
gate3a_ood_tue_wed,8,43,42,svc_rbf,sham_tiny_scaling_alpha_0.001,0.0,False,True,True,False,True,True,True,False,True,allow,hold,hold,hold,allow,hold,hold,hold,allow,allow,allow,hold,allow,hold,hold,hold,allow,hold,hold,hold
gate3a_ood_tue_wed,8,43,43,svc_rbf,sham_tiny_gaussian_sigma_0.001,0.0,False,True,True,False,True,True,True,False,True,allow,hold,hold,hold,allow,hold,hold,hold,allow,allow,allow,hold,allow,hold,hold,hold,allow,hold,hold,hold
gate3a_ood_tue_wed,8,43,43,svc_rbf,sham_tiny_scaling_alpha_0.001,0.0,False,True,True,False,True,True,True,False,True,allow,hold,hold,hold,allow,hold,hold,hold,allow,allow,allow,hold,allow,hold,hold,hold,allow,hold,hold,hold
gate3a_ood_tue_wed,8,44,42,svc_rbf,sham_tiny_gaussian_sigma_0.001,0.0,False,True,True,False,True,True,True,False,True,allow,hold,hold,hold,allow,hold,hold,hold,allow,allow,allow,hold,allow,hold,hold,hold,allow,hold,hold,hold
gate3a_ood_tue_wed,8,44,42,svc_rbf,sham_tiny_scaling_alpha_0.001,0.0,False,True,True,False,True,True,True,False,True,allow,hold,hold,hold,allow,hold,hold,hold,allow,allow,allow,hold,allow,hold,hold,hold,allow,hold,hold,hold
gate3a_ood_tue_wed,8,44,43,svc_rbf,sham_tiny_gaussian_sigma_0.001,0.0,False,True,True,False,True,True,True,False,True,allow,hold,hold,hold,allow,hold,hold,hold,allow,allow,allow,hold,allow,hold,hold,hold,allow,hold,hold,hold
gate3a_ood_tue_wed,8,44,43,svc_rbf,sham_tiny_scaling_alpha_0.001,0.0,False,True,True,False,True,True,True,False,True,allow,hold,hold,hold,allow,hold,hold,hold,allow,allow,allow,hold,allow,hold,hold,hold,allow,hold,hold,hold
gate3a_ood_tue_wed,8,45,42,svc_rbf,sham_tiny_gaussian_sigma_0.001,0.0,False,True,True,False,True,True,True,False,True,allow,hold,hold,hold,allow,hold,hold,hold,allow,allow,allow,hold,allow,hold,hold,hold,allow,hold,hold,hold
gate3a_ood_tue_wed,8,45,42,svc_rbf,sham_tiny_scaling_alpha_0.001,0.0,False,True,True,False,True,True,True,False,True,allow,hold,hold,hold,allow,hold,hold,hold,allow,allow,allow,hold,allow,hold,hold,hold,allow,hold,hold,hold
gate3a_ood_tue_wed,8,45,43,svc_rbf,sham_tiny_gaussian_sigma_0.001,0.0,False,True,True,False,True,True,True,False,True,allow,hold,hold,hold,allow,hold,hold,hold,allow,allow,allow,hold,allow,hold,hold,hold,allow,hold,hold,hold
gate3a_ood_tue_wed,8,45,43,svc_rbf,sham_tiny_scaling_alpha_0.001,0.0,False,True,True,False,True,True,True,False,True,allow,hold,hold,hold,allow,hold,hold,hold,allow,allow,allow,hold,allow,hold,hold,hold,allow,hold,hold,hold
gate3a_ood_tue_wed,8,46,42,svc_rbf,sham_tiny_gaussian_sigma_0.001,0.0,False,True,True,False,True,True,True,False,True,allow,hold,hold,hold,allow,hold,hold,hold,allow,allow,allow,hold,allow,hold,hold,hold,allow,hold,hold,hold
gate3a_ood_tue_wed,8,46,42,svc_rbf,sham_tiny_scaling_alpha_0.001,0.0,False,True,True,False,True,True,True,False,True,allow,hold,hold,hold,allow,hold,hold,hold,allow,allow,allow,hold,allow,hold,hold,hold,allow,hold,hold,hold
gate3a_ood_tue_wed,8,46,43,svc_rbf,sham_tiny_gaussian_sigma_0.001,0.0,False,True,True,False,True,False,False,False,False,allow,hold,allow,hold,allow,hold,allow,hold,allow,allow,allow,hold,allow,hold,allow,allow,allow,hold,allow,allow
gate3a_ood_tue_wed,8,46,43,svc_rbf,sham_tiny_scaling_alpha_0.001,0.0,False,True,True,False,True,True,True,False,True,allow,hold,hold,hold,allow,hold,hold,hold,allow,allow,allow,hold,allow,hold,hold,hold,allow,hold,hold,hold
gate3a_ood_tue_wed,10,42,42,qsvc_zz_r1,sham_tiny_gaussian_sigma_0.001,-0.015625,True,True,True,False,True,True,True,False,True,allow,hold,hold,hold,allow,hold,hold,hold,allow,allow,allow,hold,allow,hold,hold,hold,allow,block,block,block
gate3a_ood_tue_wed,10,42,42,qsvc_zz_r1,sham_tiny_scaling_alpha_0.001,-0.03125,True,True,True,False,True,True,True,False,True,allow,hold,hold,hold,allow,hold,hold,hold,allow,allow,allow,hold,allow,hold,hold,hold,allow,block,block,block
gate3a_ood_tue_wed,10,42,43,qsvc_zz_r1,sham_tiny_gaussian_sigma_0.001,0.0,False,True,True,False,True,True,True,False,True,allow,hold,hold,hold,allow,hold,hold,hold,allow,allow,allow,hold,allow,hold,hold,hold,allow,hold,hold,hold
gate3a_ood_tue_wed,10,42,43,qsvc_zz_r1,sham_tiny_scaling_alpha_0.001,0.0,False,True,True,False,True,True,True,False,True,allow,hold,hold,hold,allow,hold,hold,hold,allow,allow,allow,hold,allow,hold,hold,hold,allow,hold,hold,hold
gate3a_ood_tue_wed,10,43,42,qsvc_zz_r1,sham_tiny_gaussian_sigma_0.001,0.0,False,True,True,False,True,True,True,False,True,allow,hold,hold,hold,allow,hold,hold,hold,allow,allow,allow,hold,allow,hold,hold,hold,allow,hold,hold,hold
gate3a_ood_tue_wed,10,43,42,qsvc_zz_r1,sham_tiny_scaling_alpha_0.001,0.0,False,True,True,False,True,True,True,False,True,allow,hold,hold,hold,allow,hold,hold,hold,allow,allow,allow,hold,allow,hold,hold,hold,allow,hold,hold,hold
gate3a_ood_tue_wed,10,43,43,qsvc_zz_r1,sham_tiny_gaussian_sigma_0.001,0.0,False,True,True,False,True,True,True,False,True,allow,hold,hold,hold,allow,hold,hold,hold,allow,allow,allow,hold,allow,hold,hold,hold,allow,hold,hold,hold
gate3a_ood_tue_wed,10,43,43,qsvc_zz_r1,sham_tiny_scaling_alpha_0.001,0.0,False,True,True,False,True,True,True,False,True,allow,hold,hold,hold,allow,hold,hold,hold,allow,allow,allow,hold,allow,hold,hold,hold,allow,hold,hold,hold
gate3a_ood_tue_wed,10,44,42,qsvc_zz_r1,sham_tiny_gaussian_sigma_0.001,0.0078125,True,True,True,False,True,True,True,False,True,allow,hold,hold,hold,allow,hold,hold,hold,allow,allow,allow,hold,allow,hold,hold,hold,allow,block,block,block
gate3a_ood_tue_wed,10,44,42,qsvc_zz_r1,sham_tiny_scaling_alpha_0.001,0.0234375,True,True,True,False,True,True,True,False,True,allow,hold,hold,hold,allow,hold,hold,hold,allow,allow,allow,hold,allow,hold,hold,hold,allow,block,block,block
gate3a_ood_tue_wed,10,44,43,qsvc_zz_r1,sham_tiny_gaussian_sigma_0.001,0.0,False,True,True,False,True,True,True,False,True,allow,hold,hold,hold,allow,hold,hold,hold,allow,allow,allow,hold,allow,hold,hold,hold,allow,hold,hold,hold
gate3a_ood_tue_wed,10,44,43,qsvc_zz_r1,sham_tiny_scaling_alpha_0.001,0.0,False,True,True,False,True,True,True,False,True,allow,hold,hold,hold,allow,hold,hold,hold,allow,allow,allow,hold,allow,hold,hold,hold,allow,hold,hold,hold
gate3a_ood_tue_wed,10,45,42,qsvc_zz_r1,sham_tiny_gaussian_sigma_0.001,0.0,False,True,True,False,True,True,True,False,True,allow,hold,hold,hold,allow,hold,hold,hold,allow,allow,allow,hold,allow,hold,hold,hold,allow,hold,hold,hold
gate3a_ood_tue_wed,10,45,42,qsvc_zz_r1,sham_tiny_scaling_alpha_0.001,0.0,False,True,True,False,True,True,True,False,True,allow,hold,hold,hold,allow,hold,hold,hold,allow,allow,allow,hold,allow,hold,hold,hold,allow,hold,hold,hold
gate3a_ood_tue_wed,10,45,43,qsvc_zz_r1,sham_tiny_gaussian_sigma_0.001,0.0,False,True,True,False,True,True,True,False,True,allow,hold,hold,hold,allow,hold,hold,hold,allow,allow,allow,hold,allow,hold,hold,hold,allow,hold,hold,hold
gate3a_ood_tue_wed,10,45,43,qsvc_zz_r1,sham_tiny_scaling_alpha_0.001,0.0,False,True,True,False,True,True,True,False,True,allow,hold,hold,hold,allow,hold,hold,hold,allow,allow,allow,hold,allow,hold,hold,hold,allow,hold,hold,hold
gate3a_ood_tue_wed,10,46,42,qsvc_zz_r1,sham_tiny_gaussian_sigma_0.001,0.0,False,True,True,False,True,True,True,False,True,allow,hold,hold,hold,allow,hold,hold,hold,allow,allow,allow,hold,allow,hold,hold,hold,allow,hold,hold,hold
gate3a_ood_tue_wed,10,46,42,qsvc_zz_r1,sham_tiny_scaling_alpha_0.001,0.0,False,True,True,False,True,True,True,False,True,allow,hold,hold,hold,allow,hold,hold,hold,allow,allow,allow,hold,allow,hold,hold,hold,allow,hold,hold,hold
gate3a_ood_tue_wed,10,46,43,qsvc_zz_r1,sham_tiny_gaussian_sigma_0.001,0.0,False,True,True,False,True,True,True,False,True,allow,hold,hold,hold,allow,hold,hold,hold,allow,allow,allow,hold,allow,hold,hold,hold,allow,hold,hold,hold
gate3a_ood_tue_wed,10,46,43,qsvc_zz_r1,sham_tiny_scaling_alpha_0.001,0.0,False,True,True,False,True,True,True,False,True,allow,hold,hold,hold,allow,hold,hold,hold,allow,allow,allow,hold,allow,hold,hold,hold,allow,hold,hold,hold
gate3a_ood_tue_wed,10,42,42,svc_rbf,sham_tiny_gaussian_sigma_0.001,0.0,False,True,True,False,True,True,True,False,True,allow,hold,hold,hold,allow,hold,hold,hold,allow,allow,allow,hold,allow,hold,hold,hold,allow,hold,hold,hold
gate3a_ood_tue_wed,10,42,42,svc_rbf,sham_tiny_scaling_alpha_0.001,0.0,False,True,True,False,True,True,True,False,True,allow,hold,hold,hold,allow,hold,hold,hold,allow,allow,allow,hold,allow,hold,hold,hold,allow,hold,hold,hold
gate3a_ood_tue_wed,10,42,43,svc_rbf,sham_tiny_gaussian_sigma_0.001,0.0,False,True,True,False,True,True,True,False,True,allow,hold,hold,hold,allow,hold,hold,hold,allow,allow,allow,hold,allow,hold,hold,hold,allow,hold,hold,hold
gate3a_ood_tue_wed,10,42,43,svc_rbf,sham_tiny_scaling_alpha_0.001,0.0,False,True,True,False,True,True,True,False,True,allow,hold,hold,hold,allow,hold,hold,hold,allow,allow,allow,hold,allow,hold,hold,hold,allow,hold,hold,hold
gate3a_ood_tue_wed,10,43,42,svc_rbf,sham_tiny_gaussian_sigma_0.001,0.0,False,True,True,False,True,True,True,False,True,allow,hold,hold,hold,allow,hold,hold,hold,allow,allow,allow,hold,allow,hold,hold,hold,allow,hold,hold,hold
gate3a_ood_tue_wed,10,43,42,svc_rbf,sham_tiny_scaling_alpha_0.001,0.0,False,True,True,False,True,True,True,False,True,allow,hold,hold,hold,allow,hold,hold,hold,allow,allow,allow,hold,allow,hold,hold,hold,allow,hold,hold,hold
gate3a_ood_tue_wed,10,43,43,svc_rbf,sham_tiny_gaussian_sigma_0.001,0.0,False,False,False,False,False,False,False,False,False,allow,allow,allow,hold,allow,allow,allow,hold,allow,allow,allow,hold,allow,allow,allow,allow,allow,allow,allow,allow
gate3a_ood_tue_wed,10,43,43,svc_rbf,sham_tiny_scaling_alpha_0.001,0.0,False,True,True,False,True,True,True,False,True,allow,hold,hold,hold,allow,hold,hold,hold,allow,allow,allow,hold,allow,hold,hold,hold,allow,hold,hold,hold
gate3a_ood_tue_wed,10,44,42,svc_rbf,sham_tiny_gaussian_sigma_0.001,0.0,False,True,True,False,True,True,True,False,True,allow,hold,hold,hold,allow,hold,hold,hold,allow,allow,allow,hold,allow,hold,hold,hold,allow,hold,hold,hold
gate3a_ood_tue_wed,10,44,42,svc_rbf,sham_tiny_scaling_alpha_0.001,0.0,False,True,True,False,True,True,True,False,True,allow,hold,hold,hold,allow,hold,hold,hold,allow,allow,allow,hold,allow,hold,hold,hold,allow,hold,hold,hold
gate3a_ood_tue_wed,10,44,43,svc_rbf,sham_tiny_gaussian_sigma_0.001,0.0,False,True,True,False,True,True,True,False,True,allow,hold,hold,hold,allow,hold,hold,hold,allow,allow,allow,hold,allow,hold,hold,hold,allow,hold,hold,hold
gate3a_ood_tue_wed,10,44,43,svc_rbf,sham_tiny_scaling_alpha_0.001,0.0,False,True,True,False,True,True,True,False,True,allow,hold,hold,hold,allow,hold,hold,hold,allow,allow,allow,hold,allow,hold,hold,hold,allow,hold,hold,hold
gate3a_ood_tue_wed,10,45,42,svc_rbf,sham_tiny_gaussian_sigma_0.001,0.0,False,False,False,False,False,False,False,False,False,allow,allow,allow,hold,allow,allow,allow,hold,allow,allow,allow,hold,allow,allow,allow,allow,allow,allow,allow,allow
gate3a_ood_tue_wed,10,45,42,svc_rbf,sham_tiny_scaling_alpha_0.001,0.0,False,True,True,False,True,True,True,False,True,allow,hold,hold,hold,allow,hold,hold,hold,allow,allow,allow,hold,allow,hold,hold,hold,allow,hold,hold,hold
gate3a_ood_tue_wed,10,45,43,svc_rbf,sham_tiny_gaussian_sigma_0.001,0.0,False,True,True,False,True,True,True,False,True,allow,hold,hold,hold,allow,hold,hold,hold,allow,allow,allow,hold,allow,hold,hold,hold,allow,hold,hold,hold
gate3a_ood_tue_wed,10,45,43,svc_rbf,sham_tiny_scaling_alpha_0.001,0.0,False,True,True,False,True,True,True,False,True,allow,hold,hold,hold,allow,hold,hold,hold,allow,allow,allow,hold,allow,hold,hold,hold,allow,hold,hold,hold
gate3a_ood_tue_wed,10,46,42,svc_rbf,sham_tiny_gaussian_sigma_0.001,0.0,False,True,True,False,True,True,True,False,True,allow,hold,hold,hold,allow,hold,hold,hold,allow,allow,allow,hold,allow,hold,hold,hold,allow,hold,hold,hold
gate3a_ood_tue_wed,10,46,42,svc_rbf,sham_tiny_scaling_alpha_0.001,0.0,False,True,True,False,True,True,True,False,True,allow,hold,hold,hold,allow,hold,hold,hold,allow,allow,allow,hold,allow,hold,hold,hold,allow,hold,hold,hold
gate3a_ood_tue_wed,10,46,43,svc_rbf,sham_tiny_gaussian_sigma_0.001,0.0,False,False,False,False,False,False,False,False,False,allow,allow,allow,hold,allow,allow,allow,hold,allow,allow,allow,hold,allow,allow,allow,allow,allow,allow,allow,allow
gate3a_ood_tue_wed,10,46,43,svc_rbf,sham_tiny_scaling_alpha_0.001,0.0,False,True,True,False,True,True,True,False,True,allow,hold,hold,hold,allow,hold,hold,hold,allow,allow,allow,hold,allow,hold,hold,hold,allow,hold,hold,hold
gate3a_ood_tue_wed,12,42,42,qsvc_zz_r1,sham_tiny_gaussian_sigma_0.001,0.0,False,True,True,False,True,True,True,False,True,allow,hold,hold,hold,allow,hold,hold,hold,allow,allow,allow,hold,allow,hold,hold,hold,allow,hold,hold,hold
gate3a_ood_tue_wed,12,42,42,qsvc_zz_r1,sham_tiny_scaling_alpha_0.001,0.0,False,True,True,False,True,True,True,False,True,allow,hold,hold,hold,allow,hold,hold,hold,allow,allow,allow,hold,allow,hold,hold,hold,allow,hold,hold,hold
gate3a_ood_tue_wed,12,42,43,qsvc_zz_r1,sham_tiny_gaussian_sigma_0.001,0.0,False,True,True,False,True,True,True,False,True,allow,hold,hold,hold,allow,hold,hold,hold,allow,allow,allow,hold,allow,hold,hold,hold,allow,hold,hold,hold
gate3a_ood_tue_wed,12,42,43,qsvc_zz_r1,sham_tiny_scaling_alpha_0.001,0.0,False,True,True,False,True,True,True,False,True,allow,hold,hold,hold,allow,hold,hold,hold,allow,allow,allow,hold,allow,hold,hold,hold,allow,hold,hold,hold
gate3a_ood_tue_wed,12,43,42,qsvc_zz_r1,sham_tiny_gaussian_sigma_0.001,0.0,False,True,True,False,True,True,True,False,True,allow,hold,hold,hold,allow,hold,hold,hold,allow,allow,allow,hold,allow,hold,hold,hold,allow,hold,hold,hold
gate3a_ood_tue_wed,12,43,42,qsvc_zz_r1,sham_tiny_scaling_alpha_0.001,0.0,False,True,True,False,True,True,True,False,True,allow,hold,hold,hold,allow,hold,hold,hold,allow,allow,allow,hold,allow,hold,hold,hold,allow,hold,hold,hold
gate3a_ood_tue_wed,12,43,43,qsvc_zz_r1,sham_tiny_gaussian_sigma_0.001,0.0,False,True,True,False,True,True,True,False,True,allow,hold,hold,hold,allow,hold,hold,hold,allow,allow,allow,hold,allow,hold,hold,hold,allow,hold,hold,hold
gate3a_ood_tue_wed,12,43,43,qsvc_zz_r1,sham_tiny_scaling_alpha_0.001,0.0,False,True,True,False,True,True,True,False,True,allow,hold,hold,hold,allow,hold,hold,hold,allow,allow,allow,hold,allow,hold,hold,hold,allow,hold,hold,hold
gate3a_ood_tue_wed,12,44,42,qsvc_zz_r1,sham_tiny_gaussian_sigma_0.001,0.0,False,True,True,False,True,True,True,False,True,allow,hold,hold,hold,allow,hold,hold,hold,allow,allow,allow,hold,allow,hold,hold,hold,allow,hold,hold,hold
gate3a_ood_tue_wed,12,44,42,qsvc_zz_r1,sham_tiny_scaling_alpha_0.001,0.0,False,True,True,False,True,True,True,False,True,allow,hold,hold,hold,allow,hold,hold,hold,allow,allow,allow,hold,allow,hold,hold,hold,allow,hold,hold,hold
gate3a_ood_tue_wed,12,44,43,qsvc_zz_r1,sham_tiny_gaussian_sigma_0.001,0.0,False,True,True,False,True,True,True,False,True,allow,hold,hold,hold,allow,hold,hold,hold,allow,allow,allow,hold,allow,hold,hold,hold,allow,hold,hold,hold
gate3a_ood_tue_wed,12,44,43,qsvc_zz_r1,sham_tiny_scaling_alpha_0.001,0.0,False,True,True,False,True,True,True,False,True,allow,hold,hold,hold,allow,hold,hold,hold,allow,allow,allow,hold,allow,hold,hold,hold,allow,hold,hold,hold
gate3a_ood_tue_wed,12,45,42,qsvc_zz_r1,sham_tiny_gaussian_sigma_0.001,0.0,False,True,True,False,True,True,True,False,True,allow,hold,hold,hold,allow,hold,hold,hold,allow,allow,allow,hold,allow,hold,hold,hold,allow,hold,hold,hold
gate3a_ood_tue_wed,12,45,42,qsvc_zz_r1,sham_tiny_scaling_alpha_0.001,0.0,False,True,True,False,True,True,True,False,True,allow,hold,hold,hold,allow,hold,hold,hold,allow,allow,allow,hold,allow,hold,hold,hold,allow,hold,hold,hold
gate3a_ood_tue_wed,12,45,43,qsvc_zz_r1,sham_tiny_gaussian_sigma_0.001,0.0,False,True,True,False,True,True,True,False,True,allow,hold,hold,hold,allow,hold,hold,hold,allow,allow,allow,hold,allow,hold,hold,hold,allow,hold,hold,hold
gate3a_ood_tue_wed,12,45,43,qsvc_zz_r1,sham_tiny_scaling_alpha_0.001,0.0,False,True,True,False,True,True,True,False,True,allow,hold,hold,hold,allow,hold,hold,hold,allow,allow,allow,hold,allow,hold,hold,hold,allow,hold,hold,hold
gate3a_ood_tue_wed,12,46,42,qsvc_zz_r1,sham_tiny_gaussian_sigma_0.001,0.0,False,True,True,False,True,True,True,False,True,allow,hold,hold,hold,allow,hold,hold,hold,allow,allow,allow,hold,allow,hold,hold,hold,allow,hold,hold,hold
gate3a_ood_tue_wed,12,46,42,qsvc_zz_r1,sham_tiny_scaling_alpha_0.001,0.0,False,True,True,False,True,True,True,False,True,allow,hold,hold,hold,allow,hold,hold,hold,allow,allow,allow,hold,allow,hold,hold,hold,allow,hold,hold,hold
gate3a_ood_tue_wed,12,46,43,qsvc_zz_r1,sham_tiny_gaussian_sigma_0.001,0.0,False,True,True,False,True,True,True,False,True,allow,hold,hold,hold,allow,hold,hold,hold,allow,allow,allow,hold,allow,hold,hold,hold,allow,hold,hold,hold
gate3a_ood_tue_wed,12,46,43,qsvc_zz_r1,sham_tiny_scaling_alpha_0.001,0.0,False,True,True,False,True,True,True,False,True,allow,hold,hold,hold,allow,hold,hold,hold,allow,allow,allow,hold,allow,hold,hold,hold,allow,hold,hold,hold
gate3a_ood_tue_wed,12,42,42,svc_rbf,sham_tiny_gaussian_sigma_0.001,0.0,False,True,True,False,True,True,True,False,True,allow,hold,hold,hold,allow,hold,hold,hold,allow,allow,allow,hold,allow,hold,hold,hold,allow,hold,hold,hold
gate3a_ood_tue_wed,12,42,42,svc_rbf,sham_tiny_scaling_alpha_0.001,0.0,False,True,True,False,True,True,True,False,True,allow,hold,hold,hold,allow,hold,hold,hold,allow,allow,allow,hold,allow,hold,hold,hold,allow,hold,hold,hold
gate3a_ood_tue_wed,12,42,43,svc_rbf,sham_tiny_gaussian_sigma_0.001,0.0,False,True,True,False,True,True,True,False,True,allow,hold,hold,hold,allow,hold,hold,hold,allow,allow,allow,hold,allow,hold,hold,hold,allow,hold,hold,hold
gate3a_ood_tue_wed,12,42,43,svc_rbf,sham_tiny_scaling_alpha_0.001,0.0,False,True,True,False,True,True,True,False,True,allow,hold,hold,hold,allow,hold,hold,hold,allow,allow,allow,hold,allow,hold,hold,hold,allow,hold,hold,hold
gate3a_ood_tue_wed,12,43,42,svc_rbf,sham_tiny_gaussian_sigma_0.001,0.0,False,True,True,False,True,True,True,False,True,allow,hold,hold,hold,allow,hold,hold,hold,allow,allow,allow,hold,allow,hold,hold,hold,allow,hold,hold,hold
gate3a_ood_tue_wed,12,43,42,svc_rbf,sham_tiny_scaling_alpha_0.001,0.0,False,True,True,False,True,True,True,False,True,allow,hold,hold,hold,allow,hold,hold,hold,allow,allow,allow,hold,allow,hold,hold,hold,allow,hold,hold,hold
gate3a_ood_tue_wed,12,43,43,svc_rbf,sham_tiny_gaussian_sigma_0.001,0.0,False,True,True,False,True,True,True,False,True,allow,hold,hold,hold,allow,hold,hold,hold,allow,allow,allow,hold,allow,hold,hold,hold,allow,hold,hold,hold
gate3a_ood_tue_wed,12,43,43,svc_rbf,sham_tiny_scaling_alpha_0.001,0.0,False,True,True,False,True,True,True,False,True,allow,hold,hold,hold,allow,hold,hold,hold,allow,allow,allow,hold,allow,hold,hold,hold,allow,hold,hold,hold
gate3a_ood_tue_wed,12,44,42,svc_rbf,sham_tiny_gaussian_sigma_0.001,0.0,False,True,True,False,True,True,True,False,True,allow,hold,hold,hold,allow,hold,hold,hold,allow,allow,allow,hold,allow,hold,hold,hold,allow,hold,hold,hold
gate3a_ood_tue_wed,12,44,42,svc_rbf,sham_tiny_scaling_alpha_0.001,0.0,False,True,True,False,True,True,True,False,True,allow,hold,hold,hold,allow,hold,hold,hold,allow,allow,allow,hold,allow,hold,hold,hold,allow,hold,hold,hold
gate3a_ood_tue_wed,12,44,43,svc_rbf,sham_tiny_gaussian_sigma_0.001,0.0,False,True,True,False,True,True,True,False,True,allow,hold,hold,hold,allow,hold,hold,hold,allow,allow,allow,hold,allow,hold,hold,hold,allow,hold,hold,hold
gate3a_ood_tue_wed,12,44,43,svc_rbf,sham_tiny_scaling_alpha_0.001,0.0,False,True,True,False,True,True,True,False,True,allow,hold,hold,hold,allow,hold,hold,hold,allow,allow,allow,hold,allow,hold,hold,hold,allow,hold,hold,hold
gate3a_ood_tue_wed,12,45,42,svc_rbf,sham_tiny_gaussian_sigma_0.001,0.0,False,True,True,False,True,True,True,False,True,allow,hold,hold,hold,allow,hold,hold,hold,allow,allow,allow,hold,allow,hold,hold,hold,allow,hold,hold,hold
gate3a_ood_tue_wed,12,45,42,svc_rbf,sham_tiny_scaling_alpha_0.001,0.0,False,True,True,False,True,True,True,False,True,allow,hold,hold,hold,allow,hold,hold,hold,allow,allow,allow,hold,allow,hold,hold,hold,allow,hold,hold,hold
gate3a_ood_tue_wed,12,45,43,svc_rbf,sham_tiny_gaussian_sigma_0.001,0.0,False,True,True,False,True,True,True,False,True,allow,hold,hold,hold,allow,hold,hold,hold,allow,allow,allow,hold,allow,hold,hold,hold,allow,hold,hold,hold
gate3a_ood_tue_wed,12,45,43,svc_rbf,sham_tiny_scaling_alpha_0.001,0.0,False,True,True,False,True,True,True,False,True,allow,hold,hold,hold,allow,hold,hold,hold,allow,allow,allow,hold,allow,hold,hold,hold,allow,hold,hold,hold
gate3a_ood_tue_wed,12,46,42,svc_rbf,sham_tiny_gaussian_sigma_0.001,0.0,False,True,True,False,True,True,True,False,True,allow,hold,hold,hold,allow,hold,hold,hold,allow,allow,allow,hold,allow,hold,hold,hold,allow,hold,hold,hold
gate3a_ood_tue_wed,12,46,42,svc_rbf,sham_tiny_scaling_alpha_0.001,0.0,False,True,True,False,True,True,True,False,True,allow,hold,hold,hold,allow,hold,hold,hold,allow,allow,allow,hold,allow,hold,hold,hold,allow,hold,hold,hold
gate3a_ood_tue_wed,12,46,43,svc_rbf,sham_tiny_gaussian_sigma_0.001,0.0,False,True,True,False,True,True,True,False,True,allow,hold,hold,hold,allow,hold,hold,hold,allow,allow,allow,hold,allow,hold,hold,hold,allow,hold,hold,hold
gate3a_ood_tue_wed,12,46,43,svc_rbf,sham_tiny_scaling_alpha_0.001,0.0,False,True,True,False,True,True,True,False,True,allow,hold,hold,hold,allow,hold,hold,hold,allow,allow,allow,hold,allow,hold,hold,hold,allow,hold,hold,hold
gate3b_ood_tue_fri_portscan,8,42,42,qsvc_zz_r1,sham_tiny_gaussian_sigma_0.001,0.0,False,True,True,False,True,True,True,False,True,allow,hold,hold,hold,allow,hold,hold,hold,allow,allow,allow,hold,allow,hold,hold,hold,allow,hold,hold,hold
gate3b_ood_tue_fri_portscan,8,42,42,qsvc_zz_r1,sham_tiny_scaling_alpha_0.001,0.0,False,True,True,False,True,True,True,False,True,allow,hold,hold,hold,allow,hold,hold,hold,allow,allow,allow,hold,allow,hold,hold,hold,allow,hold,hold,hold
gate3b_ood_tue_fri_portscan,8,42,43,qsvc_zz_r1,sham_tiny_gaussian_sigma_0.001,0.0,False,True,True,False,True,True,True,False,True,allow,hold,hold,hold,allow,hold,hold,hold,allow,allow,allow,hold,allow,hold,hold,hold,allow,hold,hold,hold
gate3b_ood_tue_fri_portscan,8,42,43,qsvc_zz_r1,sham_tiny_scaling_alpha_0.001,-0.0078125,True,True,True,False,True,True,True,False,True,allow,hold,hold,hold,allow,hold,hold,hold,allow,allow,allow,hold,allow,hold,hold,hold,allow,block,block,block
gate3b_ood_tue_fri_portscan,8,43,42,qsvc_zz_r1,sham_tiny_gaussian_sigma_0.001,0.0,False,True,True,False,True,True,True,False,True,allow,hold,hold,hold,allow,hold,hold,hold,allow,allow,allow,hold,allow,hold,hold,hold,allow,hold,hold,hold
gate3b_ood_tue_fri_portscan,8,43,42,qsvc_zz_r1,sham_tiny_scaling_alpha_0.001,0.0,False,True,True,False,True,True,True,False,True,allow,hold,hold,hold,allow,hold,hold,hold,allow,allow,allow,hold,allow,hold,hold,hold,allow,hold,hold,hold
gate3b_ood_tue_fri_portscan,8,43,43,qsvc_zz_r1,sham_tiny_gaussian_sigma_0.001,0.0,False,True,True,False,True,True,True,False,True,allow,hold,hold,hold,allow,hold,hold,hold,allow,allow,allow,hold,allow,hold,hold,hold,allow,hold,hold,hold
gate3b_ood_tue_fri_portscan,8,43,43,qsvc_zz_r1,sham_tiny_scaling_alpha_0.001,0.0,False,True,True,False,True,True,True,False,True,allow,hold,hold,hold,allow,hold,hold,hold,allow,allow,allow,hold,allow,hold,hold,hold,allow,hold,hold,hold
gate3b_ood_tue_fri_portscan,8,44,42,qsvc_zz_r1,sham_tiny_gaussian_sigma_0.001,0.0,False,True,True,False,True,True,True,False,True,allow,hold,hold,hold,allow,hold,hold,hold,allow,allow,allow,hold,allow,hold,hold,hold,allow,hold,hold,hold
gate3b_ood_tue_fri_portscan,8,44,42,qsvc_zz_r1,sham_tiny_scaling_alpha_0.001,0.0,False,True,True,False,True,True,True,False,True,allow,hold,hold,hold,allow,hold,hold,hold,allow,allow,allow,hold,allow,hold,hold,hold,allow,hold,hold,hold
gate3b_ood_tue_fri_portscan,8,44,43,qsvc_zz_r1,sham_tiny_gaussian_sigma_0.001,0.0,False,True,True,False,True,True,True,False,True,allow,hold,hold,hold,allow,hold,hold,hold,allow,allow,allow,hold,allow,hold,hold,hold,allow,hold,hold,hold
gate3b_ood_tue_fri_portscan,8,44,43,qsvc_zz_r1,sham_tiny_scaling_alpha_0.001,0.0,False,True,True,False,True,True,True,False,True,allow,hold,hold,hold,allow,hold,hold,hold,allow,allow,allow,hold,allow,hold,hold,hold,allow,hold,hold,hold
gate3b_ood_tue_fri_portscan,8,45,42,qsvc_zz_r1,sham_tiny_gaussian_sigma_0.001,0.0,False,True,True,False,True,True,True,False,True,allow,hold,hold,hold,allow,hold,hold,hold,allow,allow,allow,hold,allow,hold,hold,hold,allow,hold,hold,hold
gate3b_ood_tue_fri_portscan,8,45,42,qsvc_zz_r1,sham_tiny_scaling_alpha_0.001,0.0,False,True,True,False,True,True,True,False,True,allow,hold,hold,hold,allow,hold,hold,hold,allow,allow,allow,hold,allow,hold,hold,hold,allow,hold,hold,hold
gate3b_ood_tue_fri_portscan,8,45,43,qsvc_zz_r1,sham_tiny_gaussian_sigma_0.001,0.0,False,True,True,False,True,True,True,False,True,allow,hold,hold,hold,allow,hold,hold,hold,allow,allow,allow,hold,allow,hold,hold,hold,allow,hold,hold,hold
gate3b_ood_tue_fri_portscan,8,45,43,qsvc_zz_r1,sham_tiny_scaling_alpha_0.001,0.0,False,True,True,False,True,True,True,False,True,allow,hold,hold,hold,allow,hold,hold,hold,allow,allow,allow,hold,allow,hold,hold,hold,allow,hold,hold,hold
gate3b_ood_tue_fri_portscan,8,46,42,qsvc_zz_r1,sham_tiny_gaussian_sigma_0.001,0.0,False,True,True,False,True,True,True,False,True,allow,hold,hold,hold,allow,hold,hold,hold,allow,allow,allow,hold,allow,hold,hold,hold,allow,hold,hold,hold
gate3b_ood_tue_fri_portscan,8,46,42,qsvc_zz_r1,sham_tiny_scaling_alpha_0.001,0.0,False,True,True,False,True,True,True,False,True,allow,hold,hold,hold,allow,hold,hold,hold,allow,allow,allow,hold,allow,hold,hold,hold,allow,hold,hold,hold
gate3b_ood_tue_fri_portscan,8,46,43,qsvc_zz_r1,sham_tiny_gaussian_sigma_0.001,0.0,False,True,True,False,True,True,True,False,True,allow,hold,hold,hold,allow,hold,hold,hold,allow,allow,allow,hold,allow,hold,hold,hold,allow,hold,hold,hold
gate3b_ood_tue_fri_portscan,8,46,43,qsvc_zz_r1,sham_tiny_scaling_alpha_0.001,0.0,False,True,True,False,True,True,True,False,True,allow,hold,hold,hold,allow,hold,hold,hold,allow,allow,allow,hold,allow,hold,hold,hold,allow,hold,hold,hold
gate3b_ood_tue_fri_portscan,8,42,42,svc_rbf,sham_tiny_gaussian_sigma_0.001,0.0,False,True,True,False,True,True,True,False,True,allow,hold,hold,hold,allow,hold,hold,hold,allow,allow,allow,hold,allow,hold,hold,hold,allow,hold,hold,hold
gate3b_ood_tue_fri_portscan,8,42,42,svc_rbf,sham_tiny_scaling_alpha_0.001,0.0,False,True,True,False,True,True,True,False,True,allow,hold,hold,hold,allow,hold,hold,hold,allow,allow,allow,hold,allow,hold,hold,hold,allow,hold,hold,hold
gate3b_ood_tue_fri_portscan,8,42,43,svc_rbf,sham_tiny_gaussian_sigma_0.001,0.0,False,True,True,False,True,True,True,False,True,allow,hold,hold,hold,allow,hold,hold,hold,allow,allow,allow,hold,allow,hold,hold,hold,allow,hold,hold,hold
gate3b_ood_tue_fri_portscan,8,42,43,svc_rbf,sham_tiny_scaling_alpha_0.001,0.0,False,True,True,False,True,True,True,False,True,allow,hold,hold,hold,allow,hold,hold,hold,allow,allow,allow,hold,allow,hold,hold,hold,allow,hold,hold,hold
gate3b_ood_tue_fri_portscan,8,43,42,svc_rbf,sham_tiny_gaussian_sigma_0.001,0.0,False,True,True,False,True,True,True,False,True,allow,hold,hold,hold,allow,hold,hold,hold,allow,allow,allow,hold,allow,hold,hold,hold,allow,hold,hold,hold
gate3b_ood_tue_fri_portscan,8,43,42,svc_rbf,sham_tiny_scaling_alpha_0.001,0.0,False,True,True,False,True,True,True,False,True,allow,hold,hold,hold,allow,hold,hold,hold,allow,allow,allow,hold,allow,hold,hold,hold,allow,hold,hold,hold
gate3b_ood_tue_fri_portscan,8,43,43,svc_rbf,sham_tiny_gaussian_sigma_0.001,0.0,False,True,True,False,True,True,True,False,True,allow,hold,hold,hold,allow,hold,hold,hold,allow,allow,allow,hold,allow,hold,hold,hold,allow,hold,hold,hold
gate3b_ood_tue_fri_portscan,8,43,43,svc_rbf,sham_tiny_scaling_alpha_0.001,0.0,False,True,True,False,True,True,True,False,True,allow,hold,hold,hold,allow,hold,hold,hold,allow,allow,allow,hold,allow,hold,hold,hold,allow,hold,hold,hold
gate3b_ood_tue_fri_portscan,8,44,42,svc_rbf,sham_tiny_gaussian_sigma_0.001,0.0,False,True,True,False,True,True,True,False,True,allow,hold,hold,hold,allow,hold,hold,hold,allow,allow,allow,hold,allow,hold,hold,hold,allow,hold,hold,hold
gate3b_ood_tue_fri_portscan,8,44,42,svc_rbf,sham_tiny_scaling_alpha_0.001,0.0,False,True,True,False,True,True,True,False,True,allow,hold,hold,hold,allow,hold,hold,hold,allow,allow,allow,hold,allow,hold,hold,hold,allow,hold,hold,hold
gate3b_ood_tue_fri_portscan,8,44,43,svc_rbf,sham_tiny_gaussian_sigma_0.001,0.0,False,True,True,False,True,True,True,False,True,allow,hold,hold,hold,allow,hold,hold,hold,allow,allow,allow,hold,allow,hold,hold,hold,allow,hold,hold,hold
gate3b_ood_tue_fri_portscan,8,44,43,svc_rbf,sham_tiny_scaling_alpha_0.001,0.0,False,True,True,False,True,True,True,False,True,allow,hold,hold,hold,allow,hold,hold,hold,allow,allow,allow,hold,allow,hold,hold,hold,allow,hold,hold,hold
gate3b_ood_tue_fri_portscan,8,45,42,svc_rbf,sham_tiny_gaussian_sigma_0.001,0.0,False,True,True,False,True,True,True,False,True,allow,hold,hold,hold,allow,hold,hold,hold,allow,allow,allow,hold,allow,hold,hold,hold,allow,hold,hold,hold
gate3b_ood_tue_fri_portscan,8,45,42,svc_rbf,sham_tiny_scaling_alpha_0.001,0.0,False,True,True,False,True,True,True,False,True,allow,hold,hold,hold,allow,hold,hold,hold,allow,allow,allow,hold,allow,hold,hold,hold,allow,hold,hold,hold
gate3b_ood_tue_fri_portscan,8,45,43,svc_rbf,sham_tiny_gaussian_sigma_0.001,0.0,False,True,True,False,True,True,True,False,True,allow,hold,hold,hold,allow,hold,hold,hold,allow,allow,allow,hold,allow,hold,hold,hold,allow,hold,hold,hold
gate3b_ood_tue_fri_portscan,8,45,43,svc_rbf,sham_tiny_scaling_alpha_0.001,0.0,False,True,True,False,True,True,True,False,True,allow,hold,hold,hold,allow,hold,hold,hold,allow,allow,allow,hold,allow,hold,hold,hold,allow,hold,hold,hold
gate3b_ood_tue_fri_portscan,8,46,42,svc_rbf,sham_tiny_gaussian_sigma_0.001,0.0,False,True,True,False,True,True,True,False,True,allow,hold,hold,hold,allow,hold,hold,hold,allow,allow,allow,hold,allow,hold,hold,hold,allow,hold,hold,hold
gate3b_ood_tue_fri_portscan,8,46,42,svc_rbf,sham_tiny_scaling_alpha_0.001,0.0,False,True,True,False,True,True,True,False,True,allow,hold,hold,hold,allow,hold,hold,hold,allow,allow,allow,hold,allow,hold,hold,hold,allow,hold,hold,hold
gate3b_ood_tue_fri_portscan,8,46,43,svc_rbf,sham_tiny_gaussian_sigma_0.001,0.0,False,True,True,False,True,True,True,False,True,allow,hold,hold,hold,allow,hold,hold,hold,allow,allow,allow,hold,allow,hold,hold,hold,allow,hold,hold,hold
gate3b_ood_tue_fri_portscan,8,46,43,svc_rbf,sham_tiny_scaling_alpha_0.001,0.0,False,True,True,False,True,True,True,False,True,allow,hold,hold,hold,allow,hold,hold,hold,allow,allow,allow,hold,allow,hold,hold,hold,allow,hold,hold,hold
gate3b_ood_tue_fri_portscan,10,42,42,qsvc_zz_r1,sham_tiny_gaussian_sigma_0.001,0.0,False,True,True,False,True,True,True,False,True,allow,hold,hold,hold,allow,hold,hold,hold,allow,allow,allow,hold,allow,hold,hold,hold,allow,hold,hold,hold
gate3b_ood_tue_fri_portscan,10,42,42,qsvc_zz_r1,sham_tiny_scaling_alpha_0.001,0.015625,True,True,True,False,True,True,True,False,True,allow,hold,hold,hold,allow,hold,hold,hold,allow,allow,allow,hold,allow,hold,hold,hold,allow,block,block,block
gate3b_ood_tue_fri_portscan,10,42,43,qsvc_zz_r1,sham_tiny_gaussian_sigma_0.001,0.0,False,True,True,False,True,True,True,False,True,allow,hold,hold,hold,allow,hold,hold,hold,allow,allow,allow,hold,allow,hold,hold,hold,allow,hold,hold,hold
gate3b_ood_tue_fri_portscan,10,42,43,qsvc_zz_r1,sham_tiny_scaling_alpha_0.001,-0.0546875,True,True,True,False,True,True,True,False,True,allow,hold,hold,hold,allow,hold,hold,hold,allow,allow,allow,hold,allow,hold,hold,hold,allow,block,block,block
gate3b_ood_tue_fri_portscan,10,43,42,qsvc_zz_r1,sham_tiny_gaussian_sigma_0.001,0.0078125,True,True,True,False,True,True,True,False,True,allow,hold,hold,hold,allow,hold,hold,hold,allow,allow,allow,hold,allow,hold,hold,hold,allow,block,block,block
gate3b_ood_tue_fri_portscan,10,43,42,qsvc_zz_r1,sham_tiny_scaling_alpha_0.001,-0.0078125,True,True,True,False,True,True,True,False,True,allow,hold,hold,hold,allow,hold,hold,hold,allow,allow,allow,hold,allow,hold,hold,hold,allow,block,block,block
gate3b_ood_tue_fri_portscan,10,43,43,qsvc_zz_r1,sham_tiny_gaussian_sigma_0.001,0.0,False,True,True,False,True,True,True,False,True,allow,hold,hold,hold,allow,hold,hold,hold,allow,allow,allow,hold,allow,hold,hold,hold,allow,hold,hold,hold
gate3b_ood_tue_fri_portscan,10,43,43,qsvc_zz_r1,sham_tiny_scaling_alpha_0.001,0.0,False,True,True,False,True,True,True,False,True,allow,hold,hold,hold,allow,hold,hold,hold,allow,allow,allow,hold,allow,hold,hold,hold,allow,hold,hold,hold
gate3b_ood_tue_fri_portscan,10,44,42,qsvc_zz_r1,sham_tiny_gaussian_sigma_0.001,0.0,False,True,True,False,True,True,True,False,True,allow,hold,hold,hold,allow,hold,hold,hold,allow,allow,allow,hold,allow,hold,hold,hold,allow,hold,hold,hold
gate3b_ood_tue_fri_portscan,10,44,42,qsvc_zz_r1,sham_tiny_scaling_alpha_0.001,0.03125,True,True,True,False,True,True,True,False,True,allow,hold,hold,hold,allow,hold,hold,hold,allow,allow,allow,hold,allow,hold,hold,hold,allow,block,block,block
gate3b_ood_tue_fri_portscan,10,44,43,qsvc_zz_r1,sham_tiny_gaussian_sigma_0.001,0.0,False,True,True,False,True,True,True,False,True,allow,hold,hold,hold,allow,hold,hold,hold,allow,allow,allow,hold,allow,hold,hold,hold,allow,hold,hold,hold
gate3b_ood_tue_fri_portscan,10,44,43,qsvc_zz_r1,sham_tiny_scaling_alpha_0.001,-0.0234375,True,True,True,False,True,True,True,False,True,allow,hold,hold,hold,allow,hold,hold,hold,allow,allow,allow,hold,allow,hold,hold,hold,allow,block,block,block
gate3b_ood_tue_fri_portscan,10,45,42,qsvc_zz_r1,sham_tiny_gaussian_sigma_0.001,0.0,False,True,True,False,True,True,True,False,True,allow,hold,hold,hold,allow,hold,hold,hold,allow,allow,allow,hold,allow,hold,hold,hold,allow,hold,hold,hold
gate3b_ood_tue_fri_portscan,10,45,42,qsvc_zz_r1,sham_tiny_scaling_alpha_0.001,0.0,False,True,True,False,True,True,True,False,True,allow,hold,hold,hold,allow,hold,hold,hold,allow,allow,allow,hold,allow,hold,hold,hold,allow,hold,hold,hold
gate3b_ood_tue_fri_portscan,10,45,43,qsvc_zz_r1,sham_tiny_gaussian_sigma_0.001,0.0078125,True,True,True,False,True,True,True,False,True,allow,hold,hold,hold,allow,hold,hold,hold,allow,allow,allow,hold,allow,hold,hold,hold,allow,block,block,block
gate3b_ood_tue_fri_portscan,10,45,43,qsvc_zz_r1,sham_tiny_scaling_alpha_0.001,0.0,False,True,True,False,True,True,True,False,True,allow,hold,hold,hold,allow,hold,hold,hold,allow,allow,allow,hold,allow,hold,hold,hold,allow,hold,hold,hold
gate3b_ood_tue_fri_portscan,10,46,42,qsvc_zz_r1,sham_tiny_gaussian_sigma_0.001,0.0,False,True,True,False,True,True,True,False,True,allow,hold,hold,hold,allow,hold,hold,hold,allow,allow,allow,hold,allow,hold,hold,hold,allow,hold,hold,hold
gate3b_ood_tue_fri_portscan,10,46,42,qsvc_zz_r1,sham_tiny_scaling_alpha_0.001,0.0,False,True,True,False,True,True,True,False,True,allow,hold,hold,hold,allow,hold,hold,hold,allow,allow,allow,hold,allow,hold,hold,hold,allow,hold,hold,hold
gate3b_ood_tue_fri_portscan,10,46,43,qsvc_zz_r1,sham_tiny_gaussian_sigma_0.001,0.0,False,True,True,False,True,True,True,False,True,allow,hold,hold,hold,allow,hold,hold,hold,allow,allow,allow,hold,allow,hold,hold,hold,allow,hold,hold,hold
gate3b_ood_tue_fri_portscan,10,46,43,qsvc_zz_r1,sham_tiny_scaling_alpha_0.001,0.0,False,True,True,False,True,True,True,False,True,allow,hold,hold,hold,allow,hold,hold,hold,allow,allow,allow,hold,allow,hold,hold,hold,allow,hold,hold,hold
gate3b_ood_tue_fri_portscan,10,42,42,svc_rbf,sham_tiny_gaussian_sigma_0.001,0.0,False,True,True,False,True,True,True,False,True,allow,hold,hold,hold,allow,hold,hold,hold,allow,allow,allow,hold,allow,hold,hold,hold,allow,hold,hold,hold
gate3b_ood_tue_fri_portscan,10,42,42,svc_rbf,sham_tiny_scaling_alpha_0.001,0.0,False,True,True,False,True,True,True,False,True,allow,hold,hold,hold,allow,hold,hold,hold,allow,allow,allow,hold,allow,hold,hold,hold,allow,hold,hold,hold
gate3b_ood_tue_fri_portscan,10,42,43,svc_rbf,sham_tiny_gaussian_sigma_0.001,0.0,False,True,True,False,True,True,True,False,True,allow,hold,hold,hold,allow,hold,hold,hold,allow,allow,allow,hold,allow,hold,hold,hold,allow,hold,hold,hold
gate3b_ood_tue_fri_portscan,10,42,43,svc_rbf,sham_tiny_scaling_alpha_0.001,0.0,False,True,True,False,True,True,True,False,True,allow,hold,hold,hold,allow,hold,hold,hold,allow,allow,allow,hold,allow,hold,hold,hold,allow,hold,hold,hold
gate3b_ood_tue_fri_portscan,10,43,42,svc_rbf,sham_tiny_gaussian_sigma_0.001,0.0,False,True,True,False,True,True,True,False,True,allow,hold,hold,hold,allow,hold,hold,hold,allow,allow,allow,hold,allow,hold,hold,hold,allow,hold,hold,hold
gate3b_ood_tue_fri_portscan,10,43,42,svc_rbf,sham_tiny_scaling_alpha_0.001,0.0,False,True,True,False,True,True,True,False,True,allow,hold,hold,hold,allow,hold,hold,hold,allow,allow,allow,hold,allow,hold,hold,hold,allow,hold,hold,hold
gate3b_ood_tue_fri_portscan,10,43,43,svc_rbf,sham_tiny_gaussian_sigma_0.001,0.0,False,True,True,False,True,True,True,False,True,allow,hold,hold,hold,allow,hold,hold,hold,allow,allow,allow,hold,allow,hold,hold,hold,allow,hold,hold,hold
gate3b_ood_tue_fri_portscan,10,43,43,svc_rbf,sham_tiny_scaling_alpha_0.001,0.0,False,True,True,False,True,True,True,False,True,allow,hold,hold,hold,allow,hold,hold,hold,allow,allow,allow,hold,allow,hold,hold,hold,allow,hold,hold,hold
gate3b_ood_tue_fri_portscan,10,44,42,svc_rbf,sham_tiny_gaussian_sigma_0.001,0.0,False,True,True,False,True,True,True,False,True,allow,hold,hold,hold,allow,hold,hold,hold,allow,allow,allow,hold,allow,hold,hold,hold,allow,hold,hold,hold
gate3b_ood_tue_fri_portscan,10,44,42,svc_rbf,sham_tiny_scaling_alpha_0.001,0.0,False,True,True,False,True,True,True,False,True,allow,hold,hold,hold,allow,hold,hold,hold,allow,allow,allow,hold,allow,hold,hold,hold,allow,hold,hold,hold
gate3b_ood_tue_fri_portscan,10,44,43,svc_rbf,sham_tiny_gaussian_sigma_0.001,0.0,False,True,True,False,True,True,True,False,True,allow,hold,hold,hold,allow,hold,hold,hold,allow,allow,allow,hold,allow,hold,hold,hold,allow,hold,hold,hold
gate3b_ood_tue_fri_portscan,10,44,43,svc_rbf,sham_tiny_scaling_alpha_0.001,0.0,False,True,True,False,True,True,True,False,True,allow,hold,hold,hold,allow,hold,hold,hold,allow,allow,allow,hold,allow,hold,hold,hold,allow,hold,hold,hold
gate3b_ood_tue_fri_portscan,10,45,42,svc_rbf,sham_tiny_gaussian_sigma_0.001,0.0,False,True,True,False,True,True,True,False,True,allow,hold,hold,hold,allow,hold,hold,hold,allow,allow,allow,hold,allow,hold,hold,hold,allow,hold,hold,hold
gate3b_ood_tue_fri_portscan,10,45,42,svc_rbf,sham_tiny_scaling_alpha_0.001,0.0,False,True,True,False,True,True,True,False,True,allow,hold,hold,hold,allow,hold,hold,hold,allow,allow,allow,hold,allow,hold,hold,hold,allow,hold,hold,hold
gate3b_ood_tue_fri_portscan,10,45,43,svc_rbf,sham_tiny_gaussian_sigma_0.001,0.0,False,True,True,False,True,True,True,False,True,allow,hold,hold,hold,allow,hold,hold,hold,allow,allow,allow,hold,allow,hold,hold,hold,allow,hold,hold,hold
gate3b_ood_tue_fri_portscan,10,45,43,svc_rbf,sham_tiny_scaling_alpha_0.001,0.0,False,True,True,False,True,True,True,False,True,allow,hold,hold,hold,allow,hold,hold,hold,allow,allow,allow,hold,allow,hold,hold,hold,allow,hold,hold,hold
gate3b_ood_tue_fri_portscan,10,46,42,svc_rbf,sham_tiny_gaussian_sigma_0.001,0.0,False,True,True,False,True,True,True,False,True,allow,hold,hold,hold,allow,hold,hold,hold,allow,allow,allow,hold,allow,hold,hold,hold,allow,hold,hold,hold
gate3b_ood_tue_fri_portscan,10,46,42,svc_rbf,sham_tiny_scaling_alpha_0.001,0.0,False,True,True,False,True,True,True,False,True,allow,hold,hold,hold,allow,hold,hold,hold,allow,allow,allow,hold,allow,hold,hold,hold,allow,hold,hold,hold
gate3b_ood_tue_fri_portscan,10,46,43,svc_rbf,sham_tiny_gaussian_sigma_0.001,0.0,False,True,True,False,True,True,True,False,True,allow,hold,hold,hold,allow,hold,hold,hold,allow,allow,allow,hold,allow,hold,hold,hold,allow,hold,hold,hold
gate3b_ood_tue_fri_portscan,10,46,43,svc_rbf,sham_tiny_scaling_alpha_0.001,0.0,False,True,True,False,True,True,True,False,True,allow,hold,hold,hold,allow,hold,hold,hold,allow,allow,allow,hold,allow,hold,hold,hold,allow,hold,hold,hold
gate3b_ood_tue_fri_portscan,12,42,42,qsvc_zz_r1,sham_tiny_gaussian_sigma_0.001,0.0,False,True,True,False,True,True,True,False,True,allow,hold,hold,hold,allow,hold,hold,hold,allow,allow,allow,hold,allow,hold,hold,hold,allow,hold,hold,hold
gate3b_ood_tue_fri_portscan,12,42,42,qsvc_zz_r1,sham_tiny_scaling_alpha_0.001,-0.0078125,True,True,True,False,True,True,True,False,True,allow,hold,hold,hold,allow,hold,hold,hold,allow,allow,allow,hold,allow,hold,hold,hold,allow,block,block,block
gate3b_ood_tue_fri_portscan,12,42,43,qsvc_zz_r1,sham_tiny_gaussian_sigma_0.001,-0.0078125,True,True,True,False,True,True,True,False,True,allow,hold,hold,hold,allow,hold,hold,hold,allow,allow,allow,hold,allow,hold,hold,hold,allow,block,block,block
gate3b_ood_tue_fri_portscan,12,42,43,qsvc_zz_r1,sham_tiny_scaling_alpha_0.001,0.0078125,True,True,True,False,True,True,True,False,True,allow,hold,hold,hold,allow,hold,hold,hold,allow,allow,allow,hold,allow,hold,hold,hold,allow,block,block,block
gate3b_ood_tue_fri_portscan,12,43,42,qsvc_zz_r1,sham_tiny_gaussian_sigma_0.001,0.0078125,True,True,True,False,True,True,True,False,True,allow,hold,hold,hold,allow,hold,hold,hold,allow,allow,allow,hold,allow,hold,hold,hold,allow,block,block,block
gate3b_ood_tue_fri_portscan,12,43,42,qsvc_zz_r1,sham_tiny_scaling_alpha_0.001,0.0078125,True,True,True,False,True,True,True,False,True,allow,hold,hold,hold,allow,hold,hold,hold,allow,allow,allow,hold,allow,hold,hold,hold,allow,block,block,block
gate3b_ood_tue_fri_portscan,12,43,43,qsvc_zz_r1,sham_tiny_gaussian_sigma_0.001,0.0,False,True,True,False,True,True,True,False,True,allow,hold,hold,hold,allow,hold,hold,hold,allow,allow,allow,hold,allow,hold,hold,hold,allow,hold,hold,hold
gate3b_ood_tue_fri_portscan,12,43,43,qsvc_zz_r1,sham_tiny_scaling_alpha_0.001,0.0,False,True,True,False,True,True,True,False,True,allow,hold,hold,hold,allow,hold,hold,hold,allow,allow,allow,hold,allow,hold,hold,hold,allow,hold,hold,hold
gate3b_ood_tue_fri_portscan,12,44,42,qsvc_zz_r1,sham_tiny_gaussian_sigma_0.001,0.0,False,True,True,False,True,True,True,False,True,allow,hold,hold,hold,allow,hold,hold,hold,allow,allow,allow,hold,allow,hold,hold,hold,allow,hold,hold,hold
gate3b_ood_tue_fri_portscan,12,44,42,qsvc_zz_r1,sham_tiny_scaling_alpha_0.001,0.0078125,True,True,True,False,True,True,True,False,True,allow,hold,hold,hold,allow,hold,hold,hold,allow,allow,allow,hold,allow,hold,hold,hold,allow,block,block,block
gate3b_ood_tue_fri_portscan,12,44,43,qsvc_zz_r1,sham_tiny_gaussian_sigma_0.001,0.0,False,True,True,False,True,True,True,False,True,allow,hold,hold,hold,allow,hold,hold,hold,allow,allow,allow,hold,allow,hold,hold,hold,allow,hold,hold,hold
gate3b_ood_tue_fri_portscan,12,44,43,qsvc_zz_r1,sham_tiny_scaling_alpha_0.001,0.0,False,True,True,False,True,True,True,False,True,allow,hold,hold,hold,allow,hold,hold,hold,allow,allow,allow,hold,allow,hold,hold,hold,allow,hold,hold,hold
gate3b_ood_tue_fri_portscan,12,45,42,qsvc_zz_r1,sham_tiny_gaussian_sigma_0.001,0.0,False,True,True,False,True,True,True,False,True,allow,hold,hold,hold,allow,hold,hold,hold,allow,allow,allow,hold,allow,hold,hold,hold,allow,hold,hold,hold
gate3b_ood_tue_fri_portscan,12,45,42,qsvc_zz_r1,sham_tiny_scaling_alpha_0.001,0.0,False,True,True,False,True,True,True,False,True,allow,hold,hold,hold,allow,hold,hold,hold,allow,allow,allow,hold,allow,hold,hold,hold,allow,hold,hold,hold
gate3b_ood_tue_fri_portscan,12,45,43,qsvc_zz_r1,sham_tiny_gaussian_sigma_0.001,0.0078125,True,True,True,False,True,True,True,False,True,allow,hold,hold,hold,allow,hold,hold,hold,allow,allow,allow,hold,allow,hold,hold,hold,allow,block,block,block
gate3b_ood_tue_fri_portscan,12,45,43,qsvc_zz_r1,sham_tiny_scaling_alpha_0.001,0.0078125,True,True,True,False,True,True,True,False,True,allow,hold,hold,hold,allow,hold,hold,hold,allow,allow,allow,hold,allow,hold,hold,hold,allow,block,block,block
gate3b_ood_tue_fri_portscan,12,46,42,qsvc_zz_r1,sham_tiny_gaussian_sigma_0.001,0.0,False,True,True,False,True,True,True,False,True,allow,hold,hold,hold,allow,hold,hold,hold,allow,allow,allow,hold,allow,hold,hold,hold,allow,hold,hold,hold
gate3b_ood_tue_fri_portscan,12,46,42,qsvc_zz_r1,sham_tiny_scaling_alpha_0.001,0.0078125,True,True,True,False,True,True,True,False,True,allow,hold,hold,hold,allow,hold,hold,hold,allow,allow,allow,hold,allow,hold,hold,hold,allow,block,block,block
gate3b_ood_tue_fri_portscan,12,46,43,qsvc_zz_r1,sham_tiny_gaussian_sigma_0.001,0.0,False,True,True,False,True,True,True,False,True,allow,hold,hold,hold,allow,hold,hold,hold,allow,allow,allow,hold,allow,hold,hold,hold,allow,hold,hold,hold
gate3b_ood_tue_fri_portscan,12,46,43,qsvc_zz_r1,sham_tiny_scaling_alpha_0.001,0.0,False,True,True,False,True,True,True,False,True,allow,hold,hold,hold,allow,hold,hold,hold,allow,allow,allow,hold,allow,hold,hold,hold,allow,hold,hold,hold
gate3b_ood_tue_fri_portscan,12,42,42,svc_rbf,sham_tiny_gaussian_sigma_0.001,0.0,False,True,True,False,True,True,True,False,True,allow,hold,hold,hold,allow,hold,hold,hold,allow,allow,allow,hold,allow,hold,hold,hold,allow,hold,hold,hold
gate3b_ood_tue_fri_portscan,12,42,42,svc_rbf,sham_tiny_scaling_alpha_0.001,0.0,False,True,True,False,True,True,True,False,True,allow,hold,hold,hold,allow,hold,hold,hold,allow,allow,allow,hold,allow,hold,hold,hold,allow,hold,hold,hold
gate3b_ood_tue_fri_portscan,12,42,43,svc_rbf,sham_tiny_gaussian_sigma_0.001,0.0,False,True,True,False,True,True,True,False,True,allow,hold,hold,hold,allow,hold,hold,hold,allow,allow,allow,hold,allow,hold,hold,hold,allow,hold,hold,hold
gate3b_ood_tue_fri_portscan,12,42,43,svc_rbf,sham_tiny_scaling_alpha_0.001,0.0,False,True,True,False,True,True,True,False,True,allow,hold,hold,hold,allow,hold,hold,hold,allow,allow,allow,hold,allow,hold,hold,hold,allow,hold,hold,hold
gate3b_ood_tue_fri_portscan,12,43,42,svc_rbf,sham_tiny_gaussian_sigma_0.001,0.0,False,True,True,False,True,True,True,False,True,allow,hold,hold,hold,allow,hold,hold,hold,allow,allow,allow,hold,allow,hold,hold,hold,allow,hold,hold,hold
gate3b_ood_tue_fri_portscan,12,43,42,svc_rbf,sham_tiny_scaling_alpha_0.001,0.0,False,True,True,False,True,True,True,False,True,allow,hold,hold,hold,allow,hold,hold,hold,allow,allow,allow,hold,allow,hold,hold,hold,allow,hold,hold,hold
gate3b_ood_tue_fri_portscan,12,43,43,svc_rbf,sham_tiny_gaussian_sigma_0.001,0.0,False,True,True,False,True,True,True,False,True,allow,hold,hold,hold,allow,hold,hold,hold,allow,allow,allow,hold,allow,hold,hold,hold,allow,hold,hold,hold
gate3b_ood_tue_fri_portscan,12,43,43,svc_rbf,sham_tiny_scaling_alpha_0.001,0.0,False,True,True,False,True,True,True,False,True,allow,hold,hold,hold,allow,hold,hold,hold,allow,allow,allow,hold,allow,hold,hold,hold,allow,hold,hold,hold
gate3b_ood_tue_fri_portscan,12,44,42,svc_rbf,sham_tiny_gaussian_sigma_0.001,0.0,False,True,True,False,True,True,True,False,True,allow,hold,hold,hold,allow,hold,hold,hold,allow,allow,allow,hold,allow,hold,hold,hold,allow,hold,hold,hold
gate3b_ood_tue_fri_portscan,12,44,42,svc_rbf,sham_tiny_scaling_alpha_0.001,0.0,False,True,True,False,True,True,True,False,True,allow,hold,hold,hold,allow,hold,hold,hold,allow,allow,allow,hold,allow,hold,hold,hold,allow,hold,hold,hold
gate3b_ood_tue_fri_portscan,12,44,43,svc_rbf,sham_tiny_gaussian_sigma_0.001,0.0,False,True,True,False,True,True,True,False,True,allow,hold,hold,hold,allow,hold,hold,hold,allow,allow,allow,hold,allow,hold,hold,hold,allow,hold,hold,hold
gate3b_ood_tue_fri_portscan,12,44,43,svc_rbf,sham_tiny_scaling_alpha_0.001,0.0,False,True,True,False,True,True,True,False,True,allow,hold,hold,hold,allow,hold,hold,hold,allow,allow,allow,hold,allow,hold,hold,hold,allow,hold,hold,hold
gate3b_ood_tue_fri_portscan,12,45,42,svc_rbf,sham_tiny_gaussian_sigma_0.001,0.0,False,True,True,False,True,True,True,False,True,allow,hold,hold,hold,allow,hold,hold,hold,allow,allow,allow,hold,allow,hold,hold,hold,allow,hold,hold,hold
gate3b_ood_tue_fri_portscan,12,45,42,svc_rbf,sham_tiny_scaling_alpha_0.001,0.0,False,True,True,False,True,True,True,False,True,allow,hold,hold,hold,allow,hold,hold,hold,allow,allow,allow,hold,allow,hold,hold,hold,allow,hold,hold,hold
gate3b_ood_tue_fri_portscan,12,45,43,svc_rbf,sham_tiny_gaussian_sigma_0.001,0.0,False,True,True,False,True,True,True,False,True,allow,hold,hold,hold,allow,hold,hold,hold,allow,allow,allow,hold,allow,hold,hold,hold,allow,hold,hold,hold
gate3b_ood_tue_fri_portscan,12,45,43,svc_rbf,sham_tiny_scaling_alpha_0.001,0.0,False,True,True,False,True,True,True,False,True,allow,hold,hold,hold,allow,hold,hold,hold,allow,allow,allow,hold,allow,hold,hold,hold,allow,hold,hold,hold
gate3b_ood_tue_fri_portscan,12,46,42,svc_rbf,sham_tiny_gaussian_sigma_0.001,0.0,False,True,True,False,True,True,True,False,True,allow,hold,hold,hold,allow,hold,hold,hold,allow,allow,allow,hold,allow,hold,hold,hold,allow,hold,hold,hold
gate3b_ood_tue_fri_portscan,12,46,42,svc_rbf,sham_tiny_scaling_alpha_0.001,0.0,False,True,True,False,True,True,True,False,True,allow,hold,hold,hold,allow,hold,hold,hold,allow,allow,allow,hold,allow,hold,hold,hold,allow,hold,hold,hold
gate3b_ood_tue_fri_portscan,12,46,43,svc_rbf,sham_tiny_gaussian_sigma_0.001,0.0,False,True,True,False,True,True,True,False,True,allow,hold,hold,hold,allow,hold,hold,hold,allow,allow,allow,hold,allow,hold,hold,hold,allow,hold,hold,hold
gate3b_ood_tue_fri_portscan,12,46,43,svc_rbf,sham_tiny_scaling_alpha_0.001,0.0,False,True,True,False,True,True,True,False,True,allow,hold,hold,hold,allow,hold,hold,hold,allow,allow,allow,hold,allow,hold,hold,hold,allow,hold,hold,hold
gate3c_ood_wed_thu_webattacks,8,42,42,qsvc_zz_r1,sham_tiny_gaussian_sigma_0.001,0.0,False,True,True,False,True,True,True,False,True,allow,hold,hold,hold,allow,hold,hold,hold,allow,allow,allow,hold,allow,hold,hold,hold,allow,hold,hold,hold
gate3c_ood_wed_thu_webattacks,8,42,42,qsvc_zz_r1,sham_tiny_scaling_alpha_0.001,0.0,False,True,True,False,True,True,True,False,True,allow,hold,hold,hold,allow,hold,hold,hold,allow,allow,allow,hold,allow,hold,hold,hold,allow,hold,hold,hold
gate3c_ood_wed_thu_webattacks,8,42,43,qsvc_zz_r1,sham_tiny_gaussian_sigma_0.001,0.0,False,True,True,False,True,True,False,False,False,allow,hold,hold,hold,allow,hold,allow,hold,allow,allow,allow,hold,allow,hold,allow,allow,allow,hold,allow,allow
gate3c_ood_wed_thu_webattacks,8,42,43,qsvc_zz_r1,sham_tiny_scaling_alpha_0.001,0.0,False,True,True,False,True,True,True,False,True,allow,hold,hold,hold,allow,hold,hold,hold,allow,allow,allow,hold,allow,hold,hold,hold,allow,hold,hold,hold
gate3c_ood_wed_thu_webattacks,8,43,42,qsvc_zz_r1,sham_tiny_gaussian_sigma_0.001,0.0,False,True,True,False,True,True,True,False,True,allow,hold,hold,hold,allow,hold,hold,hold,allow,allow,allow,hold,allow,hold,hold,hold,allow,hold,hold,hold
gate3c_ood_wed_thu_webattacks,8,43,42,qsvc_zz_r1,sham_tiny_scaling_alpha_0.001,0.0,False,True,True,False,True,True,True,False,True,allow,hold,hold,hold,allow,hold,hold,hold,allow,allow,allow,hold,allow,hold,hold,hold,allow,hold,hold,hold
gate3c_ood_wed_thu_webattacks,8,43,43,qsvc_zz_r1,sham_tiny_gaussian_sigma_0.001,0.0,False,True,True,False,True,True,True,False,True,allow,hold,hold,hold,allow,hold,hold,hold,allow,allow,allow,hold,allow,hold,hold,hold,allow,hold,hold,hold
gate3c_ood_wed_thu_webattacks,8,43,43,qsvc_zz_r1,sham_tiny_scaling_alpha_0.001,0.0078125,True,True,True,False,True,True,True,False,True,allow,hold,hold,hold,allow,hold,hold,hold,allow,allow,allow,hold,allow,hold,hold,hold,allow,block,block,block
gate3c_ood_wed_thu_webattacks,8,44,42,qsvc_zz_r1,sham_tiny_gaussian_sigma_0.001,0.0,False,False,False,False,False,False,False,False,False,allow,allow,allow,hold,allow,allow,allow,hold,allow,allow,allow,hold,allow,allow,allow,allow,allow,allow,allow,allow
gate3c_ood_wed_thu_webattacks,8,44,42,qsvc_zz_r1,sham_tiny_scaling_alpha_0.001,0.0,False,True,True,False,True,True,True,False,True,allow,hold,hold,hold,allow,hold,hold,hold,allow,allow,allow,hold,allow,hold,hold,hold,allow,hold,hold,hold
gate3c_ood_wed_thu_webattacks,8,44,43,qsvc_zz_r1,sham_tiny_gaussian_sigma_0.001,0.0,False,True,True,False,True,True,True,False,True,allow,hold,hold,hold,allow,hold,hold,hold,allow,allow,allow,hold,allow,hold,hold,hold,allow,hold,hold,hold
gate3c_ood_wed_thu_webattacks,8,44,43,qsvc_zz_r1,sham_tiny_scaling_alpha_0.001,0.0,False,True,True,False,True,True,True,False,True,allow,hold,hold,hold,allow,hold,hold,hold,allow,allow,allow,hold,allow,hold,hold,hold,allow,hold,hold,hold
gate3c_ood_wed_thu_webattacks,8,45,42,qsvc_zz_r1,sham_tiny_gaussian_sigma_0.001,0.0,False,True,True,False,True,True,False,False,False,allow,hold,hold,hold,allow,hold,allow,hold,allow,allow,allow,hold,allow,hold,allow,allow,allow,hold,allow,allow
gate3c_ood_wed_thu_webattacks,8,45,42,qsvc_zz_r1,sham_tiny_scaling_alpha_0.001,0.0078125,True,True,True,False,True,True,True,False,True,allow,hold,hold,hold,allow,hold,hold,hold,allow,allow,allow,hold,allow,hold,hold,hold,allow,block,block,block
gate3c_ood_wed_thu_webattacks,8,45,43,qsvc_zz_r1,sham_tiny_gaussian_sigma_0.001,0.0,False,True,True,False,True,True,True,False,True,allow,hold,hold,hold,allow,hold,hold,hold,allow,allow,allow,hold,allow,hold,hold,hold,allow,hold,hold,hold
gate3c_ood_wed_thu_webattacks,8,45,43,qsvc_zz_r1,sham_tiny_scaling_alpha_0.001,0.0,False,True,True,False,True,True,True,False,True,allow,hold,hold,hold,allow,hold,hold,hold,allow,allow,allow,hold,allow,hold,hold,hold,allow,hold,hold,hold
gate3c_ood_wed_thu_webattacks,8,46,42,qsvc_zz_r1,sham_tiny_gaussian_sigma_0.001,0.0,False,True,True,False,True,True,True,False,True,allow,hold,hold,hold,allow,hold,hold,hold,allow,allow,allow,hold,allow,hold,hold,hold,allow,hold,hold,hold
gate3c_ood_wed_thu_webattacks,8,46,42,qsvc_zz_r1,sham_tiny_scaling_alpha_0.001,0.0,False,True,True,False,True,True,True,False,True,allow,hold,hold,hold,allow,hold,hold,hold,allow,allow,allow,hold,allow,hold,hold,hold,allow,hold,hold,hold
gate3c_ood_wed_thu_webattacks,8,46,43,qsvc_zz_r1,sham_tiny_gaussian_sigma_0.001,0.0,False,True,True,False,True,True,True,False,True,allow,hold,hold,hold,allow,hold,hold,hold,allow,allow,allow,hold,allow,hold,hold,hold,allow,hold,hold,hold
gate3c_ood_wed_thu_webattacks,8,46,43,qsvc_zz_r1,sham_tiny_scaling_alpha_0.001,0.0078125,True,True,True,False,True,True,True,False,True,allow,hold,hold,hold,allow,hold,hold,hold,allow,allow,allow,hold,allow,hold,hold,hold,allow,block,block,block
gate3c_ood_wed_thu_webattacks,8,42,42,svc_rbf,sham_tiny_gaussian_sigma_0.001,0.0,False,True,True,False,True,True,True,False,True,allow,hold,hold,hold,allow,hold,hold,hold,allow,allow,allow,hold,allow,hold,hold,hold,allow,hold,hold,hold
gate3c_ood_wed_thu_webattacks,8,42,42,svc_rbf,sham_tiny_scaling_alpha_0.001,0.0,False,True,True,False,True,True,True,False,True,allow,hold,hold,hold,allow,hold,hold,hold,allow,allow,allow,hold,allow,hold,hold,hold,allow,hold,hold,hold
gate3c_ood_wed_thu_webattacks,8,42,43,svc_rbf,sham_tiny_gaussian_sigma_0.001,0.0,False,True,True,False,True,True,False,False,False,allow,hold,hold,hold,allow,hold,allow,hold,allow,allow,allow,hold,allow,hold,allow,allow,allow,hold,allow,allow
gate3c_ood_wed_thu_webattacks,8,42,43,svc_rbf,sham_tiny_scaling_alpha_0.001,0.0,False,True,True,False,True,True,True,False,True,allow,hold,hold,hold,allow,hold,hold,hold,allow,allow,allow,hold,allow,hold,hold,hold,allow,hold,hold,hold
gate3c_ood_wed_thu_webattacks,8,43,42,svc_rbf,sham_tiny_gaussian_sigma_0.001,0.0,False,True,True,False,True,True,True,False,True,allow,hold,hold,hold,allow,hold,hold,hold,allow,allow,allow,hold,allow,hold,hold,hold,allow,hold,hold,hold
gate3c_ood_wed_thu_webattacks,8,43,42,svc_rbf,sham_tiny_scaling_alpha_0.001,0.0,False,True,True,False,True,True,True,False,True,allow,hold,hold,hold,allow,hold,hold,hold,allow,allow,allow,hold,allow,hold,hold,hold,allow,hold,hold,hold
gate3c_ood_wed_thu_webattacks,8,43,43,svc_rbf,sham_tiny_gaussian_sigma_0.001,0.0,False,True,True,False,True,True,True,False,True,allow,hold,hold,hold,allow,hold,hold,hold,allow,allow,allow,hold,allow,hold,hold,hold,allow,hold,hold,hold
gate3c_ood_wed_thu_webattacks,8,43,43,svc_rbf,sham_tiny_scaling_alpha_0.001,0.0,False,True,True,False,True,True,True,False,True,allow,hold,hold,hold,allow,hold,hold,hold,allow,allow,allow,hold,allow,hold,hold,hold,allow,hold,hold,hold
gate3c_ood_wed_thu_webattacks,8,44,42,svc_rbf,sham_tiny_gaussian_sigma_0.001,0.0,False,False,False,False,False,False,False,False,False,allow,allow,allow,hold,allow,allow,allow,hold,allow,allow,allow,hold,allow,allow,allow,allow,allow,allow,allow,allow
gate3c_ood_wed_thu_webattacks,8,44,42,svc_rbf,sham_tiny_scaling_alpha_0.001,0.0,False,True,True,False,True,True,True,False,True,allow,hold,hold,hold,allow,hold,hold,hold,allow,allow,allow,hold,allow,hold,hold,hold,allow,hold,hold,hold
gate3c_ood_wed_thu_webattacks,8,44,43,svc_rbf,sham_tiny_gaussian_sigma_0.001,0.0,False,True,True,False,True,True,True,False,True,allow,hold,hold,hold,allow,hold,hold,hold,allow,allow,allow,hold,allow,hold,hold,hold,allow,hold,hold,hold
gate3c_ood_wed_thu_webattacks,8,44,43,svc_rbf,sham_tiny_scaling_alpha_0.001,0.0,False,True,True,False,True,True,True,False,True,allow,hold,hold,hold,allow,hold,hold,hold,allow,allow,allow,hold,allow,hold,hold,hold,allow,hold,hold,hold
gate3c_ood_wed_thu_webattacks,8,45,42,svc_rbf,sham_tiny_gaussian_sigma_0.001,0.0,False,True,True,False,True,True,True,False,True,allow,hold,hold,hold,allow,hold,hold,hold,allow,allow,allow,hold,allow,hold,hold,hold,allow,hold,hold,hold
gate3c_ood_wed_thu_webattacks,8,45,42,svc_rbf,sham_tiny_scaling_alpha_0.001,0.0,False,True,True,False,True,True,True,False,True,allow,hold,hold,hold,allow,hold,hold,hold,allow,allow,allow,hold,allow,hold,hold,hold,allow,hold,hold,hold
gate3c_ood_wed_thu_webattacks,8,45,43,svc_rbf,sham_tiny_gaussian_sigma_0.001,0.0,False,True,True,False,True,True,True,False,True,allow,hold,hold,hold,allow,hold,hold,hold,allow,allow,allow,hold,allow,hold,hold,hold,allow,hold,hold,hold
gate3c_ood_wed_thu_webattacks,8,45,43,svc_rbf,sham_tiny_scaling_alpha_0.001,0.0,False,True,True,False,True,True,True,False,True,allow,hold,hold,hold,allow,hold,hold,hold,allow,allow,allow,hold,allow,hold,hold,hold,allow,hold,hold,hold
gate3c_ood_wed_thu_webattacks,8,46,42,svc_rbf,sham_tiny_gaussian_sigma_0.001,0.0,False,True,True,False,True,True,True,False,True,allow,hold,hold,hold,allow,hold,hold,hold,allow,allow,allow,hold,allow,hold,hold,hold,allow,hold,hold,hold
gate3c_ood_wed_thu_webattacks,8,46,42,svc_rbf,sham_tiny_scaling_alpha_0.001,0.0,False,True,True,False,True,True,True,False,True,allow,hold,hold,hold,allow,hold,hold,hold,allow,allow,allow,hold,allow,hold,hold,hold,allow,hold,hold,hold
gate3c_ood_wed_thu_webattacks,8,46,43,svc_rbf,sham_tiny_gaussian_sigma_0.001,0.0,False,True,True,False,True,True,True,False,True,allow,hold,hold,hold,allow,hold,hold,hold,allow,allow,allow,hold,allow,hold,hold,hold,allow,hold,hold,hold
gate3c_ood_wed_thu_webattacks,8,46,43,svc_rbf,sham_tiny_scaling_alpha_0.001,0.0,False,True,True,False,True,True,True,False,True,allow,hold,hold,hold,allow,hold,hold,hold,allow,allow,allow,hold,allow,hold,hold,hold,allow,hold,hold,hold
gate3c_ood_wed_thu_webattacks,10,42,42,qsvc_zz_r1,sham_tiny_gaussian_sigma_0.001,0.0,False,True,True,False,True,False,False,False,False,allow,hold,allow,hold,allow,hold,allow,hold,allow,allow,allow,hold,allow,hold,allow,allow,allow,hold,allow,allow
gate3c_ood_wed_thu_webattacks,10,42,42,qsvc_zz_r1,sham_tiny_scaling_alpha_0.001,0.0,False,True,True,False,True,True,True,False,True,allow,hold,hold,hold,allow,hold,hold,hold,allow,allow,allow,hold,allow,hold,hold,hold,allow,hold,hold,hold
gate3c_ood_wed_thu_webattacks,10,42,43,qsvc_zz_r1,sham_tiny_gaussian_sigma_0.001,0.0,False,True,True,False,True,False,False,False,False,allow,hold,allow,hold,allow,hold,allow,hold,allow,allow,allow,hold,allow,hold,allow,allow,allow,hold,allow,allow
gate3c_ood_wed_thu_webattacks,10,42,43,qsvc_zz_r1,sham_tiny_scaling_alpha_0.001,0.0078125,True,True,True,False,True,True,True,False,True,allow,hold,hold,hold,allow,hold,hold,hold,allow,allow,allow,hold,allow,hold,hold,hold,allow,block,block,block
gate3c_ood_wed_thu_webattacks,10,43,42,qsvc_zz_r1,sham_tiny_gaussian_sigma_0.001,0.0,False,True,True,False,True,False,False,False,False,allow,hold,allow,hold,allow,hold,allow,hold,allow,allow,allow,hold,allow,hold,allow,allow,allow,hold,allow,allow
gate3c_ood_wed_thu_webattacks,10,43,42,qsvc_zz_r1,sham_tiny_scaling_alpha_0.001,0.0,False,True,True,False,True,True,True,False,True,allow,hold,hold,hold,allow,hold,hold,hold,allow,allow,allow,hold,allow,hold,hold,hold,allow,hold,hold,hold
gate3c_ood_wed_thu_webattacks,10,43,43,qsvc_zz_r1,sham_tiny_gaussian_sigma_0.001,0.0,False,True,True,False,True,True,False,False,False,allow,hold,hold,hold,allow,hold,allow,hold,allow,allow,allow,hold,allow,hold,allow,allow,allow,hold,allow,allow
gate3c_ood_wed_thu_webattacks,10,43,43,qsvc_zz_r1,sham_tiny_scaling_alpha_0.001,0.0,False,True,True,False,True,True,True,False,True,allow,hold,hold,hold,allow,hold,hold,hold,allow,allow,allow,hold,allow,hold,hold,hold,allow,hold,hold,hold
gate3c_ood_wed_thu_webattacks,10,44,42,qsvc_zz_r1,sham_tiny_gaussian_sigma_0.001,0.0,False,True,True,False,True,False,False,False,False,allow,hold,allow,hold,allow,hold,allow,hold,allow,allow,allow,hold,allow,hold,allow,allow,allow,hold,allow,allow
gate3c_ood_wed_thu_webattacks,10,44,42,qsvc_zz_r1,sham_tiny_scaling_alpha_0.001,0.0078125,True,True,True,False,True,True,True,False,True,allow,hold,hold,hold,allow,hold,hold,hold,allow,allow,allow,hold,allow,hold,hold,hold,allow,block,block,block
gate3c_ood_wed_thu_webattacks,10,44,43,qsvc_zz_r1,sham_tiny_gaussian_sigma_0.001,0.0,False,True,True,False,True,False,False,False,False,allow,hold,allow,hold,allow,hold,allow,hold,allow,allow,allow,hold,allow,hold,allow,allow,allow,hold,allow,allow
gate3c_ood_wed_thu_webattacks,10,44,43,qsvc_zz_r1,sham_tiny_scaling_alpha_0.001,0.0,False,True,True,False,True,True,True,False,True,allow,hold,hold,hold,allow,hold,hold,hold,allow,allow,allow,hold,allow,hold,hold,hold,allow,hold,hold,hold
gate3c_ood_wed_thu_webattacks,10,45,42,qsvc_zz_r1,sham_tiny_gaussian_sigma_0.001,0.0,False,True,True,False,True,False,False,False,False,allow,hold,allow,hold,allow,hold,allow,hold,allow,allow,allow,hold,allow,hold,allow,allow,allow,hold,allow,allow
gate3c_ood_wed_thu_webattacks,10,45,42,qsvc_zz_r1,sham_tiny_scaling_alpha_0.001,0.0,False,True,True,False,True,True,True,False,True,allow,hold,hold,hold,allow,hold,hold,hold,allow,allow,allow,hold,allow,hold,hold,hold,allow,hold,hold,hold
gate3c_ood_wed_thu_webattacks,10,45,43,qsvc_zz_r1,sham_tiny_gaussian_sigma_0.001,0.0,False,True,True,False,True,True,False,False,False,allow,hold,hold,hold,allow,hold,allow,hold,allow,allow,allow,hold,allow,hold,allow,allow,allow,hold,allow,allow
gate3c_ood_wed_thu_webattacks,10,45,43,qsvc_zz_r1,sham_tiny_scaling_alpha_0.001,0.0,False,True,True,False,True,True,True,False,True,allow,hold,hold,hold,allow,hold,hold,hold,allow,allow,allow,hold,allow,hold,hold,hold,allow,hold,hold,hold
gate3c_ood_wed_thu_webattacks,10,46,42,qsvc_zz_r1,sham_tiny_gaussian_sigma_0.001,0.0,False,True,True,False,True,True,True,False,True,allow,hold,hold,hold,allow,hold,hold,hold,allow,allow,allow,hold,allow,hold,hold,hold,allow,hold,hold,hold
gate3c_ood_wed_thu_webattacks,10,46,42,qsvc_zz_r1,sham_tiny_scaling_alpha_0.001,0.0,False,True,True,False,True,True,True,False,True,allow,hold,hold,hold,allow,hold,hold,hold,allow,allow,allow,hold,allow,hold,hold,hold,allow,hold,hold,hold
gate3c_ood_wed_thu_webattacks,10,46,43,qsvc_zz_r1,sham_tiny_gaussian_sigma_0.001,0.0,False,True,True,False,True,False,False,False,False,allow,hold,allow,hold,allow,hold,allow,hold,allow,allow,allow,hold,allow,hold,allow,allow,allow,hold,allow,allow
gate3c_ood_wed_thu_webattacks,10,46,43,qsvc_zz_r1,sham_tiny_scaling_alpha_0.001,0.0,False,True,True,False,True,True,True,False,True,allow,hold,hold,hold,allow,hold,hold,hold,allow,allow,allow,hold,allow,hold,hold,hold,allow,hold,hold,hold
gate3c_ood_wed_thu_webattacks,10,42,42,svc_rbf,sham_tiny_gaussian_sigma_0.001,0.0,False,True,True,False,True,True,False,False,False,allow,hold,hold,hold,allow,hold,allow,hold,allow,allow,allow,hold,allow,hold,allow,allow,allow,hold,allow,allow
gate3c_ood_wed_thu_webattacks,10,42,42,svc_rbf,sham_tiny_scaling_alpha_0.001,0.0,False,True,True,False,True,True,True,False,True,allow,hold,hold,hold,allow,hold,hold,hold,allow,allow,allow,hold,allow,hold,hold,hold,allow,hold,hold,hold
gate3c_ood_wed_thu_webattacks,10,42,43,svc_rbf,sham_tiny_gaussian_sigma_0.001,0.0,False,True,True,False,True,False,False,False,False,allow,hold,allow,hold,allow,hold,allow,hold,allow,allow,allow,hold,allow,hold,allow,allow,allow,hold,allow,allow
gate3c_ood_wed_thu_webattacks,10,42,43,svc_rbf,sham_tiny_scaling_alpha_0.001,0.0,False,True,True,False,True,True,True,False,True,allow,hold,hold,hold,allow,hold,hold,hold,allow,allow,allow,hold,allow,hold,hold,hold,allow,hold,hold,hold
gate3c_ood_wed_thu_webattacks,10,43,42,svc_rbf,sham_tiny_gaussian_sigma_0.001,0.0,False,True,True,False,True,False,False,False,False,allow,hold,allow,hold,allow,hold,allow,hold,allow,allow,allow,hold,allow,hold,allow,allow,allow,hold,allow,allow
gate3c_ood_wed_thu_webattacks,10,43,42,svc_rbf,sham_tiny_scaling_alpha_0.001,0.0,False,True,True,False,True,True,True,False,True,allow,hold,hold,hold,allow,hold,hold,hold,allow,allow,allow,hold,allow,hold,hold,hold,allow,hold,hold,hold
gate3c_ood_wed_thu_webattacks,10,43,43,svc_rbf,sham_tiny_gaussian_sigma_0.001,0.0,False,True,True,False,True,False,False,False,False,allow,hold,allow,hold,allow,hold,allow,hold,allow,allow,allow,hold,allow,hold,allow,allow,allow,hold,allow,allow
gate3c_ood_wed_thu_webattacks,10,43,43,svc_rbf,sham_tiny_scaling_alpha_0.001,0.0,False,True,True,False,True,True,True,False,True,allow,hold,hold,hold,allow,hold,hold,hold,allow,allow,allow,hold,allow,hold,hold,hold,allow,hold,hold,hold
gate3c_ood_wed_thu_webattacks,10,44,42,svc_rbf,sham_tiny_gaussian_sigma_0.001,0.0,False,True,True,False,True,False,False,False,False,allow,hold,allow,hold,allow,hold,allow,hold,allow,allow,allow,hold,allow,hold,allow,allow,allow,hold,allow,allow
gate3c_ood_wed_thu_webattacks,10,44,42,svc_rbf,sham_tiny_scaling_alpha_0.001,0.0,False,True,True,False,True,True,True,False,True,allow,hold,hold,hold,allow,hold,hold,hold,allow,allow,allow,hold,allow,hold,hold,hold,allow,hold,hold,hold
gate3c_ood_wed_thu_webattacks,10,44,43,svc_rbf,sham_tiny_gaussian_sigma_0.001,0.0,False,False,False,False,False,False,False,False,False,allow,allow,allow,hold,allow,allow,allow,hold,allow,allow,allow,hold,allow,allow,allow,allow,allow,allow,allow,allow
gate3c_ood_wed_thu_webattacks,10,44,43,svc_rbf,sham_tiny_scaling_alpha_0.001,0.0,False,True,True,False,True,True,True,False,True,allow,hold,hold,hold,allow,hold,hold,hold,allow,allow,allow,hold,allow,hold,hold,hold,allow,hold,hold,hold
gate3c_ood_wed_thu_webattacks,10,45,42,svc_rbf,sham_tiny_gaussian_sigma_0.001,0.0,False,True,True,False,True,False,False,False,False,allow,hold,allow,hold,allow,hold,allow,hold,allow,allow,allow,hold,allow,hold,allow,allow,allow,hold,allow,allow
gate3c_ood_wed_thu_webattacks,10,45,42,svc_rbf,sham_tiny_scaling_alpha_0.001,0.0,False,True,True,False,True,True,True,False,True,allow,hold,hold,hold,allow,hold,hold,hold,allow,allow,allow,hold,allow,hold,hold,hold,allow,hold,hold,hold
gate3c_ood_wed_thu_webattacks,10,45,43,svc_rbf,sham_tiny_gaussian_sigma_0.001,0.0,False,True,True,False,True,True,True,False,True,allow,hold,hold,hold,allow,hold,hold,hold,allow,allow,allow,hold,allow,hold,hold,hold,allow,hold,hold,hold
gate3c_ood_wed_thu_webattacks,10,45,43,svc_rbf,sham_tiny_scaling_alpha_0.001,0.0,False,True,True,False,True,True,True,False,True,allow,hold,hold,hold,allow,hold,hold,hold,allow,allow,allow,hold,allow,hold,hold,hold,allow,hold,hold,hold
gate3c_ood_wed_thu_webattacks,10,46,42,svc_rbf,sham_tiny_gaussian_sigma_0.001,0.0,False,True,True,False,True,True,False,False,False,allow,hold,hold,hold,allow,hold,allow,hold,allow,allow,allow,hold,allow,hold,allow,allow,allow,hold,allow,allow
gate3c_ood_wed_thu_webattacks,10,46,42,svc_rbf,sham_tiny_scaling_alpha_0.001,0.0,False,True,True,False,True,True,True,False,True,allow,hold,hold,hold,allow,hold,hold,hold,allow,allow,allow,hold,allow,hold,hold,hold,allow,hold,hold,hold
gate3c_ood_wed_thu_webattacks,10,46,43,svc_rbf,sham_tiny_gaussian_sigma_0.001,0.0,False,True,True,False,True,True,False,False,False,allow,hold,hold,hold,allow,hold,allow,hold,allow,allow,allow,hold,allow,hold,allow,allow,allow,hold,allow,allow
gate3c_ood_wed_thu_webattacks,10,46,43,svc_rbf,sham_tiny_scaling_alpha_0.001,0.0,False,True,True,False,True,True,True,False,True,allow,hold,hold,hold,allow,hold,hold,hold,allow,allow,allow,hold,allow,hold,hold,hold,allow,hold,hold,hold
gate3c_ood_wed_thu_webattacks,12,42,42,qsvc_zz_r1,sham_tiny_gaussian_sigma_0.001,0.0,False,True,True,False,True,False,False,False,False,allow,hold,allow,hold,allow,hold,allow,hold,allow,allow,allow,hold,allow,hold,allow,allow,allow,hold,allow,allow
gate3c_ood_wed_thu_webattacks,12,42,42,qsvc_zz_r1,sham_tiny_scaling_alpha_0.001,0.0,False,True,True,False,True,True,True,False,True,allow,hold,hold,hold,allow,hold,hold,hold,allow,allow,allow,hold,allow,hold,hold,hold,allow,hold,hold,hold
gate3c_ood_wed_thu_webattacks,12,42,43,qsvc_zz_r1,sham_tiny_gaussian_sigma_0.001,0.0,False,True,True,False,True,False,False,False,False,allow,hold,allow,hold,allow,hold,allow,hold,allow,allow,allow,hold,allow,hold,allow,allow,allow,hold,allow,allow
gate3c_ood_wed_thu_webattacks,12,42,43,qsvc_zz_r1,sham_tiny_scaling_alpha_0.001,0.0,False,True,True,False,True,True,True,False,True,allow,hold,hold,hold,allow,hold,hold,hold,allow,allow,allow,hold,allow,hold,hold,hold,allow,hold,hold,hold
gate3c_ood_wed_thu_webattacks,12,43,42,qsvc_zz_r1,sham_tiny_gaussian_sigma_0.001,0.0,False,True,True,False,True,False,False,False,False,allow,hold,allow,hold,allow,hold,allow,hold,allow,allow,allow,hold,allow,hold,allow,allow,allow,hold,allow,allow
gate3c_ood_wed_thu_webattacks,12,43,42,qsvc_zz_r1,sham_tiny_scaling_alpha_0.001,0.0,False,True,True,False,True,True,True,False,True,allow,hold,hold,hold,allow,hold,hold,hold,allow,allow,allow,hold,allow,hold,hold,hold,allow,hold,hold,hold
gate3c_ood_wed_thu_webattacks,12,43,43,qsvc_zz_r1,sham_tiny_gaussian_sigma_0.001,-0.0078125,True,True,True,False,True,False,False,False,False,allow,hold,allow,hold,allow,hold,allow,hold,allow,allow,allow,hold,allow,hold,allow,allow,allow,block,block,block
gate3c_ood_wed_thu_webattacks,12,43,43,qsvc_zz_r1,sham_tiny_scaling_alpha_0.001,0.0,False,True,True,False,True,True,True,False,True,allow,hold,hold,hold,allow,hold,hold,hold,allow,allow,allow,hold,allow,hold,hold,hold,allow,hold,hold,hold
gate3c_ood_wed_thu_webattacks,12,44,42,qsvc_zz_r1,sham_tiny_gaussian_sigma_0.001,0.0,False,True,True,False,True,False,False,False,False,allow,hold,allow,hold,allow,hold,allow,hold,allow,allow,allow,hold,allow,hold,allow,allow,allow,hold,allow,allow
gate3c_ood_wed_thu_webattacks,12,44,42,qsvc_zz_r1,sham_tiny_scaling_alpha_0.001,0.0,False,True,True,False,True,True,True,False,True,allow,hold,hold,hold,allow,hold,hold,hold,allow,allow,allow,hold,allow,hold,hold,hold,allow,hold,hold,hold
gate3c_ood_wed_thu_webattacks,12,44,43,qsvc_zz_r1,sham_tiny_gaussian_sigma_0.001,0.0,False,False,False,False,False,False,False,False,False,allow,allow,allow,hold,allow,allow,allow,hold,allow,allow,allow,hold,allow,allow,allow,allow,allow,allow,allow,allow
gate3c_ood_wed_thu_webattacks,12,44,43,qsvc_zz_r1,sham_tiny_scaling_alpha_0.001,0.0,False,True,True,False,True,True,True,False,True,allow,hold,hold,hold,allow,hold,hold,hold,allow,allow,allow,hold,allow,hold,hold,hold,allow,hold,hold,hold
gate3c_ood_wed_thu_webattacks,12,45,42,qsvc_zz_r1,sham_tiny_gaussian_sigma_0.001,0.0,False,True,True,False,True,False,False,False,False,allow,hold,allow,hold,allow,hold,allow,hold,allow,allow,allow,hold,allow,hold,allow,allow,allow,hold,allow,allow
gate3c_ood_wed_thu_webattacks,12,45,42,qsvc_zz_r1,sham_tiny_scaling_alpha_0.001,0.0,False,True,True,False,True,True,True,False,True,allow,hold,hold,hold,allow,hold,hold,hold,allow,allow,allow,hold,allow,hold,hold,hold,allow,hold,hold,hold
gate3c_ood_wed_thu_webattacks,12,45,43,qsvc_zz_r1,sham_tiny_gaussian_sigma_0.001,0.0,False,True,True,False,True,True,True,False,True,allow,hold,hold,hold,allow,hold,hold,hold,allow,allow,allow,hold,allow,hold,hold,hold,allow,hold,hold,hold
gate3c_ood_wed_thu_webattacks,12,45,43,qsvc_zz_r1,sham_tiny_scaling_alpha_0.001,0.0,False,True,True,False,True,True,True,False,True,allow,hold,hold,hold,allow,hold,hold,hold,allow,allow,allow,hold,allow,hold,hold,hold,allow,hold,hold,hold
gate3c_ood_wed_thu_webattacks,12,46,42,qsvc_zz_r1,sham_tiny_gaussian_sigma_0.001,0.0,False,True,True,False,True,False,False,False,False,allow,hold,allow,hold,allow,hold,allow,hold,allow,allow,allow,hold,allow,hold,allow,allow,allow,hold,allow,allow
gate3c_ood_wed_thu_webattacks,12,46,42,qsvc_zz_r1,sham_tiny_scaling_alpha_0.001,0.0,False,True,True,False,True,True,True,False,True,allow,hold,hold,hold,allow,hold,hold,hold,allow,allow,allow,hold,allow,hold,hold,hold,allow,hold,hold,hold
gate3c_ood_wed_thu_webattacks,12,46,43,qsvc_zz_r1,sham_tiny_gaussian_sigma_0.001,0.0,False,True,True,False,True,False,False,False,False,allow,hold,allow,hold,allow,hold,allow,hold,allow,allow,allow,hold,allow,hold,allow,allow,allow,hold,allow,allow
gate3c_ood_wed_thu_webattacks,12,46,43,qsvc_zz_r1,sham_tiny_scaling_alpha_0.001,0.0,False,True,True,False,True,True,True,False,True,allow,hold,hold,hold,allow,hold,hold,hold,allow,allow,allow,hold,allow,hold,hold,hold,allow,hold,hold,hold
gate3c_ood_wed_thu_webattacks,12,42,42,svc_rbf,sham_tiny_gaussian_sigma_0.001,0.0,False,True,True,False,True,False,False,False,False,allow,hold,allow,hold,allow,hold,allow,hold,allow,allow,allow,hold,allow,hold,allow,allow,allow,hold,allow,allow
gate3c_ood_wed_thu_webattacks,12,42,42,svc_rbf,sham_tiny_scaling_alpha_0.001,0.0,False,True,True,False,True,True,True,False,True,allow,hold,hold,hold,allow,hold,hold,hold,allow,allow,allow,hold,allow,hold,hold,hold,allow,hold,hold,hold
gate3c_ood_wed_thu_webattacks,12,42,43,svc_rbf,sham_tiny_gaussian_sigma_0.001,0.0,False,True,True,False,True,False,False,False,False,allow,hold,allow,hold,allow,hold,allow,hold,allow,allow,allow,hold,allow,hold,allow,allow,allow,hold,allow,allow
gate3c_ood_wed_thu_webattacks,12,42,43,svc_rbf,sham_tiny_scaling_alpha_0.001,0.0,False,True,True,False,True,True,True,False,True,allow,hold,hold,hold,allow,hold,hold,hold,allow,allow,allow,hold,allow,hold,hold,hold,allow,hold,hold,hold
gate3c_ood_wed_thu_webattacks,12,43,42,svc_rbf,sham_tiny_gaussian_sigma_0.001,0.0,False,True,True,False,True,False,False,False,False,allow,hold,allow,hold,allow,hold,allow,hold,allow,allow,allow,hold,allow,hold,allow,allow,allow,hold,allow,allow
gate3c_ood_wed_thu_webattacks,12,43,42,svc_rbf,sham_tiny_scaling_alpha_0.001,0.0,False,True,True,False,True,True,True,False,True,allow,hold,hold,hold,allow,hold,hold,hold,allow,allow,allow,hold,allow,hold,hold,hold,allow,hold,hold,hold
gate3c_ood_wed_thu_webattacks,12,43,43,svc_rbf,sham_tiny_gaussian_sigma_0.001,0.0,False,True,True,False,True,False,False,False,False,allow,hold,allow,hold,allow,hold,allow,hold,allow,allow,allow,hold,allow,hold,allow,allow,allow,hold,allow,allow
gate3c_ood_wed_thu_webattacks,12,43,43,svc_rbf,sham_tiny_scaling_alpha_0.001,0.0,False,True,True,False,True,True,True,False,True,allow,hold,hold,hold,allow,hold,hold,hold,allow,allow,allow,hold,allow,hold,hold,hold,allow,hold,hold,hold
gate3c_ood_wed_thu_webattacks,12,44,42,svc_rbf,sham_tiny_gaussian_sigma_0.001,0.0,False,False,False,False,False,False,False,False,False,allow,allow,allow,hold,allow,allow,allow,hold,allow,allow,allow,hold,allow,allow,allow,allow,allow,allow,allow,allow
gate3c_ood_wed_thu_webattacks,12,44,42,svc_rbf,sham_tiny_scaling_alpha_0.001,0.0,False,True,True,False,True,True,True,False,True,allow,hold,hold,hold,allow,hold,hold,hold,allow,allow,allow,hold,allow,hold,hold,hold,allow,hold,hold,hold
gate3c_ood_wed_thu_webattacks,12,44,43,svc_rbf,sham_tiny_gaussian_sigma_0.001,0.0,False,True,True,False,True,False,False,False,False,allow,hold,allow,hold,allow,hold,allow,hold,allow,allow,allow,hold,allow,hold,allow,allow,allow,hold,allow,allow
gate3c_ood_wed_thu_webattacks,12,44,43,svc_rbf,sham_tiny_scaling_alpha_0.001,0.0,False,True,True,False,True,True,True,False,True,allow,hold,hold,hold,allow,hold,hold,hold,allow,allow,allow,hold,allow,hold,hold,hold,allow,hold,hold,hold
gate3c_ood_wed_thu_webattacks,12,45,42,svc_rbf,sham_tiny_gaussian_sigma_0.001,0.0,False,True,True,False,True,False,False,False,False,allow,hold,allow,hold,allow,hold,allow,hold,allow,allow,allow,hold,allow,hold,allow,allow,allow,hold,allow,allow
gate3c_ood_wed_thu_webattacks,12,45,42,svc_rbf,sham_tiny_scaling_alpha_0.001,0.0,False,True,True,False,True,True,True,False,True,allow,hold,hold,hold,allow,hold,hold,hold,allow,allow,allow,hold,allow,hold,hold,hold,allow,hold,hold,hold
gate3c_ood_wed_thu_webattacks,12,45,43,svc_rbf,sham_tiny_gaussian_sigma_0.001,0.0,False,True,True,False,True,False,False,False,False,allow,hold,allow,hold,allow,hold,allow,hold,allow,allow,allow,hold,allow,hold,allow,allow,allow,hold,allow,allow
gate3c_ood_wed_thu_webattacks,12,45,43,svc_rbf,sham_tiny_scaling_alpha_0.001,0.0,False,True,True,False,True,True,True,False,True,allow,hold,hold,hold,allow,hold,hold,hold,allow,allow,allow,hold,allow,hold,hold,hold,allow,hold,hold,hold
gate3c_ood_wed_thu_webattacks,12,46,42,svc_rbf,sham_tiny_gaussian_sigma_0.001,0.0,False,True,True,False,True,False,False,False,False,allow,hold,allow,hold,allow,hold,allow,hold,allow,allow,allow,hold,allow,hold,allow,allow,allow,hold,allow,allow
gate3c_ood_wed_thu_webattacks,12,46,42,svc_rbf,sham_tiny_scaling_alpha_0.001,0.0,False,True,True,False,True,True,True,False,True,allow,hold,hold,hold,allow,hold,hold,hold,allow,allow,allow,hold,allow,hold,hold,hold,allow,hold,hold,hold
gate3c_ood_wed_thu_webattacks,12,46,43,svc_rbf,sham_tiny_gaussian_sigma_0.001,0.0,False,True,True,False,True,True,True,False,False,allow,hold,hold,hold,allow,hold,hold,hold,allow,allow,allow,hold,allow,hold,allow,allow,allow,hold,allow,allow
gate3c_ood_wed_thu_webattacks,12,46,43,svc_rbf,sham_tiny_scaling_alpha_0.001,0.0,False,True,True,False,True,True,True,False,True,allow,hold,hold,hold,allow,hold,hold,hold,allow,allow,allow,hold,allow,hold,hold,hold,allow,hold,hold,hold
gate3d_ood_wed_fri_morning,8,42,42,qsvc_zz_r1,sham_tiny_gaussian_sigma_0.001,0.0,False,True,True,False,True,True,True,False,True,allow,hold,hold,hold,allow,hold,hold,hold,allow,allow,allow,hold,allow,hold,hold,hold,allow,hold,hold,hold
gate3d_ood_wed_fri_morning,8,42,42,qsvc_zz_r1,sham_tiny_scaling_alpha_0.001,0.0,False,True,True,False,True,True,True,False,True,allow,hold,hold,hold,allow,hold,hold,hold,allow,allow,allow,hold,allow,hold,hold,hold,allow,hold,hold,hold
gate3d_ood_wed_fri_morning,8,42,43,qsvc_zz_r1,sham_tiny_gaussian_sigma_0.001,0.0,False,True,True,False,True,True,True,False,True,allow,hold,hold,hold,allow,hold,hold,hold,allow,allow,allow,hold,allow,hold,hold,hold,allow,hold,hold,hold
gate3d_ood_wed_fri_morning,8,42,43,qsvc_zz_r1,sham_tiny_scaling_alpha_0.001,0.0,False,True,True,False,True,True,True,False,True,allow,hold,hold,hold,allow,hold,hold,hold,allow,allow,allow,hold,allow,hold,hold,hold,allow,hold,hold,hold
gate3d_ood_wed_fri_morning,8,43,42,qsvc_zz_r1,sham_tiny_gaussian_sigma_0.001,0.0,False,True,True,False,True,True,True,False,True,allow,hold,hold,hold,allow,hold,hold,hold,allow,allow,allow,hold,allow,hold,hold,hold,allow,hold,hold,hold
gate3d_ood_wed_fri_morning,8,43,42,qsvc_zz_r1,sham_tiny_scaling_alpha_0.001,0.0,False,True,True,False,True,True,True,False,True,allow,hold,hold,hold,allow,hold,hold,hold,allow,allow,allow,hold,allow,hold,hold,hold,allow,hold,hold,hold
gate3d_ood_wed_fri_morning,8,43,43,qsvc_zz_r1,sham_tiny_gaussian_sigma_0.001,0.0,False,True,True,False,True,True,True,False,True,allow,hold,hold,hold,allow,hold,hold,hold,allow,allow,allow,hold,allow,hold,hold,hold,allow,hold,hold,hold
gate3d_ood_wed_fri_morning,8,43,43,qsvc_zz_r1,sham_tiny_scaling_alpha_0.001,0.0,False,True,True,False,True,True,True,False,True,allow,hold,hold,hold,allow,hold,hold,hold,allow,allow,allow,hold,allow,hold,hold,hold,allow,hold,hold,hold
gate3d_ood_wed_fri_morning,8,44,42,qsvc_zz_r1,sham_tiny_gaussian_sigma_0.001,0.0,False,True,True,False,True,True,True,False,True,allow,hold,hold,hold,allow,hold,hold,hold,allow,allow,allow,hold,allow,hold,hold,hold,allow,hold,hold,hold
gate3d_ood_wed_fri_morning,8,44,42,qsvc_zz_r1,sham_tiny_scaling_alpha_0.001,0.0,False,True,True,False,True,True,True,False,True,allow,hold,hold,hold,allow,hold,hold,hold,allow,allow,allow,hold,allow,hold,hold,hold,allow,hold,hold,hold
gate3d_ood_wed_fri_morning,8,44,43,qsvc_zz_r1,sham_tiny_gaussian_sigma_0.001,0.0,False,True,True,False,True,True,True,False,True,allow,hold,hold,hold,allow,hold,hold,hold,allow,allow,allow,hold,allow,hold,hold,hold,allow,hold,hold,hold
gate3d_ood_wed_fri_morning,8,44,43,qsvc_zz_r1,sham_tiny_scaling_alpha_0.001,0.0,False,True,True,False,True,True,True,False,True,allow,hold,hold,hold,allow,hold,hold,hold,allow,allow,allow,hold,allow,hold,hold,hold,allow,hold,hold,hold
gate3d_ood_wed_fri_morning,8,45,42,qsvc_zz_r1,sham_tiny_gaussian_sigma_0.001,0.0,False,True,True,False,True,True,True,False,True,allow,hold,hold,hold,allow,hold,hold,hold,allow,allow,allow,hold,allow,hold,hold,hold,allow,hold,hold,hold
gate3d_ood_wed_fri_morning,8,45,42,qsvc_zz_r1,sham_tiny_scaling_alpha_0.001,0.0,False,True,True,False,True,True,True,False,True,allow,hold,hold,hold,allow,hold,hold,hold,allow,allow,allow,hold,allow,hold,hold,hold,allow,hold,hold,hold
gate3d_ood_wed_fri_morning,8,45,43,qsvc_zz_r1,sham_tiny_gaussian_sigma_0.001,0.0,False,True,True,False,True,True,True,False,True,allow,hold,hold,hold,allow,hold,hold,hold,allow,allow,allow,hold,allow,hold,hold,hold,allow,hold,hold,hold
gate3d_ood_wed_fri_morning,8,45,43,qsvc_zz_r1,sham_tiny_scaling_alpha_0.001,0.0,False,True,True,False,True,True,True,False,True,allow,hold,hold,hold,allow,hold,hold,hold,allow,allow,allow,hold,allow,hold,hold,hold,allow,hold,hold,hold
gate3d_ood_wed_fri_morning,8,46,42,qsvc_zz_r1,sham_tiny_gaussian_sigma_0.001,0.0,False,True,True,False,True,True,True,False,True,allow,hold,hold,hold,allow,hold,hold,hold,allow,allow,allow,hold,allow,hold,hold,hold,allow,hold,hold,hold
gate3d_ood_wed_fri_morning,8,46,42,qsvc_zz_r1,sham_tiny_scaling_alpha_0.001,0.0,False,True,True,False,True,True,True,False,True,allow,hold,hold,hold,allow,hold,hold,hold,allow,allow,allow,hold,allow,hold,hold,hold,allow,hold,hold,hold
gate3d_ood_wed_fri_morning,8,46,43,qsvc_zz_r1,sham_tiny_gaussian_sigma_0.001,0.0,False,True,True,False,True,True,True,False,True,allow,hold,hold,hold,allow,hold,hold,hold,allow,allow,allow,hold,allow,hold,hold,hold,allow,hold,hold,hold
gate3d_ood_wed_fri_morning,8,46,43,qsvc_zz_r1,sham_tiny_scaling_alpha_0.001,0.0,False,True,True,False,True,True,True,False,True,allow,hold,hold,hold,allow,hold,hold,hold,allow,allow,allow,hold,allow,hold,hold,hold,allow,hold,hold,hold
gate3d_ood_wed_fri_morning,8,42,42,svc_rbf,sham_tiny_gaussian_sigma_0.001,0.0,False,True,True,False,True,True,True,False,True,allow,hold,hold,hold,allow,hold,hold,hold,allow,allow,allow,hold,allow,hold,hold,hold,allow,hold,hold,hold
gate3d_ood_wed_fri_morning,8,42,42,svc_rbf,sham_tiny_scaling_alpha_0.001,0.0,False,True,True,False,True,True,True,False,True,allow,hold,hold,hold,allow,hold,hold,hold,allow,allow,allow,hold,allow,hold,hold,hold,allow,hold,hold,hold
gate3d_ood_wed_fri_morning,8,42,43,svc_rbf,sham_tiny_gaussian_sigma_0.001,0.0,False,True,True,False,True,True,True,False,True,allow,hold,hold,hold,allow,hold,hold,hold,allow,allow,allow,hold,allow,hold,hold,hold,allow,hold,hold,hold
gate3d_ood_wed_fri_morning,8,42,43,svc_rbf,sham_tiny_scaling_alpha_0.001,0.0,False,True,True,False,True,True,True,False,True,allow,hold,hold,hold,allow,hold,hold,hold,allow,allow,allow,hold,allow,hold,hold,hold,allow,hold,hold,hold
gate3d_ood_wed_fri_morning,8,43,42,svc_rbf,sham_tiny_gaussian_sigma_0.001,0.0,False,True,True,False,True,True,True,False,True,allow,hold,hold,hold,allow,hold,hold,hold,allow,allow,allow,hold,allow,hold,hold,hold,allow,hold,hold,hold
gate3d_ood_wed_fri_morning,8,43,42,svc_rbf,sham_tiny_scaling_alpha_0.001,0.0,False,True,True,False,True,True,True,False,True,allow,hold,hold,hold,allow,hold,hold,hold,allow,allow,allow,hold,allow,hold,hold,hold,allow,hold,hold,hold
gate3d_ood_wed_fri_morning,8,43,43,svc_rbf,sham_tiny_gaussian_sigma_0.001,0.0,False,True,True,False,True,True,True,False,True,allow,hold,hold,hold,allow,hold,hold,hold,allow,allow,allow,hold,allow,hold,hold,hold,allow,hold,hold,hold
gate3d_ood_wed_fri_morning,8,43,43,svc_rbf,sham_tiny_scaling_alpha_0.001,0.0,False,True,True,False,True,True,True,False,True,allow,hold,hold,hold,allow,hold,hold,hold,allow,allow,allow,hold,allow,hold,hold,hold,allow,hold,hold,hold
gate3d_ood_wed_fri_morning,8,44,42,svc_rbf,sham_tiny_gaussian_sigma_0.001,0.0,False,True,True,False,True,True,True,False,True,allow,hold,hold,hold,allow,hold,hold,hold,allow,allow,allow,hold,allow,hold,hold,hold,allow,hold,hold,hold
gate3d_ood_wed_fri_morning,8,44,42,svc_rbf,sham_tiny_scaling_alpha_0.001,0.0,False,True,True,False,True,True,True,False,True,allow,hold,hold,hold,allow,hold,hold,hold,allow,allow,allow,hold,allow,hold,hold,hold,allow,hold,hold,hold
gate3d_ood_wed_fri_morning,8,44,43,svc_rbf,sham_tiny_gaussian_sigma_0.001,0.0,False,True,True,False,True,True,True,False,True,allow,hold,hold,hold,allow,hold,hold,hold,allow,allow,allow,hold,allow,hold,hold,hold,allow,hold,hold,hold
gate3d_ood_wed_fri_morning,8,44,43,svc_rbf,sham_tiny_scaling_alpha_0.001,0.0,False,True,True,False,True,True,True,False,True,allow,hold,hold,hold,allow,hold,hold,hold,allow,allow,allow,hold,allow,hold,hold,hold,allow,hold,hold,hold
gate3d_ood_wed_fri_morning,8,45,42,svc_rbf,sham_tiny_gaussian_sigma_0.001,0.0,False,True,True,False,True,True,True,False,True,allow,hold,hold,hold,allow,hold,hold,hold,allow,allow,allow,hold,allow,hold,hold,hold,allow,hold,hold,hold
gate3d_ood_wed_fri_morning,8,45,42,svc_rbf,sham_tiny_scaling_alpha_0.001,0.0,False,True,True,False,True,True,True,False,True,allow,hold,hold,hold,allow,hold,hold,hold,allow,allow,allow,hold,allow,hold,hold,hold,allow,hold,hold,hold
gate3d_ood_wed_fri_morning,8,45,43,svc_rbf,sham_tiny_gaussian_sigma_0.001,0.0,False,True,True,False,True,True,True,False,True,allow,hold,hold,hold,allow,hold,hold,hold,allow,allow,allow,hold,allow,hold,hold,hold,allow,hold,hold,hold
gate3d_ood_wed_fri_morning,8,45,43,svc_rbf,sham_tiny_scaling_alpha_0.001,0.0,False,True,True,False,True,True,True,False,True,allow,hold,hold,hold,allow,hold,hold,hold,allow,allow,allow,hold,allow,hold,hold,hold,allow,hold,hold,hold
gate3d_ood_wed_fri_morning,8,46,42,svc_rbf,sham_tiny_gaussian_sigma_0.001,0.0,False,True,True,False,True,True,True,False,True,allow,hold,hold,hold,allow,hold,hold,hold,allow,allow,allow,hold,allow,hold,hold,hold,allow,hold,hold,hold
gate3d_ood_wed_fri_morning,8,46,42,svc_rbf,sham_tiny_scaling_alpha_0.001,0.0,False,True,True,False,True,True,True,False,True,allow,hold,hold,hold,allow,hold,hold,hold,allow,allow,allow,hold,allow,hold,hold,hold,allow,hold,hold,hold
gate3d_ood_wed_fri_morning,8,46,43,svc_rbf,sham_tiny_gaussian_sigma_0.001,0.0,False,True,True,False,True,True,True,False,True,allow,hold,hold,hold,allow,hold,hold,hold,allow,allow,allow,hold,allow,hold,hold,hold,allow,hold,hold,hold
gate3d_ood_wed_fri_morning,8,46,43,svc_rbf,sham_tiny_scaling_alpha_0.001,0.0,False,True,True,False,True,True,True,False,True,allow,hold,hold,hold,allow,hold,hold,hold,allow,allow,allow,hold,allow,hold,hold,hold,allow,hold,hold,hold
gate3d_ood_wed_fri_morning,10,42,42,qsvc_zz_r1,sham_tiny_gaussian_sigma_0.001,0.0,False,True,True,False,True,True,True,False,True,allow,hold,hold,hold,allow,hold,hold,hold,allow,allow,allow,hold,allow,hold,hold,hold,allow,hold,hold,hold
gate3d_ood_wed_fri_morning,10,42,42,qsvc_zz_r1,sham_tiny_scaling_alpha_0.001,0.0,False,True,True,False,True,True,True,False,True,allow,hold,hold,hold,allow,hold,hold,hold,allow,allow,allow,hold,allow,hold,hold,hold,allow,hold,hold,hold
gate3d_ood_wed_fri_morning,10,42,43,qsvc_zz_r1,sham_tiny_gaussian_sigma_0.001,-0.0078125,True,True,True,False,True,True,True,False,True,allow,hold,hold,hold,allow,hold,hold,hold,allow,allow,allow,hold,allow,hold,hold,hold,allow,block,block,block
gate3d_ood_wed_fri_morning,10,42,43,qsvc_zz_r1,sham_tiny_scaling_alpha_0.001,-0.015625,True,True,True,False,True,True,True,False,True,allow,hold,hold,hold,allow,hold,hold,hold,allow,allow,allow,hold,allow,hold,hold,hold,allow,block,block,block
gate3d_ood_wed_fri_morning,10,43,42,qsvc_zz_r1,sham_tiny_gaussian_sigma_0.001,0.0,False,True,True,False,True,True,True,False,True,allow,hold,hold,hold,allow,hold,hold,hold,allow,allow,allow,hold,allow,hold,hold,hold,allow,hold,hold,hold
gate3d_ood_wed_fri_morning,10,43,42,qsvc_zz_r1,sham_tiny_scaling_alpha_0.001,0.0,False,True,True,False,True,True,True,False,True,allow,hold,hold,hold,allow,hold,hold,hold,allow,allow,allow,hold,allow,hold,hold,hold,allow,hold,hold,hold
gate3d_ood_wed_fri_morning,10,43,43,qsvc_zz_r1,sham_tiny_gaussian_sigma_0.001,0.0,False,True,True,False,True,True,True,False,True,allow,hold,hold,hold,allow,hold,hold,hold,allow,allow,allow,hold,allow,hold,hold,hold,allow,hold,hold,hold
gate3d_ood_wed_fri_morning,10,43,43,qsvc_zz_r1,sham_tiny_scaling_alpha_0.001,0.0,False,True,True,False,True,True,True,False,True,allow,hold,hold,hold,allow,hold,hold,hold,allow,allow,allow,hold,allow,hold,hold,hold,allow,hold,hold,hold
gate3d_ood_wed_fri_morning,10,44,42,qsvc_zz_r1,sham_tiny_gaussian_sigma_0.001,0.0,False,True,True,False,True,True,True,False,True,allow,hold,hold,hold,allow,hold,hold,hold,allow,allow,allow,hold,allow,hold,hold,hold,allow,hold,hold,hold
gate3d_ood_wed_fri_morning,10,44,42,qsvc_zz_r1,sham_tiny_scaling_alpha_0.001,0.0390625,True,True,True,False,True,True,True,False,True,allow,hold,hold,hold,allow,hold,hold,hold,allow,allow,allow,hold,allow,hold,hold,hold,allow,block,block,block
gate3d_ood_wed_fri_morning,10,44,43,qsvc_zz_r1,sham_tiny_gaussian_sigma_0.001,0.0,False,True,True,False,True,True,True,False,True,allow,hold,hold,hold,allow,hold,hold,hold,allow,allow,allow,hold,allow,hold,hold,hold,allow,hold,hold,hold
gate3d_ood_wed_fri_morning,10,44,43,qsvc_zz_r1,sham_tiny_scaling_alpha_0.001,0.0,False,True,True,False,True,True,True,False,True,allow,hold,hold,hold,allow,hold,hold,hold,allow,allow,allow,hold,allow,hold,hold,hold,allow,hold,hold,hold
gate3d_ood_wed_fri_morning,10,45,42,qsvc_zz_r1,sham_tiny_gaussian_sigma_0.001,0.0,False,True,True,False,True,True,True,False,True,allow,hold,hold,hold,allow,hold,hold,hold,allow,allow,allow,hold,allow,hold,hold,hold,allow,hold,hold,hold
gate3d_ood_wed_fri_morning,10,45,42,qsvc_zz_r1,sham_tiny_scaling_alpha_0.001,0.0,False,True,True,False,True,True,True,False,True,allow,hold,hold,hold,allow,hold,hold,hold,allow,allow,allow,hold,allow,hold,hold,hold,allow,hold,hold,hold
gate3d_ood_wed_fri_morning,10,45,43,qsvc_zz_r1,sham_tiny_gaussian_sigma_0.001,0.0,False,True,True,False,True,True,True,False,True,allow,hold,hold,hold,allow,hold,hold,hold,allow,allow,allow,hold,allow,hold,hold,hold,allow,hold,hold,hold
gate3d_ood_wed_fri_morning,10,45,43,qsvc_zz_r1,sham_tiny_scaling_alpha_0.001,0.0,False,True,True,False,True,True,True,False,True,allow,hold,hold,hold,allow,hold,hold,hold,allow,allow,allow,hold,allow,hold,hold,hold,allow,hold,hold,hold
gate3d_ood_wed_fri_morning,10,46,42,qsvc_zz_r1,sham_tiny_gaussian_sigma_0.001,0.0,False,True,True,False,True,True,True,False,True,allow,hold,hold,hold,allow,hold,hold,hold,allow,allow,allow,hold,allow,hold,hold,hold,allow,hold,hold,hold
gate3d_ood_wed_fri_morning,10,46,42,qsvc_zz_r1,sham_tiny_scaling_alpha_0.001,0.0,False,True,True,False,True,True,True,False,True,allow,hold,hold,hold,allow,hold,hold,hold,allow,allow,allow,hold,allow,hold,hold,hold,allow,hold,hold,hold
gate3d_ood_wed_fri_morning,10,46,43,qsvc_zz_r1,sham_tiny_gaussian_sigma_0.001,0.0,False,True,True,False,True,True,True,False,True,allow,hold,hold,hold,allow,hold,hold,hold,allow,allow,allow,hold,allow,hold,hold,hold,allow,hold,hold,hold
gate3d_ood_wed_fri_morning,10,46,43,qsvc_zz_r1,sham_tiny_scaling_alpha_0.001,0.0,False,True,True,False,True,True,True,False,True,allow,hold,hold,hold,allow,hold,hold,hold,allow,allow,allow,hold,allow,hold,hold,hold,allow,hold,hold,hold
gate3d_ood_wed_fri_morning,10,42,42,svc_rbf,sham_tiny_gaussian_sigma_0.001,0.0,False,True,True,False,True,True,True,False,True,allow,hold,hold,hold,allow,hold,hold,hold,allow,allow,allow,hold,allow,hold,hold,hold,allow,hold,hold,hold
gate3d_ood_wed_fri_morning,10,42,42,svc_rbf,sham_tiny_scaling_alpha_0.001,0.0,False,True,True,False,True,True,True,False,True,allow,hold,hold,hold,allow,hold,hold,hold,allow,allow,allow,hold,allow,hold,hold,hold,allow,hold,hold,hold
gate3d_ood_wed_fri_morning,10,42,43,svc_rbf,sham_tiny_gaussian_sigma_0.001,0.0,False,True,True,False,True,True,True,False,True,allow,hold,hold,hold,allow,hold,hold,hold,allow,allow,allow,hold,allow,hold,hold,hold,allow,hold,hold,hold
gate3d_ood_wed_fri_morning,10,42,43,svc_rbf,sham_tiny_scaling_alpha_0.001,0.0,False,True,True,False,True,True,True,False,True,allow,hold,hold,hold,allow,hold,hold,hold,allow,allow,allow,hold,allow,hold,hold,hold,allow,hold,hold,hold
gate3d_ood_wed_fri_morning,10,43,42,svc_rbf,sham_tiny_gaussian_sigma_0.001,0.0,False,True,True,False,True,True,True,False,True,allow,hold,hold,hold,allow,hold,hold,hold,allow,allow,allow,hold,allow,hold,hold,hold,allow,hold,hold,hold
gate3d_ood_wed_fri_morning,10,43,42,svc_rbf,sham_tiny_scaling_alpha_0.001,0.0,False,True,True,False,True,True,True,False,True,allow,hold,hold,hold,allow,hold,hold,hold,allow,allow,allow,hold,allow,hold,hold,hold,allow,hold,hold,hold
gate3d_ood_wed_fri_morning,10,43,43,svc_rbf,sham_tiny_gaussian_sigma_0.001,0.0,False,True,True,False,True,True,True,False,True,allow,hold,hold,hold,allow,hold,hold,hold,allow,allow,allow,hold,allow,hold,hold,hold,allow,hold,hold,hold
gate3d_ood_wed_fri_morning,10,43,43,svc_rbf,sham_tiny_scaling_alpha_0.001,0.0,False,True,True,False,True,True,True,False,True,allow,hold,hold,hold,allow,hold,hold,hold,allow,allow,allow,hold,allow,hold,hold,hold,allow,hold,hold,hold
gate3d_ood_wed_fri_morning,10,44,42,svc_rbf,sham_tiny_gaussian_sigma_0.001,0.0,False,True,True,False,True,True,True,False,True,allow,hold,hold,hold,allow,hold,hold,hold,allow,allow,allow,hold,allow,hold,hold,hold,allow,hold,hold,hold
gate3d_ood_wed_fri_morning,10,44,42,svc_rbf,sham_tiny_scaling_alpha_0.001,0.0,False,True,True,False,True,True,True,False,True,allow,hold,hold,hold,allow,hold,hold,hold,allow,allow,allow,hold,allow,hold,hold,hold,allow,hold,hold,hold
gate3d_ood_wed_fri_morning,10,44,43,svc_rbf,sham_tiny_gaussian_sigma_0.001,0.0,False,True,True,False,True,True,True,False,True,allow,hold,hold,hold,allow,hold,hold,hold,allow,allow,allow,hold,allow,hold,hold,hold,allow,hold,hold,hold
gate3d_ood_wed_fri_morning,10,44,43,svc_rbf,sham_tiny_scaling_alpha_0.001,0.0,False,True,True,False,True,True,True,False,True,allow,hold,hold,hold,allow,hold,hold,hold,allow,allow,allow,hold,allow,hold,hold,hold,allow,hold,hold,hold
gate3d_ood_wed_fri_morning,10,45,42,svc_rbf,sham_tiny_gaussian_sigma_0.001,0.0,False,True,True,False,True,True,True,False,True,allow,hold,hold,hold,allow,hold,hold,hold,allow,allow,allow,hold,allow,hold,hold,hold,allow,hold,hold,hold
gate3d_ood_wed_fri_morning,10,45,42,svc_rbf,sham_tiny_scaling_alpha_0.001,0.0,False,True,True,False,True,True,True,False,True,allow,hold,hold,hold,allow,hold,hold,hold,allow,allow,allow,hold,allow,hold,hold,hold,allow,hold,hold,hold
gate3d_ood_wed_fri_morning,10,45,43,svc_rbf,sham_tiny_gaussian_sigma_0.001,0.0,False,True,True,False,True,True,True,False,True,allow,hold,hold,hold,allow,hold,hold,hold,allow,allow,allow,hold,allow,hold,hold,hold,allow,hold,hold,hold
gate3d_ood_wed_fri_morning,10,45,43,svc_rbf,sham_tiny_scaling_alpha_0.001,0.0,False,True,True,False,True,True,True,False,True,allow,hold,hold,hold,allow,hold,hold,hold,allow,allow,allow,hold,allow,hold,hold,hold,allow,hold,hold,hold
gate3d_ood_wed_fri_morning,10,46,42,svc_rbf,sham_tiny_gaussian_sigma_0.001,0.0,False,True,True,False,True,True,True,False,True,allow,hold,hold,hold,allow,hold,hold,hold,allow,allow,allow,hold,allow,hold,hold,hold,allow,hold,hold,hold
gate3d_ood_wed_fri_morning,10,46,42,svc_rbf,sham_tiny_scaling_alpha_0.001,0.0,False,True,True,False,True,True,True,False,True,allow,hold,hold,hold,allow,hold,hold,hold,allow,allow,allow,hold,allow,hold,hold,hold,allow,hold,hold,hold
gate3d_ood_wed_fri_morning,10,46,43,svc_rbf,sham_tiny_gaussian_sigma_0.001,0.0,False,True,True,False,True,True,True,False,True,allow,hold,hold,hold,allow,hold,hold,hold,allow,allow,allow,hold,allow,hold,hold,hold,allow,hold,hold,hold
gate3d_ood_wed_fri_morning,10,46,43,svc_rbf,sham_tiny_scaling_alpha_0.001,0.0,False,True,True,False,True,True,True,False,True,allow,hold,hold,hold,allow,hold,hold,hold,allow,allow,allow,hold,allow,hold,hold,hold,allow,hold,hold,hold
gate3d_ood_wed_fri_morning,12,42,42,qsvc_zz_r1,sham_tiny_gaussian_sigma_0.001,0.0,False,True,True,False,True,True,True,False,True,allow,hold,hold,hold,allow,hold,hold,hold,allow,allow,allow,hold,allow,hold,hold,hold,allow,hold,hold,hold
gate3d_ood_wed_fri_morning,12,42,42,qsvc_zz_r1,sham_tiny_scaling_alpha_0.001,0.0,False,True,True,False,True,True,True,False,True,allow,hold,hold,hold,allow,hold,hold,hold,allow,allow,allow,hold,allow,hold,hold,hold,allow,hold,hold,hold
gate3d_ood_wed_fri_morning,12,42,43,qsvc_zz_r1,sham_tiny_gaussian_sigma_0.001,0.0,False,True,True,False,True,True,True,False,True,allow,hold,hold,hold,allow,hold,hold,hold,allow,allow,allow,hold,allow,hold,hold,hold,allow,hold,hold,hold
gate3d_ood_wed_fri_morning,12,42,43,qsvc_zz_r1,sham_tiny_scaling_alpha_0.001,0.0,False,True,True,False,True,True,True,False,True,allow,hold,hold,hold,allow,hold,hold,hold,allow,allow,allow,hold,allow,hold,hold,hold,allow,hold,hold,hold
gate3d_ood_wed_fri_morning,12,43,42,qsvc_zz_r1,sham_tiny_gaussian_sigma_0.001,0.0,False,True,True,False,True,True,True,False,True,allow,hold,hold,hold,allow,hold,hold,hold,allow,allow,allow,hold,allow,hold,hold,hold,allow,hold,hold,hold
gate3d_ood_wed_fri_morning,12,43,42,qsvc_zz_r1,sham_tiny_scaling_alpha_0.001,0.0,False,True,True,False,True,True,True,False,True,allow,hold,hold,hold,allow,hold,hold,hold,allow,allow,allow,hold,allow,hold,hold,hold,allow,hold,hold,hold
gate3d_ood_wed_fri_morning,12,43,43,qsvc_zz_r1,sham_tiny_gaussian_sigma_0.001,0.0,False,True,True,False,True,True,True,False,True,allow,hold,hold,hold,allow,hold,hold,hold,allow,allow,allow,hold,allow,hold,hold,hold,allow,hold,hold,hold
gate3d_ood_wed_fri_morning,12,43,43,qsvc_zz_r1,sham_tiny_scaling_alpha_0.001,0.0078125,True,True,True,False,True,True,True,False,True,allow,hold,hold,hold,allow,hold,hold,hold,allow,allow,allow,hold,allow,hold,hold,hold,allow,block,block,block
gate3d_ood_wed_fri_morning,12,44,42,qsvc_zz_r1,sham_tiny_gaussian_sigma_0.001,0.0,False,True,True,False,True,True,True,False,True,allow,hold,hold,hold,allow,hold,hold,hold,allow,allow,allow,hold,allow,hold,hold,hold,allow,hold,hold,hold
gate3d_ood_wed_fri_morning,12,44,42,qsvc_zz_r1,sham_tiny_scaling_alpha_0.001,0.0,False,True,True,False,True,True,True,False,True,allow,hold,hold,hold,allow,hold,hold,hold,allow,allow,allow,hold,allow,hold,hold,hold,allow,hold,hold,hold
gate3d_ood_wed_fri_morning,12,44,43,qsvc_zz_r1,sham_tiny_gaussian_sigma_0.001,0.0,False,True,True,False,True,True,True,False,True,allow,hold,hold,hold,allow,hold,hold,hold,allow,allow,allow,hold,allow,hold,hold,hold,allow,hold,hold,hold
gate3d_ood_wed_fri_morning,12,44,43,qsvc_zz_r1,sham_tiny_scaling_alpha_0.001,0.0,False,True,True,False,True,True,True,False,True,allow,hold,hold,hold,allow,hold,hold,hold,allow,allow,allow,hold,allow,hold,hold,hold,allow,hold,hold,hold
gate3d_ood_wed_fri_morning,12,45,42,qsvc_zz_r1,sham_tiny_gaussian_sigma_0.001,0.0,False,True,True,False,True,True,True,False,True,allow,hold,hold,hold,allow,hold,hold,hold,allow,allow,allow,hold,allow,hold,hold,hold,allow,hold,hold,hold
gate3d_ood_wed_fri_morning,12,45,42,qsvc_zz_r1,sham_tiny_scaling_alpha_0.001,0.0,False,True,True,False,True,True,True,False,True,allow,hold,hold,hold,allow,hold,hold,hold,allow,allow,allow,hold,allow,hold,hold,hold,allow,hold,hold,hold
gate3d_ood_wed_fri_morning,12,45,43,qsvc_zz_r1,sham_tiny_gaussian_sigma_0.001,0.0,False,True,True,False,True,True,True,False,True,allow,hold,hold,hold,allow,hold,hold,hold,allow,allow,allow,hold,allow,hold,hold,hold,allow,hold,hold,hold
gate3d_ood_wed_fri_morning,12,45,43,qsvc_zz_r1,sham_tiny_scaling_alpha_0.001,0.0,False,True,True,False,True,True,True,False,True,allow,hold,hold,hold,allow,hold,hold,hold,allow,allow,allow,hold,allow,hold,hold,hold,allow,hold,hold,hold
gate3d_ood_wed_fri_morning,12,46,42,qsvc_zz_r1,sham_tiny_gaussian_sigma_0.001,0.0,False,True,True,False,True,True,True,False,True,allow,hold,hold,hold,allow,hold,hold,hold,allow,allow,allow,hold,allow,hold,hold,hold,allow,hold,hold,hold
gate3d_ood_wed_fri_morning,12,46,42,qsvc_zz_r1,sham_tiny_scaling_alpha_0.001,0.0,False,True,True,False,True,True,True,False,True,allow,hold,hold,hold,allow,hold,hold,hold,allow,allow,allow,hold,allow,hold,hold,hold,allow,hold,hold,hold
gate3d_ood_wed_fri_morning,12,46,43,qsvc_zz_r1,sham_tiny_gaussian_sigma_0.001,0.0,False,True,True,False,True,True,True,False,True,allow,hold,hold,hold,allow,hold,hold,hold,allow,allow,allow,hold,allow,hold,hold,hold,allow,hold,hold,hold
gate3d_ood_wed_fri_morning,12,46,43,qsvc_zz_r1,sham_tiny_scaling_alpha_0.001,0.0,False,True,True,False,True,True,True,False,True,allow,hold,hold,hold,allow,hold,hold,hold,allow,allow,allow,hold,allow,hold,hold,hold,allow,hold,hold,hold
gate3d_ood_wed_fri_morning,12,42,42,svc_rbf,sham_tiny_gaussian_sigma_0.001,0.0,False,True,True,False,True,True,True,False,True,allow,hold,hold,hold,allow,hold,hold,hold,allow,allow,allow,hold,allow,hold,hold,hold,allow,hold,hold,hold
gate3d_ood_wed_fri_morning,12,42,42,svc_rbf,sham_tiny_scaling_alpha_0.001,0.0,False,True,True,False,True,True,True,False,True,allow,hold,hold,hold,allow,hold,hold,hold,allow,allow,allow,hold,allow,hold,hold,hold,allow,hold,hold,hold
gate3d_ood_wed_fri_morning,12,42,43,svc_rbf,sham_tiny_gaussian_sigma_0.001,0.0,False,True,True,False,True,True,True,False,True,allow,hold,hold,hold,allow,hold,hold,hold,allow,allow,allow,hold,allow,hold,hold,hold,allow,hold,hold,hold
gate3d_ood_wed_fri_morning,12,42,43,svc_rbf,sham_tiny_scaling_alpha_0.001,0.0,False,True,True,False,True,True,True,False,True,allow,hold,hold,hold,allow,hold,hold,hold,allow,allow,allow,hold,allow,hold,hold,hold,allow,hold,hold,hold
gate3d_ood_wed_fri_morning,12,43,42,svc_rbf,sham_tiny_gaussian_sigma_0.001,0.0,False,True,True,False,True,True,True,False,True,allow,hold,hold,hold,allow,hold,hold,hold,allow,allow,allow,hold,allow,hold,hold,hold,allow,hold,hold,hold
gate3d_ood_wed_fri_morning,12,43,42,svc_rbf,sham_tiny_scaling_alpha_0.001,0.0,False,True,True,False,True,True,True,False,True,allow,hold,hold,hold,allow,hold,hold,hold,allow,allow,allow,hold,allow,hold,hold,hold,allow,hold,hold,hold
gate3d_ood_wed_fri_morning,12,43,43,svc_rbf,sham_tiny_gaussian_sigma_0.001,0.0,False,True,True,False,True,True,True,False,True,allow,hold,hold,hold,allow,hold,hold,hold,allow,allow,allow,hold,allow,hold,hold,hold,allow,hold,hold,hold
gate3d_ood_wed_fri_morning,12,43,43,svc_rbf,sham_tiny_scaling_alpha_0.001,0.0,False,True,True,False,True,True,True,False,True,allow,hold,hold,hold,allow,hold,hold,hold,allow,allow,allow,hold,allow,hold,hold,hold,allow,hold,hold,hold
gate3d_ood_wed_fri_morning,12,44,42,svc_rbf,sham_tiny_gaussian_sigma_0.001,0.0,False,True,True,False,True,True,True,False,True,allow,hold,hold,hold,allow,hold,hold,hold,allow,allow,allow,hold,allow,hold,hold,hold,allow,hold,hold,hold
gate3d_ood_wed_fri_morning,12,44,42,svc_rbf,sham_tiny_scaling_alpha_0.001,0.0,False,True,True,False,True,True,True,False,True,allow,hold,hold,hold,allow,hold,hold,hold,allow,allow,allow,hold,allow,hold,hold,hold,allow,hold,hold,hold
gate3d_ood_wed_fri_morning,12,44,43,svc_rbf,sham_tiny_gaussian_sigma_0.001,0.0,False,True,True,False,True,True,True,False,True,allow,hold,hold,hold,allow,hold,hold,hold,allow,allow,allow,hold,allow,hold,hold,hold,allow,hold,hold,hold
gate3d_ood_wed_fri_morning,12,44,43,svc_rbf,sham_tiny_scaling_alpha_0.001,0.0,False,True,True,False,True,True,True,False,True,allow,hold,hold,hold,allow,hold,hold,hold,allow,allow,allow,hold,allow,hold,hold,hold,allow,hold,hold,hold
gate3d_ood_wed_fri_morning,12,45,42,svc_rbf,sham_tiny_gaussian_sigma_0.001,0.0,False,True,True,False,True,True,True,False,True,allow,hold,hold,hold,allow,hold,hold,hold,allow,allow,allow,hold,allow,hold,hold,hold,allow,hold,hold,hold
gate3d_ood_wed_fri_morning,12,45,42,svc_rbf,sham_tiny_scaling_alpha_0.001,0.0,False,True,True,False,True,True,True,False,True,allow,hold,hold,hold,allow,hold,hold,hold,allow,allow,allow,hold,allow,hold,hold,hold,allow,hold,hold,hold
gate3d_ood_wed_fri_morning,12,45,43,svc_rbf,sham_tiny_gaussian_sigma_0.001,0.0,False,True,True,False,True,True,True,False,True,allow,hold,hold,hold,allow,hold,hold,hold,allow,allow,allow,hold,allow,hold,hold,hold,allow,hold,hold,hold
gate3d_ood_wed_fri_morning,12,45,43,svc_rbf,sham_tiny_scaling_alpha_0.001,0.0,False,True,True,False,True,True,True,False,True,allow,hold,hold,hold,allow,hold,hold,hold,allow,allow,allow,hold,allow,hold,hold,hold,allow,hold,hold,hold
gate3d_ood_wed_fri_morning,12,46,42,svc_rbf,sham_tiny_gaussian_sigma_0.001,0.0,False,True,True,False,True,True,True,False,True,allow,hold,hold,hold,allow,hold,hold,hold,allow,allow,allow,hold,allow,hold,hold,hold,allow,hold,hold,hold
gate3d_ood_wed_fri_morning,12,46,42,svc_rbf,sham_tiny_scaling_alpha_0.001,0.0,False,True,True,False,True,True,True,False,True,allow,hold,hold,hold,allow,hold,hold,hold,allow,allow,allow,hold,allow,hold,hold,hold,allow,hold,hold,hold
gate3d_ood_wed_fri_morning,12,46,43,svc_rbf,sham_tiny_gaussian_sigma_0.001,0.0,False,True,True,False,True,True,True,False,True,allow,hold,hold,hold,allow,hold,hold,hold,allow,allow,allow,hold,allow,hold,hold,hold,allow,hold,hold,hold
gate3d_ood_wed_fri_morning,12,46,43,svc_rbf,sham_tiny_scaling_alpha_0.001,0.0,False,True,True,False,True,True,True,False,True,allow,hold,hold,hold,allow,hold,hold,hold,allow,allow,allow,hold,allow,hold,hold,hold,allow,hold,hold,hold
gate5a_id_unsw,8,42,42,qsvc_pauli_xyz_r1,sham_tiny_gaussian_sigma_0.001,0.0,False,False,False,False,False,False,False,False,False,allow,allow,allow,hold,allow,allow,allow,hold,allow,allow,allow,hold,allow,allow,allow,allow,allow,allow,allow,allow
gate5a_id_unsw,8,42,42,qsvc_pauli_xyz_r1,sham_tiny_scaling_alpha_0.001,0.0,False,True,True,False,True,False,False,False,False,allow,hold,allow,hold,allow,hold,allow,hold,allow,allow,allow,hold,allow,hold,allow,allow,allow,hold,allow,allow
gate5a_id_unsw,8,42,43,qsvc_pauli_xyz_r1,sham_tiny_gaussian_sigma_0.001,0.0078125,True,False,False,False,False,False,False,False,False,allow,allow,allow,hold,allow,allow,allow,hold,allow,allow,allow,hold,allow,allow,allow,allow,allow,block,block,block
gate5a_id_unsw,8,42,43,qsvc_pauli_xyz_r1,sham_tiny_scaling_alpha_0.001,0.0078125,True,False,False,False,False,False,False,False,False,allow,allow,allow,hold,allow,allow,allow,hold,allow,allow,allow,hold,allow,allow,allow,allow,allow,block,block,block
gate5a_id_unsw,8,43,42,qsvc_pauli_xyz_r1,sham_tiny_gaussian_sigma_0.001,0.0,False,False,False,False,False,False,False,False,False,allow,allow,allow,hold,allow,allow,allow,hold,allow,allow,allow,hold,allow,allow,allow,allow,allow,allow,allow,allow
gate5a_id_unsw,8,43,42,qsvc_pauli_xyz_r1,sham_tiny_scaling_alpha_0.001,0.0,False,True,True,False,True,True,False,False,False,allow,hold,hold,hold,allow,hold,allow,hold,allow,allow,allow,hold,allow,hold,allow,allow,allow,hold,allow,allow
gate5a_id_unsw,8,43,43,qsvc_pauli_xyz_r1,sham_tiny_gaussian_sigma_0.001,0.0,False,False,False,False,False,False,False,False,False,allow,allow,allow,hold,allow,allow,allow,hold,allow,allow,allow,hold,allow,allow,allow,allow,allow,allow,allow,allow
gate5a_id_unsw,8,43,43,qsvc_pauli_xyz_r1,sham_tiny_scaling_alpha_0.001,0.0,False,True,True,False,True,True,False,False,False,allow,hold,hold,hold,allow,hold,allow,hold,allow,allow,allow,hold,allow,hold,allow,allow,allow,hold,allow,allow
gate5a_id_unsw,8,44,42,qsvc_pauli_xyz_r1,sham_tiny_gaussian_sigma_0.001,0.0,False,False,False,False,False,False,False,False,False,allow,allow,allow,hold,allow,allow,allow,hold,allow,allow,allow,hold,allow,allow,allow,allow,allow,allow,allow,allow
gate5a_id_unsw,8,44,42,qsvc_pauli_xyz_r1,sham_tiny_scaling_alpha_0.001,0.0,False,True,True,False,True,True,False,False,False,allow,hold,hold,hold,allow,hold,allow,hold,allow,allow,allow,hold,allow,hold,allow,allow,allow,hold,allow,allow
gate5a_id_unsw,8,44,43,qsvc_pauli_xyz_r1,sham_tiny_gaussian_sigma_0.001,0.0,False,False,False,False,False,False,False,False,False,allow,allow,allow,hold,allow,allow,allow,hold,allow,allow,allow,hold,allow,allow,allow,allow,allow,allow,allow,allow
gate5a_id_unsw,8,44,43,qsvc_pauli_xyz_r1,sham_tiny_scaling_alpha_0.001,0.0078125,True,True,True,False,True,True,False,False,False,allow,hold,hold,hold,allow,hold,allow,hold,allow,allow,allow,hold,allow,hold,allow,allow,allow,block,block,block
gate5a_id_unsw,8,45,42,qsvc_pauli_xyz_r1,sham_tiny_gaussian_sigma_0.001,0.0,False,False,False,False,False,False,False,False,False,allow,allow,allow,hold,allow,allow,allow,hold,allow,allow,allow,hold,allow,allow,allow,allow,allow,allow,allow,allow
gate5a_id_unsw,8,45,42,qsvc_pauli_xyz_r1,sham_tiny_scaling_alpha_0.001,0.0,False,False,False,False,False,False,False,False,False,allow,allow,allow,hold,allow,allow,allow,hold,allow,allow,allow,hold,allow,allow,allow,allow,allow,allow,allow,allow
gate5a_id_unsw,8,45,43,qsvc_pauli_xyz_r1,sham_tiny_gaussian_sigma_0.001,0.0,False,False,False,False,False,False,False,False,False,allow,allow,allow,hold,allow,allow,allow,hold,allow,allow,allow,hold,allow,allow,allow,allow,allow,allow,allow,allow
gate5a_id_unsw,8,45,43,qsvc_pauli_xyz_r1,sham_tiny_scaling_alpha_0.001,0.0,False,False,False,False,False,False,False,False,False,allow,allow,allow,hold,allow,allow,allow,hold,allow,allow,allow,hold,allow,allow,allow,allow,allow,allow,allow,allow
gate5a_id_unsw,8,46,42,qsvc_pauli_xyz_r1,sham_tiny_gaussian_sigma_0.001,0.0,False,False,False,False,False,False,False,False,False,allow,allow,allow,hold,allow,allow,allow,hold,allow,allow,allow,hold,allow,allow,allow,allow,allow,allow,allow,allow
gate5a_id_unsw,8,46,42,qsvc_pauli_xyz_r1,sham_tiny_scaling_alpha_0.001,0.0,False,False,False,False,False,False,False,False,False,allow,allow,allow,hold,allow,allow,allow,hold,allow,allow,allow,hold,allow,allow,allow,allow,allow,allow,allow,allow
gate5a_id_unsw,8,46,43,qsvc_pauli_xyz_r1,sham_tiny_gaussian_sigma_0.001,0.0,False,False,False,False,False,False,False,False,False,allow,allow,allow,hold,allow,allow,allow,hold,allow,allow,allow,hold,allow,allow,allow,allow,allow,allow,allow,allow
gate5a_id_unsw,8,46,43,qsvc_pauli_xyz_r1,sham_tiny_scaling_alpha_0.001,0.0,False,True,True,False,True,False,False,False,False,allow,hold,allow,hold,allow,hold,allow,hold,allow,allow,allow,hold,allow,hold,allow,allow,allow,hold,allow,allow
gate5a_id_unsw,8,42,42,qsvc_z_r1,sham_tiny_gaussian_sigma_0.001,-0.0078125,True,False,False,False,False,False,False,False,False,allow,allow,allow,hold,allow,allow,allow,hold,allow,allow,allow,hold,allow,allow,allow,allow,allow,block,block,block
gate5a_id_unsw,8,42,42,qsvc_z_r1,sham_tiny_scaling_alpha_0.001,-0.0078125,True,True,True,False,True,False,False,False,False,allow,hold,allow,hold,allow,hold,allow,hold,allow,allow,allow,hold,allow,hold,allow,allow,allow,block,block,block
gate5a_id_unsw,8,42,43,qsvc_z_r1,sham_tiny_gaussian_sigma_0.001,0.0,False,False,False,False,False,False,False,False,False,allow,allow,allow,hold,allow,allow,allow,hold,allow,allow,allow,hold,allow,allow,allow,allow,allow,allow,allow,allow
gate5a_id_unsw,8,42,43,qsvc_z_r1,sham_tiny_scaling_alpha_0.001,0.0,False,False,False,False,False,False,False,False,False,allow,allow,allow,hold,allow,allow,allow,hold,allow,allow,allow,hold,allow,allow,allow,allow,allow,allow,allow,allow
gate5a_id_unsw,8,43,42,qsvc_z_r1,sham_tiny_gaussian_sigma_0.001,0.0,False,False,False,False,False,False,False,False,False,allow,allow,allow,hold,allow,allow,allow,hold,allow,allow,allow,hold,allow,allow,allow,allow,allow,allow,allow,allow
gate5a_id_unsw,8,43,42,qsvc_z_r1,sham_tiny_scaling_alpha_0.001,0.0,False,True,True,False,True,True,False,False,False,allow,hold,hold,hold,allow,hold,allow,hold,allow,allow,allow,hold,allow,hold,allow,allow,allow,hold,allow,allow
gate5a_id_unsw,8,43,43,qsvc_z_r1,sham_tiny_gaussian_sigma_0.001,0.0,False,False,False,False,False,False,False,False,False,allow,allow,allow,hold,allow,allow,allow,hold,allow,allow,allow,hold,allow,allow,allow,allow,allow,allow,allow,allow
gate5a_id_unsw,8,43,43,qsvc_z_r1,sham_tiny_scaling_alpha_0.001,0.0,False,True,True,False,True,True,False,False,False,allow,hold,hold,hold,allow,hold,allow,hold,allow,allow,allow,hold,allow,hold,allow,allow,allow,hold,allow,allow
gate5a_id_unsw,8,44,42,qsvc_z_r1,sham_tiny_gaussian_sigma_0.001,0.0,False,False,False,False,False,False,False,False,False,allow,allow,allow,hold,allow,allow,allow,hold,allow,allow,allow,hold,allow,allow,allow,allow,allow,allow,allow,allow
gate5a_id_unsw,8,44,42,qsvc_z_r1,sham_tiny_scaling_alpha_0.001,0.0,False,True,True,False,True,True,False,False,False,allow,hold,hold,hold,allow,hold,allow,hold,allow,allow,allow,hold,allow,hold,allow,allow,allow,hold,allow,allow
gate5a_id_unsw,8,44,43,qsvc_z_r1,sham_tiny_gaussian_sigma_0.001,0.0,False,False,False,False,False,False,False,False,False,allow,allow,allow,hold,allow,allow,allow,hold,allow,allow,allow,hold,allow,allow,allow,allow,allow,allow,allow,allow
gate5a_id_unsw,8,44,43,qsvc_z_r1,sham_tiny_scaling_alpha_0.001,0.0,False,True,True,False,True,True,False,False,False,allow,hold,hold,hold,allow,hold,allow,hold,allow,allow,allow,hold,allow,hold,allow,allow,allow,hold,allow,allow
gate5a_id_unsw,8,45,42,qsvc_z_r1,sham_tiny_gaussian_sigma_0.001,0.0,False,False,False,False,False,False,False,False,False,allow,allow,allow,hold,allow,allow,allow,hold,allow,allow,allow,hold,allow,allow,allow,allow,allow,allow,allow,allow
gate5a_id_unsw,8,45,42,qsvc_z_r1,sham_tiny_scaling_alpha_0.001,0.0,False,False,False,False,False,False,False,False,False,allow,allow,allow,hold,allow,allow,allow,hold,allow,allow,allow,hold,allow,allow,allow,allow,allow,allow,allow,allow
gate5a_id_unsw,8,45,43,qsvc_z_r1,sham_tiny_gaussian_sigma_0.001,0.0,False,False,False,False,False,False,False,False,False,allow,allow,allow,hold,allow,allow,allow,hold,allow,allow,allow,hold,allow,allow,allow,allow,allow,allow,allow,allow
gate5a_id_unsw,8,45,43,qsvc_z_r1,sham_tiny_scaling_alpha_0.001,0.0,False,False,False,False,False,False,False,False,False,allow,allow,allow,hold,allow,allow,allow,hold,allow,allow,allow,hold,allow,allow,allow,allow,allow,allow,allow,allow
gate5a_id_unsw,8,46,42,qsvc_z_r1,sham_tiny_gaussian_sigma_0.001,0.0,False,False,False,False,False,False,False,False,False,allow,allow,allow,hold,allow,allow,allow,hold,allow,allow,allow,hold,allow,allow,allow,allow,allow,allow,allow,allow
gate5a_id_unsw,8,46,42,qsvc_z_r1,sham_tiny_scaling_alpha_0.001,0.0,False,False,False,False,False,False,False,False,False,allow,allow,allow,hold,allow,allow,allow,hold,allow,allow,allow,hold,allow,allow,allow,allow,allow,allow,allow,allow
gate5a_id_unsw,8,46,43,qsvc_z_r1,sham_tiny_gaussian_sigma_0.001,0.0,False,False,False,False,False,False,False,False,False,allow,allow,allow,hold,allow,allow,allow,hold,allow,allow,allow,hold,allow,allow,allow,allow,allow,allow,allow,allow
gate5a_id_unsw,8,46,43,qsvc_z_r1,sham_tiny_scaling_alpha_0.001,0.0,False,True,True,False,True,False,False,False,False,allow,hold,allow,hold,allow,hold,allow,hold,allow,allow,allow,hold,allow,hold,allow,allow,allow,hold,allow,allow
gate5a_id_unsw,8,42,42,qsvc_zz_r1,sham_tiny_gaussian_sigma_0.001,0.0,False,False,False,False,False,False,False,False,False,allow,allow,allow,hold,allow,allow,allow,hold,allow,allow,allow,hold,allow,allow,allow,allow,allow,allow,allow,allow
gate5a_id_unsw,8,42,42,qsvc_zz_r1,sham_tiny_scaling_alpha_0.001,0.0,False,True,True,False,True,False,False,False,False,allow,hold,allow,hold,allow,hold,allow,hold,allow,allow,allow,hold,allow,hold,allow,allow,allow,hold,allow,allow
gate5a_id_unsw,8,42,43,qsvc_zz_r1,sham_tiny_gaussian_sigma_0.001,0.0078125,True,False,False,False,False,False,False,False,False,allow,allow,allow,hold,allow,allow,allow,hold,allow,allow,allow,hold,allow,allow,allow,allow,allow,block,block,block
gate5a_id_unsw,8,42,43,qsvc_zz_r1,sham_tiny_scaling_alpha_0.001,0.0,False,False,False,False,False,False,False,False,False,allow,allow,allow,hold,allow,allow,allow,hold,allow,allow,allow,hold,allow,allow,allow,allow,allow,allow,allow,allow
gate5a_id_unsw,8,43,42,qsvc_zz_r1,sham_tiny_gaussian_sigma_0.001,0.0,False,False,False,False,False,False,False,False,False,allow,allow,allow,hold,allow,allow,allow,hold,allow,allow,allow,hold,allow,allow,allow,allow,allow,allow,allow,allow
gate5a_id_unsw,8,43,42,qsvc_zz_r1,sham_tiny_scaling_alpha_0.001,0.0,False,True,True,False,True,True,False,False,False,allow,hold,hold,hold,allow,hold,allow,hold,allow,allow,allow,hold,allow,hold,allow,allow,allow,hold,allow,allow
gate5a_id_unsw,8,43,43,qsvc_zz_r1,sham_tiny_gaussian_sigma_0.001,0.0,False,False,False,False,False,False,False,False,False,allow,allow,allow,hold,allow,allow,allow,hold,allow,allow,allow,hold,allow,allow,allow,allow,allow,allow,allow,allow
gate5a_id_unsw,8,43,43,qsvc_zz_r1,sham_tiny_scaling_alpha_0.001,-0.0078125,True,True,True,False,True,True,False,False,False,allow,hold,hold,hold,allow,hold,allow,hold,allow,allow,allow,hold,allow,hold,allow,allow,allow,block,block,block
gate5a_id_unsw,8,44,42,qsvc_zz_r1,sham_tiny_gaussian_sigma_0.001,0.0,False,False,False,False,False,False,False,False,False,allow,allow,allow,hold,allow,allow,allow,hold,allow,allow,allow,hold,allow,allow,allow,allow,allow,allow,allow,allow
gate5a_id_unsw,8,44,42,qsvc_zz_r1,sham_tiny_scaling_alpha_0.001,0.0,False,True,True,False,True,True,False,False,False,allow,hold,hold,hold,allow,hold,allow,hold,allow,allow,allow,hold,allow,hold,allow,allow,allow,hold,allow,allow
gate5a_id_unsw,8,44,43,qsvc_zz_r1,sham_tiny_gaussian_sigma_0.001,0.0,False,False,False,False,False,False,False,False,False,allow,allow,allow,hold,allow,allow,allow,hold,allow,allow,allow,hold,allow,allow,allow,allow,allow,allow,allow,allow
gate5a_id_unsw,8,44,43,qsvc_zz_r1,sham_tiny_scaling_alpha_0.001,0.0,False,True,True,False,True,True,False,False,False,allow,hold,hold,hold,allow,hold,allow,hold,allow,allow,allow,hold,allow,hold,allow,allow,allow,hold,allow,allow
gate5a_id_unsw,8,45,42,qsvc_zz_r1,sham_tiny_gaussian_sigma_0.001,0.0,False,False,False,False,False,False,False,False,False,allow,allow,allow,hold,allow,allow,allow,hold,allow,allow,allow,hold,allow,allow,allow,allow,allow,allow,allow,allow
gate5a_id_unsw,8,45,42,qsvc_zz_r1,sham_tiny_scaling_alpha_0.001,-0.0078125,True,False,False,False,False,False,False,False,False,allow,allow,allow,hold,allow,allow,allow,hold,allow,allow,allow,hold,allow,allow,allow,allow,allow,block,block,block
gate5a_id_unsw,8,45,43,qsvc_zz_r1,sham_tiny_gaussian_sigma_0.001,0.0,False,False,False,False,False,False,False,False,False,allow,allow,allow,hold,allow,allow,allow,hold,allow,allow,allow,hold,allow,allow,allow,allow,allow,allow,allow,allow
gate5a_id_unsw,8,45,43,qsvc_zz_r1,sham_tiny_scaling_alpha_0.001,0.0,False,False,False,False,False,False,False,False,False,allow,allow,allow,hold,allow,allow,allow,hold,allow,allow,allow,hold,allow,allow,allow,allow,allow,allow,allow,allow
gate5a_id_unsw,8,46,42,qsvc_zz_r1,sham_tiny_gaussian_sigma_0.001,0.0,False,False,False,False,False,False,False,False,False,allow,allow,allow,hold,allow,allow,allow,hold,allow,allow,allow,hold,allow,allow,allow,allow,allow,allow,allow,allow
gate5a_id_unsw,8,46,42,qsvc_zz_r1,sham_tiny_scaling_alpha_0.001,0.0,False,False,False,False,False,False,False,False,False,allow,allow,allow,hold,allow,allow,allow,hold,allow,allow,allow,hold,allow,allow,allow,allow,allow,allow,allow,allow
gate5a_id_unsw,8,46,43,qsvc_zz_r1,sham_tiny_gaussian_sigma_0.001,0.0,False,False,False,False,False,False,False,False,False,allow,allow,allow,hold,allow,allow,allow,hold,allow,allow,allow,hold,allow,allow,allow,allow,allow,allow,allow,allow
gate5a_id_unsw,8,46,43,qsvc_zz_r1,sham_tiny_scaling_alpha_0.001,0.0,False,True,True,False,True,False,False,False,False,allow,hold,allow,hold,allow,hold,allow,hold,allow,allow,allow,hold,allow,hold,allow,allow,allow,hold,allow,allow
gate5a_id_unsw,8,42,42,svc_rbf,sham_tiny_gaussian_sigma_0.001,0.0,False,False,False,False,False,False,False,False,False,allow,allow,allow,hold,allow,allow,allow,hold,allow,allow,allow,hold,allow,allow,allow,allow,allow,allow,allow,allow
gate5a_id_unsw,8,42,42,svc_rbf,sham_tiny_scaling_alpha_0.001,0.0,False,False,False,False,False,False,False,False,False,allow,allow,allow,hold,allow,allow,allow,hold,allow,allow,allow,hold,allow,allow,allow,allow,allow,allow,allow,allow
gate5a_id_unsw,8,42,43,svc_rbf,sham_tiny_gaussian_sigma_0.001,0.0,False,False,False,False,False,False,False,False,False,allow,allow,allow,hold,allow,allow,allow,hold,allow,allow,allow,hold,allow,allow,allow,allow,allow,allow,allow,allow
gate5a_id_unsw,8,42,43,svc_rbf,sham_tiny_scaling_alpha_0.001,0.0,False,False,False,False,False,False,False,False,False,allow,allow,allow,hold,allow,allow,allow,hold,allow,allow,allow,hold,allow,allow,allow,allow,allow,allow,allow,allow
gate5a_id_unsw,8,43,42,svc_rbf,sham_tiny_gaussian_sigma_0.001,0.0,False,False,False,False,False,False,False,False,False,allow,allow,allow,hold,allow,allow,allow,hold,allow,allow,allow,hold,allow,allow,allow,allow,allow,allow,allow,allow
gate5a_id_unsw,8,43,42,svc_rbf,sham_tiny_scaling_alpha_0.001,0.0,False,False,False,False,False,False,False,False,False,allow,allow,allow,hold,allow,allow,allow,hold,allow,allow,allow,hold,allow,allow,allow,allow,allow,allow,allow,allow
gate5a_id_unsw,8,43,43,svc_rbf,sham_tiny_gaussian_sigma_0.001,0.0,False,False,False,False,False,False,False,False,False,allow,allow,allow,hold,allow,allow,allow,hold,allow,allow,allow,hold,allow,allow,allow,allow,allow,allow,allow,allow
gate5a_id_unsw,8,43,43,svc_rbf,sham_tiny_scaling_alpha_0.001,0.0,False,False,False,False,False,False,False,False,False,allow,allow,allow,hold,allow,allow,allow,hold,allow,allow,allow,hold,allow,allow,allow,allow,allow,allow,allow,allow
gate5a_id_unsw,8,44,42,svc_rbf,sham_tiny_gaussian_sigma_0.001,0.0,False,False,False,False,False,False,False,False,False,allow,allow,allow,hold,allow,allow,allow,hold,allow,allow,allow,hold,allow,allow,allow,allow,allow,allow,allow,allow
gate5a_id_unsw,8,44,42,svc_rbf,sham_tiny_scaling_alpha_0.001,0.0,False,False,False,False,False,False,False,False,False,allow,allow,allow,hold,allow,allow,allow,hold,allow,allow,allow,hold,allow,allow,allow,allow,allow,allow,allow,allow
gate5a_id_unsw,8,44,43,svc_rbf,sham_tiny_gaussian_sigma_0.001,0.0,False,False,False,False,False,False,False,False,False,allow,allow,allow,hold,allow,allow,allow,hold,allow,allow,allow,hold,allow,allow,allow,allow,allow,allow,allow,allow
gate5a_id_unsw,8,44,43,svc_rbf,sham_tiny_scaling_alpha_0.001,0.0,False,False,False,False,False,False,False,False,False,allow,allow,allow,hold,allow,allow,allow,hold,allow,allow,allow,hold,allow,allow,allow,allow,allow,allow,allow,allow
gate5a_id_unsw,8,45,42,svc_rbf,sham_tiny_gaussian_sigma_0.001,0.0,False,False,False,False,False,False,False,False,False,allow,allow,allow,hold,allow,allow,allow,hold,allow,allow,allow,hold,allow,allow,allow,allow,allow,allow,allow,allow
gate5a_id_unsw,8,45,42,svc_rbf,sham_tiny_scaling_alpha_0.001,0.0,False,False,False,False,False,False,False,False,False,allow,allow,allow,hold,allow,allow,allow,hold,allow,allow,allow,hold,allow,allow,allow,allow,allow,allow,allow,allow
gate5a_id_unsw,8,45,43,svc_rbf,sham_tiny_gaussian_sigma_0.001,0.0,False,False,False,False,False,False,False,False,False,allow,allow,allow,hold,allow,allow,allow,hold,allow,allow,allow,hold,allow,allow,allow,allow,allow,allow,allow,allow
gate5a_id_unsw,8,45,43,svc_rbf,sham_tiny_scaling_alpha_0.001,0.0,False,False,False,False,False,False,False,False,False,allow,allow,allow,hold,allow,allow,allow,hold,allow,allow,allow,hold,allow,allow,allow,allow,allow,allow,allow,allow
gate5a_id_unsw,8,46,42,svc_rbf,sham_tiny_gaussian_sigma_0.001,0.0,False,False,False,False,False,False,False,False,False,allow,allow,allow,hold,allow,allow,allow,hold,allow,allow,allow,hold,allow,allow,allow,allow,allow,allow,allow,allow
gate5a_id_unsw,8,46,42,svc_rbf,sham_tiny_scaling_alpha_0.001,0.0,False,False,False,False,False,False,False,False,False,allow,allow,allow,hold,allow,allow,allow,hold,allow,allow,allow,hold,allow,allow,allow,allow,allow,allow,allow,allow
gate5a_id_unsw,8,46,43,svc_rbf,sham_tiny_gaussian_sigma_0.001,0.0,False,False,False,False,False,False,False,False,False,allow,allow,allow,hold,allow,allow,allow,hold,allow,allow,allow,hold,allow,allow,allow,allow,allow,allow,allow,allow
gate5a_id_unsw,8,46,43,svc_rbf,sham_tiny_scaling_alpha_0.001,0.0,False,False,False,False,False,False,False,False,False,allow,allow,allow,hold,allow,allow,allow,hold,allow,allow,allow,hold,allow,allow,allow,allow,allow,allow,allow,allow
gate5a_id_unsw,10,42,42,qsvc_pauli_xyz_r1,sham_tiny_gaussian_sigma_0.001,0.0,False,False,False,False,False,False,False,False,False,allow,allow,allow,hold,allow,allow,allow,hold,allow,allow,allow,hold,allow,allow,allow,allow,allow,allow,allow,allow
gate5a_id_unsw,10,42,42,qsvc_pauli_xyz_r1,sham_tiny_scaling_alpha_0.001,0.0,False,True,True,False,True,False,False,False,False,allow,hold,allow,hold,allow,hold,allow,hold,allow,allow,allow,hold,allow,hold,allow,allow,allow,hold,allow,allow
gate5a_id_unsw,10,42,43,qsvc_pauli_xyz_r1,sham_tiny_gaussian_sigma_0.001,0.0,False,False,False,False,False,False,False,False,False,allow,allow,allow,hold,allow,allow,allow,hold,allow,allow,allow,hold,allow,allow,allow,allow,allow,allow,allow,allow
gate5a_id_unsw,10,42,43,qsvc_pauli_xyz_r1,sham_tiny_scaling_alpha_0.001,0.0,False,True,True,False,True,False,False,False,False,allow,hold,allow,hold,allow,hold,allow,hold,allow,allow,allow,hold,allow,hold,allow,allow,allow,hold,allow,allow
gate5a_id_unsw,10,43,42,qsvc_pauli_xyz_r1,sham_tiny_gaussian_sigma_0.001,0.0,False,True,True,False,True,False,False,False,False,allow,hold,allow,hold,allow,hold,allow,hold,allow,allow,allow,hold,allow,hold,allow,allow,allow,hold,allow,allow
gate5a_id_unsw,10,43,42,qsvc_pauli_xyz_r1,sham_tiny_scaling_alpha_0.001,0.0,False,True,True,False,True,True,True,False,True,allow,hold,hold,hold,allow,hold,hold,hold,allow,allow,allow,hold,allow,hold,hold,hold,allow,hold,hold,hold
gate5a_id_unsw,10,43,43,qsvc_pauli_xyz_r1,sham_tiny_gaussian_sigma_0.001,0.0,False,True,True,False,True,False,False,False,False,allow,hold,allow,hold,allow,hold,allow,hold,allow,allow,allow,hold,allow,hold,allow,allow,allow,hold,allow,allow
gate5a_id_unsw,10,43,43,qsvc_pauli_xyz_r1,sham_tiny_scaling_alpha_0.001,0.0,False,True,True,False,True,True,True,False,True,allow,hold,hold,hold,allow,hold,hold,hold,allow,allow,allow,hold,allow,hold,hold,hold,allow,hold,hold,hold
gate5a_id_unsw,10,44,42,qsvc_pauli_xyz_r1,sham_tiny_gaussian_sigma_0.001,0.0,False,True,True,False,True,False,False,False,False,allow,hold,allow,hold,allow,hold,allow,hold,allow,allow,allow,hold,allow,hold,allow,allow,allow,hold,allow,allow
gate5a_id_unsw,10,44,42,qsvc_pauli_xyz_r1,sham_tiny_scaling_alpha_0.001,0.0,False,True,True,False,True,True,True,False,True,allow,hold,hold,hold,allow,hold,hold,hold,allow,allow,allow,hold,allow,hold,hold,hold,allow,hold,hold,hold
gate5a_id_unsw,10,44,43,qsvc_pauli_xyz_r1,sham_tiny_gaussian_sigma_0.001,0.0,False,False,False,False,False,False,False,False,False,allow,allow,allow,hold,allow,allow,allow,hold,allow,allow,allow,hold,allow,allow,allow,allow,allow,allow,allow,allow
gate5a_id_unsw,10,44,43,qsvc_pauli_xyz_r1,sham_tiny_scaling_alpha_0.001,0.0078125,True,True,True,False,True,True,True,False,True,allow,hold,hold,hold,allow,hold,hold,hold,allow,allow,allow,hold,allow,hold,hold,hold,allow,block,block,block
gate5a_id_unsw,10,45,42,qsvc_pauli_xyz_r1,sham_tiny_gaussian_sigma_0.001,-0.0078125,True,False,False,False,False,False,False,False,False,allow,allow,allow,hold,allow,allow,allow,hold,allow,allow,allow,hold,allow,allow,allow,allow,allow,block,block,block
gate5a_id_unsw,10,45,42,qsvc_pauli_xyz_r1,sham_tiny_scaling_alpha_0.001,0.0,False,True,True,False,True,False,False,False,False,allow,hold,allow,hold,allow,hold,allow,hold,allow,allow,allow,hold,allow,hold,allow,allow,allow,hold,allow,allow
gate5a_id_unsw,10,45,43,qsvc_pauli_xyz_r1,sham_tiny_gaussian_sigma_0.001,0.0,False,False,False,False,False,False,False,False,False,allow,allow,allow,hold,allow,allow,allow,hold,allow,allow,allow,hold,allow,allow,allow,allow,allow,allow,allow,allow
gate5a_id_unsw,10,45,43,qsvc_pauli_xyz_r1,sham_tiny_scaling_alpha_0.001,0.0,False,True,True,False,True,False,False,False,False,allow,hold,allow,hold,allow,hold,allow,hold,allow,allow,allow,hold,allow,hold,allow,allow,allow,hold,allow,allow
gate5a_id_unsw,10,46,42,qsvc_pauli_xyz_r1,sham_tiny_gaussian_sigma_0.001,0.0,False,False,False,False,False,False,False,False,False,allow,allow,allow,hold,allow,allow,allow,hold,allow,allow,allow,hold,allow,allow,allow,allow,allow,allow,allow,allow
gate5a_id_unsw,10,46,42,qsvc_pauli_xyz_r1,sham_tiny_scaling_alpha_0.001,0.0,False,True,True,False,True,False,False,False,False,allow,hold,allow,hold,allow,hold,allow,hold,allow,allow,allow,hold,allow,hold,allow,allow,allow,hold,allow,allow
gate5a_id_unsw,10,46,43,qsvc_pauli_xyz_r1,sham_tiny_gaussian_sigma_0.001,0.0,False,False,False,False,False,False,False,False,False,allow,allow,allow,hold,allow,allow,allow,hold,allow,allow,allow,hold,allow,allow,allow,allow,allow,allow,allow,allow
gate5a_id_unsw,10,46,43,qsvc_pauli_xyz_r1,sham_tiny_scaling_alpha_0.001,0.0,False,True,True,False,True,False,False,False,False,allow,hold,allow,hold,allow,hold,allow,hold,allow,allow,allow,hold,allow,hold,allow,allow,allow,hold,allow,allow
gate5a_id_unsw,10,42,42,qsvc_z_r1,sham_tiny_gaussian_sigma_0.001,0.0,False,False,False,False,False,False,False,False,False,allow,allow,allow,hold,allow,allow,allow,hold,allow,allow,allow,hold,allow,allow,allow,allow,allow,allow,allow,allow
gate5a_id_unsw,10,42,42,qsvc_z_r1,sham_tiny_scaling_alpha_0.001,0.0,False,True,True,False,True,False,False,False,False,allow,hold,allow,hold,allow,hold,allow,hold,allow,allow,allow,hold,allow,hold,allow,allow,allow,hold,allow,allow
gate5a_id_unsw,10,42,43,qsvc_z_r1,sham_tiny_gaussian_sigma_0.001,0.0,False,False,False,False,False,False,False,False,False,allow,allow,allow,hold,allow,allow,allow,hold,allow,allow,allow,hold,allow,allow,allow,allow,allow,allow,allow,allow
gate5a_id_unsw,10,42,43,qsvc_z_r1,sham_tiny_scaling_alpha_0.001,0.0,False,True,True,False,True,False,False,False,False,allow,hold,allow,hold,allow,hold,allow,hold,allow,allow,allow,hold,allow,hold,allow,allow,allow,hold,allow,allow
gate5a_id_unsw,10,43,42,qsvc_z_r1,sham_tiny_gaussian_sigma_0.001,0.0,False,True,True,False,True,False,False,False,False,allow,hold,allow,hold,allow,hold,allow,hold,allow,allow,allow,hold,allow,hold,allow,allow,allow,hold,allow,allow
gate5a_id_unsw,10,43,42,qsvc_z_r1,sham_tiny_scaling_alpha_0.001,0.0,False,True,True,False,True,True,True,False,True,allow,hold,hold,hold,allow,hold,hold,hold,allow,allow,allow,hold,allow,hold,hold,hold,allow,hold,hold,hold
gate5a_id_unsw,10,43,43,qsvc_z_r1,sham_tiny_gaussian_sigma_0.001,0.0,False,True,True,False,True,False,False,False,False,allow,hold,allow,hold,allow,hold,allow,hold,allow,allow,allow,hold,allow,hold,allow,allow,allow,hold,allow,allow
gate5a_id_unsw,10,43,43,qsvc_z_r1,sham_tiny_scaling_alpha_0.001,0.0,False,True,True,False,True,True,True,False,True,allow,hold,hold,hold,allow,hold,hold,hold,allow,allow,allow,hold,allow,hold,hold,hold,allow,hold,hold,hold
gate5a_id_unsw,10,44,42,qsvc_z_r1,sham_tiny_gaussian_sigma_0.001,0.0,False,True,True,False,True,False,False,False,False,allow,hold,allow,hold,allow,hold,allow,hold,allow,allow,allow,hold,allow,hold,allow,allow,allow,hold,allow,allow
gate5a_id_unsw,10,44,42,qsvc_z_r1,sham_tiny_scaling_alpha_0.001,0.0,False,True,True,False,True,True,True,False,True,allow,hold,hold,hold,allow,hold,hold,hold,allow,allow,allow,hold,allow,hold,hold,hold,allow,hold,hold,hold
gate5a_id_unsw,10,44,43,qsvc_z_r1,sham_tiny_gaussian_sigma_0.001,0.0,False,False,False,False,False,False,False,False,False,allow,allow,allow,hold,allow,allow,allow,hold,allow,allow,allow,hold,allow,allow,allow,allow,allow,allow,allow,allow
gate5a_id_unsw,10,44,43,qsvc_z_r1,sham_tiny_scaling_alpha_0.001,0.0078125,True,True,True,False,True,True,True,False,True,allow,hold,hold,hold,allow,hold,hold,hold,allow,allow,allow,hold,allow,hold,hold,hold,allow,block,block,block
gate5a_id_unsw,10,45,42,qsvc_z_r1,sham_tiny_gaussian_sigma_0.001,0.0,False,False,False,False,False,False,False,False,False,allow,allow,allow,hold,allow,allow,allow,hold,allow,allow,allow,hold,allow,allow,allow,allow,allow,allow,allow,allow
gate5a_id_unsw,10,45,42,qsvc_z_r1,sham_tiny_scaling_alpha_0.001,0.0,False,True,True,False,True,False,False,False,False,allow,hold,allow,hold,allow,hold,allow,hold,allow,allow,allow,hold,allow,hold,allow,allow,allow,hold,allow,allow
gate5a_id_unsw,10,45,43,qsvc_z_r1,sham_tiny_gaussian_sigma_0.001,0.0078125,True,False,False,False,False,False,False,False,False,allow,allow,allow,hold,allow,allow,allow,hold,allow,allow,allow,hold,allow,allow,allow,allow,allow,block,block,block
gate5a_id_unsw,10,45,43,qsvc_z_r1,sham_tiny_scaling_alpha_0.001,0.0,False,True,True,False,True,False,False,False,False,allow,hold,allow,hold,allow,hold,allow,hold,allow,allow,allow,hold,allow,hold,allow,allow,allow,hold,allow,allow
gate5a_id_unsw,10,46,42,qsvc_z_r1,sham_tiny_gaussian_sigma_0.001,0.0,False,False,False,False,False,False,False,False,False,allow,allow,allow,hold,allow,allow,allow,hold,allow,allow,allow,hold,allow,allow,allow,allow,allow,allow,allow,allow
gate5a_id_unsw,10,46,42,qsvc_z_r1,sham_tiny_scaling_alpha_0.001,0.0,False,True,True,False,True,False,False,False,False,allow,hold,allow,hold,allow,hold,allow,hold,allow,allow,allow,hold,allow,hold,allow,allow,allow,hold,allow,allow
gate5a_id_unsw,10,46,43,qsvc_z_r1,sham_tiny_gaussian_sigma_0.001,0.0,False,False,False,False,False,False,False,False,False,allow,allow,allow,hold,allow,allow,allow,hold,allow,allow,allow,hold,allow,allow,allow,allow,allow,allow,allow,allow
gate5a_id_unsw,10,46,43,qsvc_z_r1,sham_tiny_scaling_alpha_0.001,0.0,False,True,True,False,True,False,False,False,False,allow,hold,allow,hold,allow,hold,allow,hold,allow,allow,allow,hold,allow,hold,allow,allow,allow,hold,allow,allow
gate5a_id_unsw,10,42,42,qsvc_zz_r1,sham_tiny_gaussian_sigma_0.001,0.0,False,False,False,False,False,False,False,False,False,allow,allow,allow,hold,allow,allow,allow,hold,allow,allow,allow,hold,allow,allow,allow,allow,allow,allow,allow,allow
gate5a_id_unsw,10,42,42,qsvc_zz_r1,sham_tiny_scaling_alpha_0.001,0.0,False,True,True,False,True,False,False,False,False,allow,hold,allow,hold,allow,hold,allow,hold,allow,allow,allow,hold,allow,hold,allow,allow,allow,hold,allow,allow
gate5a_id_unsw,10,42,43,qsvc_zz_r1,sham_tiny_gaussian_sigma_0.001,0.0,False,False,False,False,False,False,False,False,False,allow,allow,allow,hold,allow,allow,allow,hold,allow,allow,allow,hold,allow,allow,allow,allow,allow,allow,allow,allow
gate5a_id_unsw,10,42,43,qsvc_zz_r1,sham_tiny_scaling_alpha_0.001,0.0,False,True,True,False,True,False,False,False,False,allow,hold,allow,hold,allow,hold,allow,hold,allow,allow,allow,hold,allow,hold,allow,allow,allow,hold,allow,allow
gate5a_id_unsw,10,43,42,qsvc_zz_r1,sham_tiny_gaussian_sigma_0.001,0.0,False,True,True,False,True,False,False,False,False,allow,hold,allow,hold,allow,hold,allow,hold,allow,allow,allow,hold,allow,hold,allow,allow,allow,hold,allow,allow
gate5a_id_unsw,10,43,42,qsvc_zz_r1,sham_tiny_scaling_alpha_0.001,0.0,False,True,True,False,True,True,True,False,True,allow,hold,hold,hold,allow,hold,hold,hold,allow,allow,allow,hold,allow,hold,hold,hold,allow,hold,hold,hold
gate5a_id_unsw,10,43,43,qsvc_zz_r1,sham_tiny_gaussian_sigma_0.001,0.0,False,True,True,False,True,False,False,False,False,allow,hold,allow,hold,allow,hold,allow,hold,allow,allow,allow,hold,allow,hold,allow,allow,allow,hold,allow,allow
gate5a_id_unsw,10,43,43,qsvc_zz_r1,sham_tiny_scaling_alpha_0.001,0.0,False,True,True,False,True,True,True,False,True,allow,hold,hold,hold,allow,hold,hold,hold,allow,allow,allow,hold,allow,hold,hold,hold,allow,hold,hold,hold
gate5a_id_unsw,10,44,42,qsvc_zz_r1,sham_tiny_gaussian_sigma_0.001,0.0,False,True,True,False,True,False,False,False,False,allow,hold,allow,hold,allow,hold,allow,hold,allow,allow,allow,hold,allow,hold,allow,allow,allow,hold,allow,allow
gate5a_id_unsw,10,44,42,qsvc_zz_r1,sham_tiny_scaling_alpha_0.001,0.0,False,True,True,False,True,True,True,False,True,allow,hold,hold,hold,allow,hold,hold,hold,allow,allow,allow,hold,allow,hold,hold,hold,allow,hold,hold,hold
gate5a_id_unsw,10,44,43,qsvc_zz_r1,sham_tiny_gaussian_sigma_0.001,0.0,False,False,False,False,False,False,False,False,False,allow,allow,allow,hold,allow,allow,allow,hold,allow,allow,allow,hold,allow,allow,allow,allow,allow,allow,allow,allow
gate5a_id_unsw,10,44,43,qsvc_zz_r1,sham_tiny_scaling_alpha_0.001,0.0,False,True,True,False,True,True,True,False,True,allow,hold,hold,hold,allow,hold,hold,hold,allow,allow,allow,hold,allow,hold,hold,hold,allow,hold,hold,hold
gate5a_id_unsw,10,45,42,qsvc_zz_r1,sham_tiny_gaussian_sigma_0.001,0.0,False,False,False,False,False,False,False,False,False,allow,allow,allow,hold,allow,allow,allow,hold,allow,allow,allow,hold,allow,allow,allow,allow,allow,allow,allow,allow
gate5a_id_unsw,10,45,42,qsvc_zz_r1,sham_tiny_scaling_alpha_0.001,0.0,False,True,True,False,True,False,False,False,False,allow,hold,allow,hold,allow,hold,allow,hold,allow,allow,allow,hold,allow,hold,allow,allow,allow,hold,allow,allow
gate5a_id_unsw,10,45,43,qsvc_zz_r1,sham_tiny_gaussian_sigma_0.001,0.0078125,True,False,False,False,False,False,False,False,False,allow,allow,allow,hold,allow,allow,allow,hold,allow,allow,allow,hold,allow,allow,allow,allow,allow,block,block,block
gate5a_id_unsw,10,45,43,qsvc_zz_r1,sham_tiny_scaling_alpha_0.001,0.0078125,True,True,True,False,True,False,False,False,False,allow,hold,allow,hold,allow,hold,allow,hold,allow,allow,allow,hold,allow,hold,allow,allow,allow,block,block,block
gate5a_id_unsw,10,46,42,qsvc_zz_r1,sham_tiny_gaussian_sigma_0.001,0.0,False,False,False,False,False,False,False,False,False,allow,allow,allow,hold,allow,allow,allow,hold,allow,allow,allow,hold,allow,allow,allow,allow,allow,allow,allow,allow
gate5a_id_unsw,10,46,42,qsvc_zz_r1,sham_tiny_scaling_alpha_0.001,0.0,False,True,True,False,True,False,False,False,False,allow,hold,allow,hold,allow,hold,allow,hold,allow,allow,allow,hold,allow,hold,allow,allow,allow,hold,allow,allow
gate5a_id_unsw,10,46,43,qsvc_zz_r1,sham_tiny_gaussian_sigma_0.001,0.0,False,False,False,False,False,False,False,False,False,allow,allow,allow,hold,allow,allow,allow,hold,allow,allow,allow,hold,allow,allow,allow,allow,allow,allow,allow,allow
gate5a_id_unsw,10,46,43,qsvc_zz_r1,sham_tiny_scaling_alpha_0.001,-0.0078125,True,True,True,False,True,False,False,False,False,allow,hold,allow,hold,allow,hold,allow,hold,allow,allow,allow,hold,allow,hold,allow,allow,allow,block,block,block
gate5a_id_unsw,10,42,42,svc_rbf,sham_tiny_gaussian_sigma_0.001,0.0,False,False,False,False,False,False,False,False,False,allow,allow,allow,hold,allow,allow,allow,hold,allow,allow,allow,hold,allow,allow,allow,allow,allow,allow,allow,allow
gate5a_id_unsw,10,42,42,svc_rbf,sham_tiny_scaling_alpha_0.001,0.0,False,False,False,False,False,False,False,False,False,allow,allow,allow,hold,allow,allow,allow,hold,allow,allow,allow,hold,allow,allow,allow,allow,allow,allow,allow,allow
gate5a_id_unsw,10,42,43,svc_rbf,sham_tiny_gaussian_sigma_0.001,0.0,False,False,False,False,False,False,False,False,False,allow,allow,allow,hold,allow,allow,allow,hold,allow,allow,allow,hold,allow,allow,allow,allow,allow,allow,allow,allow
gate5a_id_unsw,10,42,43,svc_rbf,sham_tiny_scaling_alpha_0.001,0.0,False,False,False,False,False,False,False,False,False,allow,allow,allow,hold,allow,allow,allow,hold,allow,allow,allow,hold,allow,allow,allow,allow,allow,allow,allow,allow
gate5a_id_unsw,10,43,42,svc_rbf,sham_tiny_gaussian_sigma_0.001,0.0,False,True,True,False,True,False,False,False,False,allow,hold,allow,hold,allow,hold,allow,hold,allow,allow,allow,hold,allow,hold,allow,allow,allow,hold,allow,allow
gate5a_id_unsw,10,43,42,svc_rbf,sham_tiny_scaling_alpha_0.001,0.0,False,True,True,False,True,False,False,False,False,allow,hold,allow,hold,allow,hold,allow,hold,allow,allow,allow,hold,allow,hold,allow,allow,allow,hold,allow,allow
gate5a_id_unsw,10,43,43,svc_rbf,sham_tiny_gaussian_sigma_0.001,0.0,False,True,True,False,True,False,False,False,False,allow,hold,allow,hold,allow,hold,allow,hold,allow,allow,allow,hold,allow,hold,allow,allow,allow,hold,allow,allow
gate5a_id_unsw,10,43,43,svc_rbf,sham_tiny_scaling_alpha_0.001,0.0,False,True,True,False,True,False,False,False,False,allow,hold,allow,hold,allow,hold,allow,hold,allow,allow,allow,hold,allow,hold,allow,allow,allow,hold,allow,allow
gate5a_id_unsw,10,44,42,svc_rbf,sham_tiny_gaussian_sigma_0.001,0.0,False,False,False,False,False,False,False,False,False,allow,allow,allow,hold,allow,allow,allow,hold,allow,allow,allow,hold,allow,allow,allow,allow,allow,allow,allow,allow
gate5a_id_unsw,10,44,42,svc_rbf,sham_tiny_scaling_alpha_0.001,0.0,False,False,False,False,False,False,False,False,False,allow,allow,allow,hold,allow,allow,allow,hold,allow,allow,allow,hold,allow,allow,allow,allow,allow,allow,allow,allow
gate5a_id_unsw,10,44,43,svc_rbf,sham_tiny_gaussian_sigma_0.001,0.0,False,False,False,False,False,False,False,False,False,allow,allow,allow,hold,allow,allow,allow,hold,allow,allow,allow,hold,allow,allow,allow,allow,allow,allow,allow,allow
gate5a_id_unsw,10,44,43,svc_rbf,sham_tiny_scaling_alpha_0.001,0.0,False,True,True,False,True,False,False,False,False,allow,hold,allow,hold,allow,hold,allow,hold,allow,allow,allow,hold,allow,hold,allow,allow,allow,hold,allow,allow
gate5a_id_unsw,10,45,42,svc_rbf,sham_tiny_gaussian_sigma_0.001,0.0,False,False,False,False,False,False,False,False,False,allow,allow,allow,hold,allow,allow,allow,hold,allow,allow,allow,hold,allow,allow,allow,allow,allow,allow,allow,allow
gate5a_id_unsw,10,45,42,svc_rbf,sham_tiny_scaling_alpha_0.001,0.0,False,False,False,False,False,False,False,False,False,allow,allow,allow,hold,allow,allow,allow,hold,allow,allow,allow,hold,allow,allow,allow,allow,allow,allow,allow,allow
gate5a_id_unsw,10,45,43,svc_rbf,sham_tiny_gaussian_sigma_0.001,0.0,False,False,False,False,False,False,False,False,False,allow,allow,allow,hold,allow,allow,allow,hold,allow,allow,allow,hold,allow,allow,allow,allow,allow,allow,allow,allow
gate5a_id_unsw,10,45,43,svc_rbf,sham_tiny_scaling_alpha_0.001,0.0,False,False,False,False,False,False,False,False,False,allow,allow,allow,hold,allow,allow,allow,hold,allow,allow,allow,hold,allow,allow,allow,allow,allow,allow,allow,allow
gate5a_id_unsw,10,46,42,svc_rbf,sham_tiny_gaussian_sigma_0.001,0.0,False,False,False,False,False,False,False,False,False,allow,allow,allow,hold,allow,allow,allow,hold,allow,allow,allow,hold,allow,allow,allow,allow,allow,allow,allow,allow
gate5a_id_unsw,10,46,42,svc_rbf,sham_tiny_scaling_alpha_0.001,0.0,False,False,False,False,False,False,False,False,False,allow,allow,allow,hold,allow,allow,allow,hold,allow,allow,allow,hold,allow,allow,allow,allow,allow,allow,allow,allow
gate5a_id_unsw,10,46,43,svc_rbf,sham_tiny_gaussian_sigma_0.001,0.0,False,False,False,False,False,False,False,False,False,allow,allow,allow,hold,allow,allow,allow,hold,allow,allow,allow,hold,allow,allow,allow,allow,allow,allow,allow,allow
gate5a_id_unsw,10,46,43,svc_rbf,sham_tiny_scaling_alpha_0.001,0.0,False,False,False,False,False,False,False,False,False,allow,allow,allow,hold,allow,allow,allow,hold,allow,allow,allow,hold,allow,allow,allow,allow,allow,allow,allow,allow
gate5a_id_unsw,12,42,42,qsvc_pauli_xyz_r1,sham_tiny_gaussian_sigma_0.001,0.0,False,False,False,False,False,False,False,False,False,allow,allow,allow,hold,allow,allow,allow,hold,allow,allow,allow,hold,allow,allow,allow,allow,allow,allow,allow,allow
gate5a_id_unsw,12,42,42,qsvc_pauli_xyz_r1,sham_tiny_scaling_alpha_0.001,0.0,False,True,True,False,True,True,True,False,True,allow,hold,hold,hold,allow,hold,hold,hold,allow,allow,allow,hold,allow,hold,hold,hold,allow,hold,hold,hold
gate5a_id_unsw,12,42,43,qsvc_pauli_xyz_r1,sham_tiny_gaussian_sigma_0.001,0.0,False,False,False,False,False,False,False,False,False,allow,allow,allow,hold,allow,allow,allow,hold,allow,allow,allow,hold,allow,allow,allow,allow,allow,allow,allow,allow
gate5a_id_unsw,12,42,43,qsvc_pauli_xyz_r1,sham_tiny_scaling_alpha_0.001,0.0,False,True,True,False,True,True,True,False,False,allow,hold,hold,hold,allow,hold,hold,hold,allow,allow,allow,hold,allow,hold,allow,allow,allow,hold,allow,allow
gate5a_id_unsw,12,43,42,qsvc_pauli_xyz_r1,sham_tiny_gaussian_sigma_0.001,0.0,False,True,True,False,True,False,False,False,False,allow,hold,allow,hold,allow,hold,allow,hold,allow,allow,allow,hold,allow,hold,allow,allow,allow,hold,allow,allow
gate5a_id_unsw,12,43,42,qsvc_pauli_xyz_r1,sham_tiny_scaling_alpha_0.001,0.0,False,True,True,False,True,True,True,False,True,allow,hold,hold,hold,allow,hold,hold,hold,allow,allow,allow,hold,allow,hold,hold,hold,allow,hold,hold,hold
gate5a_id_unsw,12,43,43,qsvc_pauli_xyz_r1,sham_tiny_gaussian_sigma_0.001,0.0,False,True,True,False,True,True,True,False,False,allow,hold,hold,hold,allow,hold,hold,hold,allow,allow,allow,hold,allow,hold,allow,allow,allow,hold,allow,allow
gate5a_id_unsw,12,43,43,qsvc_pauli_xyz_r1,sham_tiny_scaling_alpha_0.001,0.0,False,True,True,False,True,True,True,False,True,allow,hold,hold,hold,allow,hold,hold,hold,allow,allow,allow,hold,allow,hold,hold,hold,allow,hold,hold,hold
gate5a_id_unsw,12,44,42,qsvc_pauli_xyz_r1,sham_tiny_gaussian_sigma_0.001,0.0,False,True,True,False,True,False,False,False,False,allow,hold,allow,hold,allow,hold,allow,hold,allow,allow,allow,hold,allow,hold,allow,allow,allow,hold,allow,allow
gate5a_id_unsw,12,44,42,qsvc_pauli_xyz_r1,sham_tiny_scaling_alpha_0.001,0.0,False,True,True,False,True,True,True,False,True,allow,hold,hold,hold,allow,hold,hold,hold,allow,allow,allow,hold,allow,hold,hold,hold,allow,hold,hold,hold
gate5a_id_unsw,12,44,43,qsvc_pauli_xyz_r1,sham_tiny_gaussian_sigma_0.001,0.0,False,False,False,False,False,False,False,False,False,allow,allow,allow,hold,allow,allow,allow,hold,allow,allow,allow,hold,allow,allow,allow,allow,allow,allow,allow,allow
gate5a_id_unsw,12,44,43,qsvc_pauli_xyz_r1,sham_tiny_scaling_alpha_0.001,0.0,False,True,True,False,True,True,True,False,True,allow,hold,hold,hold,allow,hold,hold,hold,allow,allow,allow,hold,allow,hold,hold,hold,allow,hold,hold,hold
gate5a_id_unsw,12,45,42,qsvc_pauli_xyz_r1,sham_tiny_gaussian_sigma_0.001,0.0,False,False,False,False,False,False,False,False,False,allow,allow,allow,hold,allow,allow,allow,hold,allow,allow,allow,hold,allow,allow,allow,allow,allow,allow,allow,allow
gate5a_id_unsw,12,45,42,qsvc_pauli_xyz_r1,sham_tiny_scaling_alpha_0.001,0.0,False,True,True,False,True,True,True,False,False,allow,hold,hold,hold,allow,hold,hold,hold,allow,allow,allow,hold,allow,hold,allow,allow,allow,hold,allow,allow
gate5a_id_unsw,12,45,43,qsvc_pauli_xyz_r1,sham_tiny_gaussian_sigma_0.001,0.0,False,False,False,False,False,False,False,False,False,allow,allow,allow,hold,allow,allow,allow,hold,allow,allow,allow,hold,allow,allow,allow,allow,allow,allow,allow,allow
gate5a_id_unsw,12,45,43,qsvc_pauli_xyz_r1,sham_tiny_scaling_alpha_0.001,0.0,False,True,True,False,True,True,True,False,False,allow,hold,hold,hold,allow,hold,hold,hold,allow,allow,allow,hold,allow,hold,allow,allow,allow,hold,allow,allow
gate5a_id_unsw,12,46,42,qsvc_pauli_xyz_r1,sham_tiny_gaussian_sigma_0.001,0.0,False,False,False,False,False,False,False,False,False,allow,allow,allow,hold,allow,allow,allow,hold,allow,allow,allow,hold,allow,allow,allow,allow,allow,allow,allow,allow
gate5a_id_unsw,12,46,42,qsvc_pauli_xyz_r1,sham_tiny_scaling_alpha_0.001,0.0,False,True,True,False,True,True,True,False,False,allow,hold,hold,hold,allow,hold,hold,hold,allow,allow,allow,hold,allow,hold,allow,allow,allow,hold,allow,allow
gate5a_id_unsw,12,46,43,qsvc_pauli_xyz_r1,sham_tiny_gaussian_sigma_0.001,0.0,False,False,False,False,False,False,False,False,False,allow,allow,allow,hold,allow,allow,allow,hold,allow,allow,allow,hold,allow,allow,allow,allow,allow,allow,allow,allow
gate5a_id_unsw,12,46,43,qsvc_pauli_xyz_r1,sham_tiny_scaling_alpha_0.001,-0.0078125,True,True,True,False,True,True,True,False,True,allow,hold,hold,hold,allow,hold,hold,hold,allow,allow,allow,hold,allow,hold,hold,hold,allow,block,block,block
gate5a_id_unsw,12,42,42,qsvc_z_r1,sham_tiny_gaussian_sigma_0.001,0.0,False,False,False,False,False,False,False,False,False,allow,allow,allow,hold,allow,allow,allow,hold,allow,allow,allow,hold,allow,allow,allow,allow,allow,allow,allow,allow
gate5a_id_unsw,12,42,42,qsvc_z_r1,sham_tiny_scaling_alpha_0.001,0.0,False,True,True,False,True,True,True,False,True,allow,hold,hold,hold,allow,hold,hold,hold,allow,allow,allow,hold,allow,hold,hold,hold,allow,hold,hold,hold
gate5a_id_unsw,12,42,43,qsvc_z_r1,sham_tiny_gaussian_sigma_0.001,0.0,False,False,False,False,False,False,False,False,False,allow,allow,allow,hold,allow,allow,allow,hold,allow,allow,allow,hold,allow,allow,allow,allow,allow,allow,allow,allow
gate5a_id_unsw,12,42,43,qsvc_z_r1,sham_tiny_scaling_alpha_0.001,0.0,False,True,True,False,True,True,True,False,False,allow,hold,hold,hold,allow,hold,hold,hold,allow,allow,allow,hold,allow,hold,allow,allow,allow,hold,allow,allow
gate5a_id_unsw,12,43,42,qsvc_z_r1,sham_tiny_gaussian_sigma_0.001,0.0,False,True,True,False,True,False,False,False,False,allow,hold,allow,hold,allow,hold,allow,hold,allow,allow,allow,hold,allow,hold,allow,allow,allow,hold,allow,allow
gate5a_id_unsw,12,43,42,qsvc_z_r1,sham_tiny_scaling_alpha_0.001,0.0,False,True,True,False,True,True,True,False,True,allow,hold,hold,hold,allow,hold,hold,hold,allow,allow,allow,hold,allow,hold,hold,hold,allow,hold,hold,hold
gate5a_id_unsw,12,43,43,qsvc_z_r1,sham_tiny_gaussian_sigma_0.001,0.0,False,True,True,False,True,True,True,False,False,allow,hold,hold,hold,allow,hold,hold,hold,allow,allow,allow,hold,allow,hold,allow,allow,allow,hold,allow,allow
gate5a_id_unsw,12,43,43,qsvc_z_r1,sham_tiny_scaling_alpha_0.001,0.0,False,True,True,False,True,True,True,False,True,allow,hold,hold,hold,allow,hold,hold,hold,allow,allow,allow,hold,allow,hold,hold,hold,allow,hold,hold,hold
gate5a_id_unsw,12,44,42,qsvc_z_r1,sham_tiny_gaussian_sigma_0.001,0.0,False,True,True,False,True,False,False,False,False,allow,hold,allow,hold,allow,hold,allow,hold,allow,allow,allow,hold,allow,hold,allow,allow,allow,hold,allow,allow
gate5a_id_unsw,12,44,42,qsvc_z_r1,sham_tiny_scaling_alpha_0.001,0.0,False,True,True,False,True,True,True,False,True,allow,hold,hold,hold,allow,hold,hold,hold,allow,allow,allow,hold,allow,hold,hold,hold,allow,hold,hold,hold
gate5a_id_unsw,12,44,43,qsvc_z_r1,sham_tiny_gaussian_sigma_0.001,0.0,False,False,False,False,False,False,False,False,False,allow,allow,allow,hold,allow,allow,allow,hold,allow,allow,allow,hold,allow,allow,allow,allow,allow,allow,allow,allow
gate5a_id_unsw,12,44,43,qsvc_z_r1,sham_tiny_scaling_alpha_0.001,0.0078125,True,True,True,False,True,True,True,False,True,allow,hold,hold,hold,allow,hold,hold,hold,allow,allow,allow,hold,allow,hold,hold,hold,allow,block,block,block
gate5a_id_unsw,12,45,42,qsvc_z_r1,sham_tiny_gaussian_sigma_0.001,0.0,False,False,False,False,False,False,False,False,False,allow,allow,allow,hold,allow,allow,allow,hold,allow,allow,allow,hold,allow,allow,allow,allow,allow,allow,allow,allow
gate5a_id_unsw,12,45,42,qsvc_z_r1,sham_tiny_scaling_alpha_0.001,0.0,False,True,True,False,True,True,True,False,False,allow,hold,hold,hold,allow,hold,hold,hold,allow,allow,allow,hold,allow,hold,allow,allow,allow,hold,allow,allow
gate5a_id_unsw,12,45,43,qsvc_z_r1,sham_tiny_gaussian_sigma_0.001,0.0,False,False,False,False,False,False,False,False,False,allow,allow,allow,hold,allow,allow,allow,hold,allow,allow,allow,hold,allow,allow,allow,allow,allow,allow,allow,allow
gate5a_id_unsw,12,45,43,qsvc_z_r1,sham_tiny_scaling_alpha_0.001,0.0,False,True,True,False,True,True,True,False,False,allow,hold,hold,hold,allow,hold,hold,hold,allow,allow,allow,hold,allow,hold,allow,allow,allow,hold,allow,allow
gate5a_id_unsw,12,46,42,qsvc_z_r1,sham_tiny_gaussian_sigma_0.001,0.0,False,False,False,False,False,False,False,False,False,allow,allow,allow,hold,allow,allow,allow,hold,allow,allow,allow,hold,allow,allow,allow,allow,allow,allow,allow,allow
gate5a_id_unsw,12,46,42,qsvc_z_r1,sham_tiny_scaling_alpha_0.001,0.0,False,True,True,False,True,True,True,False,False,allow,hold,hold,hold,allow,hold,hold,hold,allow,allow,allow,hold,allow,hold,allow,allow,allow,hold,allow,allow
gate5a_id_unsw,12,46,43,qsvc_z_r1,sham_tiny_gaussian_sigma_0.001,0.0,False,False,False,False,False,False,False,False,False,allow,allow,allow,hold,allow,allow,allow,hold,allow,allow,allow,hold,allow,allow,allow,allow,allow,allow,allow,allow
gate5a_id_unsw,12,46,43,qsvc_z_r1,sham_tiny_scaling_alpha_0.001,-0.0078125,True,True,True,False,True,True,True,False,True,allow,hold,hold,hold,allow,hold,hold,hold,allow,allow,allow,hold,allow,hold,hold,hold,allow,block,block,block
gate5a_id_unsw,12,42,42,qsvc_zz_r1,sham_tiny_gaussian_sigma_0.001,0.0,False,False,False,False,False,False,False,False,False,allow,allow,allow,hold,allow,allow,allow,hold,allow,allow,allow,hold,allow,allow,allow,allow,allow,allow,allow,allow
gate5a_id_unsw,12,42,42,qsvc_zz_r1,sham_tiny_scaling_alpha_0.001,0.0,False,True,True,False,True,True,True,False,True,allow,hold,hold,hold,allow,hold,hold,hold,allow,allow,allow,hold,allow,hold,hold,hold,allow,hold,hold,hold
gate5a_id_unsw,12,42,43,qsvc_zz_r1,sham_tiny_gaussian_sigma_0.001,0.0,False,False,False,False,False,False,False,False,False,allow,allow,allow,hold,allow,allow,allow,hold,allow,allow,allow,hold,allow,allow,allow,allow,allow,allow,allow,allow
gate5a_id_unsw,12,42,43,qsvc_zz_r1,sham_tiny_scaling_alpha_0.001,0.0,False,True,True,False,True,True,True,False,False,allow,hold,hold,hold,allow,hold,hold,hold,allow,allow,allow,hold,allow,hold,allow,allow,allow,hold,allow,allow
gate5a_id_unsw,12,43,42,qsvc_zz_r1,sham_tiny_gaussian_sigma_0.001,0.0,False,True,True,False,True,False,False,False,False,allow,hold,allow,hold,allow,hold,allow,hold,allow,allow,allow,hold,allow,hold,allow,allow,allow,hold,allow,allow
gate5a_id_unsw,12,43,42,qsvc_zz_r1,sham_tiny_scaling_alpha_0.001,0.0,False,True,True,False,True,True,True,False,True,allow,hold,hold,hold,allow,hold,hold,hold,allow,allow,allow,hold,allow,hold,hold,hold,allow,hold,hold,hold
gate5a_id_unsw,12,43,43,qsvc_zz_r1,sham_tiny_gaussian_sigma_0.001,0.0,False,True,True,False,True,True,True,False,False,allow,hold,hold,hold,allow,hold,hold,hold,allow,allow,allow,hold,allow,hold,allow,allow,allow,hold,allow,allow
gate5a_id_unsw,12,43,43,qsvc_zz_r1,sham_tiny_scaling_alpha_0.001,0.0,False,True,True,False,True,True,True,False,True,allow,hold,hold,hold,allow,hold,hold,hold,allow,allow,allow,hold,allow,hold,hold,hold,allow,hold,hold,hold
gate5a_id_unsw,12,44,42,qsvc_zz_r1,sham_tiny_gaussian_sigma_0.001,0.0,False,True,True,False,True,False,False,False,False,allow,hold,allow,hold,allow,hold,allow,hold,allow,allow,allow,hold,allow,hold,allow,allow,allow,hold,allow,allow
gate5a_id_unsw,12,44,42,qsvc_zz_r1,sham_tiny_scaling_alpha_0.001,0.0,False,True,True,False,True,True,True,False,True,allow,hold,hold,hold,allow,hold,hold,hold,allow,allow,allow,hold,allow,hold,hold,hold,allow,hold,hold,hold
gate5a_id_unsw,12,44,43,qsvc_zz_r1,sham_tiny_gaussian_sigma_0.001,0.0,False,False,False,False,False,False,False,False,False,allow,allow,allow,hold,allow,allow,allow,hold,allow,allow,allow,hold,allow,allow,allow,allow,allow,allow,allow,allow
gate5a_id_unsw,12,44,43,qsvc_zz_r1,sham_tiny_scaling_alpha_0.001,0.0,False,True,True,False,True,True,True,False,True,allow,hold,hold,hold,allow,hold,hold,hold,allow,allow,allow,hold,allow,hold,hold,hold,allow,hold,hold,hold
gate5a_id_unsw,12,45,42,qsvc_zz_r1,sham_tiny_gaussian_sigma_0.001,0.0,False,False,False,False,False,False,False,False,False,allow,allow,allow,hold,allow,allow,allow,hold,allow,allow,allow,hold,allow,allow,allow,allow,allow,allow,allow,allow
gate5a_id_unsw,12,45,42,qsvc_zz_r1,sham_tiny_scaling_alpha_0.001,0.0,False,True,True,False,True,True,True,False,False,allow,hold,hold,hold,allow,hold,hold,hold,allow,allow,allow,hold,allow,hold,allow,allow,allow,hold,allow,allow
gate5a_id_unsw,12,45,43,qsvc_zz_r1,sham_tiny_gaussian_sigma_0.001,0.0,False,False,False,False,False,False,False,False,False,allow,allow,allow,hold,allow,allow,allow,hold,allow,allow,allow,hold,allow,allow,allow,allow,allow,allow,allow,allow
gate5a_id_unsw,12,45,43,qsvc_zz_r1,sham_tiny_scaling_alpha_0.001,0.0,False,True,True,False,True,True,True,False,False,allow,hold,hold,hold,allow,hold,hold,hold,allow,allow,allow,hold,allow,hold,allow,allow,allow,hold,allow,allow
gate5a_id_unsw,12,46,42,qsvc_zz_r1,sham_tiny_gaussian_sigma_0.001,0.0,False,False,False,False,False,False,False,False,False,allow,allow,allow,hold,allow,allow,allow,hold,allow,allow,allow,hold,allow,allow,allow,allow,allow,allow,allow,allow
gate5a_id_unsw,12,46,42,qsvc_zz_r1,sham_tiny_scaling_alpha_0.001,0.0,False,True,True,False,True,True,True,False,False,allow,hold,hold,hold,allow,hold,hold,hold,allow,allow,allow,hold,allow,hold,allow,allow,allow,hold,allow,allow
gate5a_id_unsw,12,46,43,qsvc_zz_r1,sham_tiny_gaussian_sigma_0.001,0.0,False,False,False,False,False,False,False,False,False,allow,allow,allow,hold,allow,allow,allow,hold,allow,allow,allow,hold,allow,allow,allow,allow,allow,allow,allow,allow
gate5a_id_unsw,12,46,43,qsvc_zz_r1,sham_tiny_scaling_alpha_0.001,0.0,False,True,True,False,True,True,True,False,True,allow,hold,hold,hold,allow,hold,hold,hold,allow,allow,allow,hold,allow,hold,hold,hold,allow,hold,hold,hold
gate5a_id_unsw,12,42,42,svc_rbf,sham_tiny_gaussian_sigma_0.001,0.0,False,False,False,False,False,False,False,False,False,allow,allow,allow,hold,allow,allow,allow,hold,allow,allow,allow,hold,allow,allow,allow,allow,allow,allow,allow,allow
gate5a_id_unsw,12,42,42,svc_rbf,sham_tiny_scaling_alpha_0.001,0.0,False,False,False,False,False,False,False,False,False,allow,allow,allow,hold,allow,allow,allow,hold,allow,allow,allow,hold,allow,allow,allow,allow,allow,allow,allow,allow
gate5a_id_unsw,12,42,43,svc_rbf,sham_tiny_gaussian_sigma_0.001,0.0,False,False,False,False,False,False,False,False,False,allow,allow,allow,hold,allow,allow,allow,hold,allow,allow,allow,hold,allow,allow,allow,allow,allow,allow,allow,allow
gate5a_id_unsw,12,42,43,svc_rbf,sham_tiny_scaling_alpha_0.001,0.0,False,False,False,False,False,False,False,False,False,allow,allow,allow,hold,allow,allow,allow,hold,allow,allow,allow,hold,allow,allow,allow,allow,allow,allow,allow,allow
gate5a_id_unsw,12,43,42,svc_rbf,sham_tiny_gaussian_sigma_0.001,0.0,False,True,True,False,True,False,False,False,False,allow,hold,allow,hold,allow,hold,allow,hold,allow,allow,allow,hold,allow,hold,allow,allow,allow,hold,allow,allow
gate5a_id_unsw,12,43,42,svc_rbf,sham_tiny_scaling_alpha_0.001,0.0,False,True,True,False,True,True,True,False,True,allow,hold,hold,hold,allow,hold,hold,hold,allow,allow,allow,hold,allow,hold,hold,hold,allow,hold,hold,hold
gate5a_id_unsw,12,43,43,svc_rbf,sham_tiny_gaussian_sigma_0.001,0.0,False,True,True,False,True,False,False,False,False,allow,hold,allow,hold,allow,hold,allow,hold,allow,allow,allow,hold,allow,hold,allow,allow,allow,hold,allow,allow
gate5a_id_unsw,12,43,43,svc_rbf,sham_tiny_scaling_alpha_0.001,0.0,False,True,True,False,True,False,False,False,False,allow,hold,allow,hold,allow,hold,allow,hold,allow,allow,allow,hold,allow,hold,allow,allow,allow,hold,allow,allow
gate5a_id_unsw,12,44,42,svc_rbf,sham_tiny_gaussian_sigma_0.001,0.0,False,True,True,False,True,False,False,False,False,allow,hold,allow,hold,allow,hold,allow,hold,allow,allow,allow,hold,allow,hold,allow,allow,allow,hold,allow,allow
gate5a_id_unsw,12,44,42,svc_rbf,sham_tiny_scaling_alpha_0.001,0.0,False,False,False,False,False,False,False,False,False,allow,allow,allow,hold,allow,allow,allow,hold,allow,allow,allow,hold,allow,allow,allow,allow,allow,allow,allow,allow
gate5a_id_unsw,12,44,43,svc_rbf,sham_tiny_gaussian_sigma_0.001,0.0,False,False,False,False,False,False,False,False,False,allow,allow,allow,hold,allow,allow,allow,hold,allow,allow,allow,hold,allow,allow,allow,allow,allow,allow,allow,allow
gate5a_id_unsw,12,44,43,svc_rbf,sham_tiny_scaling_alpha_0.001,0.0,False,True,True,False,True,False,False,False,False,allow,hold,allow,hold,allow,hold,allow,hold,allow,allow,allow,hold,allow,hold,allow,allow,allow,hold,allow,allow
gate5a_id_unsw,12,45,42,svc_rbf,sham_tiny_gaussian_sigma_0.001,0.0,False,False,False,False,False,False,False,False,False,allow,allow,allow,hold,allow,allow,allow,hold,allow,allow,allow,hold,allow,allow,allow,allow,allow,allow,allow,allow
gate5a_id_unsw,12,45,42,svc_rbf,sham_tiny_scaling_alpha_0.001,0.0,False,False,False,False,False,False,False,False,False,allow,allow,allow,hold,allow,allow,allow,hold,allow,allow,allow,hold,allow,allow,allow,allow,allow,allow,allow,allow
gate5a_id_unsw,12,45,43,svc_rbf,sham_tiny_gaussian_sigma_0.001,0.0,False,False,False,False,False,False,False,False,False,allow,allow,allow,hold,allow,allow,allow,hold,allow,allow,allow,hold,allow,allow,allow,allow,allow,allow,allow,allow
gate5a_id_unsw,12,45,43,svc_rbf,sham_tiny_scaling_alpha_0.001,0.0,False,False,False,False,False,False,False,False,False,allow,allow,allow,hold,allow,allow,allow,hold,allow,allow,allow,hold,allow,allow,allow,allow,allow,allow,allow,allow
gate5a_id_unsw,12,46,42,svc_rbf,sham_tiny_gaussian_sigma_0.001,0.0,False,False,False,False,False,False,False,False,False,allow,allow,allow,hold,allow,allow,allow,hold,allow,allow,allow,hold,allow,allow,allow,allow,allow,allow,allow,allow
gate5a_id_unsw,12,46,42,svc_rbf,sham_tiny_scaling_alpha_0.001,0.0,False,False,False,False,False,False,False,False,False,allow,allow,allow,hold,allow,allow,allow,hold,allow,allow,allow,hold,allow,allow,allow,allow,allow,allow,allow,allow
gate5a_id_unsw,12,46,43,svc_rbf,sham_tiny_gaussian_sigma_0.001,0.0,False,False,False,False,False,False,False,False,False,allow,allow,allow,hold,allow,allow,allow,hold,allow,allow,allow,hold,allow,allow,allow,allow,allow,allow,allow,allow
gate5a_id_unsw,12,46,43,svc_rbf,sham_tiny_scaling_alpha_0.001,0.0,False,False,False,False,False,False,False,False,False,allow,allow,allow,hold,allow,allow,allow,hold,allow,allow,allow,hold,allow,allow,allow,allow,allow,allow,allow,allow
gate5b_id_ton_iot,8,42,42,qsvc_pauli_xyz_r1,sham_tiny_gaussian_sigma_0.001,0.0,False,False,False,False,False,False,False,False,False,allow,allow,allow,hold,allow,allow,allow,hold,allow,allow,allow,hold,allow,allow,allow,allow,allow,allow,allow,allow
gate5b_id_ton_iot,8,42,42,qsvc_pauli_xyz_r1,sham_tiny_scaling_alpha_0.001,0.0,False,False,False,False,False,False,False,False,False,allow,allow,allow,hold,allow,allow,allow,hold,allow,allow,allow,hold,allow,allow,allow,allow,allow,allow,allow,allow
gate5b_id_ton_iot,8,42,43,qsvc_pauli_xyz_r1,sham_tiny_gaussian_sigma_0.001,0.0,False,True,True,False,True,False,False,False,False,allow,hold,allow,hold,allow,hold,allow,hold,allow,allow,allow,hold,allow,hold,allow,allow,allow,hold,allow,allow
gate5b_id_ton_iot,8,42,43,qsvc_pauli_xyz_r1,sham_tiny_scaling_alpha_0.001,0.0,False,True,True,False,True,True,True,False,True,allow,hold,hold,hold,allow,hold,hold,hold,allow,allow,allow,hold,allow,hold,hold,hold,allow,hold,hold,hold
gate5b_id_ton_iot,8,43,42,qsvc_pauli_xyz_r1,sham_tiny_gaussian_sigma_0.001,0.0,False,False,False,False,False,False,False,False,False,allow,allow,allow,hold,allow,allow,allow,hold,allow,allow,allow,hold,allow,allow,allow,allow,allow,allow,allow,allow
gate5b_id_ton_iot,8,43,42,qsvc_pauli_xyz_r1,sham_tiny_scaling_alpha_0.001,0.0,False,False,True,False,True,False,True,False,True,allow,allow,allow,hold,allow,hold,hold,hold,allow,allow,allow,hold,allow,hold,hold,hold,allow,hold,hold,hold
gate5b_id_ton_iot,8,43,43,qsvc_pauli_xyz_r1,sham_tiny_gaussian_sigma_0.001,0.0,False,False,False,False,False,False,False,False,False,allow,allow,allow,hold,allow,allow,allow,hold,allow,allow,allow,hold,allow,allow,allow,allow,allow,allow,allow,allow
gate5b_id_ton_iot,8,43,43,qsvc_pauli_xyz_r1,sham_tiny_scaling_alpha_0.001,0.0078125,True,False,False,False,False,False,False,False,False,allow,allow,allow,hold,allow,allow,allow,hold,allow,allow,allow,hold,allow,allow,allow,allow,allow,block,block,block
gate5b_id_ton_iot,8,44,42,qsvc_pauli_xyz_r1,sham_tiny_gaussian_sigma_0.001,0.0,False,True,True,False,True,True,False,False,False,allow,hold,hold,hold,allow,hold,allow,hold,allow,allow,allow,hold,allow,hold,allow,allow,allow,hold,allow,allow
gate5b_id_ton_iot,8,44,42,qsvc_pauli_xyz_r1,sham_tiny_scaling_alpha_0.001,0.0,False,True,True,False,True,False,False,False,False,allow,hold,allow,hold,allow,hold,allow,hold,allow,allow,allow,hold,allow,hold,allow,allow,allow,hold,allow,allow
gate5b_id_ton_iot,8,44,43,qsvc_pauli_xyz_r1,sham_tiny_gaussian_sigma_0.001,0.0,False,True,True,False,True,False,False,False,False,allow,hold,allow,hold,allow,hold,allow,hold,allow,allow,allow,hold,allow,hold,allow,allow,allow,hold,allow,allow
gate5b_id_ton_iot,8,44,43,qsvc_pauli_xyz_r1,sham_tiny_scaling_alpha_0.001,0.0,False,True,True,False,True,False,False,False,False,allow,hold,allow,hold,allow,hold,allow,hold,allow,allow,allow,hold,allow,hold,allow,allow,allow,hold,allow,allow
gate5b_id_ton_iot,8,45,42,qsvc_pauli_xyz_r1,sham_tiny_gaussian_sigma_0.001,0.0,False,True,True,False,True,False,False,False,False,allow,hold,allow,hold,allow,hold,allow,hold,allow,allow,allow,hold,allow,hold,allow,allow,allow,hold,allow,allow
gate5b_id_ton_iot,8,45,42,qsvc_pauli_xyz_r1,sham_tiny_scaling_alpha_0.001,0.0,False,True,True,False,True,False,False,False,False,allow,hold,allow,hold,allow,hold,allow,hold,allow,allow,allow,hold,allow,hold,allow,allow,allow,hold,allow,allow
gate5b_id_ton_iot,8,45,43,qsvc_pauli_xyz_r1,sham_tiny_gaussian_sigma_0.001,0.0,False,True,True,False,True,False,False,False,False,allow,hold,allow,hold,allow,hold,allow,hold,allow,allow,allow,hold,allow,hold,allow,allow,allow,hold,allow,allow
gate5b_id_ton_iot,8,45,43,qsvc_pauli_xyz_r1,sham_tiny_scaling_alpha_0.001,0.0,False,True,True,False,True,False,False,False,False,allow,hold,allow,hold,allow,hold,allow,hold,allow,allow,allow,hold,allow,hold,allow,allow,allow,hold,allow,allow
gate5b_id_ton_iot,8,46,42,qsvc_pauli_xyz_r1,sham_tiny_gaussian_sigma_0.001,0.0,False,True,True,False,True,False,False,False,False,allow,hold,allow,hold,allow,hold,allow,hold,allow,allow,allow,hold,allow,hold,allow,allow,allow,hold,allow,allow
gate5b_id_ton_iot,8,46,42,qsvc_pauli_xyz_r1,sham_tiny_scaling_alpha_0.001,0.0,False,True,True,False,True,False,False,False,False,allow,hold,allow,hold,allow,hold,allow,hold,allow,allow,allow,hold,allow,hold,allow,allow,allow,hold,allow,allow
gate5b_id_ton_iot,8,46,43,qsvc_pauli_xyz_r1,sham_tiny_gaussian_sigma_0.001,0.0,False,True,True,False,True,False,False,False,False,allow,hold,allow,hold,allow,hold,allow,hold,allow,allow,allow,hold,allow,hold,allow,allow,allow,hold,allow,allow
gate5b_id_ton_iot,8,46,43,qsvc_pauli_xyz_r1,sham_tiny_scaling_alpha_0.001,0.0,False,True,True,False,True,False,False,False,False,allow,hold,allow,hold,allow,hold,allow,hold,allow,allow,allow,hold,allow,hold,allow,allow,allow,hold,allow,allow
gate5b_id_ton_iot,8,42,42,qsvc_z_r1,sham_tiny_gaussian_sigma_0.001,0.0,False,False,False,False,False,False,False,False,False,allow,allow,allow,hold,allow,allow,allow,hold,allow,allow,allow,hold,allow,allow,allow,allow,allow,allow,allow,allow
gate5b_id_ton_iot,8,42,42,qsvc_z_r1,sham_tiny_scaling_alpha_0.001,0.0,False,False,False,False,False,False,False,False,False,allow,allow,allow,hold,allow,allow,allow,hold,allow,allow,allow,hold,allow,allow,allow,allow,allow,allow,allow,allow
gate5b_id_ton_iot,8,42,43,qsvc_z_r1,sham_tiny_gaussian_sigma_0.001,0.0,False,True,True,False,True,False,False,False,False,allow,hold,allow,hold,allow,hold,allow,hold,allow,allow,allow,hold,allow,hold,allow,allow,allow,hold,allow,allow
gate5b_id_ton_iot,8,42,43,qsvc_z_r1,sham_tiny_scaling_alpha_0.001,0.0,False,True,True,False,True,True,True,False,True,allow,hold,hold,hold,allow,hold,hold,hold,allow,allow,allow,hold,allow,hold,hold,hold,allow,hold,hold,hold
gate5b_id_ton_iot,8,43,42,qsvc_z_r1,sham_tiny_gaussian_sigma_0.001,0.0,False,False,False,False,False,False,False,False,False,allow,allow,allow,hold,allow,allow,allow,hold,allow,allow,allow,hold,allow,allow,allow,allow,allow,allow,allow,allow
gate5b_id_ton_iot,8,43,42,qsvc_z_r1,sham_tiny_scaling_alpha_0.001,0.0,False,False,False,False,False,False,False,False,False,allow,allow,allow,hold,allow,allow,allow,hold,allow,allow,allow,hold,allow,allow,allow,allow,allow,allow,allow,allow
gate5b_id_ton_iot,8,43,43,qsvc_z_r1,sham_tiny_gaussian_sigma_0.001,0.0,False,False,False,False,False,False,False,False,False,allow,allow,allow,hold,allow,allow,allow,hold,allow,allow,allow,hold,allow,allow,allow,allow,allow,allow,allow,allow
gate5b_id_ton_iot,8,43,43,qsvc_z_r1,sham_tiny_scaling_alpha_0.001,0.0390625,True,False,False,False,False,False,False,False,False,allow,allow,allow,hold,allow,allow,allow,hold,allow,allow,allow,hold,allow,allow,allow,allow,allow,block,block,block
gate5b_id_ton_iot,8,44,42,qsvc_z_r1,sham_tiny_gaussian_sigma_0.001,0.0,False,True,True,False,True,True,False,False,False,allow,hold,hold,hold,allow,hold,allow,hold,allow,allow,allow,hold,allow,hold,allow,allow,allow,hold,allow,allow
gate5b_id_ton_iot,8,44,42,qsvc_z_r1,sham_tiny_scaling_alpha_0.001,0.0,False,True,True,False,True,False,False,False,False,allow,hold,allow,hold,allow,hold,allow,hold,allow,allow,allow,hold,allow,hold,allow,allow,allow,hold,allow,allow
gate5b_id_ton_iot,8,44,43,qsvc_z_r1,sham_tiny_gaussian_sigma_0.001,0.0,False,True,True,False,True,False,False,False,False,allow,hold,allow,hold,allow,hold,allow,hold,allow,allow,allow,hold,allow,hold,allow,allow,allow,hold,allow,allow
gate5b_id_ton_iot,8,44,43,qsvc_z_r1,sham_tiny_scaling_alpha_0.001,0.0,False,True,True,False,True,False,False,False,False,allow,hold,allow,hold,allow,hold,allow,hold,allow,allow,allow,hold,allow,hold,allow,allow,allow,hold,allow,allow
gate5b_id_ton_iot,8,45,42,qsvc_z_r1,sham_tiny_gaussian_sigma_0.001,0.0,False,True,True,False,True,False,False,False,False,allow,hold,allow,hold,allow,hold,allow,hold,allow,allow,allow,hold,allow,hold,allow,allow,allow,hold,allow,allow
gate5b_id_ton_iot,8,45,42,qsvc_z_r1,sham_tiny_scaling_alpha_0.001,0.0,False,True,True,False,True,False,False,False,False,allow,hold,allow,hold,allow,hold,allow,hold,allow,allow,allow,hold,allow,hold,allow,allow,allow,hold,allow,allow
gate5b_id_ton_iot,8,45,43,qsvc_z_r1,sham_tiny_gaussian_sigma_0.001,0.0,False,True,True,False,True,False,False,False,False,allow,hold,allow,hold,allow,hold,allow,hold,allow,allow,allow,hold,allow,hold,allow,allow,allow,hold,allow,allow
gate5b_id_ton_iot,8,45,43,qsvc_z_r1,sham_tiny_scaling_alpha_0.001,0.0,True,True,True,False,True,False,False,False,False,allow,hold,allow,hold,allow,hold,allow,hold,allow,allow,allow,hold,allow,hold,allow,allow,allow,block,block,block
gate5b_id_ton_iot,8,46,42,qsvc_z_r1,sham_tiny_gaussian_sigma_0.001,0.0,False,True,True,False,True,False,False,False,False,allow,hold,allow,hold,allow,hold,allow,hold,allow,allow,allow,hold,allow,hold,allow,allow,allow,hold,allow,allow
gate5b_id_ton_iot,8,46,42,qsvc_z_r1,sham_tiny_scaling_alpha_0.001,0.0,False,True,True,False,True,False,False,False,False,allow,hold,allow,hold,allow,hold,allow,hold,allow,allow,allow,hold,allow,hold,allow,allow,allow,hold,allow,allow
gate5b_id_ton_iot,8,46,43,qsvc_z_r1,sham_tiny_gaussian_sigma_0.001,0.0,False,True,True,False,True,False,False,False,False,allow,hold,allow,hold,allow,hold,allow,hold,allow,allow,allow,hold,allow,hold,allow,allow,allow,hold,allow,allow
gate5b_id_ton_iot,8,46,43,qsvc_z_r1,sham_tiny_scaling_alpha_0.001,0.0,False,True,True,False,True,False,False,False,False,allow,hold,allow,hold,allow,hold,allow,hold,allow,allow,allow,hold,allow,hold,allow,allow,allow,hold,allow,allow
gate5b_id_ton_iot,8,42,42,qsvc_zz_r1,sham_tiny_gaussian_sigma_0.001,0.0,False,False,False,False,False,False,False,False,False,allow,allow,allow,hold,allow,allow,allow,hold,allow,allow,allow,hold,allow,allow,allow,allow,allow,allow,allow,allow
gate5b_id_ton_iot,8,42,42,qsvc_zz_r1,sham_tiny_scaling_alpha_0.001,0.0,False,False,False,False,False,False,False,False,False,allow,allow,allow,hold,allow,allow,allow,hold,allow,allow,allow,hold,allow,allow,allow,allow,allow,allow,allow,allow
gate5b_id_ton_iot,8,42,43,qsvc_zz_r1,sham_tiny_gaussian_sigma_0.001,0.0,False,True,True,False,True,False,False,False,False,allow,hold,allow,hold,allow,hold,allow,hold,allow,allow,allow,hold,allow,hold,allow,allow,allow,hold,allow,allow
gate5b_id_ton_iot,8,42,43,qsvc_zz_r1,sham_tiny_scaling_alpha_0.001,0.0,False,True,True,False,True,True,True,False,True,allow,hold,hold,hold,allow,hold,hold,hold,allow,allow,allow,hold,allow,hold,hold,hold,allow,hold,hold,hold
gate5b_id_ton_iot,8,43,42,qsvc_zz_r1,sham_tiny_gaussian_sigma_0.001,0.0,False,False,False,False,False,False,False,False,False,allow,allow,allow,hold,allow,allow,allow,hold,allow,allow,allow,hold,allow,allow,allow,allow,allow,allow,allow,allow
gate5b_id_ton_iot,8,43,42,qsvc_zz_r1,sham_tiny_scaling_alpha_0.001,0.0,False,False,False,False,False,False,False,False,False,allow,allow,allow,hold,allow,allow,allow,hold,allow,allow,allow,hold,allow,allow,allow,allow,allow,allow,allow,allow
gate5b_id_ton_iot,8,43,43,qsvc_zz_r1,sham_tiny_gaussian_sigma_0.001,0.0,False,False,False,False,False,False,False,False,False,allow,allow,allow,hold,allow,allow,allow,hold,allow,allow,allow,hold,allow,allow,allow,allow,allow,allow,allow,allow
gate5b_id_ton_iot,8,43,43,qsvc_zz_r1,sham_tiny_scaling_alpha_0.001,0.0,False,False,False,False,False,False,False,False,False,allow,allow,allow,hold,allow,allow,allow,hold,allow,allow,allow,hold,allow,allow,allow,allow,allow,allow,allow,allow
gate5b_id_ton_iot,8,44,42,qsvc_zz_r1,sham_tiny_gaussian_sigma_0.001,0.0,False,True,True,False,True,True,False,False,False,allow,hold,hold,hold,allow,hold,allow,hold,allow,allow,allow,hold,allow,hold,allow,allow,allow,hold,allow,allow
gate5b_id_ton_iot,8,44,42,qsvc_zz_r1,sham_tiny_scaling_alpha_0.001,0.015625,True,True,True,False,True,False,False,False,False,allow,hold,allow,hold,allow,hold,allow,hold,allow,allow,allow,hold,allow,hold,allow,allow,allow,block,block,block
gate5b_id_ton_iot,8,44,43,qsvc_zz_r1,sham_tiny_gaussian_sigma_0.001,0.0,False,True,True,False,True,False,False,False,False,allow,hold,allow,hold,allow,hold,allow,hold,allow,allow,allow,hold,allow,hold,allow,allow,allow,hold,allow,allow
gate5b_id_ton_iot,8,44,43,qsvc_zz_r1,sham_tiny_scaling_alpha_0.001,-0.0078125,True,True,True,False,True,False,False,False,False,allow,hold,allow,hold,allow,hold,allow,hold,allow,allow,allow,hold,allow,hold,allow,allow,allow,block,block,block
gate5b_id_ton_iot,8,45,42,qsvc_zz_r1,sham_tiny_gaussian_sigma_0.001,0.0,False,True,True,False,True,False,False,False,False,allow,hold,allow,hold,allow,hold,allow,hold,allow,allow,allow,hold,allow,hold,allow,allow,allow,hold,allow,allow
gate5b_id_ton_iot,8,45,42,qsvc_zz_r1,sham_tiny_scaling_alpha_0.001,0.0,False,True,True,False,True,False,True,False,True,allow,hold,allow,hold,allow,hold,hold,hold,allow,allow,allow,hold,allow,hold,hold,hold,allow,hold,hold,hold
gate5b_id_ton_iot,8,45,43,qsvc_zz_r1,sham_tiny_gaussian_sigma_0.001,0.0,False,True,True,False,True,False,False,False,False,allow,hold,allow,hold,allow,hold,allow,hold,allow,allow,allow,hold,allow,hold,allow,allow,allow,hold,allow,allow
gate5b_id_ton_iot,8,45,43,qsvc_zz_r1,sham_tiny_scaling_alpha_0.001,0.0,False,True,True,False,True,False,False,False,False,allow,hold,allow,hold,allow,hold,allow,hold,allow,allow,allow,hold,allow,hold,allow,allow,allow,hold,allow,allow
gate5b_id_ton_iot,8,46,42,qsvc_zz_r1,sham_tiny_gaussian_sigma_0.001,0.0,False,True,True,False,True,False,False,False,False,allow,hold,allow,hold,allow,hold,allow,hold,allow,allow,allow,hold,allow,hold,allow,allow,allow,hold,allow,allow
gate5b_id_ton_iot,8,46,42,qsvc_zz_r1,sham_tiny_scaling_alpha_0.001,0.0,False,True,True,False,True,False,True,False,True,allow,hold,allow,hold,allow,hold,hold,hold,allow,allow,allow,hold,allow,hold,hold,hold,allow,hold,hold,hold
gate5b_id_ton_iot,8,46,43,qsvc_zz_r1,sham_tiny_gaussian_sigma_0.001,0.0,False,True,True,False,True,False,False,False,False,allow,hold,allow,hold,allow,hold,allow,hold,allow,allow,allow,hold,allow,hold,allow,allow,allow,hold,allow,allow
gate5b_id_ton_iot,8,46,43,qsvc_zz_r1,sham_tiny_scaling_alpha_0.001,0.0,False,True,True,False,True,False,False,False,False,allow,hold,allow,hold,allow,hold,allow,hold,allow,allow,allow,hold,allow,hold,allow,allow,allow,hold,allow,allow
gate5b_id_ton_iot,8,42,42,svc_rbf,sham_tiny_gaussian_sigma_0.001,0.0,False,False,False,False,False,False,False,False,False,allow,allow,allow,hold,allow,allow,allow,hold,allow,allow,allow,hold,allow,allow,allow,allow,allow,allow,allow,allow
gate5b_id_ton_iot,8,42,42,svc_rbf,sham_tiny_scaling_alpha_0.001,0.0,False,True,True,False,True,False,False,False,False,allow,hold,allow,hold,allow,hold,allow,hold,allow,allow,allow,hold,allow,hold,allow,allow,allow,hold,allow,allow
gate5b_id_ton_iot,8,42,43,svc_rbf,sham_tiny_gaussian_sigma_0.001,0.0,False,True,True,False,True,False,False,False,False,allow,hold,allow,hold,allow,hold,allow,hold,allow,allow,allow,hold,allow,hold,allow,allow,allow,hold,allow,allow
gate5b_id_ton_iot,8,42,43,svc_rbf,sham_tiny_scaling_alpha_0.001,0.0,False,True,True,False,True,False,False,False,False,allow,hold,allow,hold,allow,hold,allow,hold,allow,allow,allow,hold,allow,hold,allow,allow,allow,hold,allow,allow
gate5b_id_ton_iot,8,43,42,svc_rbf,sham_tiny_gaussian_sigma_0.001,0.0,False,False,False,False,False,False,False,False,False,allow,allow,allow,hold,allow,allow,allow,hold,allow,allow,allow,hold,allow,allow,allow,allow,allow,allow,allow,allow
gate5b_id_ton_iot,8,43,42,svc_rbf,sham_tiny_scaling_alpha_0.001,0.0,False,False,False,False,False,False,False,False,False,allow,allow,allow,hold,allow,allow,allow,hold,allow,allow,allow,hold,allow,allow,allow,allow,allow,allow,allow,allow
gate5b_id_ton_iot,8,43,43,svc_rbf,sham_tiny_gaussian_sigma_0.001,0.0,False,False,False,False,False,False,False,False,False,allow,allow,allow,hold,allow,allow,allow,hold,allow,allow,allow,hold,allow,allow,allow,allow,allow,allow,allow,allow
gate5b_id_ton_iot,8,43,43,svc_rbf,sham_tiny_scaling_alpha_0.001,0.0,False,False,False,False,False,False,False,False,False,allow,allow,allow,hold,allow,allow,allow,hold,allow,allow,allow,hold,allow,allow,allow,allow,allow,allow,allow,allow
gate5b_id_ton_iot,8,44,42,svc_rbf,sham_tiny_gaussian_sigma_0.001,0.0,False,True,True,False,True,True,False,False,False,allow,hold,hold,hold,allow,hold,allow,hold,allow,allow,allow,hold,allow,hold,allow,allow,allow,hold,allow,allow
gate5b_id_ton_iot,8,44,42,svc_rbf,sham_tiny_scaling_alpha_0.001,0.0,False,True,True,False,True,False,False,False,False,allow,hold,allow,hold,allow,hold,allow,hold,allow,allow,allow,hold,allow,hold,allow,allow,allow,hold,allow,allow
gate5b_id_ton_iot,8,44,43,svc_rbf,sham_tiny_gaussian_sigma_0.001,0.0,False,True,True,False,True,False,False,False,False,allow,hold,allow,hold,allow,hold,allow,hold,allow,allow,allow,hold,allow,hold,allow,allow,allow,hold,allow,allow
gate5b_id_ton_iot,8,44,43,svc_rbf,sham_tiny_scaling_alpha_0.001,0.0,False,True,True,False,True,True,False,False,False,allow,hold,hold,hold,allow,hold,allow,hold,allow,allow,allow,hold,allow,hold,allow,allow,allow,hold,allow,allow
gate5b_id_ton_iot,8,45,42,svc_rbf,sham_tiny_gaussian_sigma_0.001,0.0,False,True,True,False,True,False,False,False,False,allow,hold,allow,hold,allow,hold,allow,hold,allow,allow,allow,hold,allow,hold,allow,allow,allow,hold,allow,allow
gate5b_id_ton_iot,8,45,42,svc_rbf,sham_tiny_scaling_alpha_0.001,0.0,False,True,True,False,True,False,False,False,False,allow,hold,allow,hold,allow,hold,allow,hold,allow,allow,allow,hold,allow,hold,allow,allow,allow,hold,allow,allow
gate5b_id_ton_iot,8,45,43,svc_rbf,sham_tiny_gaussian_sigma_0.001,0.0,False,False,False,False,False,False,False,False,False,allow,allow,allow,hold,allow,allow,allow,hold,allow,allow,allow,hold,allow,allow,allow,allow,allow,allow,allow,allow
gate5b_id_ton_iot,8,45,43,svc_rbf,sham_tiny_scaling_alpha_0.001,0.0,False,True,True,False,True,False,False,False,False,allow,hold,allow,hold,allow,hold,allow,hold,allow,allow,allow,hold,allow,hold,allow,allow,allow,hold,allow,allow
gate5b_id_ton_iot,8,46,42,svc_rbf,sham_tiny_gaussian_sigma_0.001,0.0,False,True,True,False,True,False,False,False,False,allow,hold,allow,hold,allow,hold,allow,hold,allow,allow,allow,hold,allow,hold,allow,allow,allow,hold,allow,allow
gate5b_id_ton_iot,8,46,42,svc_rbf,sham_tiny_scaling_alpha_0.001,0.0,False,True,True,False,True,False,False,False,False,allow,hold,allow,hold,allow,hold,allow,hold,allow,allow,allow,hold,allow,hold,allow,allow,allow,hold,allow,allow
gate5b_id_ton_iot,8,46,43,svc_rbf,sham_tiny_gaussian_sigma_0.001,0.0,False,True,True,False,True,False,False,False,False,allow,hold,allow,hold,allow,hold,allow,hold,allow,allow,allow,hold,allow,hold,allow,allow,allow,hold,allow,allow
gate5b_id_ton_iot,8,46,43,svc_rbf,sham_tiny_scaling_alpha_0.001,0.0,False,True,True,False,True,False,False,False,False,allow,hold,allow,hold,allow,hold,allow,hold,allow,allow,allow,hold,allow,hold,allow,allow,allow,hold,allow,allow
gate5b_id_ton_iot,10,42,42,qsvc_pauli_xyz_r1,sham_tiny_gaussian_sigma_0.001,0.0,False,False,False,False,False,False,False,False,False,allow,allow,allow,hold,allow,allow,allow,hold,allow,allow,allow,hold,allow,allow,allow,allow,allow,allow,allow,allow
gate5b_id_ton_iot,10,42,42,qsvc_pauli_xyz_r1,sham_tiny_scaling_alpha_0.001,0.0,False,True,True,False,True,False,False,False,False,allow,hold,allow,hold,allow,hold,allow,hold,allow,allow,allow,hold,allow,hold,allow,allow,allow,hold,allow,allow
gate5b_id_ton_iot,10,42,43,qsvc_pauli_xyz_r1,sham_tiny_gaussian_sigma_0.001,0.0,False,True,True,False,True,False,False,False,False,allow,hold,allow,hold,allow,hold,allow,hold,allow,allow,allow,hold,allow,hold,allow,allow,allow,hold,allow,allow
gate5b_id_ton_iot,10,42,43,qsvc_pauli_xyz_r1,sham_tiny_scaling_alpha_0.001,0.0,False,True,True,False,True,True,True,False,True,allow,hold,hold,hold,allow,hold,hold,hold,allow,allow,allow,hold,allow,hold,hold,hold,allow,hold,hold,hold
gate5b_id_ton_iot,10,43,42,qsvc_pauli_xyz_r1,sham_tiny_gaussian_sigma_0.001,0.0,False,False,False,False,False,False,False,False,False,allow,allow,allow,hold,allow,allow,allow,hold,allow,allow,allow,hold,allow,allow,allow,allow,allow,allow,allow,allow
gate5b_id_ton_iot,10,43,42,qsvc_pauli_xyz_r1,sham_tiny_scaling_alpha_0.001,0.0,False,True,True,False,True,False,False,False,False,allow,hold,allow,hold,allow,hold,allow,hold,allow,allow,allow,hold,allow,hold,allow,allow,allow,hold,allow,allow
gate5b_id_ton_iot,10,43,43,qsvc_pauli_xyz_r1,sham_tiny_gaussian_sigma_0.001,0.0,False,False,False,False,False,False,False,False,False,allow,allow,allow,hold,allow,allow,allow,hold,allow,allow,allow,hold,allow,allow,allow,allow,allow,allow,allow,allow
gate5b_id_ton_iot,10,43,43,qsvc_pauli_xyz_r1,sham_tiny_scaling_alpha_0.001,0.015625,True,True,True,False,True,False,True,False,True,allow,hold,allow,hold,allow,hold,hold,hold,allow,allow,allow,hold,allow,hold,hold,hold,allow,block,block,block
gate5b_id_ton_iot,10,44,42,qsvc_pauli_xyz_r1,sham_tiny_gaussian_sigma_0.001,0.0,False,True,True,False,True,True,False,False,False,allow,hold,hold,hold,allow,hold,allow,hold,allow,allow,allow,hold,allow,hold,allow,allow,allow,hold,allow,allow
gate5b_id_ton_iot,10,44,42,qsvc_pauli_xyz_r1,sham_tiny_scaling_alpha_0.001,0.0,False,True,True,False,True,True,True,False,True,allow,hold,hold,hold,allow,hold,hold,hold,allow,allow,allow,hold,allow,hold,hold,hold,allow,hold,hold,hold
gate5b_id_ton_iot,10,44,43,qsvc_pauli_xyz_r1,sham_tiny_gaussian_sigma_0.001,0.0,False,True,True,False,True,True,False,False,False,allow,hold,hold,hold,allow,hold,allow,hold,allow,allow,allow,hold,allow,hold,allow,allow,allow,hold,allow,allow
gate5b_id_ton_iot,10,44,43,qsvc_pauli_xyz_r1,sham_tiny_scaling_alpha_0.001,0.0,False,True,True,False,True,True,False,False,False,allow,hold,hold,hold,allow,hold,allow,hold,allow,allow,allow,hold,allow,hold,allow,allow,allow,hold,allow,allow
gate5b_id_ton_iot,10,45,42,qsvc_pauli_xyz_r1,sham_tiny_gaussian_sigma_0.001,0.0,False,True,True,False,True,True,False,False,False,allow,hold,hold,hold,allow,hold,allow,hold,allow,allow,allow,hold,allow,hold,allow,allow,allow,hold,allow,allow
gate5b_id_ton_iot,10,45,42,qsvc_pauli_xyz_r1,sham_tiny_scaling_alpha_0.001,0.0,False,True,True,False,True,True,True,False,True,allow,hold,hold,hold,allow,hold,hold,hold,allow,allow,allow,hold,allow,hold,hold,hold,allow,hold,hold,hold
gate5b_id_ton_iot,10,45,43,qsvc_pauli_xyz_r1,sham_tiny_gaussian_sigma_0.001,0.0,False,True,True,False,True,False,False,False,False,allow,hold,allow,hold,allow,hold,allow,hold,allow,allow,allow,hold,allow,hold,allow,allow,allow,hold,allow,allow
gate5b_id_ton_iot,10,45,43,qsvc_pauli_xyz_r1,sham_tiny_scaling_alpha_0.001,0.0,False,True,True,False,True,True,False,False,False,allow,hold,hold,hold,allow,hold,allow,hold,allow,allow,allow,hold,allow,hold,allow,allow,allow,hold,allow,allow
gate5b_id_ton_iot,10,46,42,qsvc_pauli_xyz_r1,sham_tiny_gaussian_sigma_0.001,0.0,False,True,True,False,True,True,True,False,True,allow,hold,hold,hold,allow,hold,hold,hold,allow,allow,allow,hold,allow,hold,hold,hold,allow,hold,hold,hold
gate5b_id_ton_iot,10,46,42,qsvc_pauli_xyz_r1,sham_tiny_scaling_alpha_0.001,0.0,False,True,True,False,True,True,True,False,True,allow,hold,hold,hold,allow,hold,hold,hold,allow,allow,allow,hold,allow,hold,hold,hold,allow,hold,hold,hold
gate5b_id_ton_iot,10,46,43,qsvc_pauli_xyz_r1,sham_tiny_gaussian_sigma_0.001,0.0,False,True,True,False,True,False,False,False,False,allow,hold,allow,hold,allow,hold,allow,hold,allow,allow,allow,hold,allow,hold,allow,allow,allow,hold,allow,allow
gate5b_id_ton_iot,10,46,43,qsvc_pauli_xyz_r1,sham_tiny_scaling_alpha_0.001,0.0,False,True,True,False,True,True,False,False,False,allow,hold,hold,hold,allow,hold,allow,hold,allow,allow,allow,hold,allow,hold,allow,allow,allow,hold,allow,allow
gate5b_id_ton_iot,10,42,42,qsvc_z_r1,sham_tiny_gaussian_sigma_0.001,0.0,False,False,False,False,False,False,False,False,False,allow,allow,allow,hold,allow,allow,allow,hold,allow,allow,allow,hold,allow,allow,allow,allow,allow,allow,allow,allow
gate5b_id_ton_iot,10,42,42,qsvc_z_r1,sham_tiny_scaling_alpha_0.001,0.0,False,True,True,False,True,False,False,False,False,allow,hold,allow,hold,allow,hold,allow,hold,allow,allow,allow,hold,allow,hold,allow,allow,allow,hold,allow,allow
gate5b_id_ton_iot,10,42,43,qsvc_z_r1,sham_tiny_gaussian_sigma_0.001,0.0,False,True,True,False,True,False,False,False,False,allow,hold,allow,hold,allow,hold,allow,hold,allow,allow,allow,hold,allow,hold,allow,allow,allow,hold,allow,allow
gate5b_id_ton_iot,10,42,43,qsvc_z_r1,sham_tiny_scaling_alpha_0.001,0.0,False,True,True,False,True,True,True,False,True,allow,hold,hold,hold,allow,hold,hold,hold,allow,allow,allow,hold,allow,hold,hold,hold,allow,hold,hold,hold
gate5b_id_ton_iot,10,43,42,qsvc_z_r1,sham_tiny_gaussian_sigma_0.001,0.0,False,False,False,False,False,False,False,False,False,allow,allow,allow,hold,allow,allow,allow,hold,allow,allow,allow,hold,allow,allow,allow,allow,allow,allow,allow,allow
gate5b_id_ton_iot,10,43,42,qsvc_z_r1,sham_tiny_scaling_alpha_0.001,0.0,False,True,True,False,True,False,False,False,False,allow,hold,allow,hold,allow,hold,allow,hold,allow,allow,allow,hold,allow,hold,allow,allow,allow,hold,allow,allow
gate5b_id_ton_iot,10,43,43,qsvc_z_r1,sham_tiny_gaussian_sigma_0.001,0.0,False,False,False,False,False,False,False,False,False,allow,allow,allow,hold,allow,allow,allow,hold,allow,allow,allow,hold,allow,allow,allow,allow,allow,allow,allow,allow
gate5b_id_ton_iot,10,43,43,qsvc_z_r1,sham_tiny_scaling_alpha_0.001,0.0,False,True,True,False,True,False,True,False,False,allow,hold,allow,hold,allow,hold,hold,hold,allow,allow,allow,hold,allow,hold,allow,allow,allow,hold,allow,allow
gate5b_id_ton_iot,10,44,42,qsvc_z_r1,sham_tiny_gaussian_sigma_0.001,0.0,False,True,True,False,True,True,False,False,False,allow,hold,hold,hold,allow,hold,allow,hold,allow,allow,allow,hold,allow,hold,allow,allow,allow,hold,allow,allow
gate5b_id_ton_iot,10,44,42,qsvc_z_r1,sham_tiny_scaling_alpha_0.001,0.0,False,True,True,False,True,True,True,False,True,allow,hold,hold,hold,allow,hold,hold,hold,allow,allow,allow,hold,allow,hold,hold,hold,allow,hold,hold,hold
gate5b_id_ton_iot,10,44,43,qsvc_z_r1,sham_tiny_gaussian_sigma_0.001,0.0,False,True,True,False,True,True,False,False,False,allow,hold,hold,hold,allow,hold,allow,hold,allow,allow,allow,hold,allow,hold,allow,allow,allow,hold,allow,allow
gate5b_id_ton_iot,10,44,43,qsvc_z_r1,sham_tiny_scaling_alpha_0.001,0.0,False,True,True,False,True,True,False,False,False,allow,hold,hold,hold,allow,hold,allow,hold,allow,allow,allow,hold,allow,hold,allow,allow,allow,hold,allow,allow
gate5b_id_ton_iot,10,45,42,qsvc_z_r1,sham_tiny_gaussian_sigma_0.001,0.0,False,True,True,False,True,True,False,False,False,allow,hold,hold,hold,allow,hold,allow,hold,allow,allow,allow,hold,allow,hold,allow,allow,allow,hold,allow,allow
gate5b_id_ton_iot,10,45,42,qsvc_z_r1,sham_tiny_scaling_alpha_0.001,0.0,False,True,True,False,True,True,True,False,True,allow,hold,hold,hold,allow,hold,hold,hold,allow,allow,allow,hold,allow,hold,hold,hold,allow,hold,hold,hold
gate5b_id_ton_iot,10,45,43,qsvc_z_r1,sham_tiny_gaussian_sigma_0.001,0.0,False,True,True,False,True,False,False,False,False,allow,hold,allow,hold,allow,hold,allow,hold,allow,allow,allow,hold,allow,hold,allow,allow,allow,hold,allow,allow
gate5b_id_ton_iot,10,45,43,qsvc_z_r1,sham_tiny_scaling_alpha_0.001,0.0,False,True,True,False,True,True,False,False,False,allow,hold,hold,hold,allow,hold,allow,hold,allow,allow,allow,hold,allow,hold,allow,allow,allow,hold,allow,allow
gate5b_id_ton_iot,10,46,42,qsvc_z_r1,sham_tiny_gaussian_sigma_0.001,0.0,False,True,True,False,True,True,True,False,True,allow,hold,hold,hold,allow,hold,hold,hold,allow,allow,allow,hold,allow,hold,hold,hold,allow,hold,hold,hold
gate5b_id_ton_iot,10,46,42,qsvc_z_r1,sham_tiny_scaling_alpha_0.001,0.0,False,True,True,False,True,True,False,False,False,allow,hold,hold,hold,allow,hold,allow,hold,allow,allow,allow,hold,allow,hold,allow,allow,allow,hold,allow,allow
gate5b_id_ton_iot,10,46,43,qsvc_z_r1,sham_tiny_gaussian_sigma_0.001,0.0,False,True,True,False,True,False,False,False,False,allow,hold,allow,hold,allow,hold,allow,hold,allow,allow,allow,hold,allow,hold,allow,allow,allow,hold,allow,allow
gate5b_id_ton_iot,10,46,43,qsvc_z_r1,sham_tiny_scaling_alpha_0.001,0.0,False,True,True,False,True,True,False,False,False,allow,hold,hold,hold,allow,hold,allow,hold,allow,allow,allow,hold,allow,hold,allow,allow,allow,hold,allow,allow
gate5b_id_ton_iot,10,42,42,qsvc_zz_r1,sham_tiny_gaussian_sigma_0.001,0.0,False,False,False,False,False,False,False,False,False,allow,allow,allow,hold,allow,allow,allow,hold,allow,allow,allow,hold,allow,allow,allow,allow,allow,allow,allow,allow
gate5b_id_ton_iot,10,42,42,qsvc_zz_r1,sham_tiny_scaling_alpha_0.001,-0.0078125,True,True,True,False,True,False,False,False,False,allow,hold,allow,hold,allow,hold,allow,hold,allow,allow,allow,hold,allow,hold,allow,allow,allow,block,block,block
gate5b_id_ton_iot,10,42,43,qsvc_zz_r1,sham_tiny_gaussian_sigma_0.001,0.0,False,True,True,False,True,False,False,False,False,allow,hold,allow,hold,allow,hold,allow,hold,allow,allow,allow,hold,allow,hold,allow,allow,allow,hold,allow,allow
gate5b_id_ton_iot,10,42,43,qsvc_zz_r1,sham_tiny_scaling_alpha_0.001,0.0,False,True,True,False,True,True,True,False,True,allow,hold,hold,hold,allow,hold,hold,hold,allow,allow,allow,hold,allow,hold,hold,hold,allow,hold,hold,hold
gate5b_id_ton_iot,10,43,42,qsvc_zz_r1,sham_tiny_gaussian_sigma_0.001,0.0,False,False,False,False,False,False,False,False,False,allow,allow,allow,hold,allow,allow,allow,hold,allow,allow,allow,hold,allow,allow,allow,allow,allow,allow,allow,allow
gate5b_id_ton_iot,10,43,42,qsvc_zz_r1,sham_tiny_scaling_alpha_0.001,0.0,False,True,True,False,True,False,True,False,True,allow,hold,allow,hold,allow,hold,hold,hold,allow,allow,allow,hold,allow,hold,hold,hold,allow,hold,hold,hold
gate5b_id_ton_iot,10,43,43,qsvc_zz_r1,sham_tiny_gaussian_sigma_0.001,0.0,False,False,False,False,False,False,False,False,False,allow,allow,allow,hold,allow,allow,allow,hold,allow,allow,allow,hold,allow,allow,allow,allow,allow,allow,allow,allow
gate5b_id_ton_iot,10,43,43,qsvc_zz_r1,sham_tiny_scaling_alpha_0.001,0.0,False,True,True,False,True,False,False,False,False,allow,hold,allow,hold,allow,hold,allow,hold,allow,allow,allow,hold,allow,hold,allow,allow,allow,hold,allow,allow
gate5b_id_ton_iot,10,44,42,qsvc_zz_r1,sham_tiny_gaussian_sigma_0.001,-0.0078125,True,True,True,False,True,True,False,False,False,allow,hold,hold,hold,allow,hold,allow,hold,allow,allow,allow,hold,allow,hold,allow,allow,allow,block,block,block
gate5b_id_ton_iot,10,44,42,qsvc_zz_r1,sham_tiny_scaling_alpha_0.001,0.0,False,True,True,False,True,True,True,False,True,allow,hold,hold,hold,allow,hold,hold,hold,allow,allow,allow,hold,allow,hold,hold,hold,allow,hold,hold,hold
gate5b_id_ton_iot,10,44,43,qsvc_zz_r1,sham_tiny_gaussian_sigma_0.001,0.0,False,True,True,False,True,True,False,False,False,allow,hold,hold,hold,allow,hold,allow,hold,allow,allow,allow,hold,allow,hold,allow,allow,allow,hold,allow,allow
gate5b_id_ton_iot,10,44,43,qsvc_zz_r1,sham_tiny_scaling_alpha_0.001,0.0,False,True,True,False,True,True,False,False,False,allow,hold,hold,hold,allow,hold,allow,hold,allow,allow,allow,hold,allow,hold,allow,allow,allow,hold,allow,allow
gate5b_id_ton_iot,10,45,42,qsvc_zz_r1,sham_tiny_gaussian_sigma_0.001,0.0,False,True,True,False,True,True,False,False,False,allow,hold,hold,hold,allow,hold,allow,hold,allow,allow,allow,hold,allow,hold,allow,allow,allow,hold,allow,allow
gate5b_id_ton_iot,10,45,42,qsvc_zz_r1,sham_tiny_scaling_alpha_0.001,-0.015625,True,True,True,False,True,True,True,False,True,allow,hold,hold,hold,allow,hold,hold,hold,allow,allow,allow,hold,allow,hold,hold,hold,allow,block,block,block
gate5b_id_ton_iot,10,45,43,qsvc_zz_r1,sham_tiny_gaussian_sigma_0.001,0.0,False,True,True,False,True,False,False,False,False,allow,hold,allow,hold,allow,hold,allow,hold,allow,allow,allow,hold,allow,hold,allow,allow,allow,hold,allow,allow
gate5b_id_ton_iot,10,45,43,qsvc_zz_r1,sham_tiny_scaling_alpha_0.001,0.0,False,True,True,False,True,True,False,False,False,allow,hold,hold,hold,allow,hold,allow,hold,allow,allow,allow,hold,allow,hold,allow,allow,allow,hold,allow,allow
gate5b_id_ton_iot,10,46,42,qsvc_zz_r1,sham_tiny_gaussian_sigma_0.001,0.0,False,True,True,False,True,True,True,False,True,allow,hold,hold,hold,allow,hold,hold,hold,allow,allow,allow,hold,allow,hold,hold,hold,allow,hold,hold,hold
gate5b_id_ton_iot,10,46,42,qsvc_zz_r1,sham_tiny_scaling_alpha_0.001,0.0,False,True,True,False,True,True,False,False,False,allow,hold,hold,hold,allow,hold,allow,hold,allow,allow,allow,hold,allow,hold,allow,allow,allow,hold,allow,allow
gate5b_id_ton_iot,10,46,43,qsvc_zz_r1,sham_tiny_gaussian_sigma_0.001,0.0,False,True,True,False,True,False,False,False,False,allow,hold,allow,hold,allow,hold,allow,hold,allow,allow,allow,hold,allow,hold,allow,allow,allow,hold,allow,allow
gate5b_id_ton_iot,10,46,43,qsvc_zz_r1,sham_tiny_scaling_alpha_0.001,0.0,False,True,True,False,True,True,False,False,False,allow,hold,hold,hold,allow,hold,allow,hold,allow,allow,allow,hold,allow,hold,allow,allow,allow,hold,allow,allow
gate5b_id_ton_iot,10,42,42,svc_rbf,sham_tiny_gaussian_sigma_0.001,0.0,False,False,False,False,False,False,False,False,False,allow,allow,allow,hold,allow,allow,allow,hold,allow,allow,allow,hold,allow,allow,allow,allow,allow,allow,allow,allow
gate5b_id_ton_iot,10,42,42,svc_rbf,sham_tiny_scaling_alpha_0.001,0.0,False,True,True,False,True,False,False,False,False,allow,hold,allow,hold,allow,hold,allow,hold,allow,allow,allow,hold,allow,hold,allow,allow,allow,hold,allow,allow
gate5b_id_ton_iot,10,42,43,svc_rbf,sham_tiny_gaussian_sigma_0.001,0.0,False,True,True,False,True,False,False,False,False,allow,hold,allow,hold,allow,hold,allow,hold,allow,allow,allow,hold,allow,hold,allow,allow,allow,hold,allow,allow
gate5b_id_ton_iot,10,42,43,svc_rbf,sham_tiny_scaling_alpha_0.001,0.0,False,True,True,False,True,True,False,False,False,allow,hold,hold,hold,allow,hold,allow,hold,allow,allow,allow,hold,allow,hold,allow,allow,allow,hold,allow,allow
gate5b_id_ton_iot,10,43,42,svc_rbf,sham_tiny_gaussian_sigma_0.001,0.0,False,False,False,False,False,False,False,False,False,allow,allow,allow,hold,allow,allow,allow,hold,allow,allow,allow,hold,allow,allow,allow,allow,allow,allow,allow,allow
gate5b_id_ton_iot,10,43,42,svc_rbf,sham_tiny_scaling_alpha_0.001,0.0,False,False,False,False,False,False,False,False,False,allow,allow,allow,hold,allow,allow,allow,hold,allow,allow,allow,hold,allow,allow,allow,allow,allow,allow,allow,allow
gate5b_id_ton_iot,10,43,43,svc_rbf,sham_tiny_gaussian_sigma_0.001,0.0,False,False,False,False,False,False,False,False,False,allow,allow,allow,hold,allow,allow,allow,hold,allow,allow,allow,hold,allow,allow,allow,allow,allow,allow,allow,allow
gate5b_id_ton_iot,10,43,43,svc_rbf,sham_tiny_scaling_alpha_0.001,0.0,False,False,False,False,False,False,False,False,False,allow,allow,allow,hold,allow,allow,allow,hold,allow,allow,allow,hold,allow,allow,allow,allow,allow,allow,allow,allow
gate5b_id_ton_iot,10,44,42,svc_rbf,sham_tiny_gaussian_sigma_0.001,0.0,False,True,True,False,True,False,False,False,False,allow,hold,allow,hold,allow,hold,allow,hold,allow,allow,allow,hold,allow,hold,allow,allow,allow,hold,allow,allow
gate5b_id_ton_iot,10,44,42,svc_rbf,sham_tiny_scaling_alpha_0.001,0.0,False,True,True,False,True,True,True,False,True,allow,hold,hold,hold,allow,hold,hold,hold,allow,allow,allow,hold,allow,hold,hold,hold,allow,hold,hold,hold
gate5b_id_ton_iot,10,44,43,svc_rbf,sham_tiny_gaussian_sigma_0.001,0.0,False,True,True,False,True,False,False,False,False,allow,hold,allow,hold,allow,hold,allow,hold,allow,allow,allow,hold,allow,hold,allow,allow,allow,hold,allow,allow
gate5b_id_ton_iot,10,44,43,svc_rbf,sham_tiny_scaling_alpha_0.001,0.0,False,True,True,False,True,True,True,False,True,allow,hold,hold,hold,allow,hold,hold,hold,allow,allow,allow,hold,allow,hold,hold,hold,allow,hold,hold,hold
gate5b_id_ton_iot,10,45,42,svc_rbf,sham_tiny_gaussian_sigma_0.001,0.0,False,True,True,False,True,False,False,False,False,allow,hold,allow,hold,allow,hold,allow,hold,allow,allow,allow,hold,allow,hold,allow,allow,allow,hold,allow,allow
gate5b_id_ton_iot,10,45,42,svc_rbf,sham_tiny_scaling_alpha_0.001,0.0,False,True,True,False,True,True,True,False,True,allow,hold,hold,hold,allow,hold,hold,hold,allow,allow,allow,hold,allow,hold,hold,hold,allow,hold,hold,hold
gate5b_id_ton_iot,10,45,43,svc_rbf,sham_tiny_gaussian_sigma_0.001,0.0,False,False,False,False,False,False,False,False,False,allow,allow,allow,hold,allow,allow,allow,hold,allow,allow,allow,hold,allow,allow,allow,allow,allow,allow,allow,allow
gate5b_id_ton_iot,10,45,43,svc_rbf,sham_tiny_scaling_alpha_0.001,0.0,False,True,True,False,True,True,False,False,False,allow,hold,hold,hold,allow,hold,allow,hold,allow,allow,allow,hold,allow,hold,allow,allow,allow,hold,allow,allow
gate5b_id_ton_iot,10,46,42,svc_rbf,sham_tiny_gaussian_sigma_0.001,0.0,False,True,True,False,True,False,False,False,False,allow,hold,allow,hold,allow,hold,allow,hold,allow,allow,allow,hold,allow,hold,allow,allow,allow,hold,allow,allow
gate5b_id_ton_iot,10,46,42,svc_rbf,sham_tiny_scaling_alpha_0.001,0.0,False,True,True,False,True,True,False,False,False,allow,hold,hold,hold,allow,hold,allow,hold,allow,allow,allow,hold,allow,hold,allow,allow,allow,hold,allow,allow
gate5b_id_ton_iot,10,46,43,svc_rbf,sham_tiny_gaussian_sigma_0.001,0.0,False,True,True,False,True,False,False,False,False,allow,hold,allow,hold,allow,hold,allow,hold,allow,allow,allow,hold,allow,hold,allow,allow,allow,hold,allow,allow
gate5b_id_ton_iot,10,46,43,svc_rbf,sham_tiny_scaling_alpha_0.001,0.0,False,True,True,False,True,False,False,False,False,allow,hold,allow,hold,allow,hold,allow,hold,allow,allow,allow,hold,allow,hold,allow,allow,allow,hold,allow,allow
gate5b_id_ton_iot,12,42,42,qsvc_pauli_xyz_r1,sham_tiny_gaussian_sigma_0.001,0.0,False,False,False,False,False,False,False,False,False,allow,allow,allow,hold,allow,allow,allow,hold,allow,allow,allow,hold,allow,allow,allow,allow,allow,allow,allow,allow
gate5b_id_ton_iot,12,42,42,qsvc_pauli_xyz_r1,sham_tiny_scaling_alpha_0.001,0.0,False,True,True,False,True,False,True,False,True,allow,hold,allow,hold,allow,hold,hold,hold,allow,allow,allow,hold,allow,hold,hold,hold,allow,hold,hold,hold
gate5b_id_ton_iot,12,42,43,qsvc_pauli_xyz_r1,sham_tiny_gaussian_sigma_0.001,0.0078125,True,True,True,False,True,False,False,False,False,allow,hold,allow,hold,allow,hold,allow,hold,allow,allow,allow,hold,allow,hold,allow,allow,allow,block,block,block
gate5b_id_ton_iot,12,42,43,qsvc_pauli_xyz_r1,sham_tiny_scaling_alpha_0.001,0.0,False,True,True,False,True,True,True,False,True,allow,hold,hold,hold,allow,hold,hold,hold,allow,allow,allow,hold,allow,hold,hold,hold,allow,hold,hold,hold
gate5b_id_ton_iot,12,43,42,qsvc_pauli_xyz_r1,sham_tiny_gaussian_sigma_0.001,0.0,False,False,False,False,False,False,False,False,False,allow,allow,allow,hold,allow,allow,allow,hold,allow,allow,allow,hold,allow,allow,allow,allow,allow,allow,allow,allow
gate5b_id_ton_iot,12,43,42,qsvc_pauli_xyz_r1,sham_tiny_scaling_alpha_0.001,0.0,False,True,True,False,True,False,False,False,False,allow,hold,allow,hold,allow,hold,allow,hold,allow,allow,allow,hold,allow,hold,allow,allow,allow,hold,allow,allow
gate5b_id_ton_iot,12,43,43,qsvc_pauli_xyz_r1,sham_tiny_gaussian_sigma_0.001,0.0,False,False,False,False,False,False,False,False,False,allow,allow,allow,hold,allow,allow,allow,hold,allow,allow,allow,hold,allow,allow,allow,allow,allow,allow,allow,allow
gate5b_id_ton_iot,12,43,43,qsvc_pauli_xyz_r1,sham_tiny_scaling_alpha_0.001,0.0,False,False,True,False,True,False,True,False,False,allow,allow,allow,hold,allow,hold,hold,hold,allow,allow,allow,hold,allow,hold,allow,allow,allow,hold,allow,allow
gate5b_id_ton_iot,12,44,42,qsvc_pauli_xyz_r1,sham_tiny_gaussian_sigma_0.001,0.0,False,True,True,False,True,True,True,False,True,allow,hold,hold,hold,allow,hold,hold,hold,allow,allow,allow,hold,allow,hold,hold,hold,allow,hold,hold,hold
gate5b_id_ton_iot,12,44,42,qsvc_pauli_xyz_r1,sham_tiny_scaling_alpha_0.001,0.0,False,True,True,False,True,True,True,False,True,allow,hold,hold,hold,allow,hold,hold,hold,allow,allow,allow,hold,allow,hold,hold,hold,allow,hold,hold,hold
gate5b_id_ton_iot,12,44,43,qsvc_pauli_xyz_r1,sham_tiny_gaussian_sigma_0.001,0.0,False,False,False,False,False,False,False,False,False,allow,allow,allow,hold,allow,allow,allow,hold,allow,allow,allow,hold,allow,allow,allow,allow,allow,allow,allow,allow
gate5b_id_ton_iot,12,44,43,qsvc_pauli_xyz_r1,sham_tiny_scaling_alpha_0.001,0.0,False,True,True,False,True,True,False,False,False,allow,hold,hold,hold,allow,hold,allow,hold,allow,allow,allow,hold,allow,hold,allow,allow,allow,hold,allow,allow
gate5b_id_ton_iot,12,45,42,qsvc_pauli_xyz_r1,sham_tiny_gaussian_sigma_0.001,0.0,False,True,True,False,True,True,False,False,False,allow,hold,hold,hold,allow,hold,allow,hold,allow,allow,allow,hold,allow,hold,allow,allow,allow,hold,allow,allow
gate5b_id_ton_iot,12,45,42,qsvc_pauli_xyz_r1,sham_tiny_scaling_alpha_0.001,0.0,False,True,True,False,True,True,True,False,True,allow,hold,hold,hold,allow,hold,hold,hold,allow,allow,allow,hold,allow,hold,hold,hold,allow,hold,hold,hold
gate5b_id_ton_iot,12,45,43,qsvc_pauli_xyz_r1,sham_tiny_gaussian_sigma_0.001,0.0,False,True,True,False,True,False,False,False,False,allow,hold,allow,hold,allow,hold,allow,hold,allow,allow,allow,hold,allow,hold,allow,allow,allow,hold,allow,allow
gate5b_id_ton_iot,12,45,43,qsvc_pauli_xyz_r1,sham_tiny_scaling_alpha_0.001,0.0,False,True,True,False,True,True,False,False,False,allow,hold,hold,hold,allow,hold,allow,hold,allow,allow,allow,hold,allow,hold,allow,allow,allow,hold,allow,allow
gate5b_id_ton_iot,12,46,42,qsvc_pauli_xyz_r1,sham_tiny_gaussian_sigma_0.001,0.0,False,True,True,False,True,True,False,False,False,allow,hold,hold,hold,allow,hold,allow,hold,allow,allow,allow,hold,allow,hold,allow,allow,allow,hold,allow,allow
gate5b_id_ton_iot,12,46,42,qsvc_pauli_xyz_r1,sham_tiny_scaling_alpha_0.001,0.0078125,True,True,True,False,True,True,True,False,True,allow,hold,hold,hold,allow,hold,hold,hold,allow,allow,allow,hold,allow,hold,hold,hold,allow,block,block,block
gate5b_id_ton_iot,12,46,43,qsvc_pauli_xyz_r1,sham_tiny_gaussian_sigma_0.001,0.0,False,True,True,False,True,False,False,False,False,allow,hold,allow,hold,allow,hold,allow,hold,allow,allow,allow,hold,allow,hold,allow,allow,allow,hold,allow,allow
gate5b_id_ton_iot,12,46,43,qsvc_pauli_xyz_r1,sham_tiny_scaling_alpha_0.001,0.0,False,True,True,False,True,True,False,False,False,allow,hold,hold,hold,allow,hold,allow,hold,allow,allow,allow,hold,allow,hold,allow,allow,allow,hold,allow,allow
gate5b_id_ton_iot,12,42,42,qsvc_z_r1,sham_tiny_gaussian_sigma_0.001,0.0,False,False,False,False,False,False,False,False,False,allow,allow,allow,hold,allow,allow,allow,hold,allow,allow,allow,hold,allow,allow,allow,allow,allow,allow,allow,allow
gate5b_id_ton_iot,12,42,42,qsvc_z_r1,sham_tiny_scaling_alpha_0.001,0.0078125,True,True,True,False,True,False,False,False,False,allow,hold,allow,hold,allow,hold,allow,hold,allow,allow,allow,hold,allow,hold,allow,allow,allow,block,block,block
gate5b_id_ton_iot,12,42,43,qsvc_z_r1,sham_tiny_gaussian_sigma_0.001,0.0,False,True,True,False,True,False,False,False,False,allow,hold,allow,hold,allow,hold,allow,hold,allow,allow,allow,hold,allow,hold,allow,allow,allow,hold,allow,allow
gate5b_id_ton_iot,12,42,43,qsvc_z_r1,sham_tiny_scaling_alpha_0.001,0.0,False,True,True,False,True,True,True,False,True,allow,hold,hold,hold,allow,hold,hold,hold,allow,allow,allow,hold,allow,hold,hold,hold,allow,hold,hold,hold
gate5b_id_ton_iot,12,43,42,qsvc_z_r1,sham_tiny_gaussian_sigma_0.001,0.0,False,False,False,False,False,False,False,False,False,allow,allow,allow,hold,allow,allow,allow,hold,allow,allow,allow,hold,allow,allow,allow,allow,allow,allow,allow,allow
gate5b_id_ton_iot,12,43,42,qsvc_z_r1,sham_tiny_scaling_alpha_0.001,0.0,False,True,True,False,True,False,True,False,True,allow,hold,allow,hold,allow,hold,hold,hold,allow,allow,allow,hold,allow,hold,hold,hold,allow,hold,hold,hold
gate5b_id_ton_iot,12,43,43,qsvc_z_r1,sham_tiny_gaussian_sigma_0.001,0.0078125,True,False,False,False,False,False,False,False,False,allow,allow,allow,hold,allow,allow,allow,hold,allow,allow,allow,hold,allow,allow,allow,allow,allow,block,block,block
gate5b_id_ton_iot,12,43,43,qsvc_z_r1,sham_tiny_scaling_alpha_0.001,-0.0234375,True,False,True,False,True,False,True,False,True,allow,allow,allow,hold,allow,hold,hold,hold,allow,allow,allow,hold,allow,hold,hold,hold,allow,block,block,block
gate5b_id_ton_iot,12,44,42,qsvc_z_r1,sham_tiny_gaussian_sigma_0.001,0.0,False,True,True,False,True,True,True,False,True,allow,hold,hold,hold,allow,hold,hold,hold,allow,allow,allow,hold,allow,hold,hold,hold,allow,hold,hold,hold
gate5b_id_ton_iot,12,44,42,qsvc_z_r1,sham_tiny_scaling_alpha_0.001,0.0,False,True,True,False,True,True,True,False,True,allow,hold,hold,hold,allow,hold,hold,hold,allow,allow,allow,hold,allow,hold,hold,hold,allow,hold,hold,hold
gate5b_id_ton_iot,12,44,43,qsvc_z_r1,sham_tiny_gaussian_sigma_0.001,0.0,False,False,False,False,False,False,False,False,False,allow,allow,allow,hold,allow,allow,allow,hold,allow,allow,allow,hold,allow,allow,allow,allow,allow,allow,allow,allow
gate5b_id_ton_iot,12,44,43,qsvc_z_r1,sham_tiny_scaling_alpha_0.001,0.0078125,True,True,True,False,True,True,False,False,False,allow,hold,hold,hold,allow,hold,allow,hold,allow,allow,allow,hold,allow,hold,allow,allow,allow,block,block,block
gate5b_id_ton_iot,12,45,42,qsvc_z_r1,sham_tiny_gaussian_sigma_0.001,0.0,False,True,True,False,True,True,False,False,False,allow,hold,hold,hold,allow,hold,allow,hold,allow,allow,allow,hold,allow,hold,allow,allow,allow,hold,allow,allow
gate5b_id_ton_iot,12,45,42,qsvc_z_r1,sham_tiny_scaling_alpha_0.001,0.0,False,True,True,False,True,True,True,False,True,allow,hold,hold,hold,allow,hold,hold,hold,allow,allow,allow,hold,allow,hold,hold,hold,allow,hold,hold,hold
gate5b_id_ton_iot,12,45,43,qsvc_z_r1,sham_tiny_gaussian_sigma_0.001,0.0,False,True,True,False,True,False,False,False,False,allow,hold,allow,hold,allow,hold,allow,hold,allow,allow,allow,hold,allow,hold,allow,allow,allow,hold,allow,allow
gate5b_id_ton_iot,12,45,43,qsvc_z_r1,sham_tiny_scaling_alpha_0.001,0.0,False,True,True,False,True,True,False,False,False,allow,hold,hold,hold,allow,hold,allow,hold,allow,allow,allow,hold,allow,hold,allow,allow,allow,hold,allow,allow
gate5b_id_ton_iot,12,46,42,qsvc_z_r1,sham_tiny_gaussian_sigma_0.001,0.0,False,True,True,False,True,True,False,False,False,allow,hold,hold,hold,allow,hold,allow,hold,allow,allow,allow,hold,allow,hold,allow,allow,allow,hold,allow,allow
gate5b_id_ton_iot,12,46,42,qsvc_z_r1,sham_tiny_scaling_alpha_0.001,0.0,False,True,True,False,True,True,True,False,True,allow,hold,hold,hold,allow,hold,hold,hold,allow,allow,allow,hold,allow,hold,hold,hold,allow,hold,hold,hold
gate5b_id_ton_iot,12,46,43,qsvc_z_r1,sham_tiny_gaussian_sigma_0.001,0.0,False,True,True,False,True,False,False,False,False,allow,hold,allow,hold,allow,hold,allow,hold,allow,allow,allow,hold,allow,hold,allow,allow,allow,hold,allow,allow
gate5b_id_ton_iot,12,46,43,qsvc_z_r1,sham_tiny_scaling_alpha_0.001,0.0,False,True,True,False,True,True,False,False,False,allow,hold,hold,hold,allow,hold,allow,hold,allow,allow,allow,hold,allow,hold,allow,allow,allow,hold,allow,allow
gate5b_id_ton_iot,12,42,42,qsvc_zz_r1,sham_tiny_gaussian_sigma_0.001,0.0,False,False,False,False,False,False,False,False,False,allow,allow,allow,hold,allow,allow,allow,hold,allow,allow,allow,hold,allow,allow,allow,allow,allow,allow,allow,allow
gate5b_id_ton_iot,12,42,42,qsvc_zz_r1,sham_tiny_scaling_alpha_0.001,0.0,False,True,True,False,True,False,True,False,True,allow,hold,allow,hold,allow,hold,hold,hold,allow,allow,allow,hold,allow,hold,hold,hold,allow,hold,hold,hold
gate5b_id_ton_iot,12,42,43,qsvc_zz_r1,sham_tiny_gaussian_sigma_0.001,0.0,False,True,True,False,True,False,False,False,False,allow,hold,allow,hold,allow,hold,allow,hold,allow,allow,allow,hold,allow,hold,allow,allow,allow,hold,allow,allow
gate5b_id_ton_iot,12,42,43,qsvc_zz_r1,sham_tiny_scaling_alpha_0.001,0.0,False,True,True,False,True,True,True,False,True,allow,hold,hold,hold,allow,hold,hold,hold,allow,allow,allow,hold,allow,hold,hold,hold,allow,hold,hold,hold
gate5b_id_ton_iot,12,43,42,qsvc_zz_r1,sham_tiny_gaussian_sigma_0.001,0.0,False,False,False,False,False,False,False,False,False,allow,allow,allow,hold,allow,allow,allow,hold,allow,allow,allow,hold,allow,allow,allow,allow,allow,allow,allow,allow
gate5b_id_ton_iot,12,43,42,qsvc_zz_r1,sham_tiny_scaling_alpha_0.001,0.0,False,True,True,False,True,False,False,False,False,allow,hold,allow,hold,allow,hold,allow,hold,allow,allow,allow,hold,allow,hold,allow,allow,allow,hold,allow,allow
gate5b_id_ton_iot,12,43,43,qsvc_zz_r1,sham_tiny_gaussian_sigma_0.001,0.0,False,False,False,False,False,False,False,False,False,allow,allow,allow,hold,allow,allow,allow,hold,allow,allow,allow,hold,allow,allow,allow,allow,allow,allow,allow,allow
gate5b_id_ton_iot,12,43,43,qsvc_zz_r1,sham_tiny_scaling_alpha_0.001,0.0,False,False,False,False,False,False,False,False,False,allow,allow,allow,hold,allow,allow,allow,hold,allow,allow,allow,hold,allow,allow,allow,allow,allow,allow,allow,allow
gate5b_id_ton_iot,12,44,42,qsvc_zz_r1,sham_tiny_gaussian_sigma_0.001,0.0,False,True,True,False,True,True,True,False,True,allow,hold,hold,hold,allow,hold,hold,hold,allow,allow,allow,hold,allow,hold,hold,hold,allow,hold,hold,hold
gate5b_id_ton_iot,12,44,42,qsvc_zz_r1,sham_tiny_scaling_alpha_0.001,0.0,False,True,True,False,True,True,True,False,True,allow,hold,hold,hold,allow,hold,hold,hold,allow,allow,allow,hold,allow,hold,hold,hold,allow,hold,hold,hold
gate5b_id_ton_iot,12,44,43,qsvc_zz_r1,sham_tiny_gaussian_sigma_0.001,0.0,False,False,False,False,False,False,False,False,False,allow,allow,allow,hold,allow,allow,allow,hold,allow,allow,allow,hold,allow,allow,allow,allow,allow,allow,allow,allow
gate5b_id_ton_iot,12,44,43,qsvc_zz_r1,sham_tiny_scaling_alpha_0.001,0.0,False,True,True,False,True,True,True,False,True,allow,hold,hold,hold,allow,hold,hold,hold,allow,allow,allow,hold,allow,hold,hold,hold,allow,hold,hold,hold
gate5b_id_ton_iot,12,45,42,qsvc_zz_r1,sham_tiny_gaussian_sigma_0.001,0.0,False,True,True,False,True,True,False,False,False,allow,hold,hold,hold,allow,hold,allow,hold,allow,allow,allow,hold,allow,hold,allow,allow,allow,hold,allow,allow
gate5b_id_ton_iot,12,45,42,qsvc_zz_r1,sham_tiny_scaling_alpha_0.001,0.0,False,True,True,False,True,True,True,False,True,allow,hold,hold,hold,allow,hold,hold,hold,allow,allow,allow,hold,allow,hold,hold,hold,allow,hold,hold,hold
gate5b_id_ton_iot,12,45,43,qsvc_zz_r1,sham_tiny_gaussian_sigma_0.001,0.0078125,True,True,True,False,True,False,False,False,False,allow,hold,allow,hold,allow,hold,allow,hold,allow,allow,allow,hold,allow,hold,allow,allow,allow,block,block,block
gate5b_id_ton_iot,12,45,43,qsvc_zz_r1,sham_tiny_scaling_alpha_0.001,0.0078125,True,True,True,False,True,True,False,False,False,allow,hold,hold,hold,allow,hold,allow,hold,allow,allow,allow,hold,allow,hold,allow,allow,allow,block,block,block
gate5b_id_ton_iot,12,46,42,qsvc_zz_r1,sham_tiny_gaussian_sigma_0.001,0.0,False,True,True,False,True,True,False,False,False,allow,hold,hold,hold,allow,hold,allow,hold,allow,allow,allow,hold,allow,hold,allow,allow,allow,hold,allow,allow
gate5b_id_ton_iot,12,46,42,qsvc_zz_r1,sham_tiny_scaling_alpha_0.001,0.0,False,True,True,False,True,True,True,False,True,allow,hold,hold,hold,allow,hold,hold,hold,allow,allow,allow,hold,allow,hold,hold,hold,allow,hold,hold,hold
gate5b_id_ton_iot,12,46,43,qsvc_zz_r1,sham_tiny_gaussian_sigma_0.001,0.0,False,True,True,False,True,False,False,False,False,allow,hold,allow,hold,allow,hold,allow,hold,allow,allow,allow,hold,allow,hold,allow,allow,allow,hold,allow,allow
gate5b_id_ton_iot,12,46,43,qsvc_zz_r1,sham_tiny_scaling_alpha_0.001,0.0,False,True,True,False,True,True,False,False,False,allow,hold,hold,hold,allow,hold,allow,hold,allow,allow,allow,hold,allow,hold,allow,allow,allow,hold,allow,allow
gate5b_id_ton_iot,12,42,42,svc_rbf,sham_tiny_gaussian_sigma_0.001,0.0,False,False,False,False,False,False,False,False,False,allow,allow,allow,hold,allow,allow,allow,hold,allow,allow,allow,hold,allow,allow,allow,allow,allow,allow,allow,allow
gate5b_id_ton_iot,12,42,42,svc_rbf,sham_tiny_scaling_alpha_0.001,0.0,False,True,True,False,True,False,True,False,True,allow,hold,allow,hold,allow,hold,hold,hold,allow,allow,allow,hold,allow,hold,hold,hold,allow,hold,hold,hold
gate5b_id_ton_iot,12,42,43,svc_rbf,sham_tiny_gaussian_sigma_0.001,0.0,False,True,True,False,True,False,False,False,False,allow,hold,allow,hold,allow,hold,allow,hold,allow,allow,allow,hold,allow,hold,allow,allow,allow,hold,allow,allow
gate5b_id_ton_iot,12,42,43,svc_rbf,sham_tiny_scaling_alpha_0.001,0.0,False,True,True,False,True,False,False,False,False,allow,hold,allow,hold,allow,hold,allow,hold,allow,allow,allow,hold,allow,hold,allow,allow,allow,hold,allow,allow
gate5b_id_ton_iot,12,43,42,svc_rbf,sham_tiny_gaussian_sigma_0.001,0.0,False,False,False,False,False,False,False,False,False,allow,allow,allow,hold,allow,allow,allow,hold,allow,allow,allow,hold,allow,allow,allow,allow,allow,allow,allow,allow
gate5b_id_ton_iot,12,43,42,svc_rbf,sham_tiny_scaling_alpha_0.001,0.0,False,False,False,False,False,False,False,False,False,allow,allow,allow,hold,allow,allow,allow,hold,allow,allow,allow,hold,allow,allow,allow,allow,allow,allow,allow,allow
gate5b_id_ton_iot,12,43,43,svc_rbf,sham_tiny_gaussian_sigma_0.001,0.0,False,False,False,False,False,False,False,False,False,allow,allow,allow,hold,allow,allow,allow,hold,allow,allow,allow,hold,allow,allow,allow,allow,allow,allow,allow,allow
gate5b_id_ton_iot,12,43,43,svc_rbf,sham_tiny_scaling_alpha_0.001,0.0,False,False,False,False,False,False,False,False,False,allow,allow,allow,hold,allow,allow,allow,hold,allow,allow,allow,hold,allow,allow,allow,allow,allow,allow,allow,allow
gate5b_id_ton_iot,12,44,42,svc_rbf,sham_tiny_gaussian_sigma_0.001,0.0,False,True,True,False,True,True,False,False,False,allow,hold,hold,hold,allow,hold,allow,hold,allow,allow,allow,hold,allow,hold,allow,allow,allow,hold,allow,allow
gate5b_id_ton_iot,12,44,42,svc_rbf,sham_tiny_scaling_alpha_0.001,0.0,False,True,True,False,True,True,True,False,True,allow,hold,hold,hold,allow,hold,hold,hold,allow,allow,allow,hold,allow,hold,hold,hold,allow,hold,hold,hold
gate5b_id_ton_iot,12,44,43,svc_rbf,sham_tiny_gaussian_sigma_0.001,0.0,False,False,False,False,False,False,False,False,False,allow,allow,allow,hold,allow,allow,allow,hold,allow,allow,allow,hold,allow,allow,allow,allow,allow,allow,allow,allow
gate5b_id_ton_iot,12,44,43,svc_rbf,sham_tiny_scaling_alpha_0.001,0.0,False,True,True,False,True,True,False,False,False,allow,hold,hold,hold,allow,hold,allow,hold,allow,allow,allow,hold,allow,hold,allow,allow,allow,hold,allow,allow
gate5b_id_ton_iot,12,45,42,svc_rbf,sham_tiny_gaussian_sigma_0.001,0.0,False,True,True,False,True,True,False,False,False,allow,hold,hold,hold,allow,hold,allow,hold,allow,allow,allow,hold,allow,hold,allow,allow,allow,hold,allow,allow
gate5b_id_ton_iot,12,45,42,svc_rbf,sham_tiny_scaling_alpha_0.001,0.0,False,True,True,False,True,True,False,False,False,allow,hold,hold,hold,allow,hold,allow,hold,allow,allow,allow,hold,allow,hold,allow,allow,allow,hold,allow,allow
gate5b_id_ton_iot,12,45,43,svc_rbf,sham_tiny_gaussian_sigma_0.001,0.0,False,True,True,False,True,False,False,False,False,allow,hold,allow,hold,allow,hold,allow,hold,allow,allow,allow,hold,allow,hold,allow,allow,allow,hold,allow,allow
gate5b_id_ton_iot,12,45,43,svc_rbf,sham_tiny_scaling_alpha_0.001,0.0,False,True,True,False,True,False,False,False,False,allow,hold,allow,hold,allow,hold,allow,hold,allow,allow,allow,hold,allow,hold,allow,allow,allow,hold,allow,allow
gate5b_id_ton_iot,12,46,42,svc_rbf,sham_tiny_gaussian_sigma_0.001,0.0,False,True,True,False,True,False,False,False,False,allow,hold,allow,hold,allow,hold,allow,hold,allow,allow,allow,hold,allow,hold,allow,allow,allow,hold,allow,allow
gate5b_id_ton_iot,12,46,42,svc_rbf,sham_tiny_scaling_alpha_0.001,0.0,False,True,True,False,True,False,False,False,False,allow,hold,allow,hold,allow,hold,allow,hold,allow,allow,allow,hold,allow,hold,allow,allow,allow,hold,allow,allow
gate5b_id_ton_iot,12,46,43,svc_rbf,sham_tiny_gaussian_sigma_0.001,0.0,False,False,False,False,False,False,False,False,False,allow,allow,allow,hold,allow,allow,allow,hold,allow,allow,allow,hold,allow,allow,allow,allow,allow,allow,allow,allow
gate5b_id_ton_iot,12,46,43,svc_rbf,sham_tiny_scaling_alpha_0.001,0.0,False,True,True,False,True,False,False,False,False,allow,hold,allow,hold,allow,hold,allow,hold,allow,allow,allow,hold,allow,hold,allow,allow,allow,hold,allow,allow
gate6_ood_unsw,8,42,42,qsvc_zz_r1,sham_tiny_gaussian_sigma_0.001,0.0,False,False,False,False,False,False,False,False,False,allow,allow,allow,hold,allow,allow,allow,hold,allow,allow,allow,hold,allow,allow,allow,allow,allow,allow,allow,allow
gate6_ood_unsw,8,42,42,qsvc_zz_r1,sham_tiny_scaling_alpha_0.001,0.0,False,True,True,False,True,False,False,False,False,allow,hold,allow,hold,allow,hold,allow,hold,allow,allow,allow,hold,allow,hold,allow,allow,allow,hold,allow,allow
gate6_ood_unsw,8,42,43,qsvc_zz_r1,sham_tiny_gaussian_sigma_0.001,0.0,False,False,False,False,False,False,False,False,False,allow,allow,allow,hold,allow,allow,allow,hold,allow,allow,allow,hold,allow,allow,allow,allow,allow,allow,allow,allow
gate6_ood_unsw,8,42,43,qsvc_zz_r1,sham_tiny_scaling_alpha_0.001,0.0,False,True,True,False,True,False,False,False,False,allow,hold,allow,hold,allow,hold,allow,hold,allow,allow,allow,hold,allow,hold,allow,allow,allow,hold,allow,allow
gate6_ood_unsw,8,43,42,qsvc_zz_r1,sham_tiny_gaussian_sigma_0.001,0.0,False,False,False,False,False,False,False,False,False,allow,allow,allow,hold,allow,allow,allow,hold,allow,allow,allow,hold,allow,allow,allow,allow,allow,allow,allow,allow
gate6_ood_unsw,8,43,42,qsvc_zz_r1,sham_tiny_scaling_alpha_0.001,0.0,False,True,True,False,True,False,False,False,False,allow,hold,allow,hold,allow,hold,allow,hold,allow,allow,allow,hold,allow,hold,allow,allow,allow,hold,allow,allow
gate6_ood_unsw,8,43,43,qsvc_zz_r1,sham_tiny_gaussian_sigma_0.001,0.0,False,False,False,False,False,False,False,False,False,allow,allow,allow,hold,allow,allow,allow,hold,allow,allow,allow,hold,allow,allow,allow,allow,allow,allow,allow,allow
gate6_ood_unsw,8,43,43,qsvc_zz_r1,sham_tiny_scaling_alpha_0.001,0.0,False,True,True,False,True,False,False,False,False,allow,hold,allow,hold,allow,hold,allow,hold,allow,allow,allow,hold,allow,hold,allow,allow,allow,hold,allow,allow
gate6_ood_unsw,8,44,42,qsvc_zz_r1,sham_tiny_gaussian_sigma_0.001,-0.0078125,True,False,False,False,False,False,False,False,False,allow,allow,allow,hold,allow,allow,allow,hold,allow,allow,allow,hold,allow,allow,allow,allow,allow,block,block,block
gate6_ood_unsw,8,44,42,qsvc_zz_r1,sham_tiny_scaling_alpha_0.001,0.0,False,True,True,False,True,False,False,False,False,allow,hold,allow,hold,allow,hold,allow,hold,allow,allow,allow,hold,allow,hold,allow,allow,allow,hold,allow,allow
gate6_ood_unsw,8,44,43,qsvc_zz_r1,sham_tiny_gaussian_sigma_0.001,0.0,False,False,False,False,False,False,False,False,False,allow,allow,allow,hold,allow,allow,allow,hold,allow,allow,allow,hold,allow,allow,allow,allow,allow,allow,allow,allow
gate6_ood_unsw,8,44,43,qsvc_zz_r1,sham_tiny_scaling_alpha_0.001,0.0,False,True,True,False,True,False,False,False,False,allow,hold,allow,hold,allow,hold,allow,hold,allow,allow,allow,hold,allow,hold,allow,allow,allow,hold,allow,allow
gate6_ood_unsw,8,45,42,qsvc_zz_r1,sham_tiny_gaussian_sigma_0.001,0.0,False,False,False,False,False,False,False,False,False,allow,allow,allow,hold,allow,allow,allow,hold,allow,allow,allow,hold,allow,allow,allow,allow,allow,allow,allow,allow
gate6_ood_unsw,8,45,42,qsvc_zz_r1,sham_tiny_scaling_alpha_0.001,0.0,False,True,True,False,True,False,False,False,False,allow,hold,allow,hold,allow,hold,allow,hold,allow,allow,allow,hold,allow,hold,allow,allow,allow,hold,allow,allow
gate6_ood_unsw,8,45,43,qsvc_zz_r1,sham_tiny_gaussian_sigma_0.001,0.0,False,False,False,False,False,False,False,False,False,allow,allow,allow,hold,allow,allow,allow,hold,allow,allow,allow,hold,allow,allow,allow,allow,allow,allow,allow,allow
gate6_ood_unsw,8,45,43,qsvc_zz_r1,sham_tiny_scaling_alpha_0.001,0.0078125,True,True,True,False,True,False,False,False,False,allow,hold,allow,hold,allow,hold,allow,hold,allow,allow,allow,hold,allow,hold,allow,allow,allow,block,block,block
gate6_ood_unsw,8,46,42,qsvc_zz_r1,sham_tiny_gaussian_sigma_0.001,0.0,False,False,False,False,False,False,False,False,False,allow,allow,allow,hold,allow,allow,allow,hold,allow,allow,allow,hold,allow,allow,allow,allow,allow,allow,allow,allow
gate6_ood_unsw,8,46,42,qsvc_zz_r1,sham_tiny_scaling_alpha_0.001,0.0,False,True,True,False,True,False,False,False,False,allow,hold,allow,hold,allow,hold,allow,hold,allow,allow,allow,hold,allow,hold,allow,allow,allow,hold,allow,allow
gate6_ood_unsw,8,46,43,qsvc_zz_r1,sham_tiny_gaussian_sigma_0.001,0.0078125,True,False,False,False,False,False,False,False,False,allow,allow,allow,hold,allow,allow,allow,hold,allow,allow,allow,hold,allow,allow,allow,allow,allow,block,block,block
gate6_ood_unsw,8,46,43,qsvc_zz_r1,sham_tiny_scaling_alpha_0.001,0.0078125,True,False,False,False,False,False,False,False,False,allow,allow,allow,hold,allow,allow,allow,hold,allow,allow,allow,hold,allow,allow,allow,allow,allow,block,block,block
gate6_ood_unsw,8,42,42,svc_rbf,sham_tiny_gaussian_sigma_0.001,0.0,False,False,False,False,False,False,False,False,False,allow,allow,allow,hold,allow,allow,allow,hold,allow,allow,allow,hold,allow,allow,allow,allow,allow,allow,allow,allow
gate6_ood_unsw,8,42,42,svc_rbf,sham_tiny_scaling_alpha_0.001,0.0,False,False,False,False,False,False,False,False,False,allow,allow,allow,hold,allow,allow,allow,hold,allow,allow,allow,hold,allow,allow,allow,allow,allow,allow,allow,allow
gate6_ood_unsw,8,42,43,svc_rbf,sham_tiny_gaussian_sigma_0.001,0.0,False,False,False,False,False,False,False,False,False,allow,allow,allow,hold,allow,allow,allow,hold,allow,allow,allow,hold,allow,allow,allow,allow,allow,allow,allow,allow
gate6_ood_unsw,8,42,43,svc_rbf,sham_tiny_scaling_alpha_0.001,0.0,False,False,False,False,False,False,False,False,False,allow,allow,allow,hold,allow,allow,allow,hold,allow,allow,allow,hold,allow,allow,allow,allow,allow,allow,allow,allow
gate6_ood_unsw,8,43,42,svc_rbf,sham_tiny_gaussian_sigma_0.001,0.0,False,False,False,False,False,False,False,False,False,allow,allow,allow,hold,allow,allow,allow,hold,allow,allow,allow,hold,allow,allow,allow,allow,allow,allow,allow,allow
gate6_ood_unsw,8,43,42,svc_rbf,sham_tiny_scaling_alpha_0.001,0.0,False,False,False,False,False,False,False,False,False,allow,allow,allow,hold,allow,allow,allow,hold,allow,allow,allow,hold,allow,allow,allow,allow,allow,allow,allow,allow
gate6_ood_unsw,8,43,43,svc_rbf,sham_tiny_gaussian_sigma_0.001,0.0,False,False,False,False,False,False,False,False,False,allow,allow,allow,hold,allow,allow,allow,hold,allow,allow,allow,hold,allow,allow,allow,allow,allow,allow,allow,allow
gate6_ood_unsw,8,43,43,svc_rbf,sham_tiny_scaling_alpha_0.001,0.0,False,False,False,False,False,False,False,False,False,allow,allow,allow,hold,allow,allow,allow,hold,allow,allow,allow,hold,allow,allow,allow,allow,allow,allow,allow,allow
gate6_ood_unsw,8,44,42,svc_rbf,sham_tiny_gaussian_sigma_0.001,0.0,False,False,False,False,False,False,False,False,False,allow,allow,allow,hold,allow,allow,allow,hold,allow,allow,allow,hold,allow,allow,allow,allow,allow,allow,allow,allow
gate6_ood_unsw,8,44,42,svc_rbf,sham_tiny_scaling_alpha_0.001,0.0,False,False,False,False,False,False,False,False,False,allow,allow,allow,hold,allow,allow,allow,hold,allow,allow,allow,hold,allow,allow,allow,allow,allow,allow,allow,allow
gate6_ood_unsw,8,44,43,svc_rbf,sham_tiny_gaussian_sigma_0.001,0.0,False,False,False,False,False,False,False,False,False,allow,allow,allow,hold,allow,allow,allow,hold,allow,allow,allow,hold,allow,allow,allow,allow,allow,allow,allow,allow
gate6_ood_unsw,8,44,43,svc_rbf,sham_tiny_scaling_alpha_0.001,0.0,False,False,False,False,False,False,False,False,False,allow,allow,allow,hold,allow,allow,allow,hold,allow,allow,allow,hold,allow,allow,allow,allow,allow,allow,allow,allow
gate6_ood_unsw,8,45,42,svc_rbf,sham_tiny_gaussian_sigma_0.001,0.0,False,False,False,False,False,False,False,False,False,allow,allow,allow,hold,allow,allow,allow,hold,allow,allow,allow,hold,allow,allow,allow,allow,allow,allow,allow,allow
gate6_ood_unsw,8,45,42,svc_rbf,sham_tiny_scaling_alpha_0.001,0.0,False,False,False,False,False,False,False,False,False,allow,allow,allow,hold,allow,allow,allow,hold,allow,allow,allow,hold,allow,allow,allow,allow,allow,allow,allow,allow
gate6_ood_unsw,8,45,43,svc_rbf,sham_tiny_gaussian_sigma_0.001,0.0,False,False,False,False,False,False,False,False,False,allow,allow,allow,hold,allow,allow,allow,hold,allow,allow,allow,hold,allow,allow,allow,allow,allow,allow,allow,allow
gate6_ood_unsw,8,45,43,svc_rbf,sham_tiny_scaling_alpha_0.001,0.0,False,False,False,False,False,False,False,False,False,allow,allow,allow,hold,allow,allow,allow,hold,allow,allow,allow,hold,allow,allow,allow,allow,allow,allow,allow,allow
gate6_ood_unsw,8,46,42,svc_rbf,sham_tiny_gaussian_sigma_0.001,0.0,False,False,False,False,False,False,False,False,False,allow,allow,allow,hold,allow,allow,allow,hold,allow,allow,allow,hold,allow,allow,allow,allow,allow,allow,allow,allow
gate6_ood_unsw,8,46,42,svc_rbf,sham_tiny_scaling_alpha_0.001,0.0,False,False,False,False,False,False,False,False,False,allow,allow,allow,hold,allow,allow,allow,hold,allow,allow,allow,hold,allow,allow,allow,allow,allow,allow,allow,allow
gate6_ood_unsw,8,46,43,svc_rbf,sham_tiny_gaussian_sigma_0.001,-0.0078125,True,False,False,False,False,False,False,False,False,allow,allow,allow,hold,allow,allow,allow,hold,allow,allow,allow,hold,allow,allow,allow,allow,allow,block,block,block
gate6_ood_unsw,8,46,43,svc_rbf,sham_tiny_scaling_alpha_0.001,0.0,False,False,False,False,False,False,False,False,False,allow,allow,allow,hold,allow,allow,allow,hold,allow,allow,allow,hold,allow,allow,allow,allow,allow,allow,allow,allow
gate6_ood_unsw,10,42,42,qsvc_zz_r1,sham_tiny_gaussian_sigma_0.001,0.0,False,False,False,False,False,False,False,False,False,allow,allow,allow,hold,allow,allow,allow,hold,allow,allow,allow,hold,allow,allow,allow,allow,allow,allow,allow,allow
gate6_ood_unsw,10,42,42,qsvc_zz_r1,sham_tiny_scaling_alpha_0.001,0.0,False,True,True,False,True,False,False,False,False,allow,hold,allow,hold,allow,hold,allow,hold,allow,allow,allow,hold,allow,hold,allow,allow,allow,hold,allow,allow
gate6_ood_unsw,10,42,43,qsvc_zz_r1,sham_tiny_gaussian_sigma_0.001,0.0,False,False,False,False,False,False,False,False,False,allow,allow,allow,hold,allow,allow,allow,hold,allow,allow,allow,hold,allow,allow,allow,allow,allow,allow,allow,allow
gate6_ood_unsw,10,42,43,qsvc_zz_r1,sham_tiny_scaling_alpha_0.001,0.0,False,True,True,False,True,False,False,False,False,allow,hold,allow,hold,allow,hold,allow,hold,allow,allow,allow,hold,allow,hold,allow,allow,allow,hold,allow,allow
gate6_ood_unsw,10,43,42,qsvc_zz_r1,sham_tiny_gaussian_sigma_0.001,0.0,False,False,False,False,False,False,False,False,False,allow,allow,allow,hold,allow,allow,allow,hold,allow,allow,allow,hold,allow,allow,allow,allow,allow,allow,allow,allow
gate6_ood_unsw,10,43,42,qsvc_zz_r1,sham_tiny_scaling_alpha_0.001,0.0,False,True,True,False,True,False,False,False,False,allow,hold,allow,hold,allow,hold,allow,hold,allow,allow,allow,hold,allow,hold,allow,allow,allow,hold,allow,allow
gate6_ood_unsw,10,43,43,qsvc_zz_r1,sham_tiny_gaussian_sigma_0.001,0.0,False,False,False,False,False,False,False,False,False,allow,allow,allow,hold,allow,allow,allow,hold,allow,allow,allow,hold,allow,allow,allow,allow,allow,allow,allow,allow
gate6_ood_unsw,10,43,43,qsvc_zz_r1,sham_tiny_scaling_alpha_0.001,0.0,False,True,True,False,True,False,False,False,False,allow,hold,allow,hold,allow,hold,allow,hold,allow,allow,allow,hold,allow,hold,allow,allow,allow,hold,allow,allow
gate6_ood_unsw,10,44,42,qsvc_zz_r1,sham_tiny_gaussian_sigma_0.001,0.0,False,False,False,False,False,False,False,False,False,allow,allow,allow,hold,allow,allow,allow,hold,allow,allow,allow,hold,allow,allow,allow,allow,allow,allow,allow,allow
gate6_ood_unsw,10,44,42,qsvc_zz_r1,sham_tiny_scaling_alpha_0.001,0.0078125,True,True,True,False,True,False,False,False,False,allow,hold,allow,hold,allow,hold,allow,hold,allow,allow,allow,hold,allow,hold,allow,allow,allow,block,block,block
gate6_ood_unsw,10,44,43,qsvc_zz_r1,sham_tiny_gaussian_sigma_0.001,0.0,False,False,False,False,False,False,False,False,False,allow,allow,allow,hold,allow,allow,allow,hold,allow,allow,allow,hold,allow,allow,allow,allow,allow,allow,allow,allow
gate6_ood_unsw,10,44,43,qsvc_zz_r1,sham_tiny_scaling_alpha_0.001,0.0,False,True,True,False,True,False,False,False,False,allow,hold,allow,hold,allow,hold,allow,hold,allow,allow,allow,hold,allow,hold,allow,allow,allow,hold,allow,allow
gate6_ood_unsw,10,45,42,qsvc_zz_r1,sham_tiny_gaussian_sigma_0.001,0.0,False,False,False,False,False,False,False,False,False,allow,allow,allow,hold,allow,allow,allow,hold,allow,allow,allow,hold,allow,allow,allow,allow,allow,allow,allow,allow
gate6_ood_unsw,10,45,42,qsvc_zz_r1,sham_tiny_scaling_alpha_0.001,0.0,False,True,True,False,True,False,False,False,False,allow,hold,allow,hold,allow,hold,allow,hold,allow,allow,allow,hold,allow,hold,allow,allow,allow,hold,allow,allow
gate6_ood_unsw,10,45,43,qsvc_zz_r1,sham_tiny_gaussian_sigma_0.001,0.0,False,False,False,False,False,False,False,False,False,allow,allow,allow,hold,allow,allow,allow,hold,allow,allow,allow,hold,allow,allow,allow,allow,allow,allow,allow,allow
gate6_ood_unsw,10,45,43,qsvc_zz_r1,sham_tiny_scaling_alpha_0.001,0.0,False,True,True,False,True,False,False,False,False,allow,hold,allow,hold,allow,hold,allow,hold,allow,allow,allow,hold,allow,hold,allow,allow,allow,hold,allow,allow
gate6_ood_unsw,10,46,42,qsvc_zz_r1,sham_tiny_gaussian_sigma_0.001,0.0,False,False,False,False,False,False,False,False,False,allow,allow,allow,hold,allow,allow,allow,hold,allow,allow,allow,hold,allow,allow,allow,allow,allow,allow,allow,allow
gate6_ood_unsw,10,46,42,qsvc_zz_r1,sham_tiny_scaling_alpha_0.001,0.0,False,True,True,False,True,False,False,False,False,allow,hold,allow,hold,allow,hold,allow,hold,allow,allow,allow,hold,allow,hold,allow,allow,allow,hold,allow,allow
gate6_ood_unsw,10,46,43,qsvc_zz_r1,sham_tiny_gaussian_sigma_0.001,0.0,False,False,False,False,False,False,False,False,False,allow,allow,allow,hold,allow,allow,allow,hold,allow,allow,allow,hold,allow,allow,allow,allow,allow,allow,allow,allow
gate6_ood_unsw,10,46,43,qsvc_zz_r1,sham_tiny_scaling_alpha_0.001,0.0,False,True,True,False,True,False,False,False,False,allow,hold,allow,hold,allow,hold,allow,hold,allow,allow,allow,hold,allow,hold,allow,allow,allow,hold,allow,allow
gate6_ood_unsw,10,42,42,svc_rbf,sham_tiny_gaussian_sigma_0.001,0.0,False,False,False,False,False,False,False,False,False,allow,allow,allow,hold,allow,allow,allow,hold,allow,allow,allow,hold,allow,allow,allow,allow,allow,allow,allow,allow
gate6_ood_unsw,10,42,42,svc_rbf,sham_tiny_scaling_alpha_0.001,0.0,False,False,False,False,False,False,False,False,False,allow,allow,allow,hold,allow,allow,allow,hold,allow,allow,allow,hold,allow,allow,allow,allow,allow,allow,allow,allow
gate6_ood_unsw,10,42,43,svc_rbf,sham_tiny_gaussian_sigma_0.001,0.0,False,False,False,False,False,False,False,False,False,allow,allow,allow,hold,allow,allow,allow,hold,allow,allow,allow,hold,allow,allow,allow,allow,allow,allow,allow,allow
gate6_ood_unsw,10,42,43,svc_rbf,sham_tiny_scaling_alpha_0.001,0.0,False,False,False,False,False,False,False,False,False,allow,allow,allow,hold,allow,allow,allow,hold,allow,allow,allow,hold,allow,allow,allow,allow,allow,allow,allow,allow
gate6_ood_unsw,10,43,42,svc_rbf,sham_tiny_gaussian_sigma_0.001,0.0,False,False,False,False,False,False,False,False,False,allow,allow,allow,hold,allow,allow,allow,hold,allow,allow,allow,hold,allow,allow,allow,allow,allow,allow,allow,allow
gate6_ood_unsw,10,43,42,svc_rbf,sham_tiny_scaling_alpha_0.001,0.0,False,False,False,False,False,False,False,False,False,allow,allow,allow,hold,allow,allow,allow,hold,allow,allow,allow,hold,allow,allow,allow,allow,allow,allow,allow,allow
gate6_ood_unsw,10,43,43,svc_rbf,sham_tiny_gaussian_sigma_0.001,0.0,False,False,False,False,False,False,False,False,False,allow,allow,allow,hold,allow,allow,allow,hold,allow,allow,allow,hold,allow,allow,allow,allow,allow,allow,allow,allow
gate6_ood_unsw,10,43,43,svc_rbf,sham_tiny_scaling_alpha_0.001,0.0,False,False,False,False,False,False,False,False,False,allow,allow,allow,hold,allow,allow,allow,hold,allow,allow,allow,hold,allow,allow,allow,allow,allow,allow,allow,allow
gate6_ood_unsw,10,44,42,svc_rbf,sham_tiny_gaussian_sigma_0.001,0.0,False,False,False,False,False,False,False,False,False,allow,allow,allow,hold,allow,allow,allow,hold,allow,allow,allow,hold,allow,allow,allow,allow,allow,allow,allow,allow
gate6_ood_unsw,10,44,42,svc_rbf,sham_tiny_scaling_alpha_0.001,0.0,False,False,False,False,False,False,False,False,False,allow,allow,allow,hold,allow,allow,allow,hold,allow,allow,allow,hold,allow,allow,allow,allow,allow,allow,allow,allow
gate6_ood_unsw,10,44,43,svc_rbf,sham_tiny_gaussian_sigma_0.001,0.0,False,False,False,False,False,False,False,False,False,allow,allow,allow,hold,allow,allow,allow,hold,allow,allow,allow,hold,allow,allow,allow,allow,allow,allow,allow,allow
gate6_ood_unsw,10,44,43,svc_rbf,sham_tiny_scaling_alpha_0.001,0.0,False,False,False,False,False,False,False,False,False,allow,allow,allow,hold,allow,allow,allow,hold,allow,allow,allow,hold,allow,allow,allow,allow,allow,allow,allow,allow
gate6_ood_unsw,10,45,42,svc_rbf,sham_tiny_gaussian_sigma_0.001,0.0,False,False,False,False,False,False,False,False,False,allow,allow,allow,hold,allow,allow,allow,hold,allow,allow,allow,hold,allow,allow,allow,allow,allow,allow,allow,allow
gate6_ood_unsw,10,45,42,svc_rbf,sham_tiny_scaling_alpha_0.001,0.0,False,False,False,False,False,False,False,False,False,allow,allow,allow,hold,allow,allow,allow,hold,allow,allow,allow,hold,allow,allow,allow,allow,allow,allow,allow,allow
gate6_ood_unsw,10,45,43,svc_rbf,sham_tiny_gaussian_sigma_0.001,0.0,False,False,False,False,False,False,False,False,False,allow,allow,allow,hold,allow,allow,allow,hold,allow,allow,allow,hold,allow,allow,allow,allow,allow,allow,allow,allow
gate6_ood_unsw,10,45,43,svc_rbf,sham_tiny_scaling_alpha_0.001,0.0,False,False,False,False,False,False,False,False,False,allow,allow,allow,hold,allow,allow,allow,hold,allow,allow,allow,hold,allow,allow,allow,allow,allow,allow,allow,allow
gate6_ood_unsw,10,46,42,svc_rbf,sham_tiny_gaussian_sigma_0.001,0.0,False,False,False,False,False,False,False,False,False,allow,allow,allow,hold,allow,allow,allow,hold,allow,allow,allow,hold,allow,allow,allow,allow,allow,allow,allow,allow
gate6_ood_unsw,10,46,42,svc_rbf,sham_tiny_scaling_alpha_0.001,0.0,False,False,False,False,False,False,False,False,False,allow,allow,allow,hold,allow,allow,allow,hold,allow,allow,allow,hold,allow,allow,allow,allow,allow,allow,allow,allow
gate6_ood_unsw,10,46,43,svc_rbf,sham_tiny_gaussian_sigma_0.001,0.0,False,False,False,False,False,False,False,False,False,allow,allow,allow,hold,allow,allow,allow,hold,allow,allow,allow,hold,allow,allow,allow,allow,allow,allow,allow,allow
gate6_ood_unsw,10,46,43,svc_rbf,sham_tiny_scaling_alpha_0.001,0.0,False,False,False,False,False,False,False,False,False,allow,allow,allow,hold,allow,allow,allow,hold,allow,allow,allow,hold,allow,allow,allow,allow,allow,allow,allow,allow
gate6_ood_unsw,12,42,42,qsvc_zz_r1,sham_tiny_gaussian_sigma_0.001,0.0,False,False,False,False,False,False,False,False,False,allow,allow,allow,hold,allow,allow,allow,hold,allow,allow,allow,hold,allow,allow,allow,allow,allow,allow,allow,allow
gate6_ood_unsw,12,42,42,qsvc_zz_r1,sham_tiny_scaling_alpha_0.001,0.0,False,True,True,False,True,False,False,False,False,allow,hold,allow,hold,allow,hold,allow,hold,allow,allow,allow,hold,allow,hold,allow,allow,allow,hold,allow,allow
gate6_ood_unsw,12,42,43,qsvc_zz_r1,sham_tiny_gaussian_sigma_0.001,0.0,False,False,False,False,False,False,False,False,False,allow,allow,allow,hold,allow,allow,allow,hold,allow,allow,allow,hold,allow,allow,allow,allow,allow,allow,allow,allow
gate6_ood_unsw,12,42,43,qsvc_zz_r1,sham_tiny_scaling_alpha_0.001,0.0,False,True,True,False,True,False,False,False,False,allow,hold,allow,hold,allow,hold,allow,hold,allow,allow,allow,hold,allow,hold,allow,allow,allow,hold,allow,allow
gate6_ood_unsw,12,43,42,qsvc_zz_r1,sham_tiny_gaussian_sigma_0.001,0.0,False,False,False,False,False,False,False,False,False,allow,allow,allow,hold,allow,allow,allow,hold,allow,allow,allow,hold,allow,allow,allow,allow,allow,allow,allow,allow
gate6_ood_unsw,12,43,42,qsvc_zz_r1,sham_tiny_scaling_alpha_0.001,0.0,False,True,True,False,True,False,False,False,False,allow,hold,allow,hold,allow,hold,allow,hold,allow,allow,allow,hold,allow,hold,allow,allow,allow,hold,allow,allow
gate6_ood_unsw,12,43,43,qsvc_zz_r1,sham_tiny_gaussian_sigma_0.001,0.0,False,False,False,False,False,False,False,False,False,allow,allow,allow,hold,allow,allow,allow,hold,allow,allow,allow,hold,allow,allow,allow,allow,allow,allow,allow,allow
gate6_ood_unsw,12,43,43,qsvc_zz_r1,sham_tiny_scaling_alpha_0.001,0.0,False,True,True,False,True,False,False,False,False,allow,hold,allow,hold,allow,hold,allow,hold,allow,allow,allow,hold,allow,hold,allow,allow,allow,hold,allow,allow
gate6_ood_unsw,12,44,42,qsvc_zz_r1,sham_tiny_gaussian_sigma_0.001,0.0,False,False,False,False,False,False,False,False,False,allow,allow,allow,hold,allow,allow,allow,hold,allow,allow,allow,hold,allow,allow,allow,allow,allow,allow,allow,allow
gate6_ood_unsw,12,44,42,qsvc_zz_r1,sham_tiny_scaling_alpha_0.001,0.0,False,True,True,False,True,False,False,False,False,allow,hold,allow,hold,allow,hold,allow,hold,allow,allow,allow,hold,allow,hold,allow,allow,allow,hold,allow,allow
gate6_ood_unsw,12,44,43,qsvc_zz_r1,sham_tiny_gaussian_sigma_0.001,0.0,False,False,False,False,False,False,False,False,False,allow,allow,allow,hold,allow,allow,allow,hold,allow,allow,allow,hold,allow,allow,allow,allow,allow,allow,allow,allow
gate6_ood_unsw,12,44,43,qsvc_zz_r1,sham_tiny_scaling_alpha_0.001,0.0,False,True,True,False,True,False,False,False,False,allow,hold,allow,hold,allow,hold,allow,hold,allow,allow,allow,hold,allow,hold,allow,allow,allow,hold,allow,allow
gate6_ood_unsw,12,45,42,qsvc_zz_r1,sham_tiny_gaussian_sigma_0.001,0.0,False,False,False,False,False,False,False,False,False,allow,allow,allow,hold,allow,allow,allow,hold,allow,allow,allow,hold,allow,allow,allow,allow,allow,allow,allow,allow
gate6_ood_unsw,12,45,42,qsvc_zz_r1,sham_tiny_scaling_alpha_0.001,0.0,False,True,True,False,True,False,False,False,False,allow,hold,allow,hold,allow,hold,allow,hold,allow,allow,allow,hold,allow,hold,allow,allow,allow,hold,allow,allow
gate6_ood_unsw,12,45,43,qsvc_zz_r1,sham_tiny_gaussian_sigma_0.001,0.0,False,False,False,False,False,False,False,False,False,allow,allow,allow,hold,allow,allow,allow,hold,allow,allow,allow,hold,allow,allow,allow,allow,allow,allow,allow,allow
gate6_ood_unsw,12,45,43,qsvc_zz_r1,sham_tiny_scaling_alpha_0.001,0.0,False,True,True,False,True,False,False,False,False,allow,hold,allow,hold,allow,hold,allow,hold,allow,allow,allow,hold,allow,hold,allow,allow,allow,hold,allow,allow
gate6_ood_unsw,12,46,42,qsvc_zz_r1,sham_tiny_gaussian_sigma_0.001,0.0,False,False,False,False,False,False,False,False,False,allow,allow,allow,hold,allow,allow,allow,hold,allow,allow,allow,hold,allow,allow,allow,allow,allow,allow,allow,allow
gate6_ood_unsw,12,46,42,qsvc_zz_r1,sham_tiny_scaling_alpha_0.001,-0.0078125,True,True,True,False,True,False,False,False,False,allow,hold,allow,hold,allow,hold,allow,hold,allow,allow,allow,hold,allow,hold,allow,allow,allow,block,block,block
gate6_ood_unsw,12,46,43,qsvc_zz_r1,sham_tiny_gaussian_sigma_0.001,-0.0078125,True,False,False,False,False,False,False,False,False,allow,allow,allow,hold,allow,allow,allow,hold,allow,allow,allow,hold,allow,allow,allow,allow,allow,block,block,block
gate6_ood_unsw,12,46,43,qsvc_zz_r1,sham_tiny_scaling_alpha_0.001,0.0,False,True,True,False,True,False,False,False,False,allow,hold,allow,hold,allow,hold,allow,hold,allow,allow,allow,hold,allow,hold,allow,allow,allow,hold,allow,allow
gate6_ood_unsw,12,42,42,svc_rbf,sham_tiny_gaussian_sigma_0.001,0.0,False,False,False,False,False,False,False,False,False,allow,allow,allow,hold,allow,allow,allow,hold,allow,allow,allow,hold,allow,allow,allow,allow,allow,allow,allow,allow
gate6_ood_unsw,12,42,42,svc_rbf,sham_tiny_scaling_alpha_0.001,0.0,False,False,False,False,False,False,False,False,False,allow,allow,allow,hold,allow,allow,allow,hold,allow,allow,allow,hold,allow,allow,allow,allow,allow,allow,allow,allow
gate6_ood_unsw,12,42,43,svc_rbf,sham_tiny_gaussian_sigma_0.001,0.0,False,False,False,False,False,False,False,False,False,allow,allow,allow,hold,allow,allow,allow,hold,allow,allow,allow,hold,allow,allow,allow,allow,allow,allow,allow,allow
gate6_ood_unsw,12,42,43,svc_rbf,sham_tiny_scaling_alpha_0.001,0.0,False,False,False,False,False,False,False,False,False,allow,allow,allow,hold,allow,allow,allow,hold,allow,allow,allow,hold,allow,allow,allow,allow,allow,allow,allow,allow
gate6_ood_unsw,12,43,42,svc_rbf,sham_tiny_gaussian_sigma_0.001,0.0,False,False,False,False,False,False,False,False,False,allow,allow,allow,hold,allow,allow,allow,hold,allow,allow,allow,hold,allow,allow,allow,allow,allow,allow,allow,allow
gate6_ood_unsw,12,43,42,svc_rbf,sham_tiny_scaling_alpha_0.001,0.0,False,False,False,False,False,False,False,False,False,allow,allow,allow,hold,allow,allow,allow,hold,allow,allow,allow,hold,allow,allow,allow,allow,allow,allow,allow,allow
gate6_ood_unsw,12,43,43,svc_rbf,sham_tiny_gaussian_sigma_0.001,0.0,False,False,False,False,False,False,False,False,False,allow,allow,allow,hold,allow,allow,allow,hold,allow,allow,allow,hold,allow,allow,allow,allow,allow,allow,allow,allow
gate6_ood_unsw,12,43,43,svc_rbf,sham_tiny_scaling_alpha_0.001,0.0,False,False,False,False,False,False,False,False,False,allow,allow,allow,hold,allow,allow,allow,hold,allow,allow,allow,hold,allow,allow,allow,allow,allow,allow,allow,allow
gate6_ood_unsw,12,44,42,svc_rbf,sham_tiny_gaussian_sigma_0.001,0.0,False,False,False,False,False,False,False,False,False,allow,allow,allow,hold,allow,allow,allow,hold,allow,allow,allow,hold,allow,allow,allow,allow,allow,allow,allow,allow
gate6_ood_unsw,12,44,42,svc_rbf,sham_tiny_scaling_alpha_0.001,0.0,False,False,False,False,False,False,False,False,False,allow,allow,allow,hold,allow,allow,allow,hold,allow,allow,allow,hold,allow,allow,allow,allow,allow,allow,allow,allow
gate6_ood_unsw,12,44,43,svc_rbf,sham_tiny_gaussian_sigma_0.001,0.0,False,False,False,False,False,False,False,False,False,allow,allow,allow,hold,allow,allow,allow,hold,allow,allow,allow,hold,allow,allow,allow,allow,allow,allow,allow,allow
gate6_ood_unsw,12,44,43,svc_rbf,sham_tiny_scaling_alpha_0.001,0.0,False,False,False,False,False,False,False,False,False,allow,allow,allow,hold,allow,allow,allow,hold,allow,allow,allow,hold,allow,allow,allow,allow,allow,allow,allow,allow
gate6_ood_unsw,12,45,42,svc_rbf,sham_tiny_gaussian_sigma_0.001,0.0,False,False,False,False,False,False,False,False,False,allow,allow,allow,hold,allow,allow,allow,hold,allow,allow,allow,hold,allow,allow,allow,allow,allow,allow,allow,allow
gate6_ood_unsw,12,45,42,svc_rbf,sham_tiny_scaling_alpha_0.001,0.0,False,False,False,False,False,False,False,False,False,allow,allow,allow,hold,allow,allow,allow,hold,allow,allow,allow,hold,allow,allow,allow,allow,allow,allow,allow,allow
gate6_ood_unsw,12,45,43,svc_rbf,sham_tiny_gaussian_sigma_0.001,0.0,False,False,False,False,False,False,False,False,False,allow,allow,allow,hold,allow,allow,allow,hold,allow,allow,allow,hold,allow,allow,allow,allow,allow,allow,allow,allow
gate6_ood_unsw,12,45,43,svc_rbf,sham_tiny_scaling_alpha_0.001,0.0,False,False,False,False,False,False,False,False,False,allow,allow,allow,hold,allow,allow,allow,hold,allow,allow,allow,hold,allow,allow,allow,allow,allow,allow,allow,allow
gate6_ood_unsw,12,46,42,svc_rbf,sham_tiny_gaussian_sigma_0.001,0.0,False,False,False,False,False,False,False,False,False,allow,allow,allow,hold,allow,allow,allow,hold,allow,allow,allow,hold,allow,allow,allow,allow,allow,allow,allow,allow
gate6_ood_unsw,12,46,42,svc_rbf,sham_tiny_scaling_alpha_0.001,0.0,False,False,False,False,False,False,False,False,False,allow,allow,allow,hold,allow,allow,allow,hold,allow,allow,allow,hold,allow,allow,allow,allow,allow,allow,allow,allow
gate6_ood_unsw,12,46,43,svc_rbf,sham_tiny_gaussian_sigma_0.001,0.0,False,False,False,False,False,False,False,False,False,allow,allow,allow,hold,allow,allow,allow,hold,allow,allow,allow,hold,allow,allow,allow,allow,allow,allow,allow,allow
gate6_ood_unsw,12,46,43,svc_rbf,sham_tiny_scaling_alpha_0.001,0.0,False,False,False,False,False,False,False,False,False,allow,allow,allow,hold,allow,allow,allow,hold,allow,allow,allow,hold,allow,allow,allow,allow,allow,allow,allow,allow
