scope,attack,attack_class,mechanism,strength,regime,sensor,n,n_finite,mean_response,median_response,min_response,max_response,n_sensor_fire,n_only_sensor_fire,n_family_fire,note
near_null_original,sham_tiny_gaussian_sigma_0.001,sham,tiny_gaussian,0.001,I_X,integrity_jsd_vs_clean_eval,600,600,0.002426288488636822,0.0008521461565105,0.0,0.0200662305324052,0.0,0.0,275.0,frozen sensor component
near_null_original,sham_tiny_gaussian_sigma_0.001,sham,tiny_gaussian,0.001,I_XF,integrity_jsd_vs_clean_eval,600,600,0.002426288488636822,0.0008521461565105,0.0,0.0200662305324052,0.0,0.0,247.0,frozen sensor component
near_null_original,sham_tiny_gaussian_sigma_0.001,sham,tiny_gaussian,0.001,I_XFY,integrity_jsd_vs_clean_eval,600,600,0.002426288488636822,0.0008521461565105,0.0,0.0200662305324052,0.0,0.0,243.0,frozen sensor component
near_null_original,sham_tiny_gaussian_sigma_0.001,sham,tiny_gaussian,0.001,I_X,integrity_mmd_vs_clean_eval,600,600,0.0,0.0,0.0,0.0,0.0,0.0,275.0,frozen sensor component
near_null_original,sham_tiny_gaussian_sigma_0.001,sham,tiny_gaussian,0.001,I_XF,integrity_mmd_vs_clean_eval,600,600,0.0,0.0,0.0,0.0,0.0,0.0,247.0,frozen sensor component
near_null_original,sham_tiny_gaussian_sigma_0.001,sham,tiny_gaussian,0.001,I_XFY,integrity_mmd_vs_clean_eval,600,600,0.0,0.0,0.0,0.0,0.0,0.0,243.0,frozen sensor component
near_null_original,sham_tiny_gaussian_sigma_0.001,sham,tiny_gaussian,0.001,I_X,integrity_ks_reject05_vs_clean_eval,600,600,0.507388888888889,0.4,0.0,1.0,392.0,392.0,275.0,frozen sensor component
near_null_original,sham_tiny_gaussian_sigma_0.001,sham,tiny_gaussian,0.001,I_XF,integrity_ks_reject05_vs_clean_eval,600,600,0.507388888888889,0.4,0.0,1.0,392.0,391.0,247.0,frozen sensor component
near_null_original,sham_tiny_gaussian_sigma_0.001,sham,tiny_gaussian,0.001,I_XFY,integrity_ks_reject05_vs_clean_eval,600,600,0.507388888888889,0.4,0.0,1.0,392.0,391.0,243.0,frozen sensor component
near_null_original,sham_tiny_gaussian_sigma_0.001,sham,tiny_gaussian,0.001,I_XF,integrity_score_jsd_vs_clean_eval,600,600,0.007465245443613891,0.0029839663672674,0.0,0.0959917453854222,1.0,0.0,247.0,frozen sensor component
near_null_original,sham_tiny_gaussian_sigma_0.001,sham,tiny_gaussian,0.001,I_XFY,integrity_score_jsd_vs_clean_eval,600,600,0.007465245443613891,0.0029839663672674,0.0,0.0959917453854222,1.0,0.0,243.0,frozen sensor component
near_null_original,sham_tiny_gaussian_sigma_0.001,sham,tiny_gaussian,0.001,I_XF,integrity_pred_pos_rate_shift,600,600,0.0003255208333333333,0.0,0.0,0.015625,0.0,0.0,247.0,frozen sensor component
near_null_original,sham_tiny_gaussian_sigma_0.001,sham,tiny_gaussian,0.001,I_XFY,integrity_pred_pos_rate_shift,600,600,0.0003255208333333333,0.0,0.0,0.015625,0.0,0.0,243.0,frozen sensor component
near_null_original,sham_tiny_gaussian_sigma_0.001,sham,tiny_gaussian,0.001,I_XF,integrity_pred_jsd,600,600,1.441858209195335e-06,0.0,0.0,0.0001257920804816,0.0,0.0,247.0,frozen sensor component
near_null_original,sham_tiny_gaussian_sigma_0.001,sham,tiny_gaussian,0.001,I_XFY,integrity_pred_jsd,600,600,1.441858209195335e-06,0.0,0.0,0.0001257920804816,0.0,0.0,243.0,frozen sensor component
near_null_original,sham_tiny_gaussian_sigma_0.001,sham,tiny_gaussian,0.001,I_Ym,integrity_label_prior_shift,600,600,0.0,0.0,0.0,0.0,0.0,0.0,0.0,frozen sensor component
near_null_original,sham_tiny_gaussian_sigma_0.001,sham,tiny_gaussian,0.001,I_XFY,integrity_label_prior_shift,600,600,0.0,0.0,0.0,0.0,0.0,0.0,243.0,frozen sensor component
near_null_original,sham_tiny_gaussian_sigma_0.001,sham,tiny_gaussian,0.001,I_Ym,integrity_label_jsd,600,600,0.0,0.0,0.0,0.0,0.0,0.0,0.0,frozen sensor component
near_null_original,sham_tiny_gaussian_sigma_0.001,sham,tiny_gaussian,0.001,I_XFY,integrity_label_jsd,600,600,0.0,0.0,0.0,0.0,0.0,0.0,243.0,frozen sensor component
near_null_original,sham_tiny_gaussian_sigma_0.001,sham,tiny_gaussian,0.001,I_XFY,integrity_confusion_profile_l1,600,600,0.0006510416666666666,0.0,0.0,0.03125,0.0,0.0,243.0,frozen sensor component
near_null_original,sham_tiny_gaussian_sigma_0.001,sham,tiny_gaussian,0.001,I_XFY,integrity_confusion_profile_jsd,600,600,5.176840494548731e-06,0.0,0.0,0.0004091509890118,0.0,0.0,243.0,frozen sensor component
near_null_original,sham_tiny_gaussian_sigma_0.001,sham,tiny_gaussian,0.001,descriptive_only,integrity_ks_mean_vs_clean_eval,600,600,0.17416596137152776,0.15625,0.0859375,0.3720703125,,,,KS mean is descriptive; ks_reject05 is the prespecified calibrated component
near_null_original,sham_tiny_scaling_alpha_0.001,sham,tiny_scaling,0.001,I_X,integrity_jsd_vs_clean_eval,600,600,0.0049389779975715946,0.0009416377757191,0.0,0.1061906074160798,13.0,0.0,375.0,frozen sensor component
near_null_original,sham_tiny_scaling_alpha_0.001,sham,tiny_scaling,0.001,I_XF,integrity_jsd_vs_clean_eval,600,600,0.0049389779975715946,0.0009416377757191,0.0,0.1061906074160798,13.0,0.0,356.0,frozen sensor component
near_null_original,sham_tiny_scaling_alpha_0.001,sham,tiny_scaling,0.001,I_XFY,integrity_jsd_vs_clean_eval,600,600,0.0049389779975715946,0.0009416377757191,0.0,0.1061906074160798,13.0,0.0,333.0,frozen sensor component
near_null_original,sham_tiny_scaling_alpha_0.001,sham,tiny_scaling,0.001,I_X,integrity_mmd_vs_clean_eval,600,600,0.0005523229940185379,0.0,0.0,0.0691039207797218,0.0,0.0,375.0,frozen sensor component
near_null_original,sham_tiny_scaling_alpha_0.001,sham,tiny_scaling,0.001,I_XF,integrity_mmd_vs_clean_eval,600,600,0.0005523229940185379,0.0,0.0,0.0691039207797218,0.0,0.0,356.0,frozen sensor component
near_null_original,sham_tiny_scaling_alpha_0.001,sham,tiny_scaling,0.001,I_XFY,integrity_mmd_vs_clean_eval,600,600,0.0005523229940185379,0.0,0.0,0.0691039207797218,0.0,0.0,333.0,frozen sensor component
near_null_original,sham_tiny_scaling_alpha_0.001,sham,tiny_scaling,0.001,I_X,integrity_ks_reject05_vs_clean_eval,600,600,0.6414166666666667,0.725,0.0833333333333333,1.0,512.0,499.0,375.0,frozen sensor component
near_null_original,sham_tiny_scaling_alpha_0.001,sham,tiny_scaling,0.001,I_XF,integrity_ks_reject05_vs_clean_eval,600,600,0.6414166666666667,0.725,0.0833333333333333,1.0,512.0,436.0,356.0,frozen sensor component
near_null_original,sham_tiny_scaling_alpha_0.001,sham,tiny_scaling,0.001,I_XFY,integrity_ks_reject05_vs_clean_eval,600,600,0.6414166666666667,0.725,0.0833333333333333,1.0,512.0,436.0,333.0,frozen sensor component
near_null_original,sham_tiny_scaling_alpha_0.001,sham,tiny_scaling,0.001,I_XF,integrity_score_jsd_vs_clean_eval,600,600,0.034652409163483035,0.008959393037851399,0.0,0.3229094379318254,74.0,1.0,356.0,frozen sensor component
near_null_original,sham_tiny_scaling_alpha_0.001,sham,tiny_scaling,0.001,I_XFY,integrity_score_jsd_vs_clean_eval,600,600,0.034652409163483035,0.008959393037851399,0.0,0.3229094379318254,74.0,1.0,333.0,frozen sensor component
near_null_original,sham_tiny_scaling_alpha_0.001,sham,tiny_scaling,0.001,I_XF,integrity_pred_pos_rate_shift,600,600,0.0012760416666666666,0.0,0.0,0.0546875,0.0,0.0,356.0,frozen sensor component
near_null_original,sham_tiny_scaling_alpha_0.001,sham,tiny_scaling,0.001,I_XFY,integrity_pred_pos_rate_shift,600,600,0.0012760416666666666,0.0,0.0,0.0546875,0.0,0.0,333.0,frozen sensor component
near_null_original,sham_tiny_scaling_alpha_0.001,sham,tiny_scaling,0.001,I_XF,integrity_pred_jsd,600,600,2.4498602696431616e-05,0.0,0.0,0.0040555246109173,0.0,0.0,356.0,frozen sensor component
near_null_original,sham_tiny_scaling_alpha_0.001,sham,tiny_scaling,0.001,I_XFY,integrity_pred_jsd,600,600,2.4498602696431616e-05,0.0,0.0,0.0040555246109173,0.0,0.0,333.0,frozen sensor component
near_null_original,sham_tiny_scaling_alpha_0.001,sham,tiny_scaling,0.001,I_Ym,integrity_label_prior_shift,600,600,0.0,0.0,0.0,0.0,0.0,0.0,0.0,frozen sensor component
near_null_original,sham_tiny_scaling_alpha_0.001,sham,tiny_scaling,0.001,I_XFY,integrity_label_prior_shift,600,600,0.0,0.0,0.0,0.0,0.0,0.0,333.0,frozen sensor component
near_null_original,sham_tiny_scaling_alpha_0.001,sham,tiny_scaling,0.001,I_Ym,integrity_label_jsd,600,600,0.0,0.0,0.0,0.0,0.0,0.0,0.0,frozen sensor component
near_null_original,sham_tiny_scaling_alpha_0.001,sham,tiny_scaling,0.001,I_XFY,integrity_label_jsd,600,600,0.0,0.0,0.0,0.0,0.0,0.0,333.0,frozen sensor component
near_null_original,sham_tiny_scaling_alpha_0.001,sham,tiny_scaling,0.001,I_XFY,integrity_confusion_profile_l1,600,600,0.0025520833333333333,0.0,0.0,0.109375,0.0,0.0,333.0,frozen sensor component
near_null_original,sham_tiny_scaling_alpha_0.001,sham,tiny_scaling,0.001,I_XFY,integrity_confusion_profile_jsd,600,600,5.429500604033282e-05,0.0,0.0,0.0061564132001841,0.0,0.0,333.0,frozen sensor component
near_null_original,sham_tiny_scaling_alpha_0.001,sham,tiny_scaling,0.001,descriptive_only,integrity_ks_mean_vs_clean_eval,600,600,0.29696956380208334,0.259375,0.1263020833333333,0.6959635416666666,,,,KS mean is descriptive; ks_reject05 is the prespecified calibrated component
core_original,feature_dropout_p_0.020,pipeline,dropout,,I_X,integrity_jsd_vs_clean_eval,600,600,0.0008562968309710125,0.0007262091112901,0.0,0.0032441137041759,0.0,0.0,0.0,frozen sensor component
core_original,feature_dropout_p_0.020,pipeline,dropout,,I_XF,integrity_jsd_vs_clean_eval,600,600,0.0008562968309710125,0.0007262091112901,0.0,0.0032441137041759,0.0,0.0,0.0,frozen sensor component
core_original,feature_dropout_p_0.020,pipeline,dropout,,I_XFY,integrity_jsd_vs_clean_eval,600,600,0.0008562968309710125,0.0007262091112901,0.0,0.0032441137041759,0.0,0.0,0.0,frozen sensor component
core_original,feature_dropout_p_0.020,pipeline,dropout,,I_X,integrity_mmd_vs_clean_eval,600,600,0.0,0.0,0.0,0.0,0.0,0.0,0.0,frozen sensor component
core_original,feature_dropout_p_0.020,pipeline,dropout,,I_XF,integrity_mmd_vs_clean_eval,600,600,0.0,0.0,0.0,0.0,0.0,0.0,0.0,frozen sensor component
core_original,feature_dropout_p_0.020,pipeline,dropout,,I_XFY,integrity_mmd_vs_clean_eval,600,600,0.0,0.0,0.0,0.0,0.0,0.0,0.0,frozen sensor component
core_original,feature_dropout_p_0.020,pipeline,dropout,,I_X,integrity_ks_reject05_vs_clean_eval,600,600,0.0,0.0,0.0,0.0,0.0,0.0,0.0,frozen sensor component
core_original,feature_dropout_p_0.020,pipeline,dropout,,I_XF,integrity_ks_reject05_vs_clean_eval,600,600,0.0,0.0,0.0,0.0,0.0,0.0,0.0,frozen sensor component
core_original,feature_dropout_p_0.020,pipeline,dropout,,I_XFY,integrity_ks_reject05_vs_clean_eval,600,600,0.0,0.0,0.0,0.0,0.0,0.0,0.0,frozen sensor component
core_original,feature_dropout_p_0.020,pipeline,dropout,,I_XF,integrity_score_jsd_vs_clean_eval,600,600,0.00781051879452185,0.0067937187229802996,0.0,0.0353212612301908,0.0,0.0,0.0,frozen sensor component
core_original,feature_dropout_p_0.020,pipeline,dropout,,I_XFY,integrity_score_jsd_vs_clean_eval,600,600,0.00781051879452185,0.0067937187229802996,0.0,0.0353212612301908,0.0,0.0,0.0,frozen sensor component
core_original,feature_dropout_p_0.020,pipeline,dropout,,I_XF,integrity_pred_pos_rate_shift,600,600,0.00560546875,0.0,0.0,0.046875,0.0,0.0,0.0,frozen sensor component
core_original,feature_dropout_p_0.020,pipeline,dropout,,I_XFY,integrity_pred_pos_rate_shift,600,600,0.00560546875,0.0,0.0,0.046875,0.0,0.0,0.0,frozen sensor component
core_original,feature_dropout_p_0.020,pipeline,dropout,,I_XF,integrity_pred_jsd,600,600,8.131656072014895e-05,0.0,0.0,0.0027152654958747,0.0,0.0,0.0,frozen sensor component
core_original,feature_dropout_p_0.020,pipeline,dropout,,I_XFY,integrity_pred_jsd,600,600,8.131656072014895e-05,0.0,0.0,0.0027152654958747,0.0,0.0,0.0,frozen sensor component
core_original,feature_dropout_p_0.020,pipeline,dropout,,I_Ym,integrity_label_prior_shift,600,600,0.0,0.0,0.0,0.0,0.0,0.0,0.0,frozen sensor component
core_original,feature_dropout_p_0.020,pipeline,dropout,,I_XFY,integrity_label_prior_shift,600,600,0.0,0.0,0.0,0.0,0.0,0.0,0.0,frozen sensor component
core_original,feature_dropout_p_0.020,pipeline,dropout,,I_Ym,integrity_label_jsd,600,600,0.0,0.0,0.0,0.0,0.0,0.0,0.0,frozen sensor component
core_original,feature_dropout_p_0.020,pipeline,dropout,,I_XFY,integrity_label_jsd,600,600,0.0,0.0,0.0,0.0,0.0,0.0,0.0,frozen sensor component
core_original,feature_dropout_p_0.020,pipeline,dropout,,I_XFY,integrity_confusion_profile_l1,600,600,0.011809895833333256,0.0,0.0,0.09375,0.0,0.0,0.0,frozen sensor component
core_original,feature_dropout_p_0.020,pipeline,dropout,,I_XFY,integrity_confusion_profile_jsd,600,600,0.00017212788716110407,0.0,0.0,0.0042792979082685,0.0,0.0,0.0,frozen sensor component
core_original,feature_dropout_p_0.020,pipeline,dropout,,descriptive_only,integrity_ks_mean_vs_clean_eval,600,600,0.013408637152777765,0.01328125,0.0094401041666666,0.01953125,,,,KS mean is descriptive; ks_reject05 is the prespecified calibrated component
core_original,feature_dropout_p_0.050,pipeline,dropout,,I_X,integrity_jsd_vs_clean_eval,600,600,0.0028003681586803754,0.00239689347601855,0.0003948401364828,0.0147033597038242,0.0,0.0,0.0,frozen sensor component
core_original,feature_dropout_p_0.050,pipeline,dropout,,I_XF,integrity_jsd_vs_clean_eval,600,600,0.0028003681586803754,0.00239689347601855,0.0003948401364828,0.0147033597038242,0.0,0.0,6.0,frozen sensor component
core_original,feature_dropout_p_0.050,pipeline,dropout,,I_XFY,integrity_jsd_vs_clean_eval,600,600,0.0028003681586803754,0.00239689347601855,0.0003948401364828,0.0147033597038242,0.0,0.0,7.0,frozen sensor component
core_original,feature_dropout_p_0.050,pipeline,dropout,,I_X,integrity_mmd_vs_clean_eval,600,600,0.0,0.0,0.0,0.0,0.0,0.0,0.0,frozen sensor component
core_original,feature_dropout_p_0.050,pipeline,dropout,,I_XF,integrity_mmd_vs_clean_eval,600,600,0.0,0.0,0.0,0.0,0.0,0.0,6.0,frozen sensor component
core_original,feature_dropout_p_0.050,pipeline,dropout,,I_XFY,integrity_mmd_vs_clean_eval,600,600,0.0,0.0,0.0,0.0,0.0,0.0,7.0,frozen sensor component
core_original,feature_dropout_p_0.050,pipeline,dropout,,I_X,integrity_ks_reject05_vs_clean_eval,600,600,0.0,0.0,0.0,0.0,0.0,0.0,0.0,frozen sensor component
core_original,feature_dropout_p_0.050,pipeline,dropout,,I_XF,integrity_ks_reject05_vs_clean_eval,600,600,0.0,0.0,0.0,0.0,0.0,0.0,6.0,frozen sensor component
core_original,feature_dropout_p_0.050,pipeline,dropout,,I_XFY,integrity_ks_reject05_vs_clean_eval,600,600,0.0,0.0,0.0,0.0,0.0,0.0,7.0,frozen sensor component
core_original,feature_dropout_p_0.050,pipeline,dropout,,I_XF,integrity_score_jsd_vs_clean_eval,600,600,0.022554572832808862,0.018977236918809502,0.0002281254265395,0.0993282255927831,1.0,1.0,6.0,frozen sensor component
core_original,feature_dropout_p_0.050,pipeline,dropout,,I_XFY,integrity_score_jsd_vs_clean_eval,600,600,0.022554572832808862,0.018977236918809502,0.0002281254265395,0.0993282255927831,1.0,1.0,7.0,frozen sensor component
core_original,feature_dropout_p_0.050,pipeline,dropout,,I_XF,integrity_pred_pos_rate_shift,600,600,0.013450520833333333,0.0078125,0.0,0.21875,9.0,1.0,6.0,frozen sensor component
core_original,feature_dropout_p_0.050,pipeline,dropout,,I_XFY,integrity_pred_pos_rate_shift,600,600,0.013450520833333333,0.0078125,0.0,0.21875,9.0,1.0,7.0,frozen sensor component
core_original,feature_dropout_p_0.050,pipeline,dropout,,I_XF,integrity_pred_jsd,600,600,0.00042478494456288374,3.809028002789601e-05,0.0,0.0265682081560624,11.0,3.0,6.0,frozen sensor component
core_original,feature_dropout_p_0.050,pipeline,dropout,,I_XFY,integrity_pred_jsd,600,600,0.00042478494456288374,3.809028002789601e-05,0.0,0.0265682081560624,11.0,3.0,7.0,frozen sensor component
core_original,feature_dropout_p_0.050,pipeline,dropout,,I_Ym,integrity_label_prior_shift,600,600,0.0,0.0,0.0,0.0,0.0,0.0,0.0,frozen sensor component
core_original,feature_dropout_p_0.050,pipeline,dropout,,I_XFY,integrity_label_prior_shift,600,600,0.0,0.0,0.0,0.0,0.0,0.0,7.0,frozen sensor component
core_original,feature_dropout_p_0.050,pipeline,dropout,,I_Ym,integrity_label_jsd,600,600,0.0,0.0,0.0,0.0,0.0,0.0,0.0,frozen sensor component
core_original,feature_dropout_p_0.050,pipeline,dropout,,I_XFY,integrity_label_jsd,600,600,0.0,0.0,0.0,0.0,0.0,0.0,7.0,frozen sensor component
core_original,feature_dropout_p_0.050,pipeline,dropout,,I_XFY,integrity_confusion_profile_l1,600,600,0.030390624999999692,0.015625,0.0,0.4375,4.0,0.0,7.0,frozen sensor component
core_original,feature_dropout_p_0.050,pipeline,dropout,,I_XFY,integrity_confusion_profile_jsd,600,600,0.000790521504322876,0.0001597180972362,0.0,0.0281796208715895,6.0,0.0,7.0,frozen sensor component
core_original,feature_dropout_p_0.050,pipeline,dropout,,descriptive_only,integrity_ks_mean_vs_clean_eval,600,600,0.035196397569444426,0.03515625,0.0283203125,0.0478515625,,,,KS mean is descriptive; ks_reject05 is the prespecified calibrated component
core_original,feature_dropout_p_0.100,pipeline,dropout,,I_X,integrity_jsd_vs_clean_eval,600,600,0.005782038551136367,0.00478134976371195,0.0005724364336145,0.0237546407316108,0.0,0.0,0.0,frozen sensor component
core_original,feature_dropout_p_0.100,pipeline,dropout,,I_XF,integrity_jsd_vs_clean_eval,600,600,0.005782038551136367,0.00478134976371195,0.0005724364336145,0.0237546407316108,0.0,0.0,19.0,frozen sensor component
core_original,feature_dropout_p_0.100,pipeline,dropout,,I_XFY,integrity_jsd_vs_clean_eval,600,600,0.005782038551136367,0.00478134976371195,0.0005724364336145,0.0237546407316108,0.0,0.0,18.0,frozen sensor component
core_original,feature_dropout_p_0.100,pipeline,dropout,,I_X,integrity_mmd_vs_clean_eval,600,600,0.000202125721799445,0.0,0.0,0.0378945419956066,0.0,0.0,0.0,frozen sensor component
core_original,feature_dropout_p_0.100,pipeline,dropout,,I_XF,integrity_mmd_vs_clean_eval,600,600,0.000202125721799445,0.0,0.0,0.0378945419956066,0.0,0.0,19.0,frozen sensor component
core_original,feature_dropout_p_0.100,pipeline,dropout,,I_XFY,integrity_mmd_vs_clean_eval,600,600,0.000202125721799445,0.0,0.0,0.0378945419956066,0.0,0.0,18.0,frozen sensor component
core_original,feature_dropout_p_0.100,pipeline,dropout,,I_X,integrity_ks_reject05_vs_clean_eval,600,600,0.0,0.0,0.0,0.0,0.0,0.0,0.0,frozen sensor component
core_original,feature_dropout_p_0.100,pipeline,dropout,,I_XF,integrity_ks_reject05_vs_clean_eval,600,600,0.0,0.0,0.0,0.0,0.0,0.0,19.0,frozen sensor component
core_original,feature_dropout_p_0.100,pipeline,dropout,,I_XFY,integrity_ks_reject05_vs_clean_eval,600,600,0.0,0.0,0.0,0.0,0.0,0.0,18.0,frozen sensor component
core_original,feature_dropout_p_0.100,pipeline,dropout,,I_XF,integrity_score_jsd_vs_clean_eval,600,600,0.038288342039809034,0.03300007209672315,0.0010238501618022,0.155082094015497,21.0,13.0,19.0,frozen sensor component
core_original,feature_dropout_p_0.100,pipeline,dropout,,I_XFY,integrity_score_jsd_vs_clean_eval,600,600,0.038288342039809034,0.03300007209672315,0.0010238501618022,0.155082094015497,21.0,13.0,18.0,frozen sensor component
core_original,feature_dropout_p_0.100,pipeline,dropout,,I_XF,integrity_pred_pos_rate_shift,600,600,0.023515625,0.015625,0.0,0.21875,19.0,0.0,19.0,frozen sensor component
core_original,feature_dropout_p_0.100,pipeline,dropout,,I_XFY,integrity_pred_pos_rate_shift,600,600,0.023515625,0.015625,0.0,0.21875,19.0,0.0,18.0,frozen sensor component
core_original,feature_dropout_p_0.100,pipeline,dropout,,I_XF,integrity_pred_jsd,600,600,0.0009531056710609528,0.0001871743950049,0.0,0.0265682081560624,23.0,3.0,19.0,frozen sensor component
core_original,feature_dropout_p_0.100,pipeline,dropout,,I_XFY,integrity_pred_jsd,600,600,0.0009531056710609528,0.0001871743950049,0.0,0.0265682081560624,23.0,3.0,18.0,frozen sensor component
core_original,feature_dropout_p_0.100,pipeline,dropout,,I_Ym,integrity_label_prior_shift,600,600,0.0,0.0,0.0,0.0,0.0,0.0,0.0,frozen sensor component
core_original,feature_dropout_p_0.100,pipeline,dropout,,I_XFY,integrity_label_prior_shift,600,600,0.0,0.0,0.0,0.0,0.0,0.0,18.0,frozen sensor component
core_original,feature_dropout_p_0.100,pipeline,dropout,,I_Ym,integrity_label_jsd,600,600,0.0,0.0,0.0,0.0,0.0,0.0,0.0,frozen sensor component
core_original,feature_dropout_p_0.100,pipeline,dropout,,I_XFY,integrity_label_jsd,600,600,0.0,0.0,0.0,0.0,0.0,0.0,18.0,frozen sensor component
core_original,feature_dropout_p_0.100,pipeline,dropout,,I_XFY,integrity_confusion_profile_l1,600,600,0.05341145833333297,0.03125,0.0,0.4375,11.0,0.0,18.0,frozen sensor component
core_original,feature_dropout_p_0.100,pipeline,dropout,,I_XFY,integrity_confusion_profile_jsd,600,600,0.0017845151763670726,0.0005518143351751501,0.0,0.0354607566259091,14.0,0.0,18.0,frozen sensor component
core_original,feature_dropout_p_0.100,pipeline,dropout,,descriptive_only,integrity_ks_mean_vs_clean_eval,600,600,0.06210655381944444,0.0625,0.05,0.07421875,,,,KS mean is descriptive; ks_reject05 is the prespecified calibrated component
core_original,feature_sign_flip_p_0.020,corruption,sign_flip,,I_X,integrity_jsd_vs_clean_eval,600,600,0.0030579562129477685,0.00287014552160745,0.0002781079762463,0.0076445131087154,0.0,0.0,54.0,frozen sensor component
core_original,feature_sign_flip_p_0.020,corruption,sign_flip,,I_XF,integrity_jsd_vs_clean_eval,600,600,0.0030579562129477685,0.00287014552160745,0.0002781079762463,0.0076445131087154,0.0,0.0,78.0,frozen sensor component
core_original,feature_sign_flip_p_0.020,corruption,sign_flip,,I_XFY,integrity_jsd_vs_clean_eval,600,600,0.0030579562129477685,0.00287014552160745,0.0002781079762463,0.0076445131087154,0.0,0.0,75.0,frozen sensor component
core_original,feature_sign_flip_p_0.020,corruption,sign_flip,,I_X,integrity_mmd_vs_clean_eval,600,600,0.025797202966515727,0.0,0.0,0.1795351390611571,71.0,71.0,54.0,frozen sensor component
core_original,feature_sign_flip_p_0.020,corruption,sign_flip,,I_XF,integrity_mmd_vs_clean_eval,600,600,0.025797202966515727,0.0,0.0,0.1795351390611571,71.0,33.0,78.0,frozen sensor component
core_original,feature_sign_flip_p_0.020,corruption,sign_flip,,I_XFY,integrity_mmd_vs_clean_eval,600,600,0.025797202966515727,0.0,0.0,0.1795351390611571,71.0,33.0,75.0,frozen sensor component
core_original,feature_sign_flip_p_0.020,corruption,sign_flip,,I_X,integrity_ks_reject05_vs_clean_eval,600,600,0.0,0.0,0.0,0.0,0.0,0.0,54.0,frozen sensor component
core_original,feature_sign_flip_p_0.020,corruption,sign_flip,,I_XF,integrity_ks_reject05_vs_clean_eval,600,600,0.0,0.0,0.0,0.0,0.0,0.0,78.0,frozen sensor component
core_original,feature_sign_flip_p_0.020,corruption,sign_flip,,I_XFY,integrity_ks_reject05_vs_clean_eval,600,600,0.0,0.0,0.0,0.0,0.0,0.0,75.0,frozen sensor component
core_original,feature_sign_flip_p_0.020,corruption,sign_flip,,I_XF,integrity_score_jsd_vs_clean_eval,600,600,0.023643361184307602,0.0222630444422677,0.0030000903721877,0.0664637120635072,0.0,0.0,78.0,frozen sensor component
core_original,feature_sign_flip_p_0.020,corruption,sign_flip,,I_XFY,integrity_score_jsd_vs_clean_eval,600,600,0.023643361184307602,0.0222630444422677,0.0030000903721877,0.0664637120635072,0.0,0.0,75.0,frozen sensor component
core_original,feature_sign_flip_p_0.020,corruption,sign_flip,,I_XF,integrity_pred_pos_rate_shift,600,600,0.03525390625,0.015625,0.0,0.2109375,77.0,3.0,78.0,frozen sensor component
core_original,feature_sign_flip_p_0.020,corruption,sign_flip,,I_XFY,integrity_pred_pos_rate_shift,600,600,0.03525390625,0.015625,0.0,0.2109375,77.0,2.0,75.0,frozen sensor component
core_original,feature_sign_flip_p_0.020,corruption,sign_flip,,I_XF,integrity_pred_jsd,600,600,0.0026790751502864213,0.0002878186271199,0.0,0.0366954944308116,78.0,5.0,78.0,frozen sensor component
core_original,feature_sign_flip_p_0.020,corruption,sign_flip,,I_XFY,integrity_pred_jsd,600,600,0.0026790751502864213,0.0002878186271199,0.0,0.0366954944308116,78.0,4.0,75.0,frozen sensor component
core_original,feature_sign_flip_p_0.020,corruption,sign_flip,,I_Ym,integrity_label_prior_shift,600,600,0.0,0.0,0.0,0.0,0.0,0.0,0.0,frozen sensor component
core_original,feature_sign_flip_p_0.020,corruption,sign_flip,,I_XFY,integrity_label_prior_shift,600,600,0.0,0.0,0.0,0.0,0.0,0.0,75.0,frozen sensor component
core_original,feature_sign_flip_p_0.020,corruption,sign_flip,,I_Ym,integrity_label_jsd,600,600,0.0,0.0,0.0,0.0,0.0,0.0,0.0,frozen sensor component
core_original,feature_sign_flip_p_0.020,corruption,sign_flip,,I_XFY,integrity_label_jsd,600,600,0.0,0.0,0.0,0.0,0.0,0.0,75.0,frozen sensor component
core_original,feature_sign_flip_p_0.020,corruption,sign_flip,,I_XFY,integrity_confusion_profile_l1,600,600,0.0757161458333317,0.046875,0.0,0.421875,60.0,0.0,75.0,frozen sensor component
core_original,feature_sign_flip_p_0.020,corruption,sign_flip,,I_XFY,integrity_confusion_profile_jsd,600,600,0.004340130980848415,0.00098193404113035,0.0,0.0617292283959522,75.0,4.0,75.0,frozen sensor component
core_original,feature_sign_flip_p_0.020,corruption,sign_flip,,descriptive_only,integrity_ks_mean_vs_clean_eval,600,600,0.019663140190972216,0.0205078125,0.0107421875,0.02265625,,,,KS mean is descriptive; ks_reject05 is the prespecified calibrated component
core_original,feature_sign_flip_p_0.050,corruption,sign_flip,,I_X,integrity_jsd_vs_clean_eval,600,600,0.009736277527238067,0.0096575216249093,0.0034686760947629,0.0184983439532757,0.0,0.0,281.0,frozen sensor component
core_original,feature_sign_flip_p_0.050,corruption,sign_flip,,I_XF,integrity_jsd_vs_clean_eval,600,600,0.009736277527238067,0.0096575216249093,0.0034686760947629,0.0184983439532757,0.0,0.0,310.0,frozen sensor component
core_original,feature_sign_flip_p_0.050,corruption,sign_flip,,I_XFY,integrity_jsd_vs_clean_eval,600,600,0.009736277527238067,0.0096575216249093,0.0034686760947629,0.0184983439532757,0.0,0.0,283.0,frozen sensor component
core_original,feature_sign_flip_p_0.050,corruption,sign_flip,,I_X,integrity_mmd_vs_clean_eval,600,600,0.1168449374846067,0.11201358622797389,0.0,0.4210877136185831,319.0,319.0,281.0,frozen sensor component
core_original,feature_sign_flip_p_0.050,corruption,sign_flip,,I_XF,integrity_mmd_vs_clean_eval,600,600,0.1168449374846067,0.11201358622797389,0.0,0.4210877136185831,319.0,100.0,310.0,frozen sensor component
core_original,feature_sign_flip_p_0.050,corruption,sign_flip,,I_XFY,integrity_mmd_vs_clean_eval,600,600,0.1168449374846067,0.11201358622797389,0.0,0.4210877136185831,319.0,89.0,283.0,frozen sensor component
core_original,feature_sign_flip_p_0.050,corruption,sign_flip,,I_X,integrity_ks_reject05_vs_clean_eval,600,600,0.0,0.0,0.0,0.0,0.0,0.0,281.0,frozen sensor component
core_original,feature_sign_flip_p_0.050,corruption,sign_flip,,I_XF,integrity_ks_reject05_vs_clean_eval,600,600,0.0,0.0,0.0,0.0,0.0,0.0,310.0,frozen sensor component
core_original,feature_sign_flip_p_0.050,corruption,sign_flip,,I_XFY,integrity_ks_reject05_vs_clean_eval,600,600,0.0,0.0,0.0,0.0,0.0,0.0,283.0,frozen sensor component
core_original,feature_sign_flip_p_0.050,corruption,sign_flip,,I_XF,integrity_score_jsd_vs_clean_eval,600,600,0.06545090262543714,0.058505302629690545,0.0108510722071001,0.1738803545616749,138.0,17.0,310.0,frozen sensor component
core_original,feature_sign_flip_p_0.050,corruption,sign_flip,,I_XFY,integrity_score_jsd_vs_clean_eval,600,600,0.06545090262543714,0.058505302629690545,0.0108510722071001,0.1738803545616749,138.0,16.0,283.0,frozen sensor component
core_original,feature_sign_flip_p_0.050,corruption,sign_flip,,I_XF,integrity_pred_pos_rate_shift,600,600,0.0832421875,0.0390625,0.0,0.4453125,219.0,5.0,310.0,frozen sensor component
core_original,feature_sign_flip_p_0.050,corruption,sign_flip,,I_XFY,integrity_pred_pos_rate_shift,600,600,0.0832421875,0.0390625,0.0,0.4453125,219.0,1.0,283.0,frozen sensor component
core_original,feature_sign_flip_p_0.050,corruption,sign_flip,,I_XF,integrity_pred_jsd,600,600,0.010988133582866585,0.0024924486886903,0.0,0.1275348527411924,225.0,9.0,310.0,frozen sensor component
core_original,feature_sign_flip_p_0.050,corruption,sign_flip,,I_XFY,integrity_pred_jsd,600,600,0.010988133582866585,0.0024924486886903,0.0,0.1275348527411924,225.0,7.0,283.0,frozen sensor component
core_original,feature_sign_flip_p_0.050,corruption,sign_flip,,I_Ym,integrity_label_prior_shift,600,600,0.0,0.0,0.0,0.0,0.0,0.0,0.0,frozen sensor component
core_original,feature_sign_flip_p_0.050,corruption,sign_flip,,I_XFY,integrity_label_prior_shift,600,600,0.0,0.0,0.0,0.0,0.0,0.0,283.0,frozen sensor component
core_original,feature_sign_flip_p_0.050,corruption,sign_flip,,I_Ym,integrity_label_jsd,600,600,0.0,0.0,0.0,0.0,0.0,0.0,0.0,frozen sensor component
core_original,feature_sign_flip_p_0.050,corruption,sign_flip,,I_XFY,integrity_label_jsd,600,600,0.0,0.0,0.0,0.0,0.0,0.0,283.0,frozen sensor component
core_original,feature_sign_flip_p_0.050,corruption,sign_flip,,I_XFY,integrity_confusion_profile_l1,600,600,0.17692708333333096,0.09375,0.0,0.8906249999999859,167.0,0.0,283.0,frozen sensor component
core_original,feature_sign_flip_p_0.050,corruption,sign_flip,,I_XFY,integrity_confusion_profile_jsd,600,600,0.015479486001934101,0.0057532386198738995,0.0,0.149725993847458,202.0,2.0,283.0,frozen sensor component
core_original,feature_sign_flip_p_0.050,corruption,sign_flip,,descriptive_only,integrity_ks_mean_vs_clean_eval,600,600,0.050084798177083334,0.0515625,0.02421875,0.06328125,,,,KS mean is descriptive; ks_reject05 is the prespecified calibrated component
core_original,feature_sign_flip_p_0.100,corruption,sign_flip,,I_X,integrity_jsd_vs_clean_eval,600,600,0.020446921145927128,0.0201702295350552,0.009685377783644,0.0355879627909406,0.0,0.0,430.0,frozen sensor component
core_original,feature_sign_flip_p_0.100,corruption,sign_flip,,I_XF,integrity_jsd_vs_clean_eval,600,600,0.020446921145927128,0.0201702295350552,0.009685377783644,0.0355879627909406,0.0,0.0,503.0,frozen sensor component
core_original,feature_sign_flip_p_0.100,corruption,sign_flip,,I_XFY,integrity_jsd_vs_clean_eval,600,600,0.020446921145927128,0.0201702295350552,0.009685377783644,0.0355879627909406,0.0,0.0,495.0,frozen sensor component
core_original,feature_sign_flip_p_0.100,corruption,sign_flip,,I_X,integrity_mmd_vs_clean_eval,600,600,0.19349226068243056,0.1910483678674969,0.0,0.5610369288347862,454.0,454.0,430.0,frozen sensor component
core_original,feature_sign_flip_p_0.100,corruption,sign_flip,,I_XF,integrity_mmd_vs_clean_eval,600,600,0.19349226068243056,0.1910483678674969,0.0,0.5610369288347862,454.0,37.0,503.0,frozen sensor component
core_original,feature_sign_flip_p_0.100,corruption,sign_flip,,I_XFY,integrity_mmd_vs_clean_eval,600,600,0.19349226068243056,0.1910483678674969,0.0,0.5610369288347862,454.0,33.0,495.0,frozen sensor component
core_original,feature_sign_flip_p_0.100,corruption,sign_flip,,I_X,integrity_ks_reject05_vs_clean_eval,600,600,0.01481944444444444,0.0,0.0,0.375,0.0,0.0,430.0,frozen sensor component
core_original,feature_sign_flip_p_0.100,corruption,sign_flip,,I_XF,integrity_ks_reject05_vs_clean_eval,600,600,0.01481944444444444,0.0,0.0,0.375,0.0,0.0,503.0,frozen sensor component
core_original,feature_sign_flip_p_0.100,corruption,sign_flip,,I_XFY,integrity_ks_reject05_vs_clean_eval,600,600,0.01481944444444444,0.0,0.0,0.375,0.0,0.0,495.0,frozen sensor component
core_original,feature_sign_flip_p_0.100,corruption,sign_flip,,I_XF,integrity_score_jsd_vs_clean_eval,600,600,0.12372819005588175,0.10723445407183566,0.0259504734705961,0.3119792952264452,429.0,69.0,503.0,frozen sensor component
core_original,feature_sign_flip_p_0.100,corruption,sign_flip,,I_XFY,integrity_score_jsd_vs_clean_eval,600,600,0.12372819005588175,0.10723445407183566,0.0259504734705961,0.3119792952264452,429.0,54.0,495.0,frozen sensor component
core_original,feature_sign_flip_p_0.100,corruption,sign_flip,,I_XF,integrity_pred_pos_rate_shift,600,600,0.13311197916666667,0.0859375,0.0,0.6328125,306.0,0.0,503.0,frozen sensor component
core_original,feature_sign_flip_p_0.100,corruption,sign_flip,,I_XFY,integrity_pred_pos_rate_shift,600,600,0.13311197916666667,0.0859375,0.0,0.6328125,306.0,0.0,495.0,frozen sensor component
core_original,feature_sign_flip_p_0.100,corruption,sign_flip,,I_XF,integrity_pred_jsd,600,600,0.024965943570375338,0.0064671452535289,0.0,0.2368106944112351,306.0,0.0,503.0,frozen sensor component
core_original,feature_sign_flip_p_0.100,corruption,sign_flip,,I_XFY,integrity_pred_jsd,600,600,0.024965943570375338,0.0064671452535289,0.0,0.2368106944112351,306.0,0.0,495.0,frozen sensor component
core_original,feature_sign_flip_p_0.100,corruption,sign_flip,,I_Ym,integrity_label_prior_shift,600,600,0.0,0.0,0.0,0.0,0.0,0.0,0.0,frozen sensor component
core_original,feature_sign_flip_p_0.100,corruption,sign_flip,,I_XFY,integrity_label_prior_shift,600,600,0.0,0.0,0.0,0.0,0.0,0.0,495.0,frozen sensor component
core_original,feature_sign_flip_p_0.100,corruption,sign_flip,,I_Ym,integrity_label_jsd,600,600,0.0,0.0,0.0,0.0,0.0,0.0,0.0,frozen sensor component
core_original,feature_sign_flip_p_0.100,corruption,sign_flip,,I_XFY,integrity_label_jsd,600,600,0.0,0.0,0.0,0.0,0.0,0.0,495.0,frozen sensor component
core_original,feature_sign_flip_p_0.100,corruption,sign_flip,,I_XFY,integrity_confusion_profile_l1,600,600,0.28593749999999685,0.1875,0.0,1.265625,276.0,0.0,495.0,frozen sensor component
core_original,feature_sign_flip_p_0.100,corruption,sign_flip,,I_XFY,integrity_confusion_profile_jsd,600,600,0.033356009921919026,0.016450869652389948,0.0,0.2627336259028537,327.0,1.0,495.0,frozen sensor component
core_original,feature_sign_flip_p_0.100,corruption,sign_flip,,descriptive_only,integrity_ks_mean_vs_clean_eval,600,600,0.09288248697916664,0.09912109374999994,0.0419921875,0.11328125,,,,KS mean is descriptive; ks_reject05 is the prespecified calibrated component
core_original,label_flip_prior_preserving_r_0.020,target_shift,label_flip_prior_preserving,0.02,I_X,integrity_jsd_vs_clean_eval,600,600,0.0,0.0,0.0,0.0,0.0,0.0,0.0,frozen sensor component
core_original,label_flip_prior_preserving_r_0.020,target_shift,label_flip_prior_preserving,0.02,I_XF,integrity_jsd_vs_clean_eval,600,600,0.0,0.0,0.0,0.0,0.0,0.0,0.0,frozen sensor component
core_original,label_flip_prior_preserving_r_0.020,target_shift,label_flip_prior_preserving,0.02,I_XFY,integrity_jsd_vs_clean_eval,600,600,0.0,0.0,0.0,0.0,0.0,0.0,0.0,frozen sensor component
core_original,label_flip_prior_preserving_r_0.020,target_shift,label_flip_prior_preserving,0.02,I_X,integrity_mmd_vs_clean_eval,600,600,0.0,0.0,0.0,0.0,0.0,0.0,0.0,frozen sensor component
core_original,label_flip_prior_preserving_r_0.020,target_shift,label_flip_prior_preserving,0.02,I_XF,integrity_mmd_vs_clean_eval,600,600,0.0,0.0,0.0,0.0,0.0,0.0,0.0,frozen sensor component
core_original,label_flip_prior_preserving_r_0.020,target_shift,label_flip_prior_preserving,0.02,I_XFY,integrity_mmd_vs_clean_eval,600,600,0.0,0.0,0.0,0.0,0.0,0.0,0.0,frozen sensor component
core_original,label_flip_prior_preserving_r_0.020,target_shift,label_flip_prior_preserving,0.02,I_X,integrity_ks_reject05_vs_clean_eval,600,600,0.0,0.0,0.0,0.0,0.0,0.0,0.0,frozen sensor component
core_original,label_flip_prior_preserving_r_0.020,target_shift,label_flip_prior_preserving,0.02,I_XF,integrity_ks_reject05_vs_clean_eval,600,600,0.0,0.0,0.0,0.0,0.0,0.0,0.0,frozen sensor component
core_original,label_flip_prior_preserving_r_0.020,target_shift,label_flip_prior_preserving,0.02,I_XFY,integrity_ks_reject05_vs_clean_eval,600,600,0.0,0.0,0.0,0.0,0.0,0.0,0.0,frozen sensor component
core_original,label_flip_prior_preserving_r_0.020,target_shift,label_flip_prior_preserving,0.02,I_XF,integrity_score_jsd_vs_clean_eval,600,600,0.0,0.0,0.0,0.0,0.0,0.0,0.0,frozen sensor component
core_original,label_flip_prior_preserving_r_0.020,target_shift,label_flip_prior_preserving,0.02,I_XFY,integrity_score_jsd_vs_clean_eval,600,600,0.0,0.0,0.0,0.0,0.0,0.0,0.0,frozen sensor component
core_original,label_flip_prior_preserving_r_0.020,target_shift,label_flip_prior_preserving,0.02,I_XF,integrity_pred_pos_rate_shift,600,600,0.0,0.0,0.0,0.0,0.0,0.0,0.0,frozen sensor component
core_original,label_flip_prior_preserving_r_0.020,target_shift,label_flip_prior_preserving,0.02,I_XFY,integrity_pred_pos_rate_shift,600,600,0.0,0.0,0.0,0.0,0.0,0.0,0.0,frozen sensor component
core_original,label_flip_prior_preserving_r_0.020,target_shift,label_flip_prior_preserving,0.02,I_XF,integrity_pred_jsd,600,600,0.0,0.0,0.0,0.0,0.0,0.0,0.0,frozen sensor component
core_original,label_flip_prior_preserving_r_0.020,target_shift,label_flip_prior_preserving,0.02,I_XFY,integrity_pred_jsd,600,600,0.0,0.0,0.0,0.0,0.0,0.0,0.0,frozen sensor component
core_original,label_flip_prior_preserving_r_0.020,target_shift,label_flip_prior_preserving,0.02,I_Ym,integrity_label_prior_shift,600,600,0.0,0.0,0.0,0.0,0.0,0.0,0.0,frozen sensor component
core_original,label_flip_prior_preserving_r_0.020,target_shift,label_flip_prior_preserving,0.02,I_XFY,integrity_label_prior_shift,600,600,0.0,0.0,0.0,0.0,0.0,0.0,0.0,frozen sensor component
core_original,label_flip_prior_preserving_r_0.020,target_shift,label_flip_prior_preserving,0.02,I_Ym,integrity_label_jsd,600,600,0.0,0.0,0.0,0.0,0.0,0.0,0.0,frozen sensor component
core_original,label_flip_prior_preserving_r_0.020,target_shift,label_flip_prior_preserving,0.02,I_XFY,integrity_label_jsd,600,600,0.0,0.0,0.0,0.0,0.0,0.0,0.0,frozen sensor component
core_original,label_flip_prior_preserving_r_0.020,target_shift,label_flip_prior_preserving,0.02,I_XFY,integrity_confusion_profile_l1,600,600,0.012968749999999559,0.0,0.0,0.03125,0.0,0.0,0.0,frozen sensor component
core_original,label_flip_prior_preserving_r_0.020,target_shift,label_flip_prior_preserving,0.02,I_XFY,integrity_confusion_profile_jsd,600,600,0.00023541066483535937,0.0,0.0,0.0054459705168889,0.0,0.0,0.0,frozen sensor component
core_original,label_flip_prior_preserving_r_0.020,target_shift,label_flip_prior_preserving,0.02,descriptive_only,integrity_ks_mean_vs_clean_eval,600,600,0.0,0.0,0.0,0.0,,,,KS mean is descriptive; ks_reject05 is the prespecified calibrated component
core_original,label_flip_prior_preserving_r_0.050,target_shift,label_flip_prior_preserving,0.05,I_X,integrity_jsd_vs_clean_eval,600,600,0.0,0.0,0.0,0.0,0.0,0.0,0.0,frozen sensor component
core_original,label_flip_prior_preserving_r_0.050,target_shift,label_flip_prior_preserving,0.05,I_XF,integrity_jsd_vs_clean_eval,600,600,0.0,0.0,0.0,0.0,0.0,0.0,0.0,frozen sensor component
core_original,label_flip_prior_preserving_r_0.050,target_shift,label_flip_prior_preserving,0.05,I_XFY,integrity_jsd_vs_clean_eval,600,600,0.0,0.0,0.0,0.0,0.0,0.0,0.0,frozen sensor component
core_original,label_flip_prior_preserving_r_0.050,target_shift,label_flip_prior_preserving,0.05,I_X,integrity_mmd_vs_clean_eval,600,600,0.0,0.0,0.0,0.0,0.0,0.0,0.0,frozen sensor component
core_original,label_flip_prior_preserving_r_0.050,target_shift,label_flip_prior_preserving,0.05,I_XF,integrity_mmd_vs_clean_eval,600,600,0.0,0.0,0.0,0.0,0.0,0.0,0.0,frozen sensor component
core_original,label_flip_prior_preserving_r_0.050,target_shift,label_flip_prior_preserving,0.05,I_XFY,integrity_mmd_vs_clean_eval,600,600,0.0,0.0,0.0,0.0,0.0,0.0,0.0,frozen sensor component
core_original,label_flip_prior_preserving_r_0.050,target_shift,label_flip_prior_preserving,0.05,I_X,integrity_ks_reject05_vs_clean_eval,600,600,0.0,0.0,0.0,0.0,0.0,0.0,0.0,frozen sensor component
core_original,label_flip_prior_preserving_r_0.050,target_shift,label_flip_prior_preserving,0.05,I_XF,integrity_ks_reject05_vs_clean_eval,600,600,0.0,0.0,0.0,0.0,0.0,0.0,0.0,frozen sensor component
core_original,label_flip_prior_preserving_r_0.050,target_shift,label_flip_prior_preserving,0.05,I_XFY,integrity_ks_reject05_vs_clean_eval,600,600,0.0,0.0,0.0,0.0,0.0,0.0,0.0,frozen sensor component
core_original,label_flip_prior_preserving_r_0.050,target_shift,label_flip_prior_preserving,0.05,I_XF,integrity_score_jsd_vs_clean_eval,600,600,0.0,0.0,0.0,0.0,0.0,0.0,0.0,frozen sensor component
core_original,label_flip_prior_preserving_r_0.050,target_shift,label_flip_prior_preserving,0.05,I_XFY,integrity_score_jsd_vs_clean_eval,600,600,0.0,0.0,0.0,0.0,0.0,0.0,0.0,frozen sensor component
core_original,label_flip_prior_preserving_r_0.050,target_shift,label_flip_prior_preserving,0.05,I_XF,integrity_pred_pos_rate_shift,600,600,0.0,0.0,0.0,0.0,0.0,0.0,0.0,frozen sensor component
core_original,label_flip_prior_preserving_r_0.050,target_shift,label_flip_prior_preserving,0.05,I_XFY,integrity_pred_pos_rate_shift,600,600,0.0,0.0,0.0,0.0,0.0,0.0,0.0,frozen sensor component
core_original,label_flip_prior_preserving_r_0.050,target_shift,label_flip_prior_preserving,0.05,I_XF,integrity_pred_jsd,600,600,0.0,0.0,0.0,0.0,0.0,0.0,0.0,frozen sensor component
core_original,label_flip_prior_preserving_r_0.050,target_shift,label_flip_prior_preserving,0.05,I_XFY,integrity_pred_jsd,600,600,0.0,0.0,0.0,0.0,0.0,0.0,0.0,frozen sensor component
core_original,label_flip_prior_preserving_r_0.050,target_shift,label_flip_prior_preserving,0.05,I_Ym,integrity_label_prior_shift,600,600,0.0,0.0,0.0,0.0,0.0,0.0,0.0,frozen sensor component
core_original,label_flip_prior_preserving_r_0.050,target_shift,label_flip_prior_preserving,0.05,I_XFY,integrity_label_prior_shift,600,600,0.0,0.0,0.0,0.0,0.0,0.0,0.0,frozen sensor component
core_original,label_flip_prior_preserving_r_0.050,target_shift,label_flip_prior_preserving,0.05,I_Ym,integrity_label_jsd,600,600,0.0,0.0,0.0,0.0,0.0,0.0,0.0,frozen sensor component
core_original,label_flip_prior_preserving_r_0.050,target_shift,label_flip_prior_preserving,0.05,I_XFY,integrity_label_jsd,600,600,0.0,0.0,0.0,0.0,0.0,0.0,0.0,frozen sensor component
core_original,label_flip_prior_preserving_r_0.050,target_shift,label_flip_prior_preserving,0.05,I_XFY,integrity_confusion_profile_l1,600,600,0.03218749999999931,0.03125,0.0,0.09375,0.0,0.0,0.0,frozen sensor component
core_original,label_flip_prior_preserving_r_0.050,target_shift,label_flip_prior_preserving,0.05,I_XFY,integrity_confusion_profile_jsd,600,600,0.0008673311005242477,0.0002644813354014,0.0,0.0075841637342509,1.0,1.0,0.0,frozen sensor component
core_original,label_flip_prior_preserving_r_0.050,target_shift,label_flip_prior_preserving,0.05,descriptive_only,integrity_ks_mean_vs_clean_eval,600,600,0.0,0.0,0.0,0.0,,,,KS mean is descriptive; ks_reject05 is the prespecified calibrated component
core_original,label_flip_prior_preserving_r_0.100,target_shift,label_flip_prior_preserving,0.1,I_X,integrity_jsd_vs_clean_eval,600,600,0.0,0.0,0.0,0.0,0.0,0.0,0.0,frozen sensor component
core_original,label_flip_prior_preserving_r_0.100,target_shift,label_flip_prior_preserving,0.1,I_XF,integrity_jsd_vs_clean_eval,600,600,0.0,0.0,0.0,0.0,0.0,0.0,0.0,frozen sensor component
core_original,label_flip_prior_preserving_r_0.100,target_shift,label_flip_prior_preserving,0.1,I_XFY,integrity_jsd_vs_clean_eval,600,600,0.0,0.0,0.0,0.0,0.0,0.0,7.0,frozen sensor component
core_original,label_flip_prior_preserving_r_0.100,target_shift,label_flip_prior_preserving,0.1,I_X,integrity_mmd_vs_clean_eval,600,600,0.0,0.0,0.0,0.0,0.0,0.0,0.0,frozen sensor component
core_original,label_flip_prior_preserving_r_0.100,target_shift,label_flip_prior_preserving,0.1,I_XF,integrity_mmd_vs_clean_eval,600,600,0.0,0.0,0.0,0.0,0.0,0.0,0.0,frozen sensor component
core_original,label_flip_prior_preserving_r_0.100,target_shift,label_flip_prior_preserving,0.1,I_XFY,integrity_mmd_vs_clean_eval,600,600,0.0,0.0,0.0,0.0,0.0,0.0,7.0,frozen sensor component
core_original,label_flip_prior_preserving_r_0.100,target_shift,label_flip_prior_preserving,0.1,I_X,integrity_ks_reject05_vs_clean_eval,600,600,0.0,0.0,0.0,0.0,0.0,0.0,0.0,frozen sensor component
core_original,label_flip_prior_preserving_r_0.100,target_shift,label_flip_prior_preserving,0.1,I_XF,integrity_ks_reject05_vs_clean_eval,600,600,0.0,0.0,0.0,0.0,0.0,0.0,0.0,frozen sensor component
core_original,label_flip_prior_preserving_r_0.100,target_shift,label_flip_prior_preserving,0.1,I_XFY,integrity_ks_reject05_vs_clean_eval,600,600,0.0,0.0,0.0,0.0,0.0,0.0,7.0,frozen sensor component
core_original,label_flip_prior_preserving_r_0.100,target_shift,label_flip_prior_preserving,0.1,I_XF,integrity_score_jsd_vs_clean_eval,600,600,0.0,0.0,0.0,0.0,0.0,0.0,0.0,frozen sensor component
core_original,label_flip_prior_preserving_r_0.100,target_shift,label_flip_prior_preserving,0.1,I_XFY,integrity_score_jsd_vs_clean_eval,600,600,0.0,0.0,0.0,0.0,0.0,0.0,7.0,frozen sensor component
core_original,label_flip_prior_preserving_r_0.100,target_shift,label_flip_prior_preserving,0.1,I_XF,integrity_pred_pos_rate_shift,600,600,0.0,0.0,0.0,0.0,0.0,0.0,0.0,frozen sensor component
core_original,label_flip_prior_preserving_r_0.100,target_shift,label_flip_prior_preserving,0.1,I_XFY,integrity_pred_pos_rate_shift,600,600,0.0,0.0,0.0,0.0,0.0,0.0,7.0,frozen sensor component
core_original,label_flip_prior_preserving_r_0.100,target_shift,label_flip_prior_preserving,0.1,I_XF,integrity_pred_jsd,600,600,0.0,0.0,0.0,0.0,0.0,0.0,0.0,frozen sensor component
core_original,label_flip_prior_preserving_r_0.100,target_shift,label_flip_prior_preserving,0.1,I_XFY,integrity_pred_jsd,600,600,0.0,0.0,0.0,0.0,0.0,0.0,7.0,frozen sensor component
core_original,label_flip_prior_preserving_r_0.100,target_shift,label_flip_prior_preserving,0.1,I_Ym,integrity_label_prior_shift,600,600,0.0,0.0,0.0,0.0,0.0,0.0,0.0,frozen sensor component
core_original,label_flip_prior_preserving_r_0.100,target_shift,label_flip_prior_preserving,0.1,I_XFY,integrity_label_prior_shift,600,600,0.0,0.0,0.0,0.0,0.0,0.0,7.0,frozen sensor component
core_original,label_flip_prior_preserving_r_0.100,target_shift,label_flip_prior_preserving,0.1,I_Ym,integrity_label_jsd,600,600,0.0,0.0,0.0,0.0,0.0,0.0,0.0,frozen sensor component
core_original,label_flip_prior_preserving_r_0.100,target_shift,label_flip_prior_preserving,0.1,I_XFY,integrity_label_jsd,600,600,0.0,0.0,0.0,0.0,0.0,0.0,7.0,frozen sensor component
core_original,label_flip_prior_preserving_r_0.100,target_shift,label_flip_prior_preserving,0.1,I_XFY,integrity_confusion_profile_l1,600,600,0.06916666666666556,0.0625,0.0,0.1875,1.0,0.0,7.0,frozen sensor component
core_original,label_flip_prior_preserving_r_0.100,target_shift,label_flip_prior_preserving,0.1,I_XFY,integrity_confusion_profile_jsd,600,600,0.0027821522422863195,0.0017108983234286,0.0,0.0193862918021411,20.0,19.0,7.0,frozen sensor component
core_original,label_flip_prior_preserving_r_0.100,target_shift,label_flip_prior_preserving,0.1,descriptive_only,integrity_ks_mean_vs_clean_eval,600,600,0.0,0.0,0.0,0.0,,,,KS mean is descriptive; ks_reject05 is the prespecified calibrated component
core_original,label_flip_r_0.020,target_shift,label_flip,,I_X,integrity_jsd_vs_clean_eval,600,600,0.0,0.0,0.0,0.0,0.0,0.0,0.0,frozen sensor component
core_original,label_flip_r_0.020,target_shift,label_flip,,I_XF,integrity_jsd_vs_clean_eval,600,600,0.0,0.0,0.0,0.0,0.0,0.0,0.0,frozen sensor component
core_original,label_flip_r_0.020,target_shift,label_flip,,I_XFY,integrity_jsd_vs_clean_eval,600,600,0.0,0.0,0.0,0.0,0.0,0.0,0.0,frozen sensor component
core_original,label_flip_r_0.020,target_shift,label_flip,,I_X,integrity_mmd_vs_clean_eval,600,600,0.0,0.0,0.0,0.0,0.0,0.0,0.0,frozen sensor component
core_original,label_flip_r_0.020,target_shift,label_flip,,I_XF,integrity_mmd_vs_clean_eval,600,600,0.0,0.0,0.0,0.0,0.0,0.0,0.0,frozen sensor component
core_original,label_flip_r_0.020,target_shift,label_flip,,I_XFY,integrity_mmd_vs_clean_eval,600,600,0.0,0.0,0.0,0.0,0.0,0.0,0.0,frozen sensor component
core_original,label_flip_r_0.020,target_shift,label_flip,,I_X,integrity_ks_reject05_vs_clean_eval,600,600,0.0,0.0,0.0,0.0,0.0,0.0,0.0,frozen sensor component
core_original,label_flip_r_0.020,target_shift,label_flip,,I_XF,integrity_ks_reject05_vs_clean_eval,600,600,0.0,0.0,0.0,0.0,0.0,0.0,0.0,frozen sensor component
core_original,label_flip_r_0.020,target_shift,label_flip,,I_XFY,integrity_ks_reject05_vs_clean_eval,600,600,0.0,0.0,0.0,0.0,0.0,0.0,0.0,frozen sensor component
core_original,label_flip_r_0.020,target_shift,label_flip,,I_XF,integrity_score_jsd_vs_clean_eval,600,600,0.0,0.0,0.0,0.0,0.0,0.0,0.0,frozen sensor component
core_original,label_flip_r_0.020,target_shift,label_flip,,I_XFY,integrity_score_jsd_vs_clean_eval,600,600,0.0,0.0,0.0,0.0,0.0,0.0,0.0,frozen sensor component
core_original,label_flip_r_0.020,target_shift,label_flip,,I_XF,integrity_pred_pos_rate_shift,600,600,0.0,0.0,0.0,0.0,0.0,0.0,0.0,frozen sensor component
core_original,label_flip_r_0.020,target_shift,label_flip,,I_XFY,integrity_pred_pos_rate_shift,600,600,0.0,0.0,0.0,0.0,0.0,0.0,0.0,frozen sensor component
core_original,label_flip_r_0.020,target_shift,label_flip,,I_XF,integrity_pred_jsd,600,600,0.0,0.0,0.0,0.0,0.0,0.0,0.0,frozen sensor component
core_original,label_flip_r_0.020,target_shift,label_flip,,I_XFY,integrity_pred_jsd,600,600,0.0,0.0,0.0,0.0,0.0,0.0,0.0,frozen sensor component
core_original,label_flip_r_0.020,target_shift,label_flip,,I_Ym,integrity_label_prior_shift,600,600,0.00984375,0.0078125,0.0,0.03125,0.0,0.0,0.0,frozen sensor component
core_original,label_flip_r_0.020,target_shift,label_flip,,I_XFY,integrity_label_prior_shift,600,600,0.00984375,0.0078125,0.0,0.03125,0.0,0.0,0.0,frozen sensor component
core_original,label_flip_r_0.020,target_shift,label_flip,,I_Ym,integrity_label_jsd,600,600,7.816817141015937e-05,3.051975144599192e-05,0.0,0.0004888385244522,0.0,0.0,0.0,frozen sensor component
core_original,label_flip_r_0.020,target_shift,label_flip,,I_XFY,integrity_label_jsd,600,600,7.816817141015937e-05,3.051975144599192e-05,0.0,0.0004888385244522,0.0,0.0,0.0,frozen sensor component
core_original,label_flip_r_0.020,target_shift,label_flip,,I_XFY,integrity_confusion_profile_l1,600,600,0.031067708333332743,0.03125,0.0,0.0625,0.0,0.0,0.0,frozen sensor component
core_original,label_flip_r_0.020,target_shift,label_flip,,I_XFY,integrity_confusion_profile_jsd,600,600,0.0005395702868729918,0.00023733000163544997,0.0,0.0058782423756302,0.0,0.0,0.0,frozen sensor component
core_original,label_flip_r_0.020,target_shift,label_flip,,descriptive_only,integrity_ks_mean_vs_clean_eval,600,600,0.0,0.0,0.0,0.0,,,,KS mean is descriptive; ks_reject05 is the prespecified calibrated component
core_original,label_flip_r_0.050,target_shift,label_flip,,I_X,integrity_jsd_vs_clean_eval,600,600,0.0,0.0,0.0,0.0,0.0,0.0,0.0,frozen sensor component
core_original,label_flip_r_0.050,target_shift,label_flip,,I_XF,integrity_jsd_vs_clean_eval,600,600,0.0,0.0,0.0,0.0,0.0,0.0,0.0,frozen sensor component
core_original,label_flip_r_0.050,target_shift,label_flip,,I_XFY,integrity_jsd_vs_clean_eval,600,600,0.0,0.0,0.0,0.0,0.0,0.0,0.0,frozen sensor component
core_original,label_flip_r_0.050,target_shift,label_flip,,I_X,integrity_mmd_vs_clean_eval,600,600,0.0,0.0,0.0,0.0,0.0,0.0,0.0,frozen sensor component
core_original,label_flip_r_0.050,target_shift,label_flip,,I_XF,integrity_mmd_vs_clean_eval,600,600,0.0,0.0,0.0,0.0,0.0,0.0,0.0,frozen sensor component
core_original,label_flip_r_0.050,target_shift,label_flip,,I_XFY,integrity_mmd_vs_clean_eval,600,600,0.0,0.0,0.0,0.0,0.0,0.0,0.0,frozen sensor component
core_original,label_flip_r_0.050,target_shift,label_flip,,I_X,integrity_ks_reject05_vs_clean_eval,600,600,0.0,0.0,0.0,0.0,0.0,0.0,0.0,frozen sensor component
core_original,label_flip_r_0.050,target_shift,label_flip,,I_XF,integrity_ks_reject05_vs_clean_eval,600,600,0.0,0.0,0.0,0.0,0.0,0.0,0.0,frozen sensor component
core_original,label_flip_r_0.050,target_shift,label_flip,,I_XFY,integrity_ks_reject05_vs_clean_eval,600,600,0.0,0.0,0.0,0.0,0.0,0.0,0.0,frozen sensor component
core_original,label_flip_r_0.050,target_shift,label_flip,,I_XF,integrity_score_jsd_vs_clean_eval,600,600,0.0,0.0,0.0,0.0,0.0,0.0,0.0,frozen sensor component
core_original,label_flip_r_0.050,target_shift,label_flip,,I_XFY,integrity_score_jsd_vs_clean_eval,600,600,0.0,0.0,0.0,0.0,0.0,0.0,0.0,frozen sensor component
core_original,label_flip_r_0.050,target_shift,label_flip,,I_XF,integrity_pred_pos_rate_shift,600,600,0.0,0.0,0.0,0.0,0.0,0.0,0.0,frozen sensor component
core_original,label_flip_r_0.050,target_shift,label_flip,,I_XFY,integrity_pred_pos_rate_shift,600,600,0.0,0.0,0.0,0.0,0.0,0.0,0.0,frozen sensor component
core_original,label_flip_r_0.050,target_shift,label_flip,,I_XF,integrity_pred_jsd,600,600,0.0,0.0,0.0,0.0,0.0,0.0,0.0,frozen sensor component
core_original,label_flip_r_0.050,target_shift,label_flip,,I_XFY,integrity_pred_jsd,600,600,0.0,0.0,0.0,0.0,0.0,0.0,0.0,frozen sensor component
core_original,label_flip_r_0.050,target_shift,label_flip,,I_Ym,integrity_label_prior_shift,600,600,0.01140625,0.0078125,0.0,0.0390625,0.0,0.0,0.0,frozen sensor component
core_original,label_flip_r_0.050,target_shift,label_flip,,I_XFY,integrity_label_prior_shift,600,600,0.01140625,0.0078125,0.0,0.0390625,0.0,0.0,0.0,frozen sensor component
core_original,label_flip_r_0.050,target_shift,label_flip,,I_Ym,integrity_label_jsd,600,600,0.00011607279679719987,3.051975144599192e-05,0.0,0.0007643013153583,0.0,0.0,0.0,frozen sensor component
core_original,label_flip_r_0.050,target_shift,label_flip,,I_XFY,integrity_label_jsd,600,600,0.00011607279679719987,3.051975144599192e-05,0.0,0.0007643013153583,0.0,0.0,0.0,frozen sensor component
core_original,label_flip_r_0.050,target_shift,label_flip,,I_XFY,integrity_confusion_profile_l1,600,600,0.05484374999999909,0.046875,0.0,0.15625,0.0,0.0,0.0,frozen sensor component
core_original,label_flip_r_0.050,target_shift,label_flip,,I_XFY,integrity_confusion_profile_jsd,600,600,0.0016835069424415905,0.000789126051307,0.0,0.0126912189254318,2.0,2.0,0.0,frozen sensor component
core_original,label_flip_r_0.050,target_shift,label_flip,,descriptive_only,integrity_ks_mean_vs_clean_eval,600,600,0.0,0.0,0.0,0.0,,,,KS mean is descriptive; ks_reject05 is the prespecified calibrated component
core_original,label_flip_r_0.100,target_shift,label_flip,,I_X,integrity_jsd_vs_clean_eval,600,600,0.0,0.0,0.0,0.0,0.0,0.0,0.0,frozen sensor component
core_original,label_flip_r_0.100,target_shift,label_flip,,I_XF,integrity_jsd_vs_clean_eval,600,600,0.0,0.0,0.0,0.0,0.0,0.0,0.0,frozen sensor component
core_original,label_flip_r_0.100,target_shift,label_flip,,I_XFY,integrity_jsd_vs_clean_eval,600,600,0.0,0.0,0.0,0.0,0.0,0.0,4.0,frozen sensor component
core_original,label_flip_r_0.100,target_shift,label_flip,,I_X,integrity_mmd_vs_clean_eval,600,600,0.0,0.0,0.0,0.0,0.0,0.0,0.0,frozen sensor component
core_original,label_flip_r_0.100,target_shift,label_flip,,I_XF,integrity_mmd_vs_clean_eval,600,600,0.0,0.0,0.0,0.0,0.0,0.0,0.0,frozen sensor component
core_original,label_flip_r_0.100,target_shift,label_flip,,I_XFY,integrity_mmd_vs_clean_eval,600,600,0.0,0.0,0.0,0.0,0.0,0.0,4.0,frozen sensor component
core_original,label_flip_r_0.100,target_shift,label_flip,,I_X,integrity_ks_reject05_vs_clean_eval,600,600,0.0,0.0,0.0,0.0,0.0,0.0,0.0,frozen sensor component
core_original,label_flip_r_0.100,target_shift,label_flip,,I_XF,integrity_ks_reject05_vs_clean_eval,600,600,0.0,0.0,0.0,0.0,0.0,0.0,0.0,frozen sensor component
core_original,label_flip_r_0.100,target_shift,label_flip,,I_XFY,integrity_ks_reject05_vs_clean_eval,600,600,0.0,0.0,0.0,0.0,0.0,0.0,4.0,frozen sensor component
core_original,label_flip_r_0.100,target_shift,label_flip,,I_XF,integrity_score_jsd_vs_clean_eval,600,600,0.0,0.0,0.0,0.0,0.0,0.0,0.0,frozen sensor component
core_original,label_flip_r_0.100,target_shift,label_flip,,I_XFY,integrity_score_jsd_vs_clean_eval,600,600,0.0,0.0,0.0,0.0,0.0,0.0,4.0,frozen sensor component
core_original,label_flip_r_0.100,target_shift,label_flip,,I_XF,integrity_pred_pos_rate_shift,600,600,0.0,0.0,0.0,0.0,0.0,0.0,0.0,frozen sensor component
core_original,label_flip_r_0.100,target_shift,label_flip,,I_XFY,integrity_pred_pos_rate_shift,600,600,0.0,0.0,0.0,0.0,0.0,0.0,4.0,frozen sensor component
core_original,label_flip_r_0.100,target_shift,label_flip,,I_XF,integrity_pred_jsd,600,600,0.0,0.0,0.0,0.0,0.0,0.0,0.0,frozen sensor component
core_original,label_flip_r_0.100,target_shift,label_flip,,I_XFY,integrity_pred_jsd,600,600,0.0,0.0,0.0,0.0,0.0,0.0,4.0,frozen sensor component
core_original,label_flip_r_0.100,target_shift,label_flip,,I_Ym,integrity_label_prior_shift,600,600,0.019921875,0.01953125,0.00390625,0.046875,0.0,0.0,0.0,frozen sensor component
core_original,label_flip_r_0.100,target_shift,label_flip,,I_XFY,integrity_label_prior_shift,600,600,0.019921875,0.01953125,0.00390625,0.046875,0.0,0.0,4.0,frozen sensor component
core_original,label_flip_r_0.100,target_shift,label_flip,,I_Ym,integrity_label_jsd,600,600,0.0002356608006425638,0.0001908198068629,7.629530352796501e-06,0.0011014601470781,0.0,0.0,0.0,frozen sensor component
core_original,label_flip_r_0.100,target_shift,label_flip,,I_XFY,integrity_label_jsd,600,600,0.0002356608006425638,0.0001908198068629,7.629530352796501e-06,0.0011014601470781,0.0,0.0,4.0,frozen sensor component
core_original,label_flip_r_0.100,target_shift,label_flip,,I_XFY,integrity_confusion_profile_l1,600,600,0.08216145833333229,0.07812499999998565,0.0156249999999997,0.25,4.0,1.0,4.0,frozen sensor component
core_original,label_flip_r_0.100,target_shift,label_flip,,I_XFY,integrity_confusion_profile_jsd,600,600,0.0028719102070802675,0.0017565373817075998,3.051975144584707e-05,0.0181212166648085,19.0,16.0,4.0,frozen sensor component
core_original,label_flip_r_0.100,target_shift,label_flip,,descriptive_only,integrity_ks_mean_vs_clean_eval,600,600,0.0,0.0,0.0,0.0,,,,KS mean is descriptive; ks_reject05 is the prespecified calibrated component
core_original,mean_shift_pf_delta_0.020,covariate_shift,mean_shift,0.02,I_X,integrity_jsd_vs_clean_eval,600,600,0.06486501327566442,0.0558094694752551,0.0009727065160569,0.2457882650881207,319.0,0.0,600.0,frozen sensor component
core_original,mean_shift_pf_delta_0.020,covariate_shift,mean_shift,0.02,I_XF,integrity_jsd_vs_clean_eval,600,600,0.06486501327566442,0.0558094694752551,0.0009727065160569,0.2457882650881207,319.0,0.0,584.0,frozen sensor component
core_original,mean_shift_pf_delta_0.020,covariate_shift,mean_shift,0.02,I_XFY,integrity_jsd_vs_clean_eval,600,600,0.06486501327566442,0.0558094694752551,0.0009727065160569,0.2457882650881207,319.0,0.0,583.0,frozen sensor component
core_original,mean_shift_pf_delta_0.020,covariate_shift,mean_shift,0.02,I_X,integrity_mmd_vs_clean_eval,600,600,0.05377502407530692,0.0,0.0,0.542977712888753,109.0,0.0,600.0,frozen sensor component
core_original,mean_shift_pf_delta_0.020,covariate_shift,mean_shift,0.02,I_XF,integrity_mmd_vs_clean_eval,600,600,0.05377502407530692,0.0,0.0,0.542977712888753,109.0,0.0,584.0,frozen sensor component
core_original,mean_shift_pf_delta_0.020,covariate_shift,mean_shift,0.02,I_XFY,integrity_mmd_vs_clean_eval,600,600,0.05377502407530692,0.0,0.0,0.542977712888753,109.0,0.0,583.0,frozen sensor component
core_original,mean_shift_pf_delta_0.020,covariate_shift,mean_shift,0.02,I_X,integrity_ks_reject05_vs_clean_eval,600,600,0.9594166666666666,1.0,0.5833333333333334,1.0,600.0,255.0,600.0,frozen sensor component
core_original,mean_shift_pf_delta_0.020,covariate_shift,mean_shift,0.02,I_XF,integrity_ks_reject05_vs_clean_eval,600,600,0.9594166666666666,1.0,0.5833333333333334,1.0,600.0,134.0,584.0,frozen sensor component
core_original,mean_shift_pf_delta_0.020,covariate_shift,mean_shift,0.02,I_XFY,integrity_ks_reject05_vs_clean_eval,600,600,0.9594166666666666,1.0,0.5833333333333334,1.0,600.0,134.0,583.0,frozen sensor component
core_original,mean_shift_pf_delta_0.020,covariate_shift,mean_shift,0.02,I_XF,integrity_score_jsd_vs_clean_eval,600,600,0.16171155737564538,0.14533400506414879,0.0,0.6180530962751228,377.0,0.0,584.0,frozen sensor component
core_original,mean_shift_pf_delta_0.020,covariate_shift,mean_shift,0.02,I_XFY,integrity_score_jsd_vs_clean_eval,600,600,0.16171155737564538,0.14533400506414879,0.0,0.6180530962751228,377.0,0.0,583.0,frozen sensor component
core_original,mean_shift_pf_delta_0.020,covariate_shift,mean_shift,0.02,I_XF,integrity_pred_pos_rate_shift,600,600,0.013450520833333333,0.0,0.0,0.3671875,18.0,0.0,584.0,frozen sensor component
core_original,mean_shift_pf_delta_0.020,covariate_shift,mean_shift,0.02,I_XFY,integrity_pred_pos_rate_shift,600,600,0.013450520833333333,0.0,0.0,0.3671875,18.0,0.0,583.0,frozen sensor component
core_original,mean_shift_pf_delta_0.020,covariate_shift,mean_shift,0.02,I_XF,integrity_pred_jsd,600,600,0.001366936814425058,0.0,0.0,0.1145870423705635,19.0,0.0,584.0,frozen sensor component
core_original,mean_shift_pf_delta_0.020,covariate_shift,mean_shift,0.02,I_XFY,integrity_pred_jsd,600,600,0.001366936814425058,0.0,0.0,0.1145870423705635,19.0,0.0,583.0,frozen sensor component
core_original,mean_shift_pf_delta_0.020,covariate_shift,mean_shift,0.02,I_Ym,integrity_label_prior_shift,600,600,0.0,0.0,0.0,0.0,0.0,0.0,0.0,frozen sensor component
core_original,mean_shift_pf_delta_0.020,covariate_shift,mean_shift,0.02,I_XFY,integrity_label_prior_shift,600,600,0.0,0.0,0.0,0.0,0.0,0.0,583.0,frozen sensor component
core_original,mean_shift_pf_delta_0.020,covariate_shift,mean_shift,0.02,I_Ym,integrity_label_jsd,600,600,0.0,0.0,0.0,0.0,0.0,0.0,0.0,frozen sensor component
core_original,mean_shift_pf_delta_0.020,covariate_shift,mean_shift,0.02,I_XFY,integrity_label_jsd,600,600,0.0,0.0,0.0,0.0,0.0,0.0,583.0,frozen sensor component
core_original,mean_shift_pf_delta_0.020,covariate_shift,mean_shift,0.02,I_XFY,integrity_confusion_profile_l1,600,600,0.027734374999999912,0.0,0.0,0.734375,18.0,0.0,583.0,frozen sensor component
core_original,mean_shift_pf_delta_0.020,covariate_shift,mean_shift,0.02,I_XFY,integrity_confusion_profile_jsd,600,600,0.002347287771526266,0.0,0.0,0.1168349247729942,21.0,0.0,583.0,frozen sensor component
core_original,mean_shift_pf_delta_0.020,covariate_shift,mean_shift,0.02,descriptive_only,integrity_ks_mean_vs_clean_eval,600,600,0.5329871419270834,0.50859375,0.3190104166666667,0.828125,,,,KS mean is descriptive; ks_reject05 is the prespecified calibrated component
core_original,mean_shift_pf_delta_0.050,covariate_shift,mean_shift,0.05,I_X,integrity_jsd_vs_clean_eval,600,600,0.1341698875539045,0.1214313263231792,0.0024049893820509,0.3983506425347364,503.0,0.0,600.0,frozen sensor component
core_original,mean_shift_pf_delta_0.050,covariate_shift,mean_shift,0.05,I_XF,integrity_jsd_vs_clean_eval,600,600,0.1341698875539045,0.1214313263231792,0.0024049893820509,0.3983506425347364,503.0,0.0,599.0,frozen sensor component
core_original,mean_shift_pf_delta_0.050,covariate_shift,mean_shift,0.05,I_XFY,integrity_jsd_vs_clean_eval,600,600,0.1341698875539045,0.1214313263231792,0.0024049893820509,0.3983506425347364,503.0,0.0,598.0,frozen sensor component
core_original,mean_shift_pf_delta_0.050,covariate_shift,mean_shift,0.05,I_X,integrity_mmd_vs_clean_eval,600,600,0.12177403132836247,0.0,0.0,0.7664986238628227,205.0,0.0,600.0,frozen sensor component
core_original,mean_shift_pf_delta_0.050,covariate_shift,mean_shift,0.05,I_XF,integrity_mmd_vs_clean_eval,600,600,0.12177403132836247,0.0,0.0,0.7664986238628227,205.0,0.0,599.0,frozen sensor component
core_original,mean_shift_pf_delta_0.050,covariate_shift,mean_shift,0.05,I_XFY,integrity_mmd_vs_clean_eval,600,600,0.12177403132836247,0.0,0.0,0.7664986238628227,205.0,0.0,598.0,frozen sensor component
core_original,mean_shift_pf_delta_0.050,covariate_shift,mean_shift,0.05,I_X,integrity_ks_reject05_vs_clean_eval,600,600,0.991388888888889,1.0,0.75,1.0,600.0,75.0,600.0,frozen sensor component
core_original,mean_shift_pf_delta_0.050,covariate_shift,mean_shift,0.05,I_XF,integrity_ks_reject05_vs_clean_eval,600,600,0.991388888888889,1.0,0.75,1.0,600.0,25.0,599.0,frozen sensor component
core_original,mean_shift_pf_delta_0.050,covariate_shift,mean_shift,0.05,I_XFY,integrity_ks_reject05_vs_clean_eval,600,600,0.991388888888889,1.0,0.75,1.0,600.0,25.0,598.0,frozen sensor component
core_original,mean_shift_pf_delta_0.050,covariate_shift,mean_shift,0.05,I_XF,integrity_score_jsd_vs_clean_eval,600,600,0.252542959134013,0.23993788807455024,0.0,0.6565680303480375,473.0,0.0,599.0,frozen sensor component
core_original,mean_shift_pf_delta_0.050,covariate_shift,mean_shift,0.05,I_XFY,integrity_score_jsd_vs_clean_eval,600,600,0.252542959134013,0.23993788807455024,0.0,0.6565680303480375,473.0,0.0,598.0,frozen sensor component
core_original,mean_shift_pf_delta_0.050,covariate_shift,mean_shift,0.05,I_XF,integrity_pred_pos_rate_shift,600,600,0.04283854166666667,0.0,0.0,0.625,68.0,0.0,599.0,frozen sensor component
core_original,mean_shift_pf_delta_0.050,covariate_shift,mean_shift,0.05,I_XFY,integrity_pred_pos_rate_shift,600,600,0.04283854166666667,0.0,0.0,0.625,68.0,0.0,598.0,frozen sensor component
core_original,mean_shift_pf_delta_0.050,covariate_shift,mean_shift,0.05,I_XF,integrity_pred_jsd,600,600,0.00973163553220543,0.0,0.0,0.2903047554623328,71.0,0.0,599.0,frozen sensor component
core_original,mean_shift_pf_delta_0.050,covariate_shift,mean_shift,0.05,I_XFY,integrity_pred_jsd,600,600,0.00973163553220543,0.0,0.0,0.2903047554623328,71.0,0.0,598.0,frozen sensor component
core_original,mean_shift_pf_delta_0.050,covariate_shift,mean_shift,0.05,I_Ym,integrity_label_prior_shift,600,600,0.0,0.0,0.0,0.0,0.0,0.0,0.0,frozen sensor component
core_original,mean_shift_pf_delta_0.050,covariate_shift,mean_shift,0.05,I_XFY,integrity_label_prior_shift,600,600,0.0,0.0,0.0,0.0,0.0,0.0,598.0,frozen sensor component
core_original,mean_shift_pf_delta_0.050,covariate_shift,mean_shift,0.05,I_Ym,integrity_label_jsd,600,600,0.0,0.0,0.0,0.0,0.0,0.0,0.0,frozen sensor component
core_original,mean_shift_pf_delta_0.050,covariate_shift,mean_shift,0.05,I_XFY,integrity_label_jsd,600,600,0.0,0.0,0.0,0.0,0.0,0.0,598.0,frozen sensor component
core_original,mean_shift_pf_delta_0.050,covariate_shift,mean_shift,0.05,I_XFY,integrity_confusion_profile_l1,600,600,0.08716145833333246,0.0,0.0,1.249999999999969,62.0,0.0,598.0,frozen sensor component
core_original,mean_shift_pf_delta_0.050,covariate_shift,mean_shift,0.05,I_XFY,integrity_confusion_profile_jsd,600,600,0.013047043496039913,0.0,0.0,0.348576319304515,69.0,0.0,598.0,frozen sensor component
core_original,mean_shift_pf_delta_0.050,covariate_shift,mean_shift,0.05,descriptive_only,integrity_ks_mean_vs_clean_eval,600,600,0.6025600043402778,0.5760416666666667,0.4140625,0.85546875,,,,KS mean is descriptive; ks_reject05 is the prespecified calibrated component
core_original,mean_shift_pf_delta_0.100,covariate_shift,mean_shift,0.1,I_X,integrity_jsd_vs_clean_eval,600,600,0.1865650384581236,0.17865512918676518,0.0033885936671667,0.5035840939262669,537.0,0.0,600.0,frozen sensor component
core_original,mean_shift_pf_delta_0.100,covariate_shift,mean_shift,0.1,I_XF,integrity_jsd_vs_clean_eval,600,600,0.1865650384581236,0.17865512918676518,0.0033885936671667,0.5035840939262669,537.0,0.0,600.0,frozen sensor component
core_original,mean_shift_pf_delta_0.100,covariate_shift,mean_shift,0.1,I_XFY,integrity_jsd_vs_clean_eval,600,600,0.1865650384581236,0.17865512918676518,0.0033885936671667,0.5035840939262669,537.0,0.0,600.0,frozen sensor component
core_original,mean_shift_pf_delta_0.100,covariate_shift,mean_shift,0.1,I_X,integrity_mmd_vs_clean_eval,600,600,0.19095206640173032,0.0499965999222649,0.0,0.8372426436961434,276.0,0.0,600.0,frozen sensor component
core_original,mean_shift_pf_delta_0.100,covariate_shift,mean_shift,0.1,I_XF,integrity_mmd_vs_clean_eval,600,600,0.19095206640173032,0.0499965999222649,0.0,0.8372426436961434,276.0,0.0,600.0,frozen sensor component
core_original,mean_shift_pf_delta_0.100,covariate_shift,mean_shift,0.1,I_XFY,integrity_mmd_vs_clean_eval,600,600,0.19095206640173032,0.0499965999222649,0.0,0.8372426436961434,276.0,0.0,600.0,frozen sensor component
core_original,mean_shift_pf_delta_0.100,covariate_shift,mean_shift,0.1,I_X,integrity_ks_reject05_vs_clean_eval,600,600,0.9940277777777777,1.0,0.875,1.0,600.0,57.0,600.0,frozen sensor component
core_original,mean_shift_pf_delta_0.100,covariate_shift,mean_shift,0.1,I_XF,integrity_ks_reject05_vs_clean_eval,600,600,0.9940277777777777,1.0,0.875,1.0,600.0,8.0,600.0,frozen sensor component
core_original,mean_shift_pf_delta_0.100,covariate_shift,mean_shift,0.1,I_XFY,integrity_ks_reject05_vs_clean_eval,600,600,0.9940277777777777,1.0,0.875,1.0,600.0,8.0,600.0,frozen sensor component
core_original,mean_shift_pf_delta_0.100,covariate_shift,mean_shift,0.1,I_XF,integrity_score_jsd_vs_clean_eval,600,600,0.3181905721105036,0.2970010643215597,0.0015542342874488,0.6728136673924109,527.0,0.0,600.0,frozen sensor component
core_original,mean_shift_pf_delta_0.100,covariate_shift,mean_shift,0.1,I_XFY,integrity_score_jsd_vs_clean_eval,600,600,0.3181905721105036,0.2970010643215597,0.0015542342874488,0.6728136673924109,527.0,0.0,600.0,frozen sensor component
core_original,mean_shift_pf_delta_0.100,covariate_shift,mean_shift,0.1,I_XF,integrity_pred_pos_rate_shift,600,600,0.08904947916666667,0.0078125,0.0,0.890625,133.0,0.0,600.0,frozen sensor component
core_original,mean_shift_pf_delta_0.100,covariate_shift,mean_shift,0.1,I_XFY,integrity_pred_pos_rate_shift,600,600,0.08904947916666667,0.0078125,0.0,0.890625,133.0,0.0,600.0,frozen sensor component
core_original,mean_shift_pf_delta_0.100,covariate_shift,mean_shift,0.1,I_XF,integrity_pred_jsd,600,600,0.026180806704707,0.00012268960149315,0.0,0.5145504392056833,141.0,0.0,600.0,frozen sensor component
core_original,mean_shift_pf_delta_0.100,covariate_shift,mean_shift,0.1,I_XFY,integrity_pred_jsd,600,600,0.026180806704707,0.00012268960149315,0.0,0.5145504392056833,141.0,0.0,600.0,frozen sensor component
core_original,mean_shift_pf_delta_0.100,covariate_shift,mean_shift,0.1,I_Ym,integrity_label_prior_shift,600,600,0.0,0.0,0.0,0.0,0.0,0.0,0.0,frozen sensor component
core_original,mean_shift_pf_delta_0.100,covariate_shift,mean_shift,0.1,I_XFY,integrity_label_prior_shift,600,600,0.0,0.0,0.0,0.0,0.0,0.0,600.0,frozen sensor component
core_original,mean_shift_pf_delta_0.100,covariate_shift,mean_shift,0.1,I_Ym,integrity_label_jsd,600,600,0.0,0.0,0.0,0.0,0.0,0.0,0.0,frozen sensor component
core_original,mean_shift_pf_delta_0.100,covariate_shift,mean_shift,0.1,I_XFY,integrity_label_jsd,600,600,0.0,0.0,0.0,0.0,0.0,0.0,600.0,frozen sensor component
core_original,mean_shift_pf_delta_0.100,covariate_shift,mean_shift,0.1,I_XFY,integrity_confusion_profile_l1,600,600,0.18403645833333043,0.015625,0.0,1.7812499999999845,125.0,0.0,600.0,frozen sensor component
core_original,mean_shift_pf_delta_0.100,covariate_shift,mean_shift,0.1,I_XFY,integrity_confusion_profile_jsd,600,600,0.03324957456695991,0.0002961164432111,0.0,0.5364018144817913,139.0,0.0,600.0,frozen sensor component
core_original,mean_shift_pf_delta_0.100,covariate_shift,mean_shift,0.1,descriptive_only,integrity_ks_mean_vs_clean_eval,600,600,0.6232919379340277,0.6040364583333333,0.4134114583333333,0.8723958333333334,,,,KS mean is descriptive; ks_reject05 is the prespecified calibrated component
core_original,scaling_drift_alpha_0.020,covariate_shift,scaling_drift,,I_X,integrity_jsd_vs_clean_eval,600,600,0.08345877612759647,0.0606163794745506,0.0025360854649709,0.4640721709219209,324.0,0.0,597.0,frozen sensor component
core_original,scaling_drift_alpha_0.020,covariate_shift,scaling_drift,,I_XF,integrity_jsd_vs_clean_eval,600,600,0.08345877612759647,0.0606163794745506,0.0025360854649709,0.4640721709219209,324.0,0.0,578.0,frozen sensor component
core_original,scaling_drift_alpha_0.020,covariate_shift,scaling_drift,,I_XFY,integrity_jsd_vs_clean_eval,600,600,0.08345877612759647,0.0606163794745506,0.0025360854649709,0.4640721709219209,324.0,0.0,567.0,frozen sensor component
core_original,scaling_drift_alpha_0.020,covariate_shift,scaling_drift,,I_X,integrity_mmd_vs_clean_eval,600,600,0.08654604482477095,0.0,0.0,0.7774356702342051,152.0,0.0,597.0,frozen sensor component
core_original,scaling_drift_alpha_0.020,covariate_shift,scaling_drift,,I_XF,integrity_mmd_vs_clean_eval,600,600,0.08654604482477095,0.0,0.0,0.7774356702342051,152.0,0.0,578.0,frozen sensor component
core_original,scaling_drift_alpha_0.020,covariate_shift,scaling_drift,,I_XFY,integrity_mmd_vs_clean_eval,600,600,0.08654604482477095,0.0,0.0,0.7774356702342051,152.0,0.0,567.0,frozen sensor component
core_original,scaling_drift_alpha_0.020,covariate_shift,scaling_drift,,I_X,integrity_ks_reject05_vs_clean_eval,600,600,0.8564166666666667,0.8333333333333334,0.5,1.0,600.0,255.0,597.0,frozen sensor component
core_original,scaling_drift_alpha_0.020,covariate_shift,scaling_drift,,I_XF,integrity_ks_reject05_vs_clean_eval,600,600,0.8564166666666667,0.8333333333333334,0.5,1.0,600.0,194.0,578.0,frozen sensor component
core_original,scaling_drift_alpha_0.020,covariate_shift,scaling_drift,,I_XFY,integrity_ks_reject05_vs_clean_eval,600,600,0.8564166666666667,0.8333333333333334,0.5,1.0,600.0,194.0,567.0,frozen sensor component
core_original,scaling_drift_alpha_0.020,covariate_shift,scaling_drift,,I_XF,integrity_score_jsd_vs_clean_eval,600,600,0.22462415498423793,0.19003699913195055,0.0,0.6619832426961619,379.0,0.0,578.0,frozen sensor component
core_original,scaling_drift_alpha_0.020,covariate_shift,scaling_drift,,I_XFY,integrity_score_jsd_vs_clean_eval,600,600,0.22462415498423793,0.19003699913195055,0.0,0.6619832426961619,379.0,0.0,567.0,frozen sensor component
core_original,scaling_drift_alpha_0.020,covariate_shift,scaling_drift,,I_XF,integrity_pred_pos_rate_shift,600,600,0.05499348958333333,0.00390625,0.0,0.7109375,88.0,0.0,578.0,frozen sensor component
core_original,scaling_drift_alpha_0.020,covariate_shift,scaling_drift,,I_XFY,integrity_pred_pos_rate_shift,600,600,0.05499348958333333,0.00390625,0.0,0.7109375,88.0,0.0,567.0,frozen sensor component
core_original,scaling_drift_alpha_0.020,covariate_shift,scaling_drift,,I_XF,integrity_pred_jsd,600,600,0.014135162443286756,7.928823086501716e-06,0.0,0.2954099368955024,95.0,0.0,578.0,frozen sensor component
core_original,scaling_drift_alpha_0.020,covariate_shift,scaling_drift,,I_XFY,integrity_pred_jsd,600,600,0.014135162443286756,7.928823086501716e-06,0.0,0.2954099368955024,95.0,0.0,567.0,frozen sensor component
core_original,scaling_drift_alpha_0.020,covariate_shift,scaling_drift,,I_Ym,integrity_label_prior_shift,600,600,0.0,0.0,0.0,0.0,0.0,0.0,0.0,frozen sensor component
core_original,scaling_drift_alpha_0.020,covariate_shift,scaling_drift,,I_XFY,integrity_label_prior_shift,600,600,0.0,0.0,0.0,0.0,0.0,0.0,567.0,frozen sensor component
core_original,scaling_drift_alpha_0.020,covariate_shift,scaling_drift,,I_Ym,integrity_label_jsd,600,600,0.0,0.0,0.0,0.0,0.0,0.0,0.0,frozen sensor component
core_original,scaling_drift_alpha_0.020,covariate_shift,scaling_drift,,I_XFY,integrity_label_jsd,600,600,0.0,0.0,0.0,0.0,0.0,0.0,567.0,frozen sensor component
core_original,scaling_drift_alpha_0.020,covariate_shift,scaling_drift,,I_XFY,integrity_confusion_profile_l1,600,600,0.11540364583333176,0.015624999999992,0.0,1.421875,80.0,0.0,567.0,frozen sensor component
core_original,scaling_drift_alpha_0.020,covariate_shift,scaling_drift,,I_XFY,integrity_confusion_profile_jsd,600,600,0.018739407825685023,6.159468517416816e-05,0.0,0.3601496703760044,94.0,0.0,567.0,frozen sensor component
core_original,scaling_drift_alpha_0.020,covariate_shift,scaling_drift,,descriptive_only,integrity_ks_mean_vs_clean_eval,600,600,0.45792263454861115,0.4265625,0.23046875,0.791015625,,,,KS mean is descriptive; ks_reject05 is the prespecified calibrated component
core_original,scaling_drift_alpha_0.050,covariate_shift,scaling_drift,,I_X,integrity_jsd_vs_clean_eval,600,600,0.15232859139767196,0.1311890272273005,0.0080501414884301,0.5454701664818287,433.0,0.0,599.0,frozen sensor component
core_original,scaling_drift_alpha_0.050,covariate_shift,scaling_drift,,I_XF,integrity_jsd_vs_clean_eval,600,600,0.15232859139767196,0.1311890272273005,0.0080501414884301,0.5454701664818287,433.0,0.0,587.0,frozen sensor component
core_original,scaling_drift_alpha_0.050,covariate_shift,scaling_drift,,I_XFY,integrity_jsd_vs_clean_eval,600,600,0.15232859139767196,0.1311890272273005,0.0080501414884301,0.5454701664818287,433.0,0.0,585.0,frozen sensor component
core_original,scaling_drift_alpha_0.050,covariate_shift,scaling_drift,,I_X,integrity_mmd_vs_clean_eval,600,600,0.15874924405510452,0.0,0.0,0.8303939456222925,224.0,0.0,599.0,frozen sensor component
core_original,scaling_drift_alpha_0.050,covariate_shift,scaling_drift,,I_XF,integrity_mmd_vs_clean_eval,600,600,0.15874924405510452,0.0,0.0,0.8303939456222925,224.0,0.0,587.0,frozen sensor component
core_original,scaling_drift_alpha_0.050,covariate_shift,scaling_drift,,I_XFY,integrity_mmd_vs_clean_eval,600,600,0.15874924405510452,0.0,0.0,0.8303939456222925,224.0,0.0,585.0,frozen sensor component
core_original,scaling_drift_alpha_0.050,covariate_shift,scaling_drift,,I_X,integrity_ks_reject05_vs_clean_eval,600,600,0.8904166666666666,0.9,0.625,1.0,600.0,138.0,599.0,frozen sensor component
core_original,scaling_drift_alpha_0.050,covariate_shift,scaling_drift,,I_XF,integrity_ks_reject05_vs_clean_eval,600,600,0.8904166666666666,0.9,0.625,1.0,600.0,85.0,587.0,frozen sensor component
core_original,scaling_drift_alpha_0.050,covariate_shift,scaling_drift,,I_XFY,integrity_ks_reject05_vs_clean_eval,600,600,0.8904166666666666,0.9,0.625,1.0,600.0,85.0,585.0,frozen sensor component
core_original,scaling_drift_alpha_0.050,covariate_shift,scaling_drift,,I_XF,integrity_score_jsd_vs_clean_eval,600,600,0.2858377200554602,0.25289548300641806,0.0088692489784242,0.6694423931058667,471.0,0.0,587.0,frozen sensor component
core_original,scaling_drift_alpha_0.050,covariate_shift,scaling_drift,,I_XFY,integrity_score_jsd_vs_clean_eval,600,600,0.2858377200554602,0.25289548300641806,0.0088692489784242,0.6694423931058667,471.0,0.0,585.0,frozen sensor component
core_original,scaling_drift_alpha_0.050,covariate_shift,scaling_drift,,I_XF,integrity_pred_pos_rate_shift,600,600,0.13261067708333332,0.0078125,0.0,0.90625,183.0,0.0,587.0,frozen sensor component
core_original,scaling_drift_alpha_0.050,covariate_shift,scaling_drift,,I_XFY,integrity_pred_pos_rate_shift,600,600,0.13261067708333332,0.0078125,0.0,0.90625,183.0,0.0,585.0,frozen sensor component
core_original,scaling_drift_alpha_0.050,covariate_shift,scaling_drift,,I_XF,integrity_pred_jsd,600,600,0.04839313156411349,0.0001240133885645,0.0,0.5331816118498816,196.0,0.0,587.0,frozen sensor component
core_original,scaling_drift_alpha_0.050,covariate_shift,scaling_drift,,I_XFY,integrity_pred_jsd,600,600,0.04839313156411349,0.0001240133885645,0.0,0.5331816118498816,196.0,0.0,585.0,frozen sensor component
core_original,scaling_drift_alpha_0.050,covariate_shift,scaling_drift,,I_Ym,integrity_label_prior_shift,600,600,0.0,0.0,0.0,0.0,0.0,0.0,0.0,frozen sensor component
core_original,scaling_drift_alpha_0.050,covariate_shift,scaling_drift,,I_XFY,integrity_label_prior_shift,600,600,0.0,0.0,0.0,0.0,0.0,0.0,585.0,frozen sensor component
core_original,scaling_drift_alpha_0.050,covariate_shift,scaling_drift,,I_Ym,integrity_label_jsd,600,600,0.0,0.0,0.0,0.0,0.0,0.0,0.0,frozen sensor component
core_original,scaling_drift_alpha_0.050,covariate_shift,scaling_drift,,I_XFY,integrity_label_jsd,600,600,0.0,0.0,0.0,0.0,0.0,0.0,585.0,frozen sensor component
core_original,scaling_drift_alpha_0.050,covariate_shift,scaling_drift,,I_XFY,integrity_confusion_profile_l1,600,600,0.2715755208333287,0.03125,0.0,1.812499999999969,162.0,0.0,585.0,frozen sensor component
core_original,scaling_drift_alpha_0.050,covariate_shift,scaling_drift,,I_XFY,integrity_confusion_profile_jsd,600,600,0.0575102178683757,0.0004091509890113,0.0,0.5565840613749181,176.0,0.0,585.0,frozen sensor component
core_original,scaling_drift_alpha_0.050,covariate_shift,scaling_drift,,descriptive_only,integrity_ks_mean_vs_clean_eval,600,600,0.5197390950520834,0.49641927083333337,0.326171875,0.8177083333333334,,,,KS mean is descriptive; ks_reject05 is the prespecified calibrated component
core_original,scaling_drift_alpha_0.100,covariate_shift,scaling_drift,,I_X,integrity_jsd_vs_clean_eval,600,600,0.20252626031003404,0.19115931571705091,0.0142047901753718,0.5595935872295067,547.0,0.0,600.0,frozen sensor component
core_original,scaling_drift_alpha_0.100,covariate_shift,scaling_drift,,I_XF,integrity_jsd_vs_clean_eval,600,600,0.20252626031003404,0.19115931571705091,0.0142047901753718,0.5595935872295067,547.0,0.0,598.0,frozen sensor component
core_original,scaling_drift_alpha_0.100,covariate_shift,scaling_drift,,I_XFY,integrity_jsd_vs_clean_eval,600,600,0.20252626031003404,0.19115931571705091,0.0142047901753718,0.5595935872295067,547.0,0.0,597.0,frozen sensor component
core_original,scaling_drift_alpha_0.100,covariate_shift,scaling_drift,,I_X,integrity_mmd_vs_clean_eval,600,600,0.24060635421047918,0.1101688348302138,0.0,0.8782020745939468,329.0,0.0,600.0,frozen sensor component
core_original,scaling_drift_alpha_0.100,covariate_shift,scaling_drift,,I_XF,integrity_mmd_vs_clean_eval,600,600,0.24060635421047918,0.1101688348302138,0.0,0.8782020745939468,329.0,0.0,598.0,frozen sensor component
core_original,scaling_drift_alpha_0.100,covariate_shift,scaling_drift,,I_XFY,integrity_mmd_vs_clean_eval,600,600,0.24060635421047918,0.1101688348302138,0.0,0.8782020745939468,329.0,0.0,597.0,frozen sensor component
core_original,scaling_drift_alpha_0.100,covariate_shift,scaling_drift,,I_X,integrity_ks_reject05_vs_clean_eval,600,600,0.9046527777777779,0.9166666666666666,0.625,1.0,600.0,31.0,600.0,frozen sensor component
core_original,scaling_drift_alpha_0.100,covariate_shift,scaling_drift,,I_XF,integrity_ks_reject05_vs_clean_eval,600,600,0.9046527777777779,0.9166666666666666,0.625,1.0,600.0,16.0,598.0,frozen sensor component
core_original,scaling_drift_alpha_0.100,covariate_shift,scaling_drift,,I_XFY,integrity_ks_reject05_vs_clean_eval,600,600,0.9046527777777779,0.9166666666666666,0.625,1.0,600.0,16.0,597.0,frozen sensor component
core_original,scaling_drift_alpha_0.100,covariate_shift,scaling_drift,,I_XF,integrity_score_jsd_vs_clean_eval,600,600,0.33000568508489975,0.2961570962399046,0.0172942917538752,0.6546470235750643,536.0,0.0,598.0,frozen sensor component
core_original,scaling_drift_alpha_0.100,covariate_shift,scaling_drift,,I_XFY,integrity_score_jsd_vs_clean_eval,600,600,0.33000568508489975,0.2961570962399046,0.0172942917538752,0.6546470235750643,536.0,0.0,597.0,frozen sensor component
core_original,scaling_drift_alpha_0.100,covariate_shift,scaling_drift,,I_XF,integrity_pred_pos_rate_shift,600,600,0.18574869791666668,0.0234375,0.0,0.96875,244.0,0.0,598.0,frozen sensor component
core_original,scaling_drift_alpha_0.100,covariate_shift,scaling_drift,,I_XFY,integrity_pred_pos_rate_shift,600,600,0.18574869791666668,0.0234375,0.0,0.96875,244.0,0.0,597.0,frozen sensor component
core_original,scaling_drift_alpha_0.100,covariate_shift,scaling_drift,,I_XF,integrity_pred_jsd,600,600,0.07550139303983691,0.0008826224604674,0.0,0.6231284205643703,260.0,0.0,598.0,frozen sensor component
core_original,scaling_drift_alpha_0.100,covariate_shift,scaling_drift,,I_XFY,integrity_pred_jsd,600,600,0.07550139303983691,0.0008826224604674,0.0,0.6231284205643703,260.0,0.0,597.0,frozen sensor component
core_original,scaling_drift_alpha_0.100,covariate_shift,scaling_drift,,I_Ym,integrity_label_prior_shift,600,600,0.0,0.0,0.0,0.0,0.0,0.0,0.0,frozen sensor component
core_original,scaling_drift_alpha_0.100,covariate_shift,scaling_drift,,I_XFY,integrity_label_prior_shift,600,600,0.0,0.0,0.0,0.0,0.0,0.0,597.0,frozen sensor component
core_original,scaling_drift_alpha_0.100,covariate_shift,scaling_drift,,I_Ym,integrity_label_jsd,600,600,0.0,0.0,0.0,0.0,0.0,0.0,0.0,frozen sensor component
core_original,scaling_drift_alpha_0.100,covariate_shift,scaling_drift,,I_XFY,integrity_label_jsd,600,600,0.0,0.0,0.0,0.0,0.0,0.0,597.0,frozen sensor component
core_original,scaling_drift_alpha_0.100,covariate_shift,scaling_drift,,I_XFY,integrity_confusion_profile_l1,600,600,0.3859505208333255,0.0625,0.0,1.937499999999969,237.0,0.0,597.0,frozen sensor component
core_original,scaling_drift_alpha_0.100,covariate_shift,scaling_drift,,I_XFY,integrity_confusion_profile_jsd,600,600,0.08854197697531746,0.0027229852584424,0.0,0.6251131707415669,256.0,0.0,597.0,frozen sensor component
core_original,scaling_drift_alpha_0.100,covariate_shift,scaling_drift,,descriptive_only,integrity_ks_mean_vs_clean_eval,600,600,0.5636191948784721,0.5397135416666667,0.3580729166666667,0.8411458333333334,,,,KS mean is descriptive; ks_reject05 is the prespecified calibrated component
gateA_original,cluster_preserving_mean_shift_delta_0.020,adaptive,mean_shift,0.02,I_X,integrity_jsd_vs_clean_eval,600,600,0.01369824771146012,0.011749022067263151,0.0011177536947511,0.0761744629664908,4.0,0.0,4.0,frozen sensor component
gateA_original,cluster_preserving_mean_shift_delta_0.020,adaptive,mean_shift,0.02,I_XF,integrity_jsd_vs_clean_eval,600,600,0.01369824771146012,0.011749022067263151,0.0011177536947511,0.0761744629664908,4.0,0.0,31.0,frozen sensor component
gateA_original,cluster_preserving_mean_shift_delta_0.020,adaptive,mean_shift,0.02,I_XFY,integrity_jsd_vs_clean_eval,600,600,0.01369824771146012,0.011749022067263151,0.0011177536947511,0.0761744629664908,4.0,0.0,27.0,frozen sensor component
gateA_original,cluster_preserving_mean_shift_delta_0.020,adaptive,mean_shift,0.02,I_X,integrity_mmd_vs_clean_eval,600,600,0.00029917253578691283,0.0,0.0,0.083942239886397,0.0,0.0,4.0,frozen sensor component
gateA_original,cluster_preserving_mean_shift_delta_0.020,adaptive,mean_shift,0.02,I_XF,integrity_mmd_vs_clean_eval,600,600,0.00029917253578691283,0.0,0.0,0.083942239886397,0.0,0.0,31.0,frozen sensor component
gateA_original,cluster_preserving_mean_shift_delta_0.020,adaptive,mean_shift,0.02,I_XFY,integrity_mmd_vs_clean_eval,600,600,0.00029917253578691283,0.0,0.0,0.083942239886397,0.0,0.0,27.0,frozen sensor component
gateA_original,cluster_preserving_mean_shift_delta_0.020,adaptive,mean_shift,0.02,I_X,integrity_ks_reject05_vs_clean_eval,600,600,0.02898611111111111,0.0,0.0,0.25,6.0,2.0,4.0,frozen sensor component
gateA_original,cluster_preserving_mean_shift_delta_0.020,adaptive,mean_shift,0.02,I_XF,integrity_ks_reject05_vs_clean_eval,600,600,0.02898611111111111,0.0,0.0,0.25,6.0,2.0,31.0,frozen sensor component
gateA_original,cluster_preserving_mean_shift_delta_0.020,adaptive,mean_shift,0.02,I_XFY,integrity_ks_reject05_vs_clean_eval,600,600,0.02898611111111111,0.0,0.0,0.25,6.0,2.0,27.0,frozen sensor component
gateA_original,cluster_preserving_mean_shift_delta_0.020,adaptive,mean_shift,0.02,I_XF,integrity_score_jsd_vs_clean_eval,600,600,0.042644755373696885,0.0348038666151982,3.7202943367056415e-05,0.2104419751219991,45.0,43.0,31.0,frozen sensor component
gateA_original,cluster_preserving_mean_shift_delta_0.020,adaptive,mean_shift,0.02,I_XFY,integrity_score_jsd_vs_clean_eval,600,600,0.042644755373696885,0.0348038666151982,3.7202943367056415e-05,0.2104419751219991,45.0,43.0,27.0,frozen sensor component
gateA_original,cluster_preserving_mean_shift_delta_0.020,adaptive,mean_shift,0.02,I_XF,integrity_pred_pos_rate_shift,600,600,0.0037565104166666667,0.0,0.0,0.1484375,2.0,1.0,31.0,frozen sensor component
gateA_original,cluster_preserving_mean_shift_delta_0.020,adaptive,mean_shift,0.02,I_XFY,integrity_pred_pos_rate_shift,600,600,0.0037565104166666667,0.0,0.0,0.1484375,2.0,1.0,27.0,frozen sensor component
gateA_original,cluster_preserving_mean_shift_delta_0.020,adaptive,mean_shift,0.02,I_XF,integrity_pred_jsd,600,600,7.322728873877529e-05,0.0,0.0,0.0124973231177925,1.0,0.0,31.0,frozen sensor component
gateA_original,cluster_preserving_mean_shift_delta_0.020,adaptive,mean_shift,0.02,I_XFY,integrity_pred_jsd,600,600,7.322728873877529e-05,0.0,0.0,0.0124973231177925,1.0,0.0,27.0,frozen sensor component
gateA_original,cluster_preserving_mean_shift_delta_0.020,adaptive,mean_shift,0.02,I_Ym,integrity_label_prior_shift,600,600,0.0,0.0,0.0,0.0,0.0,0.0,0.0,frozen sensor component
gateA_original,cluster_preserving_mean_shift_delta_0.020,adaptive,mean_shift,0.02,I_XFY,integrity_label_prior_shift,600,600,0.0,0.0,0.0,0.0,0.0,0.0,27.0,frozen sensor component
gateA_original,cluster_preserving_mean_shift_delta_0.020,adaptive,mean_shift,0.02,I_Ym,integrity_label_jsd,600,600,0.0,0.0,0.0,0.0,0.0,0.0,0.0,frozen sensor component
gateA_original,cluster_preserving_mean_shift_delta_0.020,adaptive,mean_shift,0.02,I_XFY,integrity_label_jsd,600,600,0.0,0.0,0.0,0.0,0.0,0.0,27.0,frozen sensor component
gateA_original,cluster_preserving_mean_shift_delta_0.020,adaptive,mean_shift,0.02,I_XFY,integrity_confusion_profile_l1,600,600,0.008450520833333289,0.0,0.0,0.296875,1.0,0.0,27.0,frozen sensor component
gateA_original,cluster_preserving_mean_shift_delta_0.020,adaptive,mean_shift,0.02,I_XFY,integrity_confusion_profile_jsd,600,600,0.000165965345419331,0.0,0.0,0.0218988396826483,1.0,0.0,27.0,frozen sensor component
gateA_original,cluster_preserving_mean_shift_delta_0.020,adaptive,mean_shift,0.02,descriptive_only,integrity_ks_mean_vs_clean_eval,600,600,0.04504904513888888,0.040625,0.0166015625,0.1201171875,,,,KS mean is descriptive; ks_reject05 is the prespecified calibrated component
gateA_original,cluster_preserving_mean_shift_delta_0.050,adaptive,mean_shift,0.05,I_X,integrity_jsd_vs_clean_eval,600,600,0.026611379368833524,0.0243361311404355,0.0030801878324324,0.1022244361116949,47.0,32.0,50.0,frozen sensor component
gateA_original,cluster_preserving_mean_shift_delta_0.050,adaptive,mean_shift,0.05,I_XF,integrity_jsd_vs_clean_eval,600,600,0.026611379368833524,0.0243361311404355,0.0030801878324324,0.1022244361116949,47.0,19.0,135.0,frozen sensor component
gateA_original,cluster_preserving_mean_shift_delta_0.050,adaptive,mean_shift,0.05,I_XFY,integrity_jsd_vs_clean_eval,600,600,0.026611379368833524,0.0243361311404355,0.0030801878324324,0.1022244361116949,47.0,19.0,127.0,frozen sensor component
gateA_original,cluster_preserving_mean_shift_delta_0.050,adaptive,mean_shift,0.05,I_X,integrity_mmd_vs_clean_eval,600,600,0.004044183230133766,0.0,0.0,0.1378117957903493,11.0,11.0,50.0,frozen sensor component
gateA_original,cluster_preserving_mean_shift_delta_0.050,adaptive,mean_shift,0.05,I_XF,integrity_mmd_vs_clean_eval,600,600,0.004044183230133766,0.0,0.0,0.1378117957903493,11.0,3.0,135.0,frozen sensor component
gateA_original,cluster_preserving_mean_shift_delta_0.050,adaptive,mean_shift,0.05,I_XFY,integrity_mmd_vs_clean_eval,600,600,0.004044183230133766,0.0,0.0,0.1378117957903493,11.0,3.0,127.0,frozen sensor component
gateA_original,cluster_preserving_mean_shift_delta_0.050,adaptive,mean_shift,0.05,I_X,integrity_ks_reject05_vs_clean_eval,600,600,0.06979166666666665,0.0,0.0,0.5,21.0,6.0,50.0,frozen sensor component
gateA_original,cluster_preserving_mean_shift_delta_0.050,adaptive,mean_shift,0.05,I_XF,integrity_ks_reject05_vs_clean_eval,600,600,0.06979166666666665,0.0,0.0,0.5,21.0,3.0,135.0,frozen sensor component
gateA_original,cluster_preserving_mean_shift_delta_0.050,adaptive,mean_shift,0.05,I_XFY,integrity_ks_reject05_vs_clean_eval,600,600,0.06979166666666665,0.0,0.0,0.5,21.0,3.0,127.0,frozen sensor component
gateA_original,cluster_preserving_mean_shift_delta_0.050,adaptive,mean_shift,0.05,I_XF,integrity_score_jsd_vs_clean_eval,600,600,0.06784426638748253,0.0599589832759347,0.0001873296757007,0.3073936622293319,158.0,126.0,135.0,frozen sensor component
gateA_original,cluster_preserving_mean_shift_delta_0.050,adaptive,mean_shift,0.05,I_XFY,integrity_score_jsd_vs_clean_eval,600,600,0.06784426638748253,0.0599589832759347,0.0001873296757007,0.3073936622293319,158.0,125.0,127.0,frozen sensor component
gateA_original,cluster_preserving_mean_shift_delta_0.050,adaptive,mean_shift,0.05,I_XF,integrity_pred_pos_rate_shift,600,600,0.007786458333333334,0.0,0.0,0.1796875,2.0,0.0,135.0,frozen sensor component
gateA_original,cluster_preserving_mean_shift_delta_0.050,adaptive,mean_shift,0.05,I_XFY,integrity_pred_pos_rate_shift,600,600,0.007786458333333334,0.0,0.0,0.1796875,2.0,0.0,127.0,frozen sensor component
gateA_original,cluster_preserving_mean_shift_delta_0.050,adaptive,mean_shift,0.05,I_XF,integrity_pred_jsd,600,600,0.00021855243405055337,0.0,0.0,0.0188539168718399,2.0,0.0,135.0,frozen sensor component
gateA_original,cluster_preserving_mean_shift_delta_0.050,adaptive,mean_shift,0.05,I_XFY,integrity_pred_jsd,600,600,0.00021855243405055337,0.0,0.0,0.0188539168718399,2.0,0.0,127.0,frozen sensor component
gateA_original,cluster_preserving_mean_shift_delta_0.050,adaptive,mean_shift,0.05,I_Ym,integrity_label_prior_shift,600,600,0.0,0.0,0.0,0.0,0.0,0.0,0.0,frozen sensor component
gateA_original,cluster_preserving_mean_shift_delta_0.050,adaptive,mean_shift,0.05,I_XFY,integrity_label_prior_shift,600,600,0.0,0.0,0.0,0.0,0.0,0.0,127.0,frozen sensor component
gateA_original,cluster_preserving_mean_shift_delta_0.050,adaptive,mean_shift,0.05,I_Ym,integrity_label_jsd,600,600,0.0,0.0,0.0,0.0,0.0,0.0,0.0,frozen sensor component
gateA_original,cluster_preserving_mean_shift_delta_0.050,adaptive,mean_shift,0.05,I_XFY,integrity_label_jsd,600,600,0.0,0.0,0.0,0.0,0.0,0.0,127.0,frozen sensor component
gateA_original,cluster_preserving_mean_shift_delta_0.050,adaptive,mean_shift,0.05,I_XFY,integrity_confusion_profile_l1,600,600,0.017031249999999894,0.0,0.0,0.359375,2.0,0.0,127.0,frozen sensor component
gateA_original,cluster_preserving_mean_shift_delta_0.050,adaptive,mean_shift,0.05,I_XFY,integrity_confusion_profile_jsd,600,600,0.0004540831663893603,0.0,0.0,0.0317917199639518,3.0,0.0,127.0,frozen sensor component
gateA_original,cluster_preserving_mean_shift_delta_0.050,adaptive,mean_shift,0.05,descriptive_only,integrity_ks_mean_vs_clean_eval,600,600,0.06496815321180555,0.05859375,0.0234375,0.154296875,,,,KS mean is descriptive; ks_reject05 is the prespecified calibrated component
gateA_original,cluster_preserving_mean_shift_delta_0.100,adaptive,mean_shift,0.1,I_X,integrity_jsd_vs_clean_eval,600,600,0.03943935505365691,0.0359544360588071,0.0052010207446408,0.1218479735274197,209.0,149.0,215.0,frozen sensor component
gateA_original,cluster_preserving_mean_shift_delta_0.100,adaptive,mean_shift,0.1,I_XF,integrity_jsd_vs_clean_eval,600,600,0.03943935505365691,0.0359544360588071,0.0052010207446408,0.1218479735274197,209.0,56.0,298.0,frozen sensor component
gateA_original,cluster_preserving_mean_shift_delta_0.100,adaptive,mean_shift,0.1,I_XFY,integrity_jsd_vs_clean_eval,600,600,0.03943935505365691,0.0359544360588071,0.0052010207446408,0.1218479735274197,209.0,56.0,280.0,frozen sensor component
gateA_original,cluster_preserving_mean_shift_delta_0.100,adaptive,mean_shift,0.1,I_X,integrity_mmd_vs_clean_eval,600,600,0.01931604408809009,0.0,0.0,0.3308639918149743,52.0,27.0,215.0,frozen sensor component
gateA_original,cluster_preserving_mean_shift_delta_0.100,adaptive,mean_shift,0.1,I_XF,integrity_mmd_vs_clean_eval,600,600,0.01931604408809009,0.0,0.0,0.3308639918149743,52.0,17.0,298.0,frozen sensor component
gateA_original,cluster_preserving_mean_shift_delta_0.100,adaptive,mean_shift,0.1,I_XFY,integrity_mmd_vs_clean_eval,600,600,0.01931604408809009,0.0,0.0,0.3308639918149743,52.0,16.0,280.0,frozen sensor component
gateA_original,cluster_preserving_mean_shift_delta_0.100,adaptive,mean_shift,0.1,I_X,integrity_ks_reject05_vs_clean_eval,600,600,0.11694444444444443,0.1,0.0,0.625,53.0,6.0,215.0,frozen sensor component
gateA_original,cluster_preserving_mean_shift_delta_0.100,adaptive,mean_shift,0.1,I_XF,integrity_ks_reject05_vs_clean_eval,600,600,0.11694444444444443,0.1,0.0,0.625,53.0,3.0,298.0,frozen sensor component
gateA_original,cluster_preserving_mean_shift_delta_0.100,adaptive,mean_shift,0.1,I_XFY,integrity_ks_reject05_vs_clean_eval,600,600,0.11694444444444443,0.1,0.0,0.625,53.0,3.0,280.0,frozen sensor component
gateA_original,cluster_preserving_mean_shift_delta_0.100,adaptive,mean_shift,0.1,I_XF,integrity_score_jsd_vs_clean_eval,600,600,0.09016582813396186,0.08209990472497575,0.0036640325402326,0.3101499497989902,253.0,100.0,298.0,frozen sensor component
gateA_original,cluster_preserving_mean_shift_delta_0.100,adaptive,mean_shift,0.1,I_XFY,integrity_score_jsd_vs_clean_eval,600,600,0.09016582813396186,0.08209990472497575,0.0036640325402326,0.3101499497989902,253.0,100.0,280.0,frozen sensor component
gateA_original,cluster_preserving_mean_shift_delta_0.100,adaptive,mean_shift,0.1,I_XF,integrity_pred_pos_rate_shift,600,600,0.017981770833333334,0.0078125,0.0,0.34375,20.0,1.0,298.0,frozen sensor component
gateA_original,cluster_preserving_mean_shift_delta_0.100,adaptive,mean_shift,0.1,I_XFY,integrity_pred_pos_rate_shift,600,600,0.017981770833333334,0.0078125,0.0,0.34375,20.0,0.0,280.0,frozen sensor component
gateA_original,cluster_preserving_mean_shift_delta_0.100,adaptive,mean_shift,0.1,I_XF,integrity_pred_jsd,600,600,0.0010661788895792944,3.172829031462604e-05,0.0,0.072910578898274,21.0,0.0,298.0,frozen sensor component
gateA_original,cluster_preserving_mean_shift_delta_0.100,adaptive,mean_shift,0.1,I_XFY,integrity_pred_jsd,600,600,0.0010661788895792944,3.172829031462604e-05,0.0,0.072910578898274,21.0,0.0,280.0,frozen sensor component
gateA_original,cluster_preserving_mean_shift_delta_0.100,adaptive,mean_shift,0.1,I_Ym,integrity_label_prior_shift,600,600,0.0,0.0,0.0,0.0,0.0,0.0,0.0,frozen sensor component
gateA_original,cluster_preserving_mean_shift_delta_0.100,adaptive,mean_shift,0.1,I_XFY,integrity_label_prior_shift,600,600,0.0,0.0,0.0,0.0,0.0,0.0,280.0,frozen sensor component
gateA_original,cluster_preserving_mean_shift_delta_0.100,adaptive,mean_shift,0.1,I_Ym,integrity_label_jsd,600,600,0.0,0.0,0.0,0.0,0.0,0.0,0.0,frozen sensor component
gateA_original,cluster_preserving_mean_shift_delta_0.100,adaptive,mean_shift,0.1,I_XFY,integrity_label_jsd,600,600,0.0,0.0,0.0,0.0,0.0,0.0,280.0,frozen sensor component
gateA_original,cluster_preserving_mean_shift_delta_0.100,adaptive,mean_shift,0.1,I_XFY,integrity_confusion_profile_l1,600,600,0.03882812499999938,0.015625,0.0,0.6875,12.0,0.0,280.0,frozen sensor component
gateA_original,cluster_preserving_mean_shift_delta_0.100,adaptive,mean_shift,0.1,I_XFY,integrity_confusion_profile_jsd,600,600,0.0020520240683054615,0.0001806871737669,0.0,0.1175300966482706,18.0,0.0,280.0,frozen sensor component
gateA_original,cluster_preserving_mean_shift_delta_0.100,adaptive,mean_shift,0.1,descriptive_only,integrity_ks_mean_vs_clean_eval,600,600,0.08226790364583332,0.0765625,0.029296875,0.224609375,,,,KS mean is descriptive; ks_reject05 is the prespecified calibrated component
gateA_original,cluster_preserving_mean_shift_delta_0.250,adaptive,mean_shift,0.25,I_X,integrity_jsd_vs_clean_eval,600,600,0.07439617787062452,0.0698871736439235,0.0151068914978562,0.1733765265364197,478.0,181.0,484.0,frozen sensor component
gateA_original,cluster_preserving_mean_shift_delta_0.250,adaptive,mean_shift,0.25,I_XF,integrity_jsd_vs_clean_eval,600,600,0.07439617787062452,0.0698871736439235,0.0151068914978562,0.1733765265364197,478.0,55.0,498.0,frozen sensor component
gateA_original,cluster_preserving_mean_shift_delta_0.250,adaptive,mean_shift,0.25,I_XFY,integrity_jsd_vs_clean_eval,600,600,0.07439617787062452,0.0698871736439235,0.0151068914978562,0.1733765265364197,478.0,55.0,486.0,frozen sensor component
gateA_original,cluster_preserving_mean_shift_delta_0.250,adaptive,mean_shift,0.25,I_X,integrity_mmd_vs_clean_eval,600,600,0.06683727469227399,0.02916678596719725,0.0,0.4630413686889162,169.0,27.0,484.0,frozen sensor component
gateA_original,cluster_preserving_mean_shift_delta_0.250,adaptive,mean_shift,0.25,I_XF,integrity_mmd_vs_clean_eval,600,600,0.06683727469227399,0.02916678596719725,0.0,0.4630413686889162,169.0,17.0,498.0,frozen sensor component
gateA_original,cluster_preserving_mean_shift_delta_0.250,adaptive,mean_shift,0.25,I_XFY,integrity_mmd_vs_clean_eval,600,600,0.06683727469227399,0.02916678596719725,0.0,0.4630413686889162,169.0,17.0,486.0,frozen sensor component
gateA_original,cluster_preserving_mean_shift_delta_0.250,adaptive,mean_shift,0.25,I_X,integrity_ks_reject05_vs_clean_eval,600,600,0.2875,0.25,0.0,0.875,247.0,1.0,484.0,frozen sensor component
gateA_original,cluster_preserving_mean_shift_delta_0.250,adaptive,mean_shift,0.25,I_XF,integrity_ks_reject05_vs_clean_eval,600,600,0.2875,0.25,0.0,0.875,247.0,0.0,498.0,frozen sensor component
gateA_original,cluster_preserving_mean_shift_delta_0.250,adaptive,mean_shift,0.25,I_XFY,integrity_ks_reject05_vs_clean_eval,600,600,0.2875,0.25,0.0,0.875,247.0,0.0,486.0,frozen sensor component
gateA_original,cluster_preserving_mean_shift_delta_0.250,adaptive,mean_shift,0.25,I_XF,integrity_score_jsd_vs_clean_eval,600,600,0.1309507817631067,0.1196714440593383,0.0182147367716596,0.4055433367585453,418.0,22.0,498.0,frozen sensor component
gateA_original,cluster_preserving_mean_shift_delta_0.250,adaptive,mean_shift,0.25,I_XFY,integrity_score_jsd_vs_clean_eval,600,600,0.1309507817631067,0.1196714440593383,0.0182147367716596,0.4055433367585453,418.0,22.0,486.0,frozen sensor component
gateA_original,cluster_preserving_mean_shift_delta_0.250,adaptive,mean_shift,0.25,I_XF,integrity_pred_pos_rate_shift,600,600,0.04847005208333333,0.0234375,0.0,0.5546875,97.0,0.0,498.0,frozen sensor component
gateA_original,cluster_preserving_mean_shift_delta_0.250,adaptive,mean_shift,0.25,I_XFY,integrity_pred_pos_rate_shift,600,600,0.04847005208333333,0.0234375,0.0,0.5546875,97.0,0.0,486.0,frozen sensor component
gateA_original,cluster_preserving_mean_shift_delta_0.250,adaptive,mean_shift,0.25,I_XF,integrity_pred_jsd,600,600,0.005234131491048322,0.00039292894084285,0.0,0.1705229809805345,101.0,0.0,498.0,frozen sensor component
gateA_original,cluster_preserving_mean_shift_delta_0.250,adaptive,mean_shift,0.25,I_XFY,integrity_pred_jsd,600,600,0.005234131491048322,0.00039292894084285,0.0,0.1705229809805345,101.0,0.0,486.0,frozen sensor component
gateA_original,cluster_preserving_mean_shift_delta_0.250,adaptive,mean_shift,0.25,I_Ym,integrity_label_prior_shift,600,600,0.0,0.0,0.0,0.0,0.0,0.0,0.0,frozen sensor component
gateA_original,cluster_preserving_mean_shift_delta_0.250,adaptive,mean_shift,0.25,I_XFY,integrity_label_prior_shift,600,600,0.0,0.0,0.0,0.0,0.0,0.0,486.0,frozen sensor component
gateA_original,cluster_preserving_mean_shift_delta_0.250,adaptive,mean_shift,0.25,I_Ym,integrity_label_jsd,600,600,0.0,0.0,0.0,0.0,0.0,0.0,0.0,frozen sensor component
gateA_original,cluster_preserving_mean_shift_delta_0.250,adaptive,mean_shift,0.25,I_XFY,integrity_label_jsd,600,600,0.0,0.0,0.0,0.0,0.0,0.0,486.0,frozen sensor component
gateA_original,cluster_preserving_mean_shift_delta_0.250,adaptive,mean_shift,0.25,I_XFY,integrity_confusion_profile_l1,600,600,0.10412760416666567,0.046875,0.0,1.109375,76.0,0.0,486.0,frozen sensor component
gateA_original,cluster_preserving_mean_shift_delta_0.250,adaptive,mean_shift,0.25,I_XFY,integrity_confusion_profile_jsd,600,600,0.008318934483891224,0.00094940291443665,0.0,0.2170515002166507,96.0,0.0,486.0,frozen sensor component
gateA_original,cluster_preserving_mean_shift_delta_0.250,adaptive,mean_shift,0.25,descriptive_only,integrity_ks_mean_vs_clean_eval,600,600,0.1332609592013889,0.12734375,0.046875,0.28046875,,,,KS mean is descriptive; ks_reject05 is the prespecified calibrated component
gateA_original,cluster_preserving_mean_shift_delta_0.500,adaptive,mean_shift,0.5,I_X,integrity_jsd_vs_clean_eval,600,600,0.0848120276633628,0.0803473827439318,0.0168889078945934,0.169822593272738,528.0,67.0,530.0,frozen sensor component
gateA_original,cluster_preserving_mean_shift_delta_0.500,adaptive,mean_shift,0.5,I_XF,integrity_jsd_vs_clean_eval,600,600,0.0848120276633628,0.0803473827439318,0.0168889078945934,0.169822593272738,528.0,41.0,537.0,frozen sensor component
gateA_original,cluster_preserving_mean_shift_delta_0.500,adaptive,mean_shift,0.5,I_XFY,integrity_jsd_vs_clean_eval,600,600,0.0848120276633628,0.0803473827439318,0.0168889078945934,0.169822593272738,528.0,41.0,530.0,frozen sensor component
gateA_original,cluster_preserving_mean_shift_delta_0.500,adaptive,mean_shift,0.5,I_X,integrity_mmd_vs_clean_eval,600,600,0.1439706693739073,0.1350788634720774,0.0,0.4806503457311979,449.0,13.0,530.0,frozen sensor component
gateA_original,cluster_preserving_mean_shift_delta_0.500,adaptive,mean_shift,0.5,I_XF,integrity_mmd_vs_clean_eval,600,600,0.1439706693739073,0.1350788634720774,0.0,0.4806503457311979,449.0,8.0,537.0,frozen sensor component
gateA_original,cluster_preserving_mean_shift_delta_0.500,adaptive,mean_shift,0.5,I_XFY,integrity_mmd_vs_clean_eval,600,600,0.1439706693739073,0.1350788634720774,0.0,0.4806503457311979,449.0,8.0,530.0,frozen sensor component
gateA_original,cluster_preserving_mean_shift_delta_0.500,adaptive,mean_shift,0.5,I_X,integrity_ks_reject05_vs_clean_eval,600,600,0.35359722222222223,0.375,0.0,0.9166666666666666,350.0,0.0,530.0,frozen sensor component
gateA_original,cluster_preserving_mean_shift_delta_0.500,adaptive,mean_shift,0.5,I_XF,integrity_ks_reject05_vs_clean_eval,600,600,0.35359722222222223,0.375,0.0,0.9166666666666666,350.0,0.0,537.0,frozen sensor component
gateA_original,cluster_preserving_mean_shift_delta_0.500,adaptive,mean_shift,0.5,I_XFY,integrity_ks_reject05_vs_clean_eval,600,600,0.35359722222222223,0.375,0.0,0.9166666666666666,350.0,0.0,530.0,frozen sensor component
gateA_original,cluster_preserving_mean_shift_delta_0.500,adaptive,mean_shift,0.5,I_XF,integrity_score_jsd_vs_clean_eval,600,600,0.15257465679278973,0.1444285520439731,0.0282818717384998,0.4003100512748562,465.0,13.0,537.0,frozen sensor component
gateA_original,cluster_preserving_mean_shift_delta_0.500,adaptive,mean_shift,0.5,I_XFY,integrity_score_jsd_vs_clean_eval,600,600,0.15257465679278973,0.1444285520439731,0.0282818717384998,0.4003100512748562,465.0,13.0,530.0,frozen sensor component
gateA_original,cluster_preserving_mean_shift_delta_0.500,adaptive,mean_shift,0.5,I_XF,integrity_pred_pos_rate_shift,600,600,0.0809765625,0.0390625,0.0,0.53125,203.0,0.0,537.0,frozen sensor component
gateA_original,cluster_preserving_mean_shift_delta_0.500,adaptive,mean_shift,0.5,I_XFY,integrity_pred_pos_rate_shift,600,600,0.0809765625,0.0390625,0.0,0.53125,203.0,0.0,530.0,frozen sensor component
gateA_original,cluster_preserving_mean_shift_delta_0.500,adaptive,mean_shift,0.5,I_XF,integrity_pred_jsd,600,600,0.01126517174770158,0.0016429120453151,0.0,0.1708451045754084,208.0,0.0,537.0,frozen sensor component
gateA_original,cluster_preserving_mean_shift_delta_0.500,adaptive,mean_shift,0.5,I_XFY,integrity_pred_jsd,600,600,0.01126517174770158,0.0016429120453151,0.0,0.1708451045754084,208.0,0.0,530.0,frozen sensor component
gateA_original,cluster_preserving_mean_shift_delta_0.500,adaptive,mean_shift,0.5,I_Ym,integrity_label_prior_shift,600,600,0.0,0.0,0.0,0.0,0.0,0.0,0.0,frozen sensor component
gateA_original,cluster_preserving_mean_shift_delta_0.500,adaptive,mean_shift,0.5,I_XFY,integrity_label_prior_shift,600,600,0.0,0.0,0.0,0.0,0.0,0.0,530.0,frozen sensor component
gateA_original,cluster_preserving_mean_shift_delta_0.500,adaptive,mean_shift,0.5,I_Ym,integrity_label_jsd,600,600,0.0,0.0,0.0,0.0,0.0,0.0,0.0,frozen sensor component
gateA_original,cluster_preserving_mean_shift_delta_0.500,adaptive,mean_shift,0.5,I_XFY,integrity_label_jsd,600,600,0.0,0.0,0.0,0.0,0.0,0.0,530.0,frozen sensor component
gateA_original,cluster_preserving_mean_shift_delta_0.500,adaptive,mean_shift,0.5,I_XFY,integrity_confusion_profile_l1,600,600,0.16942708333333178,0.09375,0.0,1.0625,182.0,0.0,530.0,frozen sensor component
gateA_original,cluster_preserving_mean_shift_delta_0.500,adaptive,mean_shift,0.5,I_XFY,integrity_confusion_profile_jsd,600,600,0.01703702694802163,0.0032142493361510998,0.0,0.1986455275212741,201.0,2.0,530.0,frozen sensor component
gateA_original,cluster_preserving_mean_shift_delta_0.500,adaptive,mean_shift,0.5,descriptive_only,integrity_ks_mean_vs_clean_eval,600,600,0.15320187717013886,0.1544921875,0.0498046875,0.296875,,,,KS mean is descriptive; ks_reject05 is the prespecified calibrated component
gateA_original,cluster_preserving_scaling_alpha_0.020,adaptive,scaling_drift,0.02,I_X,integrity_jsd_vs_clean_eval,600,600,0.021296792033332398,0.0193868242094334,0.0009771034295585,0.1347695539864065,30.0,14.0,28.0,frozen sensor component
gateA_original,cluster_preserving_scaling_alpha_0.020,adaptive,scaling_drift,0.02,I_XF,integrity_jsd_vs_clean_eval,600,600,0.021296792033332398,0.0193868242094334,0.0009771034295585,0.1347695539864065,30.0,2.0,135.0,frozen sensor component
gateA_original,cluster_preserving_scaling_alpha_0.020,adaptive,scaling_drift,0.02,I_XFY,integrity_jsd_vs_clean_eval,600,600,0.021296792033332398,0.0193868242094334,0.0009771034295585,0.1347695539864065,30.0,2.0,129.0,frozen sensor component
gateA_original,cluster_preserving_scaling_alpha_0.020,adaptive,scaling_drift,0.02,I_X,integrity_mmd_vs_clean_eval,600,600,0.0026917817825811174,0.0,0.0,0.1555495023944179,3.0,0.0,28.0,frozen sensor component
gateA_original,cluster_preserving_scaling_alpha_0.020,adaptive,scaling_drift,0.02,I_XF,integrity_mmd_vs_clean_eval,600,600,0.0026917817825811174,0.0,0.0,0.1555495023944179,3.0,0.0,135.0,frozen sensor component
gateA_original,cluster_preserving_scaling_alpha_0.020,adaptive,scaling_drift,0.02,I_XFY,integrity_mmd_vs_clean_eval,600,600,0.0026917817825811174,0.0,0.0,0.1555495023944179,3.0,0.0,129.0,frozen sensor component
gateA_original,cluster_preserving_scaling_alpha_0.020,adaptive,scaling_drift,0.02,I_X,integrity_ks_reject05_vs_clean_eval,600,600,0.032138888888888884,0.0,0.0,0.5,22.0,6.0,28.0,frozen sensor component
gateA_original,cluster_preserving_scaling_alpha_0.020,adaptive,scaling_drift,0.02,I_XF,integrity_ks_reject05_vs_clean_eval,600,600,0.032138888888888884,0.0,0.0,0.5,22.0,2.0,135.0,frozen sensor component
gateA_original,cluster_preserving_scaling_alpha_0.020,adaptive,scaling_drift,0.02,I_XFY,integrity_ks_reject05_vs_clean_eval,600,600,0.032138888888888884,0.0,0.0,0.5,22.0,2.0,129.0,frozen sensor component
gateA_original,cluster_preserving_scaling_alpha_0.020,adaptive,scaling_drift,0.02,I_XF,integrity_score_jsd_vs_clean_eval,600,600,0.06372586884494576,0.05007116926720655,0.0,0.2903015350492385,156.0,122.0,135.0,frozen sensor component
gateA_original,cluster_preserving_scaling_alpha_0.020,adaptive,scaling_drift,0.02,I_XFY,integrity_score_jsd_vs_clean_eval,600,600,0.06372586884494576,0.05007116926720655,0.0,0.2903015350492385,156.0,119.0,129.0,frozen sensor component
gateA_original,cluster_preserving_scaling_alpha_0.020,adaptive,scaling_drift,0.02,I_XF,integrity_pred_pos_rate_shift,600,600,0.011334635416666667,0.0,0.0,0.3203125,12.0,1.0,135.0,frozen sensor component
gateA_original,cluster_preserving_scaling_alpha_0.020,adaptive,scaling_drift,0.02,I_XFY,integrity_pred_pos_rate_shift,600,600,0.011334635416666667,0.0,0.0,0.3203125,12.0,0.0,129.0,frozen sensor component
gateA_original,cluster_preserving_scaling_alpha_0.020,adaptive,scaling_drift,0.02,I_XF,integrity_pred_jsd,600,600,0.0006194277965337664,0.0,0.0,0.0645662023389862,11.0,0.0,135.0,frozen sensor component
gateA_original,cluster_preserving_scaling_alpha_0.020,adaptive,scaling_drift,0.02,I_XFY,integrity_pred_jsd,600,600,0.0006194277965337664,0.0,0.0,0.0645662023389862,11.0,0.0,129.0,frozen sensor component
gateA_original,cluster_preserving_scaling_alpha_0.020,adaptive,scaling_drift,0.02,I_Ym,integrity_label_prior_shift,600,600,0.0,0.0,0.0,0.0,0.0,0.0,0.0,frozen sensor component
gateA_original,cluster_preserving_scaling_alpha_0.020,adaptive,scaling_drift,0.02,I_XFY,integrity_label_prior_shift,600,600,0.0,0.0,0.0,0.0,0.0,0.0,129.0,frozen sensor component
gateA_original,cluster_preserving_scaling_alpha_0.020,adaptive,scaling_drift,0.02,I_Ym,integrity_label_jsd,600,600,0.0,0.0,0.0,0.0,0.0,0.0,0.0,frozen sensor component
gateA_original,cluster_preserving_scaling_alpha_0.020,adaptive,scaling_drift,0.02,I_XFY,integrity_label_jsd,600,600,0.0,0.0,0.0,0.0,0.0,0.0,129.0,frozen sensor component
gateA_original,cluster_preserving_scaling_alpha_0.020,adaptive,scaling_drift,0.02,I_XFY,integrity_confusion_profile_l1,600,600,0.024492187499999676,0.0,0.0,0.640625,9.0,0.0,129.0,frozen sensor component
gateA_original,cluster_preserving_scaling_alpha_0.020,adaptive,scaling_drift,0.02,I_XFY,integrity_confusion_profile_jsd,600,600,0.0011965194457240686,0.0,0.0,0.1115210435658787,12.0,0.0,129.0,frozen sensor component
gateA_original,cluster_preserving_scaling_alpha_0.020,adaptive,scaling_drift,0.02,descriptive_only,integrity_ks_mean_vs_clean_eval,600,600,0.04905414496527777,0.0453125,0.0126953125,0.20703125,,,,KS mean is descriptive; ks_reject05 is the prespecified calibrated component
gateA_original,cluster_preserving_scaling_alpha_0.050,adaptive,scaling_drift,0.05,I_X,integrity_jsd_vs_clean_eval,600,600,0.040627281612214114,0.0385672377283265,0.0020788724987417,0.134076947052233,194.0,133.0,173.0,frozen sensor component
gateA_original,cluster_preserving_scaling_alpha_0.050,adaptive,scaling_drift,0.05,I_XF,integrity_jsd_vs_clean_eval,600,600,0.040627281612214114,0.0385672377283265,0.0020788724987417,0.134076947052233,194.0,65.0,254.0,frozen sensor component
gateA_original,cluster_preserving_scaling_alpha_0.050,adaptive,scaling_drift,0.05,I_XFY,integrity_jsd_vs_clean_eval,600,600,0.040627281612214114,0.0385672377283265,0.0020788724987417,0.134076947052233,194.0,64.0,237.0,frozen sensor component
gateA_original,cluster_preserving_scaling_alpha_0.050,adaptive,scaling_drift,0.05,I_X,integrity_mmd_vs_clean_eval,600,600,0.012707245746768715,0.0,0.0,0.2551314576875436,31.0,2.0,173.0,frozen sensor component
gateA_original,cluster_preserving_scaling_alpha_0.050,adaptive,scaling_drift,0.05,I_XF,integrity_mmd_vs_clean_eval,600,600,0.012707245746768715,0.0,0.0,0.2551314576875436,31.0,1.0,254.0,frozen sensor component
gateA_original,cluster_preserving_scaling_alpha_0.050,adaptive,scaling_drift,0.05,I_XFY,integrity_mmd_vs_clean_eval,600,600,0.012707245746768715,0.0,0.0,0.2551314576875436,31.0,1.0,237.0,frozen sensor component
gateA_original,cluster_preserving_scaling_alpha_0.050,adaptive,scaling_drift,0.05,I_X,integrity_ks_reject05_vs_clean_eval,600,600,0.07727777777777778,0.0,0.0,0.7,50.0,0.0,173.0,frozen sensor component
gateA_original,cluster_preserving_scaling_alpha_0.050,adaptive,scaling_drift,0.05,I_XF,integrity_ks_reject05_vs_clean_eval,600,600,0.07727777777777778,0.0,0.0,0.7,50.0,0.0,254.0,frozen sensor component
gateA_original,cluster_preserving_scaling_alpha_0.050,adaptive,scaling_drift,0.05,I_XFY,integrity_ks_reject05_vs_clean_eval,600,600,0.07727777777777778,0.0,0.0,0.7,50.0,0.0,237.0,frozen sensor component
gateA_original,cluster_preserving_scaling_alpha_0.050,adaptive,scaling_drift,0.05,I_XF,integrity_score_jsd_vs_clean_eval,600,600,0.08850394577073394,0.06873313153988035,0.0065638401111019,0.3250870962031196,218.0,92.0,254.0,frozen sensor component
gateA_original,cluster_preserving_scaling_alpha_0.050,adaptive,scaling_drift,0.05,I_XFY,integrity_score_jsd_vs_clean_eval,600,600,0.08850394577073394,0.06873313153988035,0.0065638401111019,0.3250870962031196,218.0,91.0,237.0,frozen sensor component
gateA_original,cluster_preserving_scaling_alpha_0.050,adaptive,scaling_drift,0.05,I_XF,integrity_pred_pos_rate_shift,600,600,0.028736979166666666,0.0078125,0.0,0.4921875,58.0,2.0,254.0,frozen sensor component
gateA_original,cluster_preserving_scaling_alpha_0.050,adaptive,scaling_drift,0.05,I_XFY,integrity_pred_pos_rate_shift,600,600,0.028736979166666666,0.0078125,0.0,0.4921875,58.0,1.0,237.0,frozen sensor component
gateA_original,cluster_preserving_scaling_alpha_0.050,adaptive,scaling_drift,0.05,I_XF,integrity_pred_jsd,600,600,0.0026666808215922537,3.128379337241931e-05,0.0,0.1368953267484964,58.0,2.0,254.0,frozen sensor component
gateA_original,cluster_preserving_scaling_alpha_0.050,adaptive,scaling_drift,0.05,I_XFY,integrity_pred_jsd,600,600,0.0026666808215922537,3.128379337241931e-05,0.0,0.1368953267484964,58.0,1.0,237.0,frozen sensor component
gateA_original,cluster_preserving_scaling_alpha_0.050,adaptive,scaling_drift,0.05,I_Ym,integrity_label_prior_shift,600,600,0.0,0.0,0.0,0.0,0.0,0.0,0.0,frozen sensor component
gateA_original,cluster_preserving_scaling_alpha_0.050,adaptive,scaling_drift,0.05,I_XFY,integrity_label_prior_shift,600,600,0.0,0.0,0.0,0.0,0.0,0.0,237.0,frozen sensor component
gateA_original,cluster_preserving_scaling_alpha_0.050,adaptive,scaling_drift,0.05,I_Ym,integrity_label_jsd,600,600,0.0,0.0,0.0,0.0,0.0,0.0,0.0,frozen sensor component
gateA_original,cluster_preserving_scaling_alpha_0.050,adaptive,scaling_drift,0.05,I_XFY,integrity_label_jsd,600,600,0.0,0.0,0.0,0.0,0.0,0.0,237.0,frozen sensor component
gateA_original,cluster_preserving_scaling_alpha_0.050,adaptive,scaling_drift,0.05,I_XFY,integrity_confusion_profile_l1,600,600,0.0620312499999994,0.015625,0.0,0.984375,45.0,0.0,237.0,frozen sensor component
gateA_original,cluster_preserving_scaling_alpha_0.050,adaptive,scaling_drift,0.05,I_XFY,integrity_confusion_profile_jsd,600,600,0.0045601732538070846,0.00016710921602255,0.0,0.200802615382082,62.0,1.0,237.0,frozen sensor component
gateA_original,cluster_preserving_scaling_alpha_0.050,adaptive,scaling_drift,0.05,descriptive_only,integrity_ks_mean_vs_clean_eval,600,600,0.06898307291666665,0.0654296875,0.015625,0.2275390625,,,,KS mean is descriptive; ks_reject05 is the prespecified calibrated component
gateA_original,cluster_preserving_scaling_alpha_0.100,adaptive,scaling_drift,0.1,I_X,integrity_jsd_vs_clean_eval,600,600,0.05548023027095728,0.04981835221109665,0.0056597638194332,0.1520147064092844,347.0,204.0,345.0,frozen sensor component
gateA_original,cluster_preserving_scaling_alpha_0.100,adaptive,scaling_drift,0.1,I_XF,integrity_jsd_vs_clean_eval,600,600,0.05548023027095728,0.04981835221109665,0.0056597638194332,0.1520147064092844,347.0,94.0,391.0,frozen sensor component
gateA_original,cluster_preserving_scaling_alpha_0.100,adaptive,scaling_drift,0.1,I_XFY,integrity_jsd_vs_clean_eval,600,600,0.05548023027095728,0.04981835221109665,0.0056597638194332,0.1520147064092844,347.0,93.0,378.0,frozen sensor component
gateA_original,cluster_preserving_scaling_alpha_0.100,adaptive,scaling_drift,0.1,I_X,integrity_mmd_vs_clean_eval,600,600,0.03593051147703589,0.0,0.0,0.3991107557326295,101.0,5.0,345.0,frozen sensor component
gateA_original,cluster_preserving_scaling_alpha_0.100,adaptive,scaling_drift,0.1,I_XF,integrity_mmd_vs_clean_eval,600,600,0.03593051147703589,0.0,0.0,0.3991107557326295,101.0,2.0,391.0,frozen sensor component
gateA_original,cluster_preserving_scaling_alpha_0.100,adaptive,scaling_drift,0.1,I_XFY,integrity_mmd_vs_clean_eval,600,600,0.03593051147703589,0.0,0.0,0.3991107557326295,101.0,2.0,378.0,frozen sensor component
gateA_original,cluster_preserving_scaling_alpha_0.100,adaptive,scaling_drift,0.1,I_X,integrity_ks_reject05_vs_clean_eval,600,600,0.137125,0.1,0.0,0.75,106.0,14.0,345.0,frozen sensor component
gateA_original,cluster_preserving_scaling_alpha_0.100,adaptive,scaling_drift,0.1,I_XF,integrity_ks_reject05_vs_clean_eval,600,600,0.137125,0.1,0.0,0.75,106.0,5.0,391.0,frozen sensor component
gateA_original,cluster_preserving_scaling_alpha_0.100,adaptive,scaling_drift,0.1,I_XFY,integrity_ks_reject05_vs_clean_eval,600,600,0.137125,0.1,0.0,0.75,106.0,5.0,378.0,frozen sensor component
gateA_original,cluster_preserving_scaling_alpha_0.100,adaptive,scaling_drift,0.1,I_XF,integrity_score_jsd_vs_clean_eval,600,600,0.10574683062605823,0.09021378048954051,0.0054783575117478,0.3163286826953589,295.0,53.0,391.0,frozen sensor component
gateA_original,cluster_preserving_scaling_alpha_0.100,adaptive,scaling_drift,0.1,I_XFY,integrity_score_jsd_vs_clean_eval,600,600,0.10574683062605823,0.09021378048954051,0.0054783575117478,0.3163286826953589,295.0,53.0,378.0,frozen sensor component
gateA_original,cluster_preserving_scaling_alpha_0.100,adaptive,scaling_drift,0.1,I_XF,integrity_pred_pos_rate_shift,600,600,0.045774739583333335,0.0078125,0.0,0.5703125,102.0,0.0,391.0,frozen sensor component
gateA_original,cluster_preserving_scaling_alpha_0.100,adaptive,scaling_drift,0.1,I_XFY,integrity_pred_pos_rate_shift,600,600,0.045774739583333335,0.0078125,0.0,0.5703125,102.0,0.0,378.0,frozen sensor component
gateA_original,cluster_preserving_scaling_alpha_0.100,adaptive,scaling_drift,0.1,I_XF,integrity_pred_jsd,600,600,0.005689446363256495,0.0001257920804816,0.0,0.1796820974374996,104.0,0.0,391.0,frozen sensor component
gateA_original,cluster_preserving_scaling_alpha_0.100,adaptive,scaling_drift,0.1,I_XFY,integrity_pred_jsd,600,600,0.005689446363256495,0.0001257920804816,0.0,0.1796820974374996,104.0,0.0,378.0,frozen sensor component
gateA_original,cluster_preserving_scaling_alpha_0.100,adaptive,scaling_drift,0.1,I_Ym,integrity_label_prior_shift,600,600,0.0,0.0,0.0,0.0,0.0,0.0,0.0,frozen sensor component
gateA_original,cluster_preserving_scaling_alpha_0.100,adaptive,scaling_drift,0.1,I_XFY,integrity_label_prior_shift,600,600,0.0,0.0,0.0,0.0,0.0,0.0,378.0,frozen sensor component
gateA_original,cluster_preserving_scaling_alpha_0.100,adaptive,scaling_drift,0.1,I_Ym,integrity_label_jsd,600,600,0.0,0.0,0.0,0.0,0.0,0.0,0.0,frozen sensor component
gateA_original,cluster_preserving_scaling_alpha_0.100,adaptive,scaling_drift,0.1,I_XFY,integrity_label_jsd,600,600,0.0,0.0,0.0,0.0,0.0,0.0,378.0,frozen sensor component
gateA_original,cluster_preserving_scaling_alpha_0.100,adaptive,scaling_drift,0.1,I_XFY,integrity_confusion_profile_l1,600,600,0.09727864583333243,0.03124999999999985,0.0,1.140625,79.0,0.0,378.0,frozen sensor component
gateA_original,cluster_preserving_scaling_alpha_0.100,adaptive,scaling_drift,0.1,I_XFY,integrity_confusion_profile_jsd,600,600,0.009257948916607887,0.0004091509890118,0.0,0.259979447066557,97.0,0.0,378.0,frozen sensor component
gateA_original,cluster_preserving_scaling_alpha_0.100,adaptive,scaling_drift,0.1,descriptive_only,integrity_ks_mean_vs_clean_eval,600,600,0.08809749348958332,0.0859375,0.0205078125,0.2526041666666667,,,,KS mean is descriptive; ks_reject05 is the prespecified calibrated component
gateA_original,cluster_preserving_scaling_alpha_0.250,adaptive,scaling_drift,0.25,I_X,integrity_jsd_vs_clean_eval,600,600,0.07373575681667904,0.07179420785446525,0.0120272747204119,0.165535168092372,452.0,90.0,451.0,frozen sensor component
gateA_original,cluster_preserving_scaling_alpha_0.250,adaptive,scaling_drift,0.25,I_XF,integrity_jsd_vs_clean_eval,600,600,0.07373575681667904,0.07179420785446525,0.0120272747204119,0.165535168092372,452.0,39.0,479.0,frozen sensor component
gateA_original,cluster_preserving_scaling_alpha_0.250,adaptive,scaling_drift,0.25,I_XFY,integrity_jsd_vs_clean_eval,600,600,0.07373575681667904,0.07179420785446525,0.0120272747204119,0.165535168092372,452.0,38.0,467.0,frozen sensor component
gateA_original,cluster_preserving_scaling_alpha_0.250,adaptive,scaling_drift,0.25,I_X,integrity_mmd_vs_clean_eval,600,600,0.10528903649665884,0.10078972950484086,0.0,0.5110188999572575,336.0,16.0,451.0,frozen sensor component
gateA_original,cluster_preserving_scaling_alpha_0.250,adaptive,scaling_drift,0.25,I_XF,integrity_mmd_vs_clean_eval,600,600,0.10528903649665884,0.10078972950484086,0.0,0.5110188999572575,336.0,5.0,479.0,frozen sensor component
gateA_original,cluster_preserving_scaling_alpha_0.250,adaptive,scaling_drift,0.25,I_XFY,integrity_mmd_vs_clean_eval,600,600,0.10528903649665884,0.10078972950484086,0.0,0.5110188999572575,336.0,5.0,467.0,frozen sensor component
gateA_original,cluster_preserving_scaling_alpha_0.250,adaptive,scaling_drift,0.25,I_X,integrity_ks_reject05_vs_clean_eval,600,600,0.25952777777777775,0.25,0.0,0.9166666666666666,244.0,0.0,451.0,frozen sensor component
gateA_original,cluster_preserving_scaling_alpha_0.250,adaptive,scaling_drift,0.25,I_XF,integrity_ks_reject05_vs_clean_eval,600,600,0.25952777777777775,0.25,0.0,0.9166666666666666,244.0,0.0,479.0,frozen sensor component
gateA_original,cluster_preserving_scaling_alpha_0.250,adaptive,scaling_drift,0.25,I_XFY,integrity_ks_reject05_vs_clean_eval,600,600,0.25952777777777775,0.25,0.0,0.9166666666666666,244.0,0.0,467.0,frozen sensor component
gateA_original,cluster_preserving_scaling_alpha_0.250,adaptive,scaling_drift,0.25,I_XF,integrity_score_jsd_vs_clean_eval,600,600,0.12908194138779122,0.11342649262559834,0.019128090175863,0.3891431606171807,365.0,37.0,479.0,frozen sensor component
gateA_original,cluster_preserving_scaling_alpha_0.250,adaptive,scaling_drift,0.25,I_XFY,integrity_score_jsd_vs_clean_eval,600,600,0.12908194138779122,0.11342649262559834,0.019128090175863,0.3891431606171807,365.0,37.0,467.0,frozen sensor component
gateA_original,cluster_preserving_scaling_alpha_0.250,adaptive,scaling_drift,0.25,I_XF,integrity_pred_pos_rate_shift,600,600,0.07473958333333333,0.0234375,0.0,0.625,177.0,0.0,479.0,frozen sensor component
gateA_original,cluster_preserving_scaling_alpha_0.250,adaptive,scaling_drift,0.25,I_XFY,integrity_pred_pos_rate_shift,600,600,0.07473958333333333,0.0234375,0.0,0.625,177.0,0.0,467.0,frozen sensor component
gateA_original,cluster_preserving_scaling_alpha_0.250,adaptive,scaling_drift,0.25,I_XF,integrity_pred_jsd,600,600,0.011593129024931937,0.0006713879942432,0.0,0.2251997137876588,182.0,1.0,479.0,frozen sensor component
gateA_original,cluster_preserving_scaling_alpha_0.250,adaptive,scaling_drift,0.25,I_XFY,integrity_pred_jsd,600,600,0.011593129024931937,0.0006713879942432,0.0,0.2251997137876588,182.0,0.0,467.0,frozen sensor component
gateA_original,cluster_preserving_scaling_alpha_0.250,adaptive,scaling_drift,0.25,I_Ym,integrity_label_prior_shift,600,600,0.0,0.0,0.0,0.0,0.0,0.0,0.0,frozen sensor component
gateA_original,cluster_preserving_scaling_alpha_0.250,adaptive,scaling_drift,0.25,I_XFY,integrity_label_prior_shift,600,600,0.0,0.0,0.0,0.0,0.0,0.0,467.0,frozen sensor component
gateA_original,cluster_preserving_scaling_alpha_0.250,adaptive,scaling_drift,0.25,I_Ym,integrity_label_jsd,600,600,0.0,0.0,0.0,0.0,0.0,0.0,0.0,frozen sensor component
gateA_original,cluster_preserving_scaling_alpha_0.250,adaptive,scaling_drift,0.25,I_XFY,integrity_label_jsd,600,600,0.0,0.0,0.0,0.0,0.0,0.0,467.0,frozen sensor component
gateA_original,cluster_preserving_scaling_alpha_0.250,adaptive,scaling_drift,0.25,I_XFY,integrity_confusion_profile_l1,600,600,0.15781249999999863,0.046875,0.0,1.25,155.0,0.0,467.0,frozen sensor component
gateA_original,cluster_preserving_scaling_alpha_0.250,adaptive,scaling_drift,0.25,I_XFY,integrity_confusion_profile_jsd,600,600,0.01715780142558202,0.0021387353242655,0.0,0.2890749633459192,172.0,1.0,467.0,frozen sensor component
gateA_original,cluster_preserving_scaling_alpha_0.250,adaptive,scaling_drift,0.25,descriptive_only,integrity_ks_mean_vs_clean_eval,600,600,0.12489474826388888,0.1257161458333333,0.0234375,0.2890625,,,,KS mean is descriptive; ks_reject05 is the prespecified calibrated component
gateA_original,cluster_preserving_scaling_alpha_0.500,adaptive,scaling_drift,0.5,I_X,integrity_jsd_vs_clean_eval,600,600,0.08860702653387888,0.0836341967062029,0.0193873452766389,0.1975530296481379,516.0,52.0,525.0,frozen sensor component
gateA_original,cluster_preserving_scaling_alpha_0.500,adaptive,scaling_drift,0.5,I_XF,integrity_jsd_vs_clean_eval,600,600,0.08860702653387888,0.0836341967062029,0.0193873452766389,0.1975530296481379,516.0,25.0,531.0,frozen sensor component
gateA_original,cluster_preserving_scaling_alpha_0.500,adaptive,scaling_drift,0.5,I_XFY,integrity_jsd_vs_clean_eval,600,600,0.08860702653387888,0.0836341967062029,0.0193873452766389,0.1975530296481379,516.0,24.0,521.0,frozen sensor component
gateA_original,cluster_preserving_scaling_alpha_0.500,adaptive,scaling_drift,0.5,I_X,integrity_mmd_vs_clean_eval,600,600,0.18486262358604177,0.1826485295274399,0.0,0.6002677228496596,489.0,26.0,525.0,frozen sensor component
gateA_original,cluster_preserving_scaling_alpha_0.500,adaptive,scaling_drift,0.5,I_XF,integrity_mmd_vs_clean_eval,600,600,0.18486262358604177,0.1826485295274399,0.0,0.6002677228496596,489.0,12.0,531.0,frozen sensor component
gateA_original,cluster_preserving_scaling_alpha_0.500,adaptive,scaling_drift,0.5,I_XFY,integrity_mmd_vs_clean_eval,600,600,0.18486262358604177,0.1826485295274399,0.0,0.6002677228496596,489.0,11.0,521.0,frozen sensor component
gateA_original,cluster_preserving_scaling_alpha_0.500,adaptive,scaling_drift,0.5,I_X,integrity_ks_reject05_vs_clean_eval,600,600,0.3854027777777778,0.4,0.0,0.9166666666666666,366.0,0.0,525.0,frozen sensor component
gateA_original,cluster_preserving_scaling_alpha_0.500,adaptive,scaling_drift,0.5,I_XF,integrity_ks_reject05_vs_clean_eval,600,600,0.3854027777777778,0.4,0.0,0.9166666666666666,366.0,0.0,531.0,frozen sensor component
gateA_original,cluster_preserving_scaling_alpha_0.500,adaptive,scaling_drift,0.5,I_XFY,integrity_ks_reject05_vs_clean_eval,600,600,0.3854027777777778,0.4,0.0,0.9166666666666666,366.0,0.0,521.0,frozen sensor component
gateA_original,cluster_preserving_scaling_alpha_0.500,adaptive,scaling_drift,0.5,I_XF,integrity_score_jsd_vs_clean_eval,600,600,0.1413840252754956,0.12509851470026928,0.018283780423856,0.3571511598765782,402.0,17.0,531.0,frozen sensor component
gateA_original,cluster_preserving_scaling_alpha_0.500,adaptive,scaling_drift,0.5,I_XFY,integrity_score_jsd_vs_clean_eval,600,600,0.1413840252754956,0.12509851470026928,0.018283780423856,0.3571511598765782,402.0,17.0,521.0,frozen sensor component
gateA_original,cluster_preserving_scaling_alpha_0.500,adaptive,scaling_drift,0.5,I_XF,integrity_pred_pos_rate_shift,600,600,0.09787109375,0.03125,0.0,0.625,227.0,0.0,531.0,frozen sensor component
gateA_original,cluster_preserving_scaling_alpha_0.500,adaptive,scaling_drift,0.5,I_XFY,integrity_pred_pos_rate_shift,600,600,0.09787109375,0.03125,0.0,0.625,227.0,0.0,521.0,frozen sensor component
gateA_original,cluster_preserving_scaling_alpha_0.500,adaptive,scaling_drift,0.5,I_XF,integrity_pred_jsd,600,600,0.01814764980728231,0.0017055085910184,0.0,0.2251997137876588,230.0,3.0,531.0,frozen sensor component
gateA_original,cluster_preserving_scaling_alpha_0.500,adaptive,scaling_drift,0.5,I_XFY,integrity_pred_jsd,600,600,0.01814764980728231,0.0017055085910184,0.0,0.2251997137876588,230.0,1.0,521.0,frozen sensor component
gateA_original,cluster_preserving_scaling_alpha_0.500,adaptive,scaling_drift,0.5,I_Ym,integrity_label_prior_shift,600,600,0.0,0.0,0.0,0.0,0.0,0.0,0.0,frozen sensor component
gateA_original,cluster_preserving_scaling_alpha_0.500,adaptive,scaling_drift,0.5,I_XFY,integrity_label_prior_shift,600,600,0.0,0.0,0.0,0.0,0.0,0.0,521.0,frozen sensor component
gateA_original,cluster_preserving_scaling_alpha_0.500,adaptive,scaling_drift,0.5,I_Ym,integrity_label_jsd,600,600,0.0,0.0,0.0,0.0,0.0,0.0,0.0,frozen sensor component
gateA_original,cluster_preserving_scaling_alpha_0.500,adaptive,scaling_drift,0.5,I_XFY,integrity_label_jsd,600,600,0.0,0.0,0.0,0.0,0.0,0.0,521.0,frozen sensor component
gateA_original,cluster_preserving_scaling_alpha_0.500,adaptive,scaling_drift,0.5,I_XFY,integrity_confusion_profile_l1,600,600,0.20058593749999773,0.078125,0.0,1.25,203.0,0.0,521.0,frozen sensor component
gateA_original,cluster_preserving_scaling_alpha_0.500,adaptive,scaling_drift,0.5,I_XFY,integrity_confusion_profile_jsd,600,600,0.0245639875840819,0.0029477521659265,0.0,0.2890749633459192,221.0,0.0,521.0,frozen sensor component
gateA_original,cluster_preserving_scaling_alpha_0.500,adaptive,scaling_drift,0.5,descriptive_only,integrity_ks_mean_vs_clean_eval,600,600,0.1537197808159722,0.15234375,0.0302734375,0.3271484375,,,,KS mean is descriptive; ks_reject05 is the prespecified calibrated component
gateA_original,mean_shift_pf_delta_0.020,control,mean_shift,0.02,I_X,integrity_jsd_vs_clean_eval,600,600,0.06486501327566442,0.0558094694752551,0.0009727065160569,0.2457882650881207,319.0,0.0,600.0,frozen sensor component
gateA_original,mean_shift_pf_delta_0.020,control,mean_shift,0.02,I_XF,integrity_jsd_vs_clean_eval,600,600,0.06486501327566442,0.0558094694752551,0.0009727065160569,0.2457882650881207,319.0,0.0,584.0,frozen sensor component
gateA_original,mean_shift_pf_delta_0.020,control,mean_shift,0.02,I_XFY,integrity_jsd_vs_clean_eval,600,600,0.06486501327566442,0.0558094694752551,0.0009727065160569,0.2457882650881207,319.0,0.0,583.0,frozen sensor component
gateA_original,mean_shift_pf_delta_0.020,control,mean_shift,0.02,I_X,integrity_mmd_vs_clean_eval,600,600,0.05377502407530692,0.0,0.0,0.542977712888753,109.0,0.0,600.0,frozen sensor component
gateA_original,mean_shift_pf_delta_0.020,control,mean_shift,0.02,I_XF,integrity_mmd_vs_clean_eval,600,600,0.05377502407530692,0.0,0.0,0.542977712888753,109.0,0.0,584.0,frozen sensor component
gateA_original,mean_shift_pf_delta_0.020,control,mean_shift,0.02,I_XFY,integrity_mmd_vs_clean_eval,600,600,0.05377502407530692,0.0,0.0,0.542977712888753,109.0,0.0,583.0,frozen sensor component
gateA_original,mean_shift_pf_delta_0.020,control,mean_shift,0.02,I_X,integrity_ks_reject05_vs_clean_eval,600,600,0.9594166666666666,1.0,0.5833333333333334,1.0,600.0,255.0,600.0,frozen sensor component
gateA_original,mean_shift_pf_delta_0.020,control,mean_shift,0.02,I_XF,integrity_ks_reject05_vs_clean_eval,600,600,0.9594166666666666,1.0,0.5833333333333334,1.0,600.0,134.0,584.0,frozen sensor component
gateA_original,mean_shift_pf_delta_0.020,control,mean_shift,0.02,I_XFY,integrity_ks_reject05_vs_clean_eval,600,600,0.9594166666666666,1.0,0.5833333333333334,1.0,600.0,134.0,583.0,frozen sensor component
gateA_original,mean_shift_pf_delta_0.020,control,mean_shift,0.02,I_XF,integrity_score_jsd_vs_clean_eval,600,600,0.16171155737564538,0.14533400506414879,0.0,0.6180530962751228,377.0,0.0,584.0,frozen sensor component
gateA_original,mean_shift_pf_delta_0.020,control,mean_shift,0.02,I_XFY,integrity_score_jsd_vs_clean_eval,600,600,0.16171155737564538,0.14533400506414879,0.0,0.6180530962751228,377.0,0.0,583.0,frozen sensor component
gateA_original,mean_shift_pf_delta_0.020,control,mean_shift,0.02,I_XF,integrity_pred_pos_rate_shift,600,600,0.013450520833333333,0.0,0.0,0.3671875,18.0,0.0,584.0,frozen sensor component
gateA_original,mean_shift_pf_delta_0.020,control,mean_shift,0.02,I_XFY,integrity_pred_pos_rate_shift,600,600,0.013450520833333333,0.0,0.0,0.3671875,18.0,0.0,583.0,frozen sensor component
gateA_original,mean_shift_pf_delta_0.020,control,mean_shift,0.02,I_XF,integrity_pred_jsd,600,600,0.001366936814425058,0.0,0.0,0.1145870423705635,19.0,0.0,584.0,frozen sensor component
gateA_original,mean_shift_pf_delta_0.020,control,mean_shift,0.02,I_XFY,integrity_pred_jsd,600,600,0.001366936814425058,0.0,0.0,0.1145870423705635,19.0,0.0,583.0,frozen sensor component
gateA_original,mean_shift_pf_delta_0.020,control,mean_shift,0.02,I_Ym,integrity_label_prior_shift,600,600,0.0,0.0,0.0,0.0,0.0,0.0,0.0,frozen sensor component
gateA_original,mean_shift_pf_delta_0.020,control,mean_shift,0.02,I_XFY,integrity_label_prior_shift,600,600,0.0,0.0,0.0,0.0,0.0,0.0,583.0,frozen sensor component
gateA_original,mean_shift_pf_delta_0.020,control,mean_shift,0.02,I_Ym,integrity_label_jsd,600,600,0.0,0.0,0.0,0.0,0.0,0.0,0.0,frozen sensor component
gateA_original,mean_shift_pf_delta_0.020,control,mean_shift,0.02,I_XFY,integrity_label_jsd,600,600,0.0,0.0,0.0,0.0,0.0,0.0,583.0,frozen sensor component
gateA_original,mean_shift_pf_delta_0.020,control,mean_shift,0.02,I_XFY,integrity_confusion_profile_l1,600,600,0.027734374999999912,0.0,0.0,0.734375,18.0,0.0,583.0,frozen sensor component
gateA_original,mean_shift_pf_delta_0.020,control,mean_shift,0.02,I_XFY,integrity_confusion_profile_jsd,600,600,0.002347287771526266,0.0,0.0,0.1168349247729942,21.0,0.0,583.0,frozen sensor component
gateA_original,mean_shift_pf_delta_0.020,control,mean_shift,0.02,descriptive_only,integrity_ks_mean_vs_clean_eval,600,600,0.5329871419270834,0.50859375,0.3190104166666667,0.828125,,,,KS mean is descriptive; ks_reject05 is the prespecified calibrated component
gateA_original,mean_shift_pf_delta_0.050,control,mean_shift,0.05,I_X,integrity_jsd_vs_clean_eval,600,600,0.1341698875539045,0.1214313263231792,0.0024049893820509,0.3983506425347364,503.0,0.0,600.0,frozen sensor component
gateA_original,mean_shift_pf_delta_0.050,control,mean_shift,0.05,I_XF,integrity_jsd_vs_clean_eval,600,600,0.1341698875539045,0.1214313263231792,0.0024049893820509,0.3983506425347364,503.0,0.0,599.0,frozen sensor component
gateA_original,mean_shift_pf_delta_0.050,control,mean_shift,0.05,I_XFY,integrity_jsd_vs_clean_eval,600,600,0.1341698875539045,0.1214313263231792,0.0024049893820509,0.3983506425347364,503.0,0.0,598.0,frozen sensor component
gateA_original,mean_shift_pf_delta_0.050,control,mean_shift,0.05,I_X,integrity_mmd_vs_clean_eval,600,600,0.12177403132836247,0.0,0.0,0.7664986238628227,205.0,0.0,600.0,frozen sensor component
gateA_original,mean_shift_pf_delta_0.050,control,mean_shift,0.05,I_XF,integrity_mmd_vs_clean_eval,600,600,0.12177403132836247,0.0,0.0,0.7664986238628227,205.0,0.0,599.0,frozen sensor component
gateA_original,mean_shift_pf_delta_0.050,control,mean_shift,0.05,I_XFY,integrity_mmd_vs_clean_eval,600,600,0.12177403132836247,0.0,0.0,0.7664986238628227,205.0,0.0,598.0,frozen sensor component
gateA_original,mean_shift_pf_delta_0.050,control,mean_shift,0.05,I_X,integrity_ks_reject05_vs_clean_eval,600,600,0.991388888888889,1.0,0.75,1.0,600.0,75.0,600.0,frozen sensor component
gateA_original,mean_shift_pf_delta_0.050,control,mean_shift,0.05,I_XF,integrity_ks_reject05_vs_clean_eval,600,600,0.991388888888889,1.0,0.75,1.0,600.0,25.0,599.0,frozen sensor component
gateA_original,mean_shift_pf_delta_0.050,control,mean_shift,0.05,I_XFY,integrity_ks_reject05_vs_clean_eval,600,600,0.991388888888889,1.0,0.75,1.0,600.0,25.0,598.0,frozen sensor component
gateA_original,mean_shift_pf_delta_0.050,control,mean_shift,0.05,I_XF,integrity_score_jsd_vs_clean_eval,600,600,0.252542959134013,0.23993788807455024,0.0,0.6565680303480375,473.0,0.0,599.0,frozen sensor component
gateA_original,mean_shift_pf_delta_0.050,control,mean_shift,0.05,I_XFY,integrity_score_jsd_vs_clean_eval,600,600,0.252542959134013,0.23993788807455024,0.0,0.6565680303480375,473.0,0.0,598.0,frozen sensor component
gateA_original,mean_shift_pf_delta_0.050,control,mean_shift,0.05,I_XF,integrity_pred_pos_rate_shift,600,600,0.04283854166666667,0.0,0.0,0.625,68.0,0.0,599.0,frozen sensor component
gateA_original,mean_shift_pf_delta_0.050,control,mean_shift,0.05,I_XFY,integrity_pred_pos_rate_shift,600,600,0.04283854166666667,0.0,0.0,0.625,68.0,0.0,598.0,frozen sensor component
gateA_original,mean_shift_pf_delta_0.050,control,mean_shift,0.05,I_XF,integrity_pred_jsd,600,600,0.00973163553220543,0.0,0.0,0.2903047554623328,71.0,0.0,599.0,frozen sensor component
gateA_original,mean_shift_pf_delta_0.050,control,mean_shift,0.05,I_XFY,integrity_pred_jsd,600,600,0.00973163553220543,0.0,0.0,0.2903047554623328,71.0,0.0,598.0,frozen sensor component
gateA_original,mean_shift_pf_delta_0.050,control,mean_shift,0.05,I_Ym,integrity_label_prior_shift,600,600,0.0,0.0,0.0,0.0,0.0,0.0,0.0,frozen sensor component
gateA_original,mean_shift_pf_delta_0.050,control,mean_shift,0.05,I_XFY,integrity_label_prior_shift,600,600,0.0,0.0,0.0,0.0,0.0,0.0,598.0,frozen sensor component
gateA_original,mean_shift_pf_delta_0.050,control,mean_shift,0.05,I_Ym,integrity_label_jsd,600,600,0.0,0.0,0.0,0.0,0.0,0.0,0.0,frozen sensor component
gateA_original,mean_shift_pf_delta_0.050,control,mean_shift,0.05,I_XFY,integrity_label_jsd,600,600,0.0,0.0,0.0,0.0,0.0,0.0,598.0,frozen sensor component
gateA_original,mean_shift_pf_delta_0.050,control,mean_shift,0.05,I_XFY,integrity_confusion_profile_l1,600,600,0.08716145833333246,0.0,0.0,1.249999999999969,62.0,0.0,598.0,frozen sensor component
gateA_original,mean_shift_pf_delta_0.050,control,mean_shift,0.05,I_XFY,integrity_confusion_profile_jsd,600,600,0.013047043496039913,0.0,0.0,0.348576319304515,69.0,0.0,598.0,frozen sensor component
gateA_original,mean_shift_pf_delta_0.050,control,mean_shift,0.05,descriptive_only,integrity_ks_mean_vs_clean_eval,600,600,0.6025600043402778,0.5760416666666667,0.4140625,0.85546875,,,,KS mean is descriptive; ks_reject05 is the prespecified calibrated component
gateA_original,mean_shift_pf_delta_0.100,control,mean_shift,0.1,I_X,integrity_jsd_vs_clean_eval,600,600,0.1865650384581236,0.17865512918676518,0.0033885936671667,0.5035840939262669,537.0,0.0,600.0,frozen sensor component
gateA_original,mean_shift_pf_delta_0.100,control,mean_shift,0.1,I_XF,integrity_jsd_vs_clean_eval,600,600,0.1865650384581236,0.17865512918676518,0.0033885936671667,0.5035840939262669,537.0,0.0,600.0,frozen sensor component
gateA_original,mean_shift_pf_delta_0.100,control,mean_shift,0.1,I_XFY,integrity_jsd_vs_clean_eval,600,600,0.1865650384581236,0.17865512918676518,0.0033885936671667,0.5035840939262669,537.0,0.0,600.0,frozen sensor component
gateA_original,mean_shift_pf_delta_0.100,control,mean_shift,0.1,I_X,integrity_mmd_vs_clean_eval,600,600,0.19095206640173032,0.0499965999222649,0.0,0.8372426436961434,276.0,0.0,600.0,frozen sensor component
gateA_original,mean_shift_pf_delta_0.100,control,mean_shift,0.1,I_XF,integrity_mmd_vs_clean_eval,600,600,0.19095206640173032,0.0499965999222649,0.0,0.8372426436961434,276.0,0.0,600.0,frozen sensor component
gateA_original,mean_shift_pf_delta_0.100,control,mean_shift,0.1,I_XFY,integrity_mmd_vs_clean_eval,600,600,0.19095206640173032,0.0499965999222649,0.0,0.8372426436961434,276.0,0.0,600.0,frozen sensor component
gateA_original,mean_shift_pf_delta_0.100,control,mean_shift,0.1,I_X,integrity_ks_reject05_vs_clean_eval,600,600,0.9940277777777777,1.0,0.875,1.0,600.0,57.0,600.0,frozen sensor component
gateA_original,mean_shift_pf_delta_0.100,control,mean_shift,0.1,I_XF,integrity_ks_reject05_vs_clean_eval,600,600,0.9940277777777777,1.0,0.875,1.0,600.0,8.0,600.0,frozen sensor component
gateA_original,mean_shift_pf_delta_0.100,control,mean_shift,0.1,I_XFY,integrity_ks_reject05_vs_clean_eval,600,600,0.9940277777777777,1.0,0.875,1.0,600.0,8.0,600.0,frozen sensor component
gateA_original,mean_shift_pf_delta_0.100,control,mean_shift,0.1,I_XF,integrity_score_jsd_vs_clean_eval,600,600,0.3181905721105036,0.2970010643215597,0.0015542342874488,0.6728136673924109,527.0,0.0,600.0,frozen sensor component
gateA_original,mean_shift_pf_delta_0.100,control,mean_shift,0.1,I_XFY,integrity_score_jsd_vs_clean_eval,600,600,0.3181905721105036,0.2970010643215597,0.0015542342874488,0.6728136673924109,527.0,0.0,600.0,frozen sensor component
gateA_original,mean_shift_pf_delta_0.100,control,mean_shift,0.1,I_XF,integrity_pred_pos_rate_shift,600,600,0.08904947916666667,0.0078125,0.0,0.890625,133.0,0.0,600.0,frozen sensor component
gateA_original,mean_shift_pf_delta_0.100,control,mean_shift,0.1,I_XFY,integrity_pred_pos_rate_shift,600,600,0.08904947916666667,0.0078125,0.0,0.890625,133.0,0.0,600.0,frozen sensor component
gateA_original,mean_shift_pf_delta_0.100,control,mean_shift,0.1,I_XF,integrity_pred_jsd,600,600,0.026180806704707,0.00012268960149315,0.0,0.5145504392056833,141.0,0.0,600.0,frozen sensor component
gateA_original,mean_shift_pf_delta_0.100,control,mean_shift,0.1,I_XFY,integrity_pred_jsd,600,600,0.026180806704707,0.00012268960149315,0.0,0.5145504392056833,141.0,0.0,600.0,frozen sensor component
gateA_original,mean_shift_pf_delta_0.100,control,mean_shift,0.1,I_Ym,integrity_label_prior_shift,600,600,0.0,0.0,0.0,0.0,0.0,0.0,0.0,frozen sensor component
gateA_original,mean_shift_pf_delta_0.100,control,mean_shift,0.1,I_XFY,integrity_label_prior_shift,600,600,0.0,0.0,0.0,0.0,0.0,0.0,600.0,frozen sensor component
gateA_original,mean_shift_pf_delta_0.100,control,mean_shift,0.1,I_Ym,integrity_label_jsd,600,600,0.0,0.0,0.0,0.0,0.0,0.0,0.0,frozen sensor component
gateA_original,mean_shift_pf_delta_0.100,control,mean_shift,0.1,I_XFY,integrity_label_jsd,600,600,0.0,0.0,0.0,0.0,0.0,0.0,600.0,frozen sensor component
gateA_original,mean_shift_pf_delta_0.100,control,mean_shift,0.1,I_XFY,integrity_confusion_profile_l1,600,600,0.18403645833333043,0.015625,0.0,1.7812499999999845,125.0,0.0,600.0,frozen sensor component
gateA_original,mean_shift_pf_delta_0.100,control,mean_shift,0.1,I_XFY,integrity_confusion_profile_jsd,600,600,0.03324957456695991,0.0002961164432111,0.0,0.5364018144817913,139.0,0.0,600.0,frozen sensor component
gateA_original,mean_shift_pf_delta_0.100,control,mean_shift,0.1,descriptive_only,integrity_ks_mean_vs_clean_eval,600,600,0.6232919379340277,0.6040364583333333,0.4134114583333333,0.8723958333333334,,,,KS mean is descriptive; ks_reject05 is the prespecified calibrated component
gateA_original,scaling_drift_alpha_0.020,control,scaling_drift,0.02,I_X,integrity_jsd_vs_clean_eval,600,600,0.08345877612759647,0.0606163794745506,0.0025360854649709,0.4640721709219209,324.0,0.0,597.0,frozen sensor component
gateA_original,scaling_drift_alpha_0.020,control,scaling_drift,0.02,I_XF,integrity_jsd_vs_clean_eval,600,600,0.08345877612759647,0.0606163794745506,0.0025360854649709,0.4640721709219209,324.0,0.0,578.0,frozen sensor component
gateA_original,scaling_drift_alpha_0.020,control,scaling_drift,0.02,I_XFY,integrity_jsd_vs_clean_eval,600,600,0.08345877612759647,0.0606163794745506,0.0025360854649709,0.4640721709219209,324.0,0.0,567.0,frozen sensor component
gateA_original,scaling_drift_alpha_0.020,control,scaling_drift,0.02,I_X,integrity_mmd_vs_clean_eval,600,600,0.08654604482477095,0.0,0.0,0.7774356702342051,152.0,0.0,597.0,frozen sensor component
gateA_original,scaling_drift_alpha_0.020,control,scaling_drift,0.02,I_XF,integrity_mmd_vs_clean_eval,600,600,0.08654604482477095,0.0,0.0,0.7774356702342051,152.0,0.0,578.0,frozen sensor component
gateA_original,scaling_drift_alpha_0.020,control,scaling_drift,0.02,I_XFY,integrity_mmd_vs_clean_eval,600,600,0.08654604482477095,0.0,0.0,0.7774356702342051,152.0,0.0,567.0,frozen sensor component
gateA_original,scaling_drift_alpha_0.020,control,scaling_drift,0.02,I_X,integrity_ks_reject05_vs_clean_eval,600,600,0.8564166666666667,0.8333333333333334,0.5,1.0,600.0,255.0,597.0,frozen sensor component
gateA_original,scaling_drift_alpha_0.020,control,scaling_drift,0.02,I_XF,integrity_ks_reject05_vs_clean_eval,600,600,0.8564166666666667,0.8333333333333334,0.5,1.0,600.0,194.0,578.0,frozen sensor component
gateA_original,scaling_drift_alpha_0.020,control,scaling_drift,0.02,I_XFY,integrity_ks_reject05_vs_clean_eval,600,600,0.8564166666666667,0.8333333333333334,0.5,1.0,600.0,194.0,567.0,frozen sensor component
gateA_original,scaling_drift_alpha_0.020,control,scaling_drift,0.02,I_XF,integrity_score_jsd_vs_clean_eval,600,600,0.22462415498423793,0.19003699913195055,0.0,0.6619832426961619,379.0,0.0,578.0,frozen sensor component
gateA_original,scaling_drift_alpha_0.020,control,scaling_drift,0.02,I_XFY,integrity_score_jsd_vs_clean_eval,600,600,0.22462415498423793,0.19003699913195055,0.0,0.6619832426961619,379.0,0.0,567.0,frozen sensor component
gateA_original,scaling_drift_alpha_0.020,control,scaling_drift,0.02,I_XF,integrity_pred_pos_rate_shift,600,600,0.05499348958333333,0.00390625,0.0,0.7109375,88.0,0.0,578.0,frozen sensor component
gateA_original,scaling_drift_alpha_0.020,control,scaling_drift,0.02,I_XFY,integrity_pred_pos_rate_shift,600,600,0.05499348958333333,0.00390625,0.0,0.7109375,88.0,0.0,567.0,frozen sensor component
gateA_original,scaling_drift_alpha_0.020,control,scaling_drift,0.02,I_XF,integrity_pred_jsd,600,600,0.014135162443286756,7.928823086501716e-06,0.0,0.2954099368955024,95.0,0.0,578.0,frozen sensor component
gateA_original,scaling_drift_alpha_0.020,control,scaling_drift,0.02,I_XFY,integrity_pred_jsd,600,600,0.014135162443286756,7.928823086501716e-06,0.0,0.2954099368955024,95.0,0.0,567.0,frozen sensor component
gateA_original,scaling_drift_alpha_0.020,control,scaling_drift,0.02,I_Ym,integrity_label_prior_shift,600,600,0.0,0.0,0.0,0.0,0.0,0.0,0.0,frozen sensor component
gateA_original,scaling_drift_alpha_0.020,control,scaling_drift,0.02,I_XFY,integrity_label_prior_shift,600,600,0.0,0.0,0.0,0.0,0.0,0.0,567.0,frozen sensor component
gateA_original,scaling_drift_alpha_0.020,control,scaling_drift,0.02,I_Ym,integrity_label_jsd,600,600,0.0,0.0,0.0,0.0,0.0,0.0,0.0,frozen sensor component
gateA_original,scaling_drift_alpha_0.020,control,scaling_drift,0.02,I_XFY,integrity_label_jsd,600,600,0.0,0.0,0.0,0.0,0.0,0.0,567.0,frozen sensor component
gateA_original,scaling_drift_alpha_0.020,control,scaling_drift,0.02,I_XFY,integrity_confusion_profile_l1,600,600,0.11540364583333176,0.015624999999992,0.0,1.421875,80.0,0.0,567.0,frozen sensor component
gateA_original,scaling_drift_alpha_0.020,control,scaling_drift,0.02,I_XFY,integrity_confusion_profile_jsd,600,600,0.018739407825685023,6.159468517416816e-05,0.0,0.3601496703760044,94.0,0.0,567.0,frozen sensor component
gateA_original,scaling_drift_alpha_0.020,control,scaling_drift,0.02,descriptive_only,integrity_ks_mean_vs_clean_eval,600,600,0.45792263454861115,0.4265625,0.23046875,0.791015625,,,,KS mean is descriptive; ks_reject05 is the prespecified calibrated component
gateA_original,scaling_drift_alpha_0.050,control,scaling_drift,0.05,I_X,integrity_jsd_vs_clean_eval,600,600,0.15232859139767196,0.1311890272273005,0.0080501414884301,0.5454701664818287,433.0,0.0,599.0,frozen sensor component
gateA_original,scaling_drift_alpha_0.050,control,scaling_drift,0.05,I_XF,integrity_jsd_vs_clean_eval,600,600,0.15232859139767196,0.1311890272273005,0.0080501414884301,0.5454701664818287,433.0,0.0,587.0,frozen sensor component
gateA_original,scaling_drift_alpha_0.050,control,scaling_drift,0.05,I_XFY,integrity_jsd_vs_clean_eval,600,600,0.15232859139767196,0.1311890272273005,0.0080501414884301,0.5454701664818287,433.0,0.0,585.0,frozen sensor component
gateA_original,scaling_drift_alpha_0.050,control,scaling_drift,0.05,I_X,integrity_mmd_vs_clean_eval,600,600,0.15874924405510452,0.0,0.0,0.8303939456222925,224.0,0.0,599.0,frozen sensor component
gateA_original,scaling_drift_alpha_0.050,control,scaling_drift,0.05,I_XF,integrity_mmd_vs_clean_eval,600,600,0.15874924405510452,0.0,0.0,0.8303939456222925,224.0,0.0,587.0,frozen sensor component
gateA_original,scaling_drift_alpha_0.050,control,scaling_drift,0.05,I_XFY,integrity_mmd_vs_clean_eval,600,600,0.15874924405510452,0.0,0.0,0.8303939456222925,224.0,0.0,585.0,frozen sensor component
gateA_original,scaling_drift_alpha_0.050,control,scaling_drift,0.05,I_X,integrity_ks_reject05_vs_clean_eval,600,600,0.8904166666666666,0.9,0.625,1.0,600.0,138.0,599.0,frozen sensor component
gateA_original,scaling_drift_alpha_0.050,control,scaling_drift,0.05,I_XF,integrity_ks_reject05_vs_clean_eval,600,600,0.8904166666666666,0.9,0.625,1.0,600.0,85.0,587.0,frozen sensor component
gateA_original,scaling_drift_alpha_0.050,control,scaling_drift,0.05,I_XFY,integrity_ks_reject05_vs_clean_eval,600,600,0.8904166666666666,0.9,0.625,1.0,600.0,85.0,585.0,frozen sensor component
gateA_original,scaling_drift_alpha_0.050,control,scaling_drift,0.05,I_XF,integrity_score_jsd_vs_clean_eval,600,600,0.2858377200554602,0.25289548300641806,0.0088692489784242,0.6694423931058667,471.0,0.0,587.0,frozen sensor component
gateA_original,scaling_drift_alpha_0.050,control,scaling_drift,0.05,I_XFY,integrity_score_jsd_vs_clean_eval,600,600,0.2858377200554602,0.25289548300641806,0.0088692489784242,0.6694423931058667,471.0,0.0,585.0,frozen sensor component
gateA_original,scaling_drift_alpha_0.050,control,scaling_drift,0.05,I_XF,integrity_pred_pos_rate_shift,600,600,0.13261067708333332,0.0078125,0.0,0.90625,183.0,0.0,587.0,frozen sensor component
gateA_original,scaling_drift_alpha_0.050,control,scaling_drift,0.05,I_XFY,integrity_pred_pos_rate_shift,600,600,0.13261067708333332,0.0078125,0.0,0.90625,183.0,0.0,585.0,frozen sensor component
gateA_original,scaling_drift_alpha_0.050,control,scaling_drift,0.05,I_XF,integrity_pred_jsd,600,600,0.04839313156411349,0.0001240133885645,0.0,0.5331816118498816,196.0,0.0,587.0,frozen sensor component
gateA_original,scaling_drift_alpha_0.050,control,scaling_drift,0.05,I_XFY,integrity_pred_jsd,600,600,0.04839313156411349,0.0001240133885645,0.0,0.5331816118498816,196.0,0.0,585.0,frozen sensor component
gateA_original,scaling_drift_alpha_0.050,control,scaling_drift,0.05,I_Ym,integrity_label_prior_shift,600,600,0.0,0.0,0.0,0.0,0.0,0.0,0.0,frozen sensor component
gateA_original,scaling_drift_alpha_0.050,control,scaling_drift,0.05,I_XFY,integrity_label_prior_shift,600,600,0.0,0.0,0.0,0.0,0.0,0.0,585.0,frozen sensor component
gateA_original,scaling_drift_alpha_0.050,control,scaling_drift,0.05,I_Ym,integrity_label_jsd,600,600,0.0,0.0,0.0,0.0,0.0,0.0,0.0,frozen sensor component
gateA_original,scaling_drift_alpha_0.050,control,scaling_drift,0.05,I_XFY,integrity_label_jsd,600,600,0.0,0.0,0.0,0.0,0.0,0.0,585.0,frozen sensor component
gateA_original,scaling_drift_alpha_0.050,control,scaling_drift,0.05,I_XFY,integrity_confusion_profile_l1,600,600,0.2715755208333287,0.03125,0.0,1.812499999999969,162.0,0.0,585.0,frozen sensor component
gateA_original,scaling_drift_alpha_0.050,control,scaling_drift,0.05,I_XFY,integrity_confusion_profile_jsd,600,600,0.0575102178683757,0.0004091509890113,0.0,0.5565840613749181,176.0,0.0,585.0,frozen sensor component
gateA_original,scaling_drift_alpha_0.050,control,scaling_drift,0.05,descriptive_only,integrity_ks_mean_vs_clean_eval,600,600,0.5197390950520834,0.49641927083333337,0.326171875,0.8177083333333334,,,,KS mean is descriptive; ks_reject05 is the prespecified calibrated component
gateA_original,scaling_drift_alpha_0.100,control,scaling_drift,0.1,I_X,integrity_jsd_vs_clean_eval,600,600,0.20252626031003404,0.19115931571705091,0.0142047901753718,0.5595935872295067,547.0,0.0,600.0,frozen sensor component
gateA_original,scaling_drift_alpha_0.100,control,scaling_drift,0.1,I_XF,integrity_jsd_vs_clean_eval,600,600,0.20252626031003404,0.19115931571705091,0.0142047901753718,0.5595935872295067,547.0,0.0,598.0,frozen sensor component
gateA_original,scaling_drift_alpha_0.100,control,scaling_drift,0.1,I_XFY,integrity_jsd_vs_clean_eval,600,600,0.20252626031003404,0.19115931571705091,0.0142047901753718,0.5595935872295067,547.0,0.0,597.0,frozen sensor component
gateA_original,scaling_drift_alpha_0.100,control,scaling_drift,0.1,I_X,integrity_mmd_vs_clean_eval,600,600,0.24060635421047918,0.1101688348302138,0.0,0.8782020745939468,329.0,0.0,600.0,frozen sensor component
gateA_original,scaling_drift_alpha_0.100,control,scaling_drift,0.1,I_XF,integrity_mmd_vs_clean_eval,600,600,0.24060635421047918,0.1101688348302138,0.0,0.8782020745939468,329.0,0.0,598.0,frozen sensor component
gateA_original,scaling_drift_alpha_0.100,control,scaling_drift,0.1,I_XFY,integrity_mmd_vs_clean_eval,600,600,0.24060635421047918,0.1101688348302138,0.0,0.8782020745939468,329.0,0.0,597.0,frozen sensor component
gateA_original,scaling_drift_alpha_0.100,control,scaling_drift,0.1,I_X,integrity_ks_reject05_vs_clean_eval,600,600,0.9046527777777779,0.9166666666666666,0.625,1.0,600.0,31.0,600.0,frozen sensor component
gateA_original,scaling_drift_alpha_0.100,control,scaling_drift,0.1,I_XF,integrity_ks_reject05_vs_clean_eval,600,600,0.9046527777777779,0.9166666666666666,0.625,1.0,600.0,16.0,598.0,frozen sensor component
gateA_original,scaling_drift_alpha_0.100,control,scaling_drift,0.1,I_XFY,integrity_ks_reject05_vs_clean_eval,600,600,0.9046527777777779,0.9166666666666666,0.625,1.0,600.0,16.0,597.0,frozen sensor component
gateA_original,scaling_drift_alpha_0.100,control,scaling_drift,0.1,I_XF,integrity_score_jsd_vs_clean_eval,600,600,0.33000568508489975,0.2961570962399046,0.0172942917538752,0.6546470235750643,536.0,0.0,598.0,frozen sensor component
gateA_original,scaling_drift_alpha_0.100,control,scaling_drift,0.1,I_XFY,integrity_score_jsd_vs_clean_eval,600,600,0.33000568508489975,0.2961570962399046,0.0172942917538752,0.6546470235750643,536.0,0.0,597.0,frozen sensor component
gateA_original,scaling_drift_alpha_0.100,control,scaling_drift,0.1,I_XF,integrity_pred_pos_rate_shift,600,600,0.18574869791666668,0.0234375,0.0,0.96875,244.0,0.0,598.0,frozen sensor component
gateA_original,scaling_drift_alpha_0.100,control,scaling_drift,0.1,I_XFY,integrity_pred_pos_rate_shift,600,600,0.18574869791666668,0.0234375,0.0,0.96875,244.0,0.0,597.0,frozen sensor component
gateA_original,scaling_drift_alpha_0.100,control,scaling_drift,0.1,I_XF,integrity_pred_jsd,600,600,0.07550139303983691,0.0008826224604674,0.0,0.6231284205643703,260.0,0.0,598.0,frozen sensor component
gateA_original,scaling_drift_alpha_0.100,control,scaling_drift,0.1,I_XFY,integrity_pred_jsd,600,600,0.07550139303983691,0.0008826224604674,0.0,0.6231284205643703,260.0,0.0,597.0,frozen sensor component
gateA_original,scaling_drift_alpha_0.100,control,scaling_drift,0.1,I_Ym,integrity_label_prior_shift,600,600,0.0,0.0,0.0,0.0,0.0,0.0,0.0,frozen sensor component
gateA_original,scaling_drift_alpha_0.100,control,scaling_drift,0.1,I_XFY,integrity_label_prior_shift,600,600,0.0,0.0,0.0,0.0,0.0,0.0,597.0,frozen sensor component
gateA_original,scaling_drift_alpha_0.100,control,scaling_drift,0.1,I_Ym,integrity_label_jsd,600,600,0.0,0.0,0.0,0.0,0.0,0.0,0.0,frozen sensor component
gateA_original,scaling_drift_alpha_0.100,control,scaling_drift,0.1,I_XFY,integrity_label_jsd,600,600,0.0,0.0,0.0,0.0,0.0,0.0,597.0,frozen sensor component
gateA_original,scaling_drift_alpha_0.100,control,scaling_drift,0.1,I_XFY,integrity_confusion_profile_l1,600,600,0.3859505208333255,0.0625,0.0,1.937499999999969,237.0,0.0,597.0,frozen sensor component
gateA_original,scaling_drift_alpha_0.100,control,scaling_drift,0.1,I_XFY,integrity_confusion_profile_jsd,600,600,0.08854197697531746,0.0027229852584424,0.0,0.6251131707415669,256.0,0.0,597.0,frozen sensor component
gateA_original,scaling_drift_alpha_0.100,control,scaling_drift,0.1,descriptive_only,integrity_ks_mean_vs_clean_eval,600,600,0.5636191948784721,0.5397135416666667,0.3580729166666667,0.8411458333333334,,,,KS mean is descriptive; ks_reject05 is the prespecified calibrated component
feature_aligned,cluster_preserving_mean_shift_delta_0.020,adaptive,mean_shift,0.02,I_X,integrity_jsd_vs_clean_eval,600,600,0.042408811634875615,0.040400085047751055,0.0194922199541584,0.0737387885282688,134.0,106.0,111.0,frozen sensor component
feature_aligned,cluster_preserving_mean_shift_delta_0.020,adaptive,mean_shift,0.02,I_XF,integrity_jsd_vs_clean_eval,600,600,0.042408811634875615,0.040400085047751055,0.0194922199541584,0.0737387885282688,134.0,77.0,169.0,frozen sensor component
feature_aligned,cluster_preserving_mean_shift_delta_0.020,adaptive,mean_shift,0.02,I_XFY,integrity_jsd_vs_clean_eval,600,600,0.042408811634875615,0.040400085047751055,0.0194922199541584,0.0737387885282688,134.0,72.0,167.0,frozen sensor component
feature_aligned,cluster_preserving_mean_shift_delta_0.020,adaptive,mean_shift,0.02,I_X,integrity_mmd_vs_clean_eval,600,600,0.031755802848199385,0.0,0.0,0.1581483755577393,67.0,39.0,111.0,frozen sensor component
feature_aligned,cluster_preserving_mean_shift_delta_0.020,adaptive,mean_shift,0.02,I_XF,integrity_mmd_vs_clean_eval,600,600,0.031755802848199385,0.0,0.0,0.1581483755577393,67.0,26.0,169.0,frozen sensor component
feature_aligned,cluster_preserving_mean_shift_delta_0.020,adaptive,mean_shift,0.02,I_XFY,integrity_mmd_vs_clean_eval,600,600,0.031755802848199385,0.0,0.0,0.1581483755577393,67.0,17.0,167.0,frozen sensor component
feature_aligned,cluster_preserving_mean_shift_delta_0.020,adaptive,mean_shift,0.02,I_X,integrity_ks_reject05_vs_clean_eval,600,600,0.07304166666666667,0.0,0.0,0.625,23.0,5.0,111.0,frozen sensor component
feature_aligned,cluster_preserving_mean_shift_delta_0.020,adaptive,mean_shift,0.02,I_XF,integrity_ks_reject05_vs_clean_eval,600,600,0.07304166666666667,0.0,0.0,0.625,23.0,5.0,169.0,frozen sensor component
feature_aligned,cluster_preserving_mean_shift_delta_0.020,adaptive,mean_shift,0.02,I_XFY,integrity_ks_reject05_vs_clean_eval,600,600,0.07304166666666667,0.0,0.0,0.625,23.0,5.0,167.0,frozen sensor component
feature_aligned,cluster_preserving_mean_shift_delta_0.020,adaptive,mean_shift,0.02,I_XF,integrity_score_jsd_vs_clean_eval,600,600,0.07834402240522713,0.0754188567639445,0.0118463790387511,0.1966784609887149,163.0,103.0,169.0,frozen sensor component
feature_aligned,cluster_preserving_mean_shift_delta_0.020,adaptive,mean_shift,0.02,I_XFY,integrity_score_jsd_vs_clean_eval,600,600,0.07834402240522713,0.0754188567639445,0.0118463790387511,0.1966784609887149,163.0,90.0,167.0,frozen sensor component
feature_aligned,cluster_preserving_mean_shift_delta_0.020,adaptive,mean_shift,0.02,I_XF,integrity_pred_pos_rate_shift,600,600,0.037200520833333334,0.0234375,0.0,0.15625,47.0,4.0,169.0,frozen sensor component
feature_aligned,cluster_preserving_mean_shift_delta_0.020,adaptive,mean_shift,0.02,I_XFY,integrity_pred_pos_rate_shift,600,600,0.037200520833333334,0.0234375,0.0,0.15625,47.0,3.0,167.0,frozen sensor component
feature_aligned,cluster_preserving_mean_shift_delta_0.020,adaptive,mean_shift,0.02,I_XF,integrity_pred_jsd,600,600,0.0021718478867756405,0.00084620557074265,0.0,0.0165269140381457,53.0,4.0,169.0,frozen sensor component
feature_aligned,cluster_preserving_mean_shift_delta_0.020,adaptive,mean_shift,0.02,I_XFY,integrity_pred_jsd,600,600,0.0021718478867756405,0.00084620557074265,0.0,0.0165269140381457,53.0,2.0,167.0,frozen sensor component
feature_aligned,cluster_preserving_mean_shift_delta_0.020,adaptive,mean_shift,0.02,I_Ym,integrity_label_prior_shift,600,600,0.038203125,0.03125,0.0,0.125,48.0,0.0,48.0,frozen sensor component
feature_aligned,cluster_preserving_mean_shift_delta_0.020,adaptive,mean_shift,0.02,I_XFY,integrity_label_prior_shift,600,600,0.038203125,0.03125,0.0,0.125,48.0,0.0,167.0,frozen sensor component
feature_aligned,cluster_preserving_mean_shift_delta_0.020,adaptive,mean_shift,0.02,I_Ym,integrity_label_jsd,600,600,0.0011802436024565446,0.0004888385244522,0.0,0.0079589979174945,48.0,0.0,48.0,frozen sensor component
feature_aligned,cluster_preserving_mean_shift_delta_0.020,adaptive,mean_shift,0.02,I_XFY,integrity_label_jsd,600,600,0.0011802436024565446,0.0004888385244522,0.0,0.0079589979174945,48.0,0.0,167.0,frozen sensor component
feature_aligned,cluster_preserving_mean_shift_delta_0.020,adaptive,mean_shift,0.02,I_XFY,integrity_confusion_profile_l1,600,600,0.12454427083333192,0.10937499999999935,0.0,0.390625,57.0,4.0,167.0,frozen sensor component
feature_aligned,cluster_preserving_mean_shift_delta_0.020,adaptive,mean_shift,0.02,I_XFY,integrity_confusion_profile_jsd,600,600,0.005233374137185697,0.0036562230711615,0.0,0.0317361610667816,55.0,4.0,167.0,frozen sensor component
feature_aligned,cluster_preserving_mean_shift_delta_0.020,adaptive,mean_shift,0.02,descriptive_only,integrity_ks_mean_vs_clean_eval,600,600,0.10717974175347222,0.1082356770833333,0.05615234375,0.1640625,,,,KS mean is descriptive; ks_reject05 is the prespecified calibrated component
feature_aligned,cluster_preserving_mean_shift_delta_0.050,adaptive,mean_shift,0.05,I_X,integrity_jsd_vs_clean_eval,600,600,0.04796661272131812,0.04563244950391355,0.0201681162909135,0.0824261594522322,257.0,174.0,242.0,frozen sensor component
feature_aligned,cluster_preserving_mean_shift_delta_0.050,adaptive,mean_shift,0.05,I_XF,integrity_jsd_vs_clean_eval,600,600,0.04796661272131812,0.04563244950391355,0.0201681162909135,0.0824261594522322,257.0,84.0,327.0,frozen sensor component
feature_aligned,cluster_preserving_mean_shift_delta_0.050,adaptive,mean_shift,0.05,I_XFY,integrity_jsd_vs_clean_eval,600,600,0.04796661272131812,0.04563244950391355,0.0201681162909135,0.0824261594522322,257.0,73.0,312.0,frozen sensor component
feature_aligned,cluster_preserving_mean_shift_delta_0.050,adaptive,mean_shift,0.05,I_X,integrity_mmd_vs_clean_eval,600,600,0.039253672557030356,0.027491382145535703,0.0,0.1687698476017333,84.0,35.0,242.0,frozen sensor component
feature_aligned,cluster_preserving_mean_shift_delta_0.050,adaptive,mean_shift,0.05,I_XF,integrity_mmd_vs_clean_eval,600,600,0.039253672557030356,0.027491382145535703,0.0,0.1687698476017333,84.0,13.0,327.0,frozen sensor component
feature_aligned,cluster_preserving_mean_shift_delta_0.050,adaptive,mean_shift,0.05,I_XFY,integrity_mmd_vs_clean_eval,600,600,0.039253672557030356,0.027491382145535703,0.0,0.1687698476017333,84.0,7.0,312.0,frozen sensor component
feature_aligned,cluster_preserving_mean_shift_delta_0.050,adaptive,mean_shift,0.05,I_X,integrity_ks_reject05_vs_clean_eval,600,600,0.1354027777777778,0.1,0.0,0.75,87.0,16.0,242.0,frozen sensor component
feature_aligned,cluster_preserving_mean_shift_delta_0.050,adaptive,mean_shift,0.05,I_XF,integrity_ks_reject05_vs_clean_eval,600,600,0.1354027777777778,0.1,0.0,0.75,87.0,8.0,327.0,frozen sensor component
feature_aligned,cluster_preserving_mean_shift_delta_0.050,adaptive,mean_shift,0.05,I_XFY,integrity_ks_reject05_vs_clean_eval,600,600,0.1354027777777778,0.1,0.0,0.75,87.0,8.0,312.0,frozen sensor component
feature_aligned,cluster_preserving_mean_shift_delta_0.050,adaptive,mean_shift,0.05,I_XF,integrity_score_jsd_vs_clean_eval,600,600,0.09397906890052761,0.09090541199536105,0.0195939787387656,0.2990587154389576,272.0,96.0,327.0,frozen sensor component
feature_aligned,cluster_preserving_mean_shift_delta_0.050,adaptive,mean_shift,0.05,I_XFY,integrity_score_jsd_vs_clean_eval,600,600,0.09397906890052761,0.09090541199536105,0.0195939787387656,0.2990587154389576,272.0,93.0,312.0,frozen sensor component
feature_aligned,cluster_preserving_mean_shift_delta_0.050,adaptive,mean_shift,0.05,I_XF,integrity_pred_pos_rate_shift,600,600,0.038424479166666664,0.03125,0.0,0.1875,46.0,2.0,327.0,frozen sensor component
feature_aligned,cluster_preserving_mean_shift_delta_0.050,adaptive,mean_shift,0.05,I_XFY,integrity_pred_pos_rate_shift,600,600,0.038424479166666664,0.03125,0.0,0.1875,46.0,2.0,312.0,frozen sensor component
feature_aligned,cluster_preserving_mean_shift_delta_0.050,adaptive,mean_shift,0.05,I_XF,integrity_pred_jsd,600,600,0.00227095213957831,0.0008911007674247001,0.0,0.0213276831956899,53.0,3.0,327.0,frozen sensor component
feature_aligned,cluster_preserving_mean_shift_delta_0.050,adaptive,mean_shift,0.05,I_XFY,integrity_pred_jsd,600,600,0.00227095213957831,0.0008911007674247001,0.0,0.0213276831956899,53.0,2.0,312.0,frozen sensor component
feature_aligned,cluster_preserving_mean_shift_delta_0.050,adaptive,mean_shift,0.05,I_Ym,integrity_label_prior_shift,600,600,0.038203125,0.03125,0.0,0.125,48.0,0.0,48.0,frozen sensor component
feature_aligned,cluster_preserving_mean_shift_delta_0.050,adaptive,mean_shift,0.05,I_XFY,integrity_label_prior_shift,600,600,0.038203125,0.03125,0.0,0.125,48.0,0.0,312.0,frozen sensor component
feature_aligned,cluster_preserving_mean_shift_delta_0.050,adaptive,mean_shift,0.05,I_Ym,integrity_label_jsd,600,600,0.0011802436024565446,0.0004888385244522,0.0,0.0079589979174945,48.0,0.0,48.0,frozen sensor component
feature_aligned,cluster_preserving_mean_shift_delta_0.050,adaptive,mean_shift,0.05,I_XFY,integrity_label_jsd,600,600,0.0011802436024565446,0.0004888385244522,0.0,0.0079589979174945,48.0,0.0,312.0,frozen sensor component
feature_aligned,cluster_preserving_mean_shift_delta_0.050,adaptive,mean_shift,0.05,I_XFY,integrity_confusion_profile_l1,600,600,0.12763020833333197,0.109375,0.0,0.453125,58.0,4.0,312.0,frozen sensor component
feature_aligned,cluster_preserving_mean_shift_delta_0.050,adaptive,mean_shift,0.05,I_XFY,integrity_confusion_profile_jsd,600,600,0.0053455188331706545,0.0038929493010445,0.0,0.0425378255431189,52.0,2.0,312.0,frozen sensor component
feature_aligned,cluster_preserving_mean_shift_delta_0.050,adaptive,mean_shift,0.05,descriptive_only,integrity_ks_mean_vs_clean_eval,600,600,0.11766927083333334,0.1171875,0.0595703125,0.1859375,,,,KS mean is descriptive; ks_reject05 is the prespecified calibrated component
feature_aligned,cluster_preserving_mean_shift_delta_0.100,adaptive,mean_shift,0.1,I_X,integrity_jsd_vs_clean_eval,600,600,0.05554446532054635,0.0538246345903782,0.0144010715715065,0.1029178535576201,397.0,189.0,379.0,frozen sensor component
feature_aligned,cluster_preserving_mean_shift_delta_0.100,adaptive,mean_shift,0.1,I_XF,integrity_jsd_vs_clean_eval,600,600,0.05554446532054635,0.0538246345903782,0.0144010715715065,0.1029178535576201,397.0,55.0,437.0,frozen sensor component
feature_aligned,cluster_preserving_mean_shift_delta_0.100,adaptive,mean_shift,0.1,I_XFY,integrity_jsd_vs_clean_eval,600,600,0.05554446532054635,0.0538246345903782,0.0144010715715065,0.1029178535576201,397.0,46.0,417.0,frozen sensor component
feature_aligned,cluster_preserving_mean_shift_delta_0.100,adaptive,mean_shift,0.1,I_X,integrity_mmd_vs_clean_eval,600,600,0.05525851549256984,0.04806183652689195,0.0,0.2792327045396647,169.0,31.0,379.0,frozen sensor component
feature_aligned,cluster_preserving_mean_shift_delta_0.100,adaptive,mean_shift,0.1,I_XF,integrity_mmd_vs_clean_eval,600,600,0.05525851549256984,0.04806183652689195,0.0,0.2792327045396647,169.0,9.0,437.0,frozen sensor component
feature_aligned,cluster_preserving_mean_shift_delta_0.100,adaptive,mean_shift,0.1,I_XFY,integrity_mmd_vs_clean_eval,600,600,0.05525851549256984,0.04806183652689195,0.0,0.2792327045396647,169.0,9.0,417.0,frozen sensor component
feature_aligned,cluster_preserving_mean_shift_delta_0.100,adaptive,mean_shift,0.1,I_X,integrity_ks_reject05_vs_clean_eval,600,600,0.19451388888888888,0.1666666666666666,0.0,0.875,146.0,15.0,379.0,frozen sensor component
feature_aligned,cluster_preserving_mean_shift_delta_0.100,adaptive,mean_shift,0.1,I_XF,integrity_ks_reject05_vs_clean_eval,600,600,0.19451388888888888,0.1666666666666666,0.0,0.875,146.0,8.0,437.0,frozen sensor component
feature_aligned,cluster_preserving_mean_shift_delta_0.100,adaptive,mean_shift,0.1,I_XFY,integrity_ks_reject05_vs_clean_eval,600,600,0.19451388888888888,0.1666666666666666,0.0,0.875,146.0,8.0,417.0,frozen sensor component
feature_aligned,cluster_preserving_mean_shift_delta_0.100,adaptive,mean_shift,0.1,I_XF,integrity_score_jsd_vs_clean_eval,600,600,0.10938167886183028,0.1034103721576271,0.0206075163194995,0.3290675703227694,369.0,57.0,437.0,frozen sensor component
feature_aligned,cluster_preserving_mean_shift_delta_0.100,adaptive,mean_shift,0.1,I_XFY,integrity_score_jsd_vs_clean_eval,600,600,0.10938167886183028,0.1034103721576271,0.0206075163194995,0.3290675703227694,369.0,53.0,417.0,frozen sensor component
feature_aligned,cluster_preserving_mean_shift_delta_0.100,adaptive,mean_shift,0.1,I_XF,integrity_pred_pos_rate_shift,600,600,0.04206380208333333,0.03125,0.0,0.2890625,68.0,1.0,437.0,frozen sensor component
feature_aligned,cluster_preserving_mean_shift_delta_0.100,adaptive,mean_shift,0.1,I_XFY,integrity_pred_pos_rate_shift,600,600,0.04206380208333333,0.03125,0.0,0.2890625,68.0,0.0,417.0,frozen sensor component
feature_aligned,cluster_preserving_mean_shift_delta_0.100,adaptive,mean_shift,0.1,I_XF,integrity_pred_jsd,600,600,0.002756604389337644,0.0010185005576623,0.0,0.0471190308321273,72.0,4.0,437.0,frozen sensor component
feature_aligned,cluster_preserving_mean_shift_delta_0.100,adaptive,mean_shift,0.1,I_XFY,integrity_pred_jsd,600,600,0.002756604389337644,0.0010185005576623,0.0,0.0471190308321273,72.0,3.0,417.0,frozen sensor component
feature_aligned,cluster_preserving_mean_shift_delta_0.100,adaptive,mean_shift,0.1,I_Ym,integrity_label_prior_shift,600,600,0.038203125,0.03125,0.0,0.125,48.0,0.0,48.0,frozen sensor component
feature_aligned,cluster_preserving_mean_shift_delta_0.100,adaptive,mean_shift,0.1,I_XFY,integrity_label_prior_shift,600,600,0.038203125,0.03125,0.0,0.125,48.0,0.0,417.0,frozen sensor component
feature_aligned,cluster_preserving_mean_shift_delta_0.100,adaptive,mean_shift,0.1,I_Ym,integrity_label_jsd,600,600,0.0011802436024565446,0.0004888385244522,0.0,0.0079589979174945,48.0,0.0,48.0,frozen sensor component
feature_aligned,cluster_preserving_mean_shift_delta_0.100,adaptive,mean_shift,0.1,I_XFY,integrity_label_jsd,600,600,0.0011802436024565446,0.0004888385244522,0.0,0.0079589979174945,48.0,0.0,417.0,frozen sensor component
feature_aligned,cluster_preserving_mean_shift_delta_0.100,adaptive,mean_shift,0.1,I_XFY,integrity_confusion_profile_l1,600,600,0.13350260416666493,0.109375,0.0,0.609375,72.0,0.0,417.0,frozen sensor component
feature_aligned,cluster_preserving_mean_shift_delta_0.100,adaptive,mean_shift,0.1,I_XFY,integrity_confusion_profile_jsd,600,600,0.006208309343146714,0.0042250081980123,0.0,0.0820535066541683,70.0,1.0,417.0,frozen sensor component
feature_aligned,cluster_preserving_mean_shift_delta_0.100,adaptive,mean_shift,0.1,descriptive_only,integrity_ks_mean_vs_clean_eval,600,600,0.12918229166666662,0.125,0.07275390625,0.2119140625,,,,KS mean is descriptive; ks_reject05 is the prespecified calibrated component
feature_aligned,cluster_preserving_mean_shift_delta_0.250,adaptive,mean_shift,0.25,I_X,integrity_jsd_vs_clean_eval,600,600,0.07727272642564971,0.07600965988206396,0.0265239512980675,0.1485306615583784,563.0,140.0,548.0,frozen sensor component
feature_aligned,cluster_preserving_mean_shift_delta_0.250,adaptive,mean_shift,0.25,I_XF,integrity_jsd_vs_clean_eval,600,600,0.07727272642564971,0.07600965988206396,0.0265239512980675,0.1485306615583784,563.0,44.0,575.0,frozen sensor component
feature_aligned,cluster_preserving_mean_shift_delta_0.250,adaptive,mean_shift,0.25,I_XFY,integrity_jsd_vs_clean_eval,600,600,0.07727272642564971,0.07600965988206396,0.0265239512980675,0.1485306615583784,563.0,42.0,570.0,frozen sensor component
feature_aligned,cluster_preserving_mean_shift_delta_0.250,adaptive,mean_shift,0.25,I_X,integrity_mmd_vs_clean_eval,600,600,0.09622587578649133,0.08246527611812235,0.0,0.4170413776090844,298.0,3.0,548.0,frozen sensor component
feature_aligned,cluster_preserving_mean_shift_delta_0.250,adaptive,mean_shift,0.25,I_XF,integrity_mmd_vs_clean_eval,600,600,0.09622587578649133,0.08246527611812235,0.0,0.4170413776090844,298.0,0.0,575.0,frozen sensor component
feature_aligned,cluster_preserving_mean_shift_delta_0.250,adaptive,mean_shift,0.25,I_XFY,integrity_mmd_vs_clean_eval,600,600,0.09622587578649133,0.08246527611812235,0.0,0.4170413776090844,298.0,0.0,570.0,frozen sensor component
feature_aligned,cluster_preserving_mean_shift_delta_0.250,adaptive,mean_shift,0.25,I_X,integrity_ks_reject05_vs_clean_eval,600,600,0.3640833333333333,0.375,0.0,1.0,362.0,7.0,548.0,frozen sensor component
feature_aligned,cluster_preserving_mean_shift_delta_0.250,adaptive,mean_shift,0.25,I_XF,integrity_ks_reject05_vs_clean_eval,600,600,0.3640833333333333,0.375,0.0,1.0,362.0,0.0,575.0,frozen sensor component
feature_aligned,cluster_preserving_mean_shift_delta_0.250,adaptive,mean_shift,0.25,I_XFY,integrity_ks_reject05_vs_clean_eval,600,600,0.3640833333333333,0.375,0.0,1.0,362.0,0.0,570.0,frozen sensor component
feature_aligned,cluster_preserving_mean_shift_delta_0.250,adaptive,mean_shift,0.25,I_XF,integrity_score_jsd_vs_clean_eval,600,600,0.13931973408655263,0.1314913444361548,0.0222998930747285,0.338923999248057,482.0,9.0,575.0,frozen sensor component
feature_aligned,cluster_preserving_mean_shift_delta_0.250,adaptive,mean_shift,0.25,I_XFY,integrity_score_jsd_vs_clean_eval,600,600,0.13931973408655263,0.1314913444361548,0.0222998930747285,0.338923999248057,482.0,9.0,570.0,frozen sensor component
feature_aligned,cluster_preserving_mean_shift_delta_0.250,adaptive,mean_shift,0.25,I_XF,integrity_pred_pos_rate_shift,600,600,0.06249348958333333,0.0390625,0.0,0.4375,138.0,0.0,575.0,frozen sensor component
feature_aligned,cluster_preserving_mean_shift_delta_0.250,adaptive,mean_shift,0.25,I_XFY,integrity_pred_pos_rate_shift,600,600,0.06249348958333333,0.0390625,0.0,0.4375,138.0,0.0,570.0,frozen sensor component
feature_aligned,cluster_preserving_mean_shift_delta_0.250,adaptive,mean_shift,0.25,I_XF,integrity_pred_jsd,600,600,0.006337140888441937,0.0021075674922225503,0.0,0.0997457550640484,154.0,0.0,575.0,frozen sensor component
feature_aligned,cluster_preserving_mean_shift_delta_0.250,adaptive,mean_shift,0.25,I_XFY,integrity_pred_jsd,600,600,0.006337140888441937,0.0021075674922225503,0.0,0.0997457550640484,154.0,0.0,570.0,frozen sensor component
feature_aligned,cluster_preserving_mean_shift_delta_0.250,adaptive,mean_shift,0.25,I_Ym,integrity_label_prior_shift,600,600,0.038203125,0.03125,0.0,0.125,48.0,0.0,48.0,frozen sensor component
feature_aligned,cluster_preserving_mean_shift_delta_0.250,adaptive,mean_shift,0.25,I_XFY,integrity_label_prior_shift,600,600,0.038203125,0.03125,0.0,0.125,48.0,0.0,570.0,frozen sensor component
feature_aligned,cluster_preserving_mean_shift_delta_0.250,adaptive,mean_shift,0.25,I_Ym,integrity_label_jsd,600,600,0.0011802436024565446,0.0004888385244522,0.0,0.0079589979174945,48.0,0.0,48.0,frozen sensor component
feature_aligned,cluster_preserving_mean_shift_delta_0.250,adaptive,mean_shift,0.25,I_XFY,integrity_label_jsd,600,600,0.0011802436024565446,0.0004888385244522,0.0,0.0079589979174945,48.0,0.0,570.0,frozen sensor component
feature_aligned,cluster_preserving_mean_shift_delta_0.250,adaptive,mean_shift,0.25,I_XFY,integrity_confusion_profile_l1,600,600,0.1751302083333316,0.140625,0.0,0.875,156.0,0.0,570.0,frozen sensor component
feature_aligned,cluster_preserving_mean_shift_delta_0.250,adaptive,mean_shift,0.25,I_XFY,integrity_confusion_profile_jsd,600,600,0.011562901913428498,0.005570991494855,0.0,0.1549773806687564,148.0,0.0,570.0,frozen sensor component
feature_aligned,cluster_preserving_mean_shift_delta_0.250,adaptive,mean_shift,0.25,descriptive_only,integrity_ks_mean_vs_clean_eval,600,600,0.16336924913194442,0.15901692708333331,0.0849609375,0.2779947916666667,,,,KS mean is descriptive; ks_reject05 is the prespecified calibrated component
feature_aligned,cluster_preserving_mean_shift_delta_0.500,adaptive,mean_shift,0.5,I_X,integrity_jsd_vs_clean_eval,600,600,0.0895678390349529,0.08365784951616681,0.040808592588008,0.1879873594643871,596.0,84.0,590.0,frozen sensor component
feature_aligned,cluster_preserving_mean_shift_delta_0.500,adaptive,mean_shift,0.5,I_XF,integrity_jsd_vs_clean_eval,600,600,0.0895678390349529,0.08365784951616681,0.040808592588008,0.1879873594643871,596.0,40.0,593.0,frozen sensor component
feature_aligned,cluster_preserving_mean_shift_delta_0.500,adaptive,mean_shift,0.5,I_XFY,integrity_jsd_vs_clean_eval,600,600,0.0895678390349529,0.08365784951616681,0.040808592588008,0.1879873594643871,596.0,39.0,586.0,frozen sensor component
feature_aligned,cluster_preserving_mean_shift_delta_0.500,adaptive,mean_shift,0.5,I_X,integrity_mmd_vs_clean_eval,600,600,0.15953464242174842,0.15313063735882865,0.0,0.4022174362760141,480.0,0.0,590.0,frozen sensor component
feature_aligned,cluster_preserving_mean_shift_delta_0.500,adaptive,mean_shift,0.5,I_XF,integrity_mmd_vs_clean_eval,600,600,0.15953464242174842,0.15313063735882865,0.0,0.4022174362760141,480.0,0.0,593.0,frozen sensor component
feature_aligned,cluster_preserving_mean_shift_delta_0.500,adaptive,mean_shift,0.5,I_XFY,integrity_mmd_vs_clean_eval,600,600,0.15953464242174842,0.15313063735882865,0.0,0.4022174362760141,480.0,0.0,586.0,frozen sensor component
feature_aligned,cluster_preserving_mean_shift_delta_0.500,adaptive,mean_shift,0.5,I_X,integrity_ks_reject05_vs_clean_eval,600,600,0.40626388888888887,0.4,0.0,1.0,416.0,0.0,590.0,frozen sensor component
feature_aligned,cluster_preserving_mean_shift_delta_0.500,adaptive,mean_shift,0.5,I_XF,integrity_ks_reject05_vs_clean_eval,600,600,0.40626388888888887,0.4,0.0,1.0,416.0,0.0,593.0,frozen sensor component
feature_aligned,cluster_preserving_mean_shift_delta_0.500,adaptive,mean_shift,0.5,I_XFY,integrity_ks_reject05_vs_clean_eval,600,600,0.40626388888888887,0.4,0.0,1.0,416.0,0.0,586.0,frozen sensor component
feature_aligned,cluster_preserving_mean_shift_delta_0.500,adaptive,mean_shift,0.5,I_XF,integrity_score_jsd_vs_clean_eval,600,600,0.15850190152561727,0.1504890017982648,0.0221504451886294,0.3586468576394572,515.0,2.0,593.0,frozen sensor component
feature_aligned,cluster_preserving_mean_shift_delta_0.500,adaptive,mean_shift,0.5,I_XFY,integrity_score_jsd_vs_clean_eval,600,600,0.15850190152561727,0.1504890017982648,0.0221504451886294,0.3586468576394572,515.0,2.0,586.0,frozen sensor component
feature_aligned,cluster_preserving_mean_shift_delta_0.500,adaptive,mean_shift,0.5,I_XF,integrity_pred_pos_rate_shift,600,600,0.09695963541666666,0.0625,0.0,0.5390625,246.0,0.0,593.0,frozen sensor component
feature_aligned,cluster_preserving_mean_shift_delta_0.500,adaptive,mean_shift,0.5,I_XFY,integrity_pred_pos_rate_shift,600,600,0.09695963541666666,0.0625,0.0,0.5390625,246.0,0.0,586.0,frozen sensor component
feature_aligned,cluster_preserving_mean_shift_delta_0.500,adaptive,mean_shift,0.5,I_XF,integrity_pred_jsd,600,600,0.013420562008785782,0.004218295626382901,0.0,0.1579981558969035,254.0,0.0,593.0,frozen sensor component
feature_aligned,cluster_preserving_mean_shift_delta_0.500,adaptive,mean_shift,0.5,I_XFY,integrity_pred_jsd,600,600,0.013420562008785782,0.004218295626382901,0.0,0.1579981558969035,254.0,0.0,586.0,frozen sensor component
feature_aligned,cluster_preserving_mean_shift_delta_0.500,adaptive,mean_shift,0.5,I_Ym,integrity_label_prior_shift,600,600,0.038203125,0.03125,0.0,0.125,48.0,0.0,48.0,frozen sensor component
feature_aligned,cluster_preserving_mean_shift_delta_0.500,adaptive,mean_shift,0.5,I_XFY,integrity_label_prior_shift,600,600,0.038203125,0.03125,0.0,0.125,48.0,0.0,586.0,frozen sensor component
feature_aligned,cluster_preserving_mean_shift_delta_0.500,adaptive,mean_shift,0.5,I_Ym,integrity_label_jsd,600,600,0.0011802436024565446,0.0004888385244522,0.0,0.0079589979174945,48.0,0.0,48.0,frozen sensor component
feature_aligned,cluster_preserving_mean_shift_delta_0.500,adaptive,mean_shift,0.5,I_XFY,integrity_label_jsd,600,600,0.0011802436024565446,0.0004888385244522,0.0,0.0079589979174945,48.0,0.0,586.0,frozen sensor component
feature_aligned,cluster_preserving_mean_shift_delta_0.500,adaptive,mean_shift,0.5,I_XFY,integrity_confusion_profile_l1,600,600,0.23535156249999764,0.1796874999999929,0.0,1.078125,238.0,0.0,586.0,frozen sensor component
feature_aligned,cluster_preserving_mean_shift_delta_0.500,adaptive,mean_shift,0.5,I_XFY,integrity_confusion_profile_jsd,600,600,0.02127346399161898,0.00946843309883905,0.0,0.2132310597511458,262.0,0.0,586.0,frozen sensor component
feature_aligned,cluster_preserving_mean_shift_delta_0.500,adaptive,mean_shift,0.5,descriptive_only,integrity_ks_mean_vs_clean_eval,600,600,0.18088981119791664,0.17659505208333331,0.09375,0.3515625,,,,KS mean is descriptive; ks_reject05 is the prespecified calibrated component
feature_aligned,cluster_preserving_scaling_alpha_0.020,adaptive,scaling_drift,0.02,I_X,integrity_jsd_vs_clean_eval,600,600,0.04635084216808658,0.0462282317663405,0.0127516774713103,0.1123076387791238,202.0,118.0,184.0,frozen sensor component
feature_aligned,cluster_preserving_scaling_alpha_0.020,adaptive,scaling_drift,0.02,I_XF,integrity_jsd_vs_clean_eval,600,600,0.04635084216808658,0.0462282317663405,0.0127516774713103,0.1123076387791238,202.0,61.0,285.0,frozen sensor component
feature_aligned,cluster_preserving_scaling_alpha_0.020,adaptive,scaling_drift,0.02,I_XFY,integrity_jsd_vs_clean_eval,600,600,0.04635084216808658,0.0462282317663405,0.0127516774713103,0.1123076387791238,202.0,60.0,265.0,frozen sensor component
feature_aligned,cluster_preserving_scaling_alpha_0.020,adaptive,scaling_drift,0.02,I_X,integrity_mmd_vs_clean_eval,600,600,0.03717897267825167,0.0229617401381862,0.0,0.1598144163626781,85.0,33.0,184.0,frozen sensor component
feature_aligned,cluster_preserving_scaling_alpha_0.020,adaptive,scaling_drift,0.02,I_XF,integrity_mmd_vs_clean_eval,600,600,0.03717897267825167,0.0229617401381862,0.0,0.1598144163626781,85.0,14.0,285.0,frozen sensor component
feature_aligned,cluster_preserving_scaling_alpha_0.020,adaptive,scaling_drift,0.02,I_XFY,integrity_mmd_vs_clean_eval,600,600,0.03717897267825167,0.0229617401381862,0.0,0.1598144163626781,85.0,6.0,265.0,frozen sensor component
feature_aligned,cluster_preserving_scaling_alpha_0.020,adaptive,scaling_drift,0.02,I_X,integrity_ks_reject05_vs_clean_eval,600,600,0.0973611111111111,0.0833333333333333,0.0,0.9,60.0,3.0,184.0,frozen sensor component
feature_aligned,cluster_preserving_scaling_alpha_0.020,adaptive,scaling_drift,0.02,I_XF,integrity_ks_reject05_vs_clean_eval,600,600,0.0973611111111111,0.0833333333333333,0.0,0.9,60.0,2.0,285.0,frozen sensor component
feature_aligned,cluster_preserving_scaling_alpha_0.020,adaptive,scaling_drift,0.02,I_XFY,integrity_ks_reject05_vs_clean_eval,600,600,0.0973611111111111,0.0833333333333333,0.0,0.9,60.0,2.0,265.0,frozen sensor component
feature_aligned,cluster_preserving_scaling_alpha_0.020,adaptive,scaling_drift,0.02,I_XF,integrity_score_jsd_vs_clean_eval,600,600,0.09248699768901926,0.08932616367198984,0.0148916263868919,0.2883718402985023,240.0,106.0,285.0,frozen sensor component
feature_aligned,cluster_preserving_scaling_alpha_0.020,adaptive,scaling_drift,0.02,I_XFY,integrity_score_jsd_vs_clean_eval,600,600,0.09248699768901926,0.08932616367198984,0.0148916263868919,0.2883718402985023,240.0,94.0,265.0,frozen sensor component
feature_aligned,cluster_preserving_scaling_alpha_0.020,adaptive,scaling_drift,0.02,I_XF,integrity_pred_pos_rate_shift,600,600,0.03920572916666667,0.03125,0.0,0.2734375,58.0,3.0,285.0,frozen sensor component
feature_aligned,cluster_preserving_scaling_alpha_0.020,adaptive,scaling_drift,0.02,I_XFY,integrity_pred_pos_rate_shift,600,600,0.03920572916666667,0.03125,0.0,0.2734375,58.0,3.0,265.0,frozen sensor component
feature_aligned,cluster_preserving_scaling_alpha_0.020,adaptive,scaling_drift,0.02,I_XF,integrity_pred_jsd,600,600,0.0024638796131941833,0.0008505181655871,0.0,0.0425556142020261,62.0,2.0,285.0,frozen sensor component
feature_aligned,cluster_preserving_scaling_alpha_0.020,adaptive,scaling_drift,0.02,I_XFY,integrity_pred_jsd,600,600,0.0024638796131941833,0.0008505181655871,0.0,0.0425556142020261,62.0,2.0,265.0,frozen sensor component
feature_aligned,cluster_preserving_scaling_alpha_0.020,adaptive,scaling_drift,0.02,I_Ym,integrity_label_prior_shift,600,600,0.038203125,0.03125,0.0,0.125,48.0,0.0,48.0,frozen sensor component
feature_aligned,cluster_preserving_scaling_alpha_0.020,adaptive,scaling_drift,0.02,I_XFY,integrity_label_prior_shift,600,600,0.038203125,0.03125,0.0,0.125,48.0,0.0,265.0,frozen sensor component
feature_aligned,cluster_preserving_scaling_alpha_0.020,adaptive,scaling_drift,0.02,I_Ym,integrity_label_jsd,600,600,0.0011802436024565446,0.0004888385244522,0.0,0.0079589979174945,48.0,0.0,48.0,frozen sensor component
feature_aligned,cluster_preserving_scaling_alpha_0.020,adaptive,scaling_drift,0.02,I_XFY,integrity_label_jsd,600,600,0.0011802436024565446,0.0004888385244522,0.0,0.0079589979174945,48.0,0.0,265.0,frozen sensor component
feature_aligned,cluster_preserving_scaling_alpha_0.020,adaptive,scaling_drift,0.02,I_XFY,integrity_confusion_profile_l1,600,600,0.1282421874999985,0.109375,0.0,0.546875,64.0,3.0,265.0,frozen sensor component
feature_aligned,cluster_preserving_scaling_alpha_0.020,adaptive,scaling_drift,0.02,I_XFY,integrity_confusion_profile_jsd,600,600,0.005541025372185863,0.0038929493010445,0.0,0.0512435106038285,58.0,1.0,265.0,frozen sensor component
feature_aligned,cluster_preserving_scaling_alpha_0.020,adaptive,scaling_drift,0.02,descriptive_only,integrity_ks_mean_vs_clean_eval,600,600,0.1113545464409722,0.1100260416666666,0.06005859375,0.20703125,,,,KS mean is descriptive; ks_reject05 is the prespecified calibrated component
feature_aligned,cluster_preserving_scaling_alpha_0.050,adaptive,scaling_drift,0.05,I_X,integrity_jsd_vs_clean_eval,600,600,0.056117599451848764,0.05351584444851905,0.0115120213773266,0.12501531667506,368.0,209.0,342.0,frozen sensor component
feature_aligned,cluster_preserving_scaling_alpha_0.050,adaptive,scaling_drift,0.05,I_XF,integrity_jsd_vs_clean_eval,600,600,0.056117599451848764,0.05351584444851905,0.0115120213773266,0.12501531667506,368.0,100.0,412.0,frozen sensor component
feature_aligned,cluster_preserving_scaling_alpha_0.050,adaptive,scaling_drift,0.05,I_XFY,integrity_jsd_vs_clean_eval,600,600,0.056117599451848764,0.05351584444851905,0.0115120213773266,0.12501531667506,368.0,95.0,404.0,frozen sensor component
feature_aligned,cluster_preserving_scaling_alpha_0.050,adaptive,scaling_drift,0.05,I_X,integrity_mmd_vs_clean_eval,600,600,0.05186220443033413,0.04590142039591725,0.0,0.242090654012574,145.0,34.0,342.0,frozen sensor component
feature_aligned,cluster_preserving_scaling_alpha_0.050,adaptive,scaling_drift,0.05,I_XF,integrity_mmd_vs_clean_eval,600,600,0.05186220443033413,0.04590142039591725,0.0,0.242090654012574,145.0,10.0,412.0,frozen sensor component
feature_aligned,cluster_preserving_scaling_alpha_0.050,adaptive,scaling_drift,0.05,I_XFY,integrity_mmd_vs_clean_eval,600,600,0.05186220443033413,0.04590142039591725,0.0,0.242090654012574,145.0,8.0,404.0,frozen sensor component
feature_aligned,cluster_preserving_scaling_alpha_0.050,adaptive,scaling_drift,0.05,I_X,integrity_ks_reject05_vs_clean_eval,600,600,0.1443333333333333,0.1,0.0,0.8333333333333334,109.0,3.0,342.0,frozen sensor component
feature_aligned,cluster_preserving_scaling_alpha_0.050,adaptive,scaling_drift,0.05,I_XF,integrity_ks_reject05_vs_clean_eval,600,600,0.1443333333333333,0.1,0.0,0.8333333333333334,109.0,0.0,412.0,frozen sensor component
feature_aligned,cluster_preserving_scaling_alpha_0.050,adaptive,scaling_drift,0.05,I_XFY,integrity_ks_reject05_vs_clean_eval,600,600,0.1443333333333333,0.1,0.0,0.8333333333333334,109.0,0.0,404.0,frozen sensor component
feature_aligned,cluster_preserving_scaling_alpha_0.050,adaptive,scaling_drift,0.05,I_XF,integrity_score_jsd_vs_clean_eval,600,600,0.10827310876306089,0.09955298467692969,0.0131522088341704,0.299013960270483,328.0,65.0,412.0,frozen sensor component
feature_aligned,cluster_preserving_scaling_alpha_0.050,adaptive,scaling_drift,0.05,I_XFY,integrity_score_jsd_vs_clean_eval,600,600,0.10827310876306089,0.09955298467692969,0.0131522088341704,0.299013960270483,328.0,54.0,404.0,frozen sensor component
feature_aligned,cluster_preserving_scaling_alpha_0.050,adaptive,scaling_drift,0.05,I_XF,integrity_pred_pos_rate_shift,600,600,0.052096354166666664,0.03515625,0.0,0.4140625,108.0,1.0,412.0,frozen sensor component
feature_aligned,cluster_preserving_scaling_alpha_0.050,adaptive,scaling_drift,0.05,I_XFY,integrity_pred_pos_rate_shift,600,600,0.052096354166666664,0.03515625,0.0,0.4140625,108.0,1.0,404.0,frozen sensor component
feature_aligned,cluster_preserving_scaling_alpha_0.050,adaptive,scaling_drift,0.05,I_XF,integrity_pred_jsd,600,600,0.004410413348191654,0.0014597089670748999,0.0,0.1055034695453762,117.0,1.0,412.0,frozen sensor component
feature_aligned,cluster_preserving_scaling_alpha_0.050,adaptive,scaling_drift,0.05,I_XFY,integrity_pred_jsd,600,600,0.004410413348191654,0.0014597089670748999,0.0,0.1055034695453762,117.0,1.0,404.0,frozen sensor component
feature_aligned,cluster_preserving_scaling_alpha_0.050,adaptive,scaling_drift,0.05,I_Ym,integrity_label_prior_shift,600,600,0.038203125,0.03125,0.0,0.125,48.0,0.0,48.0,frozen sensor component
feature_aligned,cluster_preserving_scaling_alpha_0.050,adaptive,scaling_drift,0.05,I_XFY,integrity_label_prior_shift,600,600,0.038203125,0.03125,0.0,0.125,48.0,0.0,404.0,frozen sensor component
feature_aligned,cluster_preserving_scaling_alpha_0.050,adaptive,scaling_drift,0.05,I_Ym,integrity_label_jsd,600,600,0.0011802436024565446,0.0004888385244522,0.0,0.0079589979174945,48.0,0.0,48.0,frozen sensor component
feature_aligned,cluster_preserving_scaling_alpha_0.050,adaptive,scaling_drift,0.05,I_XFY,integrity_label_jsd,600,600,0.0011802436024565446,0.0004888385244522,0.0,0.0079589979174945,48.0,0.0,404.0,frozen sensor component
feature_aligned,cluster_preserving_scaling_alpha_0.050,adaptive,scaling_drift,0.05,I_XFY,integrity_confusion_profile_l1,600,600,0.15151041666666515,0.1406249999999911,0.0,0.828125,112.0,1.0,404.0,frozen sensor component
feature_aligned,cluster_preserving_scaling_alpha_0.050,adaptive,scaling_drift,0.05,I_XFY,integrity_confusion_profile_jsd,600,600,0.008576275322909731,0.004804320818570551,0.0,0.1560135919891116,107.0,1.0,404.0,frozen sensor component
feature_aligned,cluster_preserving_scaling_alpha_0.050,adaptive,scaling_drift,0.05,descriptive_only,integrity_ks_mean_vs_clean_eval,600,600,0.12125710720486112,0.119140625,0.065625,0.2454427083333333,,,,KS mean is descriptive; ks_reject05 is the prespecified calibrated component
feature_aligned,cluster_preserving_scaling_alpha_0.100,adaptive,scaling_drift,0.1,I_X,integrity_jsd_vs_clean_eval,600,600,0.06548493513825693,0.0608916564627706,0.0122125112702927,0.1301696715584573,458.0,196.0,461.0,frozen sensor component
feature_aligned,cluster_preserving_scaling_alpha_0.100,adaptive,scaling_drift,0.1,I_XF,integrity_jsd_vs_clean_eval,600,600,0.06548493513825693,0.0608916564627706,0.0122125112702927,0.1301696715584573,458.0,68.0,486.0,frozen sensor component
feature_aligned,cluster_preserving_scaling_alpha_0.100,adaptive,scaling_drift,0.1,I_XFY,integrity_jsd_vs_clean_eval,600,600,0.06548493513825693,0.0608916564627706,0.0122125112702927,0.1301696715584573,458.0,65.0,480.0,frozen sensor component
feature_aligned,cluster_preserving_scaling_alpha_0.100,adaptive,scaling_drift,0.1,I_X,integrity_mmd_vs_clean_eval,600,600,0.07509166243266502,0.0667146986209439,0.0,0.3414979009262496,232.0,23.0,461.0,frozen sensor component
feature_aligned,cluster_preserving_scaling_alpha_0.100,adaptive,scaling_drift,0.1,I_XF,integrity_mmd_vs_clean_eval,600,600,0.07509166243266502,0.0667146986209439,0.0,0.3414979009262496,232.0,6.0,486.0,frozen sensor component
feature_aligned,cluster_preserving_scaling_alpha_0.100,adaptive,scaling_drift,0.1,I_XFY,integrity_mmd_vs_clean_eval,600,600,0.07509166243266502,0.0667146986209439,0.0,0.3414979009262496,232.0,5.0,480.0,frozen sensor component
feature_aligned,cluster_preserving_scaling_alpha_0.100,adaptive,scaling_drift,0.1,I_X,integrity_ks_reject05_vs_clean_eval,600,600,0.20568055555555556,0.125,0.0,0.9166666666666666,193.0,4.0,461.0,frozen sensor component
feature_aligned,cluster_preserving_scaling_alpha_0.100,adaptive,scaling_drift,0.1,I_XF,integrity_ks_reject05_vs_clean_eval,600,600,0.20568055555555556,0.125,0.0,0.9166666666666666,193.0,0.0,486.0,frozen sensor component
feature_aligned,cluster_preserving_scaling_alpha_0.100,adaptive,scaling_drift,0.1,I_XFY,integrity_ks_reject05_vs_clean_eval,600,600,0.20568055555555556,0.125,0.0,0.9166666666666666,193.0,0.0,480.0,frozen sensor component
feature_aligned,cluster_preserving_scaling_alpha_0.100,adaptive,scaling_drift,0.1,I_XF,integrity_score_jsd_vs_clean_eval,600,600,0.12011466419867144,0.11281986006399325,0.0135703051805145,0.3315329492110095,384.0,33.0,486.0,frozen sensor component
feature_aligned,cluster_preserving_scaling_alpha_0.100,adaptive,scaling_drift,0.1,I_XFY,integrity_score_jsd_vs_clean_eval,600,600,0.12011466419867144,0.11281986006399325,0.0135703051805145,0.3315329492110095,384.0,24.0,480.0,frozen sensor component
feature_aligned,cluster_preserving_scaling_alpha_0.100,adaptive,scaling_drift,0.1,I_XF,integrity_pred_pos_rate_shift,600,600,0.0645703125,0.0390625,0.0,0.46875,144.0,0.0,486.0,frozen sensor component
feature_aligned,cluster_preserving_scaling_alpha_0.100,adaptive,scaling_drift,0.1,I_XFY,integrity_pred_pos_rate_shift,600,600,0.0645703125,0.0390625,0.0,0.46875,144.0,0.0,480.0,frozen sensor component
feature_aligned,cluster_preserving_scaling_alpha_0.100,adaptive,scaling_drift,0.1,I_XF,integrity_pred_jsd,600,600,0.0069739001773778085,0.002074940371175,0.0,0.1304432466901633,150.0,0.0,486.0,frozen sensor component
feature_aligned,cluster_preserving_scaling_alpha_0.100,adaptive,scaling_drift,0.1,I_XFY,integrity_pred_jsd,600,600,0.0069739001773778085,0.002074940371175,0.0,0.1304432466901633,150.0,0.0,480.0,frozen sensor component
feature_aligned,cluster_preserving_scaling_alpha_0.100,adaptive,scaling_drift,0.1,I_Ym,integrity_label_prior_shift,600,600,0.038203125,0.03125,0.0,0.125,48.0,0.0,48.0,frozen sensor component
feature_aligned,cluster_preserving_scaling_alpha_0.100,adaptive,scaling_drift,0.1,I_XFY,integrity_label_prior_shift,600,600,0.038203125,0.03125,0.0,0.125,48.0,0.0,480.0,frozen sensor component
feature_aligned,cluster_preserving_scaling_alpha_0.100,adaptive,scaling_drift,0.1,I_Ym,integrity_label_jsd,600,600,0.0011802436024565446,0.0004888385244522,0.0,0.0079589979174945,48.0,0.0,48.0,frozen sensor component
feature_aligned,cluster_preserving_scaling_alpha_0.100,adaptive,scaling_drift,0.1,I_XFY,integrity_label_jsd,600,600,0.0011802436024565446,0.0004888385244522,0.0,0.0079589979174945,48.0,0.0,480.0,frozen sensor component
feature_aligned,cluster_preserving_scaling_alpha_0.100,adaptive,scaling_drift,0.1,I_XFY,integrity_confusion_profile_l1,600,600,0.17822916666666486,0.140625,0.0,0.9375,161.0,0.0,480.0,frozen sensor component
feature_aligned,cluster_preserving_scaling_alpha_0.100,adaptive,scaling_drift,0.1,I_XFY,integrity_confusion_profile_jsd,600,600,0.01251281623414236,0.005502542691297151,0.0,0.1767020373885997,151.0,0.0,480.0,frozen sensor component
feature_aligned,cluster_preserving_scaling_alpha_0.100,adaptive,scaling_drift,0.1,descriptive_only,integrity_ks_mean_vs_clean_eval,600,600,0.13234586588541664,0.125,0.06640625,0.2760416666666667,,,,KS mean is descriptive; ks_reject05 is the prespecified calibrated component
feature_aligned,cluster_preserving_scaling_alpha_0.250,adaptive,scaling_drift,0.25,I_X,integrity_jsd_vs_clean_eval,600,600,0.07798492947891109,0.0703489695086526,0.0203175158246969,0.1751226111667725,512.0,91.0,512.0,frozen sensor component
feature_aligned,cluster_preserving_scaling_alpha_0.250,adaptive,scaling_drift,0.25,I_XF,integrity_jsd_vs_clean_eval,600,600,0.07798492947891109,0.0703489695086526,0.0203175158246969,0.1751226111667725,512.0,29.0,538.0,frozen sensor component
feature_aligned,cluster_preserving_scaling_alpha_0.250,adaptive,scaling_drift,0.25,I_XFY,integrity_jsd_vs_clean_eval,600,600,0.07798492947891109,0.0703489695086526,0.0203175158246969,0.1751226111667725,512.0,25.0,534.0,frozen sensor component
feature_aligned,cluster_preserving_scaling_alpha_0.250,adaptive,scaling_drift,0.25,I_X,integrity_mmd_vs_clean_eval,600,600,0.131573907306574,0.12273489636788215,0.0,0.5061475332089647,421.0,13.0,512.0,frozen sensor component
feature_aligned,cluster_preserving_scaling_alpha_0.250,adaptive,scaling_drift,0.25,I_XF,integrity_mmd_vs_clean_eval,600,600,0.131573907306574,0.12273489636788215,0.0,0.5061475332089647,421.0,6.0,538.0,frozen sensor component
feature_aligned,cluster_preserving_scaling_alpha_0.250,adaptive,scaling_drift,0.25,I_XFY,integrity_mmd_vs_clean_eval,600,600,0.131573907306574,0.12273489636788215,0.0,0.5061475332089647,421.0,6.0,534.0,frozen sensor component
feature_aligned,cluster_preserving_scaling_alpha_0.250,adaptive,scaling_drift,0.25,I_X,integrity_ks_reject05_vs_clean_eval,600,600,0.3271805555555556,0.3,0.0,1.0,332.0,1.0,512.0,frozen sensor component
feature_aligned,cluster_preserving_scaling_alpha_0.250,adaptive,scaling_drift,0.25,I_XF,integrity_ks_reject05_vs_clean_eval,600,600,0.3271805555555556,0.3,0.0,1.0,332.0,1.0,538.0,frozen sensor component
feature_aligned,cluster_preserving_scaling_alpha_0.250,adaptive,scaling_drift,0.25,I_XFY,integrity_ks_reject05_vs_clean_eval,600,600,0.3271805555555556,0.3,0.0,1.0,332.0,1.0,534.0,frozen sensor component
feature_aligned,cluster_preserving_scaling_alpha_0.250,adaptive,scaling_drift,0.25,I_XF,integrity_score_jsd_vs_clean_eval,600,600,0.1369704512624018,0.1288918599360088,0.0190134624904976,0.3434642242031758,431.0,34.0,538.0,frozen sensor component
feature_aligned,cluster_preserving_scaling_alpha_0.250,adaptive,scaling_drift,0.25,I_XFY,integrity_score_jsd_vs_clean_eval,600,600,0.1369704512624018,0.1288918599360088,0.0190134624904976,0.3434642242031758,431.0,28.0,534.0,frozen sensor component
feature_aligned,cluster_preserving_scaling_alpha_0.250,adaptive,scaling_drift,0.25,I_XF,integrity_pred_pos_rate_shift,600,600,0.09102213541666666,0.046875,0.0,0.5546875,213.0,0.0,538.0,frozen sensor component
feature_aligned,cluster_preserving_scaling_alpha_0.250,adaptive,scaling_drift,0.25,I_XFY,integrity_pred_pos_rate_shift,600,600,0.09102213541666666,0.046875,0.0,0.5546875,213.0,0.0,534.0,frozen sensor component
feature_aligned,cluster_preserving_scaling_alpha_0.250,adaptive,scaling_drift,0.25,I_XF,integrity_pred_jsd,600,600,0.01310420775945972,0.0027152654958747,0.0,0.1709972789188497,216.0,2.0,538.0,frozen sensor component
feature_aligned,cluster_preserving_scaling_alpha_0.250,adaptive,scaling_drift,0.25,I_XFY,integrity_pred_jsd,600,600,0.01310420775945972,0.0027152654958747,0.0,0.1709972789188497,216.0,1.0,534.0,frozen sensor component
feature_aligned,cluster_preserving_scaling_alpha_0.250,adaptive,scaling_drift,0.25,I_Ym,integrity_label_prior_shift,600,600,0.038203125,0.03125,0.0,0.125,48.0,0.0,48.0,frozen sensor component
feature_aligned,cluster_preserving_scaling_alpha_0.250,adaptive,scaling_drift,0.25,I_XFY,integrity_label_prior_shift,600,600,0.038203125,0.03125,0.0,0.125,48.0,0.0,534.0,frozen sensor component
feature_aligned,cluster_preserving_scaling_alpha_0.250,adaptive,scaling_drift,0.25,I_Ym,integrity_label_jsd,600,600,0.0011802436024565446,0.0004888385244522,0.0,0.0079589979174945,48.0,0.0,48.0,frozen sensor component
feature_aligned,cluster_preserving_scaling_alpha_0.250,adaptive,scaling_drift,0.25,I_XFY,integrity_label_jsd,600,600,0.0011802436024565446,0.0004888385244522,0.0,0.0079589979174945,48.0,0.0,534.0,frozen sensor component
feature_aligned,cluster_preserving_scaling_alpha_0.250,adaptive,scaling_drift,0.25,I_XFY,integrity_confusion_profile_l1,600,600,0.22769531249999797,0.15625,0.0,1.109375,220.0,0.0,534.0,frozen sensor component
feature_aligned,cluster_preserving_scaling_alpha_0.250,adaptive,scaling_drift,0.25,I_XFY,integrity_confusion_profile_jsd,600,600,0.020374350054121287,0.0071502069052775,0.0,0.2175547939029602,210.0,0.0,534.0,frozen sensor component
feature_aligned,cluster_preserving_scaling_alpha_0.250,adaptive,scaling_drift,0.25,descriptive_only,integrity_ks_mean_vs_clean_eval,600,600,0.1572513020833333,0.14986979166666664,0.078125,0.3098958333333333,,,,KS mean is descriptive; ks_reject05 is the prespecified calibrated component
feature_aligned,cluster_preserving_scaling_alpha_0.500,adaptive,scaling_drift,0.5,I_X,integrity_jsd_vs_clean_eval,600,600,0.09099480530260229,0.08112705386805524,0.0260157463055094,0.2003900152571152,545.0,37.0,550.0,frozen sensor component
feature_aligned,cluster_preserving_scaling_alpha_0.500,adaptive,scaling_drift,0.5,I_XF,integrity_jsd_vs_clean_eval,600,600,0.09099480530260229,0.08112705386805524,0.0260157463055094,0.2003900152571152,545.0,7.0,559.0,frozen sensor component
feature_aligned,cluster_preserving_scaling_alpha_0.500,adaptive,scaling_drift,0.5,I_XFY,integrity_jsd_vs_clean_eval,600,600,0.09099480530260229,0.08112705386805524,0.0260157463055094,0.2003900152571152,545.0,7.0,551.0,frozen sensor component
feature_aligned,cluster_preserving_scaling_alpha_0.500,adaptive,scaling_drift,0.5,I_X,integrity_mmd_vs_clean_eval,600,600,0.1971355745434316,0.1909869093666605,0.0,0.6002786131725714,514.0,17.0,550.0,frozen sensor component
feature_aligned,cluster_preserving_scaling_alpha_0.500,adaptive,scaling_drift,0.5,I_XF,integrity_mmd_vs_clean_eval,600,600,0.1971355745434316,0.1909869093666605,0.0,0.6002786131725714,514.0,9.0,559.0,frozen sensor component
feature_aligned,cluster_preserving_scaling_alpha_0.500,adaptive,scaling_drift,0.5,I_XFY,integrity_mmd_vs_clean_eval,600,600,0.1971355745434316,0.1909869093666605,0.0,0.6002786131725714,514.0,9.0,551.0,frozen sensor component
feature_aligned,cluster_preserving_scaling_alpha_0.500,adaptive,scaling_drift,0.5,I_X,integrity_ks_reject05_vs_clean_eval,600,600,0.4329027777777778,0.4166666666666667,0.0,1.0,415.0,5.0,550.0,frozen sensor component
feature_aligned,cluster_preserving_scaling_alpha_0.500,adaptive,scaling_drift,0.5,I_XF,integrity_ks_reject05_vs_clean_eval,600,600,0.4329027777777778,0.4166666666666667,0.0,1.0,415.0,0.0,559.0,frozen sensor component
feature_aligned,cluster_preserving_scaling_alpha_0.500,adaptive,scaling_drift,0.5,I_XFY,integrity_ks_reject05_vs_clean_eval,600,600,0.4329027777777778,0.4166666666666667,0.0,1.0,415.0,0.0,551.0,frozen sensor component
feature_aligned,cluster_preserving_scaling_alpha_0.500,adaptive,scaling_drift,0.5,I_XF,integrity_score_jsd_vs_clean_eval,600,600,0.14822120022171034,0.1355817331315593,0.0181187158170059,0.3693514812836695,474.0,11.0,559.0,frozen sensor component
feature_aligned,cluster_preserving_scaling_alpha_0.500,adaptive,scaling_drift,0.5,I_XFY,integrity_score_jsd_vs_clean_eval,600,600,0.14822120022171034,0.1355817331315593,0.0181187158170059,0.3693514812836695,474.0,11.0,551.0,frozen sensor component
feature_aligned,cluster_preserving_scaling_alpha_0.500,adaptive,scaling_drift,0.5,I_XF,integrity_pred_pos_rate_shift,600,600,0.110703125,0.0625,0.0,0.5546875,257.0,3.0,559.0,frozen sensor component
feature_aligned,cluster_preserving_scaling_alpha_0.500,adaptive,scaling_drift,0.5,I_XFY,integrity_pred_pos_rate_shift,600,600,0.110703125,0.0625,0.0,0.5546875,257.0,3.0,551.0,frozen sensor component
feature_aligned,cluster_preserving_scaling_alpha_0.500,adaptive,scaling_drift,0.5,I_XF,integrity_pred_jsd,600,600,0.01867815286098107,0.00389842702505445,0.0,0.1709972789188497,256.0,1.0,559.0,frozen sensor component
feature_aligned,cluster_preserving_scaling_alpha_0.500,adaptive,scaling_drift,0.5,I_XFY,integrity_pred_jsd,600,600,0.01867815286098107,0.00389842702505445,0.0,0.1709972789188497,256.0,1.0,551.0,frozen sensor component
feature_aligned,cluster_preserving_scaling_alpha_0.500,adaptive,scaling_drift,0.5,I_Ym,integrity_label_prior_shift,600,600,0.038203125,0.03125,0.0,0.125,48.0,0.0,48.0,frozen sensor component
feature_aligned,cluster_preserving_scaling_alpha_0.500,adaptive,scaling_drift,0.5,I_XFY,integrity_label_prior_shift,600,600,0.038203125,0.03125,0.0,0.125,48.0,0.0,551.0,frozen sensor component
feature_aligned,cluster_preserving_scaling_alpha_0.500,adaptive,scaling_drift,0.5,I_Ym,integrity_label_jsd,600,600,0.0011802436024565446,0.0004888385244522,0.0,0.0079589979174945,48.0,0.0,48.0,frozen sensor component
feature_aligned,cluster_preserving_scaling_alpha_0.500,adaptive,scaling_drift,0.5,I_XFY,integrity_label_jsd,600,600,0.0011802436024565446,0.0004888385244522,0.0,0.0079589979174945,48.0,0.0,551.0,frozen sensor component
feature_aligned,cluster_preserving_scaling_alpha_0.500,adaptive,scaling_drift,0.5,I_XFY,integrity_confusion_profile_l1,600,600,0.262526041666664,0.1875,0.0,1.109375,257.0,0.0,551.0,frozen sensor component
feature_aligned,cluster_preserving_scaling_alpha_0.500,adaptive,scaling_drift,0.5,I_XFY,integrity_confusion_profile_jsd,600,600,0.026921851753188956,0.0094113003980716,0.0,0.2175547939029602,261.0,0.0,551.0,frozen sensor component
feature_aligned,cluster_preserving_scaling_alpha_0.500,adaptive,scaling_drift,0.5,descriptive_only,integrity_ks_mean_vs_clean_eval,600,600,0.17851768663194445,0.1693359375,0.08984375,0.3583984375,,,,KS mean is descriptive; ks_reject05 is the prespecified calibrated component
feature_aligned,feature_dropout_p_0.020,control,feature_dropout,0.02,I_X,integrity_jsd_vs_clean_eval,600,600,0.03871072936068651,0.0368848147682571,0.0138691168644528,0.0719086843898975,40.0,30.0,41.0,frozen sensor component
feature_aligned,feature_dropout_p_0.020,control,feature_dropout,0.02,I_XF,integrity_jsd_vs_clean_eval,600,600,0.03871072936068651,0.0368848147682571,0.0138691168644528,0.0719086843898975,40.0,28.0,38.0,frozen sensor component
feature_aligned,feature_dropout_p_0.020,control,feature_dropout,0.02,I_XFY,integrity_jsd_vs_clean_eval,600,600,0.03871072936068651,0.0368848147682571,0.0138691168644528,0.0719086843898975,40.0,28.0,42.0,frozen sensor component
feature_aligned,feature_dropout_p_0.020,control,feature_dropout,0.02,I_X,integrity_mmd_vs_clean_eval,600,600,0.03135921337049407,0.0,0.0,0.1577025490199861,64.0,44.0,41.0,frozen sensor component
feature_aligned,feature_dropout_p_0.020,control,feature_dropout,0.02,I_XF,integrity_mmd_vs_clean_eval,600,600,0.03135921337049407,0.0,0.0,0.1577025490199861,64.0,26.0,38.0,frozen sensor component
feature_aligned,feature_dropout_p_0.020,control,feature_dropout,0.02,I_XFY,integrity_mmd_vs_clean_eval,600,600,0.03135921337049407,0.0,0.0,0.1577025490199861,64.0,17.0,42.0,frozen sensor component
feature_aligned,feature_dropout_p_0.020,control,feature_dropout,0.02,I_X,integrity_ks_reject05_vs_clean_eval,600,600,0.042388888888888886,0.0,0.0,0.625,18.0,8.0,41.0,frozen sensor component
feature_aligned,feature_dropout_p_0.020,control,feature_dropout,0.02,I_XF,integrity_ks_reject05_vs_clean_eval,600,600,0.042388888888888886,0.0,0.0,0.625,18.0,3.0,38.0,frozen sensor component
feature_aligned,feature_dropout_p_0.020,control,feature_dropout,0.02,I_XFY,integrity_ks_reject05_vs_clean_eval,600,600,0.042388888888888886,0.0,0.0,0.625,18.0,2.0,42.0,frozen sensor component
feature_aligned,feature_dropout_p_0.020,control,feature_dropout,0.02,I_XF,integrity_score_jsd_vs_clean_eval,600,600,0.06527372811931731,0.06301937657084711,0.015200064702384,0.1414440018476422,50.0,32.0,38.0,frozen sensor component
feature_aligned,feature_dropout_p_0.020,control,feature_dropout,0.02,I_XFY,integrity_score_jsd_vs_clean_eval,600,600,0.06527372811931731,0.06301937657084711,0.015200064702384,0.1414440018476422,50.0,31.0,42.0,frozen sensor component
feature_aligned,feature_dropout_p_0.020,control,feature_dropout,0.02,I_XF,integrity_pred_pos_rate_shift,600,600,0.037623697916666664,0.03125,0.0,0.15625,50.0,4.0,38.0,frozen sensor component
feature_aligned,feature_dropout_p_0.020,control,feature_dropout,0.02,I_XFY,integrity_pred_pos_rate_shift,600,600,0.037623697916666664,0.03125,0.0,0.15625,50.0,4.0,42.0,frozen sensor component
feature_aligned,feature_dropout_p_0.020,control,feature_dropout,0.02,I_XF,integrity_pred_jsd,600,600,0.002189306998723742,0.0008709297991058,0.0,0.0165269140381457,61.0,8.0,38.0,frozen sensor component
feature_aligned,feature_dropout_p_0.020,control,feature_dropout,0.02,I_XFY,integrity_pred_jsd,600,600,0.002189306998723742,0.0008709297991058,0.0,0.0165269140381457,61.0,6.0,42.0,frozen sensor component
feature_aligned,feature_dropout_p_0.020,control,feature_dropout,0.02,I_Ym,integrity_label_prior_shift,600,600,0.038203125,0.03125,0.0,0.125,48.0,0.0,48.0,frozen sensor component
feature_aligned,feature_dropout_p_0.020,control,feature_dropout,0.02,I_XFY,integrity_label_prior_shift,600,600,0.038203125,0.03125,0.0,0.125,48.0,0.0,42.0,frozen sensor component
feature_aligned,feature_dropout_p_0.020,control,feature_dropout,0.02,I_Ym,integrity_label_jsd,600,600,0.0011802436024565446,0.0004888385244522,0.0,0.0079589979174945,48.0,0.0,48.0,frozen sensor component
feature_aligned,feature_dropout_p_0.020,control,feature_dropout,0.02,I_XFY,integrity_label_jsd,600,600,0.0011802436024565446,0.0004888385244522,0.0,0.0079589979174945,48.0,0.0,42.0,frozen sensor component
feature_aligned,feature_dropout_p_0.020,control,feature_dropout,0.02,I_XFY,integrity_confusion_profile_l1,600,600,0.12494791666666522,0.109375,0.0,0.359375,55.0,9.0,42.0,frozen sensor component
feature_aligned,feature_dropout_p_0.020,control,feature_dropout,0.02,I_XFY,integrity_confusion_profile_jsd,600,600,0.005114952899175685,0.003834573550715,0.0,0.0245373594770777,42.0,4.0,42.0,frozen sensor component
feature_aligned,feature_dropout_p_0.020,control,feature_dropout,0.02,descriptive_only,integrity_ks_mean_vs_clean_eval,600,600,0.10238107638888888,0.103515625,0.05419921875,0.16484375,,,,KS mean is descriptive; ks_reject05 is the prespecified calibrated component
feature_aligned,feature_dropout_p_0.050,control,feature_dropout,0.05,I_X,integrity_jsd_vs_clean_eval,600,600,0.03910734758489879,0.037117389891210995,0.0123185828716283,0.0695245982762346,52.0,37.0,52.0,frozen sensor component
feature_aligned,feature_dropout_p_0.050,control,feature_dropout,0.05,I_XF,integrity_jsd_vs_clean_eval,600,600,0.03910734758489879,0.037117389891210995,0.0123185828716283,0.0695245982762346,52.0,32.0,84.0,frozen sensor component
feature_aligned,feature_dropout_p_0.050,control,feature_dropout,0.05,I_XFY,integrity_jsd_vs_clean_eval,600,600,0.03910734758489879,0.037117389891210995,0.0123185828716283,0.0695245982762346,52.0,32.0,80.0,frozen sensor component
feature_aligned,feature_dropout_p_0.050,control,feature_dropout,0.05,I_X,integrity_mmd_vs_clean_eval,600,600,0.033715616326826035,0.0,0.0,0.1641696876551794,72.0,44.0,52.0,frozen sensor component
feature_aligned,feature_dropout_p_0.050,control,feature_dropout,0.05,I_XF,integrity_mmd_vs_clean_eval,600,600,0.033715616326826035,0.0,0.0,0.1641696876551794,72.0,25.0,84.0,frozen sensor component
feature_aligned,feature_dropout_p_0.050,control,feature_dropout,0.05,I_XFY,integrity_mmd_vs_clean_eval,600,600,0.033715616326826035,0.0,0.0,0.1641696876551794,72.0,23.0,80.0,frozen sensor component
feature_aligned,feature_dropout_p_0.050,control,feature_dropout,0.05,I_X,integrity_ks_reject05_vs_clean_eval,600,600,0.08677777777777777,0.0,0.0,0.625,48.0,21.0,52.0,frozen sensor component
feature_aligned,feature_dropout_p_0.050,control,feature_dropout,0.05,I_XF,integrity_ks_reject05_vs_clean_eval,600,600,0.08677777777777777,0.0,0.0,0.625,48.0,15.0,84.0,frozen sensor component
feature_aligned,feature_dropout_p_0.050,control,feature_dropout,0.05,I_XFY,integrity_ks_reject05_vs_clean_eval,600,600,0.08677777777777777,0.0,0.0,0.625,48.0,13.0,80.0,frozen sensor component
feature_aligned,feature_dropout_p_0.050,control,feature_dropout,0.05,I_XF,integrity_score_jsd_vs_clean_eval,600,600,0.07062891063819729,0.06848117495813155,0.022305615170687,0.1523302116791881,94.0,52.0,84.0,frozen sensor component
feature_aligned,feature_dropout_p_0.050,control,feature_dropout,0.05,I_XFY,integrity_score_jsd_vs_clean_eval,600,600,0.07062891063819729,0.06848117495813155,0.022305615170687,0.1523302116791881,94.0,43.0,80.0,frozen sensor component
feature_aligned,feature_dropout_p_0.050,control,feature_dropout,0.05,I_XF,integrity_pred_pos_rate_shift,600,600,0.042194010416666664,0.03125,0.0,0.1953125,66.0,7.0,84.0,frozen sensor component
feature_aligned,feature_dropout_p_0.050,control,feature_dropout,0.05,I_XFY,integrity_pred_pos_rate_shift,600,600,0.042194010416666664,0.03125,0.0,0.1953125,66.0,6.0,80.0,frozen sensor component
feature_aligned,feature_dropout_p_0.050,control,feature_dropout,0.05,I_XF,integrity_pred_jsd,600,600,0.0025553307665091,0.0012024736303468,0.0,0.0229861843372876,70.0,10.0,84.0,frozen sensor component
feature_aligned,feature_dropout_p_0.050,control,feature_dropout,0.05,I_XFY,integrity_pred_jsd,600,600,0.0025553307665091,0.0012024736303468,0.0,0.0229861843372876,70.0,4.0,80.0,frozen sensor component
feature_aligned,feature_dropout_p_0.050,control,feature_dropout,0.05,I_Ym,integrity_label_prior_shift,600,600,0.038203125,0.03125,0.0,0.125,48.0,0.0,48.0,frozen sensor component
feature_aligned,feature_dropout_p_0.050,control,feature_dropout,0.05,I_XFY,integrity_label_prior_shift,600,600,0.038203125,0.03125,0.0,0.125,48.0,0.0,80.0,frozen sensor component
feature_aligned,feature_dropout_p_0.050,control,feature_dropout,0.05,I_Ym,integrity_label_jsd,600,600,0.0011802436024565446,0.0004888385244522,0.0,0.0079589979174945,48.0,0.0,48.0,frozen sensor component
feature_aligned,feature_dropout_p_0.050,control,feature_dropout,0.05,I_XFY,integrity_label_jsd,600,600,0.0011802436024565446,0.0004888385244522,0.0,0.0079589979174945,48.0,0.0,80.0,frozen sensor component
feature_aligned,feature_dropout_p_0.050,control,feature_dropout,0.05,I_XFY,integrity_confusion_profile_l1,600,600,0.13463541666666523,0.125,0.0,0.421875,82.0,11.0,80.0,frozen sensor component
feature_aligned,feature_dropout_p_0.050,control,feature_dropout,0.05,I_XFY,integrity_confusion_profile_jsd,600,600,0.005872583600234935,0.0044583351132269,0.0,0.0415648346670279,71.0,7.0,80.0,frozen sensor component
feature_aligned,feature_dropout_p_0.050,control,feature_dropout,0.05,descriptive_only,integrity_ks_mean_vs_clean_eval,600,600,0.11097536892361111,0.1100260416666666,0.060546875,0.16953125,,,,KS mean is descriptive; ks_reject05 is the prespecified calibrated component
feature_aligned,feature_dropout_p_0.100,control,feature_dropout,0.1,I_X,integrity_jsd_vs_clean_eval,600,600,0.040212012405526625,0.03807232052253995,0.0141466796110809,0.0735919132450546,58.0,16.0,131.0,frozen sensor component
feature_aligned,feature_dropout_p_0.100,control,feature_dropout,0.1,I_XF,integrity_jsd_vs_clean_eval,600,600,0.040212012405526625,0.03807232052253995,0.0141466796110809,0.0735919132450546,58.0,13.0,182.0,frozen sensor component
feature_aligned,feature_dropout_p_0.100,control,feature_dropout,0.1,I_XFY,integrity_jsd_vs_clean_eval,600,600,0.040212012405526625,0.03807232052253995,0.0141466796110809,0.0735919132450546,58.0,13.0,156.0,frozen sensor component
feature_aligned,feature_dropout_p_0.100,control,feature_dropout,0.1,I_X,integrity_mmd_vs_clean_eval,600,600,0.041309637355639306,0.029884365483248597,0.0,0.1766170655189017,99.0,42.0,131.0,frozen sensor component
feature_aligned,feature_dropout_p_0.100,control,feature_dropout,0.1,I_XF,integrity_mmd_vs_clean_eval,600,600,0.041309637355639306,0.029884365483248597,0.0,0.1766170655189017,99.0,23.0,182.0,frozen sensor component
feature_aligned,feature_dropout_p_0.100,control,feature_dropout,0.1,I_XFY,integrity_mmd_vs_clean_eval,600,600,0.041309637355639306,0.029884365483248597,0.0,0.1766170655189017,99.0,19.0,156.0,frozen sensor component
feature_aligned,feature_dropout_p_0.100,control,feature_dropout,0.1,I_X,integrity_ks_reject05_vs_clean_eval,600,600,0.18158333333333332,0.125,0.0,0.9,136.0,79.0,131.0,frozen sensor component
feature_aligned,feature_dropout_p_0.100,control,feature_dropout,0.1,I_XF,integrity_ks_reject05_vs_clean_eval,600,600,0.18158333333333332,0.125,0.0,0.9,136.0,42.0,182.0,frozen sensor component
feature_aligned,feature_dropout_p_0.100,control,feature_dropout,0.1,I_XFY,integrity_ks_reject05_vs_clean_eval,600,600,0.18158333333333332,0.125,0.0,0.9,136.0,38.0,156.0,frozen sensor component
feature_aligned,feature_dropout_p_0.100,control,feature_dropout,0.1,I_XF,integrity_score_jsd_vs_clean_eval,600,600,0.0764188017583018,0.07510749539844916,0.0234077166581157,0.1827894554934744,160.0,81.0,182.0,frozen sensor component
feature_aligned,feature_dropout_p_0.100,control,feature_dropout,0.1,I_XFY,integrity_score_jsd_vs_clean_eval,600,600,0.0764188017583018,0.07510749539844916,0.0234077166581157,0.1827894554934744,160.0,66.0,156.0,frozen sensor component
feature_aligned,feature_dropout_p_0.100,control,feature_dropout,0.1,I_XF,integrity_pred_pos_rate_shift,600,600,0.04780598958333333,0.03125,0.0,0.2421875,100.0,4.0,182.0,frozen sensor component
feature_aligned,feature_dropout_p_0.100,control,feature_dropout,0.1,I_XFY,integrity_pred_pos_rate_shift,600,600,0.04780598958333333,0.03125,0.0,0.2421875,100.0,3.0,156.0,frozen sensor component
feature_aligned,feature_dropout_p_0.100,control,feature_dropout,0.1,I_XF,integrity_pred_jsd,600,600,0.003246041210276489,0.00153177417672855,0.0,0.0321592020663998,106.0,8.0,182.0,frozen sensor component
feature_aligned,feature_dropout_p_0.100,control,feature_dropout,0.1,I_XFY,integrity_pred_jsd,600,600,0.003246041210276489,0.00153177417672855,0.0,0.0321592020663998,106.0,3.0,156.0,frozen sensor component
feature_aligned,feature_dropout_p_0.100,control,feature_dropout,0.1,I_Ym,integrity_label_prior_shift,600,600,0.038203125,0.03125,0.0,0.125,48.0,0.0,48.0,frozen sensor component
feature_aligned,feature_dropout_p_0.100,control,feature_dropout,0.1,I_XFY,integrity_label_prior_shift,600,600,0.038203125,0.03125,0.0,0.125,48.0,0.0,156.0,frozen sensor component
feature_aligned,feature_dropout_p_0.100,control,feature_dropout,0.1,I_Ym,integrity_label_jsd,600,600,0.0011802436024565446,0.0004888385244522,0.0,0.0079589979174945,48.0,0.0,48.0,frozen sensor component
feature_aligned,feature_dropout_p_0.100,control,feature_dropout,0.1,I_XFY,integrity_label_jsd,600,600,0.0011802436024565446,0.0004888385244522,0.0,0.0079589979174945,48.0,0.0,156.0,frozen sensor component
feature_aligned,feature_dropout_p_0.100,control,feature_dropout,0.1,I_XFY,integrity_confusion_profile_l1,600,600,0.14550781249999847,0.1406249999999977,0.0,0.484375,108.0,8.0,156.0,frozen sensor component
feature_aligned,feature_dropout_p_0.100,control,feature_dropout,0.1,I_XFY,integrity_confusion_profile_jsd,600,600,0.006907360920874502,0.0051874110501545,0.0,0.0347743540168716,101.0,4.0,156.0,frozen sensor component
feature_aligned,feature_dropout_p_0.100,control,feature_dropout,0.1,descriptive_only,integrity_ks_mean_vs_clean_eval,600,600,0.12797753906249998,0.125,0.0810546875,0.19140625,,,,KS mean is descriptive; ks_reject05 is the prespecified calibrated component
feature_aligned,mean_shift_pf_delta_0.020,control,mean_shift,0.02,I_X,integrity_jsd_vs_clean_eval,600,600,0.09479468837721415,0.0878435562485188,0.0181253907715782,0.2915060145836601,490.0,0.0,600.0,frozen sensor component
feature_aligned,mean_shift_pf_delta_0.020,control,mean_shift,0.02,I_XF,integrity_jsd_vs_clean_eval,600,600,0.09479468837721415,0.0878435562485188,0.0181253907715782,0.2915060145836601,490.0,0.0,594.0,frozen sensor component
feature_aligned,mean_shift_pf_delta_0.020,control,mean_shift,0.02,I_XFY,integrity_jsd_vs_clean_eval,600,600,0.09479468837721415,0.0878435562485188,0.0181253907715782,0.2915060145836601,490.0,0.0,592.0,frozen sensor component
feature_aligned,mean_shift_pf_delta_0.020,control,mean_shift,0.02,I_X,integrity_mmd_vs_clean_eval,600,600,0.08327367713228549,0.05290918337294405,0.0,0.5613614003692604,186.0,0.0,600.0,frozen sensor component
feature_aligned,mean_shift_pf_delta_0.020,control,mean_shift,0.02,I_XF,integrity_mmd_vs_clean_eval,600,600,0.08327367713228549,0.05290918337294405,0.0,0.5613614003692604,186.0,0.0,594.0,frozen sensor component
feature_aligned,mean_shift_pf_delta_0.020,control,mean_shift,0.02,I_XFY,integrity_mmd_vs_clean_eval,600,600,0.08327367713228549,0.05290918337294405,0.0,0.5613614003692604,186.0,0.0,592.0,frozen sensor component
feature_aligned,mean_shift_pf_delta_0.020,control,mean_shift,0.02,I_X,integrity_ks_reject05_vs_clean_eval,600,600,0.9746527777777777,1.0,0.75,1.0,600.0,86.0,600.0,frozen sensor component
feature_aligned,mean_shift_pf_delta_0.020,control,mean_shift,0.02,I_XF,integrity_ks_reject05_vs_clean_eval,600,600,0.9746527777777777,1.0,0.75,1.0,600.0,33.0,594.0,frozen sensor component
feature_aligned,mean_shift_pf_delta_0.020,control,mean_shift,0.02,I_XFY,integrity_ks_reject05_vs_clean_eval,600,600,0.9746527777777777,1.0,0.75,1.0,600.0,30.0,592.0,frozen sensor component
feature_aligned,mean_shift_pf_delta_0.020,control,mean_shift,0.02,I_XF,integrity_score_jsd_vs_clean_eval,600,600,0.18823640306021508,0.16749157982671664,0.0167605159467209,0.6023095924491337,462.0,0.0,594.0,frozen sensor component
feature_aligned,mean_shift_pf_delta_0.020,control,mean_shift,0.02,I_XFY,integrity_score_jsd_vs_clean_eval,600,600,0.18823640306021508,0.16749157982671664,0.0167605159467209,0.6023095924491337,462.0,0.0,592.0,frozen sensor component
feature_aligned,mean_shift_pf_delta_0.020,control,mean_shift,0.02,I_XF,integrity_pred_pos_rate_shift,600,600,0.04285807291666666,0.03125,0.0,0.453125,54.0,0.0,594.0,frozen sensor component
feature_aligned,mean_shift_pf_delta_0.020,control,mean_shift,0.02,I_XFY,integrity_pred_pos_rate_shift,600,600,0.04285807291666666,0.03125,0.0,0.453125,54.0,0.0,592.0,frozen sensor component
feature_aligned,mean_shift_pf_delta_0.020,control,mean_shift,0.02,I_XF,integrity_pred_jsd,600,600,0.003334045862258439,0.0011253722835241,0.0,0.1215674505843458,62.0,0.0,594.0,frozen sensor component
feature_aligned,mean_shift_pf_delta_0.020,control,mean_shift,0.02,I_XFY,integrity_pred_jsd,600,600,0.003334045862258439,0.0011253722835241,0.0,0.1215674505843458,62.0,0.0,592.0,frozen sensor component
feature_aligned,mean_shift_pf_delta_0.020,control,mean_shift,0.02,I_Ym,integrity_label_prior_shift,600,600,0.038203125,0.03125,0.0,0.125,48.0,0.0,48.0,frozen sensor component
feature_aligned,mean_shift_pf_delta_0.020,control,mean_shift,0.02,I_XFY,integrity_label_prior_shift,600,600,0.038203125,0.03125,0.0,0.125,48.0,0.0,592.0,frozen sensor component
feature_aligned,mean_shift_pf_delta_0.020,control,mean_shift,0.02,I_Ym,integrity_label_jsd,600,600,0.0011802436024565446,0.0004888385244522,0.0,0.0079589979174945,48.0,0.0,48.0,frozen sensor component
feature_aligned,mean_shift_pf_delta_0.020,control,mean_shift,0.02,I_XFY,integrity_label_jsd,600,600,0.0011802436024565446,0.0004888385244522,0.0,0.0079589979174945,48.0,0.0,592.0,frozen sensor component
feature_aligned,mean_shift_pf_delta_0.020,control,mean_shift,0.02,I_XFY,integrity_confusion_profile_l1,600,600,0.1367838541666652,0.109375,0.0,0.90625,75.0,0.0,592.0,frozen sensor component
feature_aligned,mean_shift_pf_delta_0.020,control,mean_shift,0.02,I_XFY,integrity_confusion_profile_jsd,600,600,0.007263202781540074,0.0039990044595175495,0.0,0.1336653253655849,72.0,0.0,592.0,frozen sensor component
feature_aligned,mean_shift_pf_delta_0.020,control,mean_shift,0.02,descriptive_only,integrity_ks_mean_vs_clean_eval,600,600,0.5322766384548611,0.508984375,0.3359375,0.8196614583333334,,,,KS mean is descriptive; ks_reject05 is the prespecified calibrated component
feature_aligned,mean_shift_pf_delta_0.050,control,mean_shift,0.05,I_X,integrity_jsd_vs_clean_eval,600,600,0.15711972319707554,0.1497269954642341,0.021580214498924,0.4018594876736462,559.0,0.0,600.0,frozen sensor component
feature_aligned,mean_shift_pf_delta_0.050,control,mean_shift,0.05,I_XF,integrity_jsd_vs_clean_eval,600,600,0.15711972319707554,0.1497269954642341,0.021580214498924,0.4018594876736462,559.0,0.0,600.0,frozen sensor component
feature_aligned,mean_shift_pf_delta_0.050,control,mean_shift,0.05,I_XFY,integrity_jsd_vs_clean_eval,600,600,0.15711972319707554,0.1497269954642341,0.021580214498924,0.4018594876736462,559.0,0.0,600.0,frozen sensor component
feature_aligned,mean_shift_pf_delta_0.050,control,mean_shift,0.05,I_X,integrity_mmd_vs_clean_eval,600,600,0.14862077715451263,0.07881501870946345,0.0,0.715651562416556,284.0,0.0,600.0,frozen sensor component
feature_aligned,mean_shift_pf_delta_0.050,control,mean_shift,0.05,I_XF,integrity_mmd_vs_clean_eval,600,600,0.14862077715451263,0.07881501870946345,0.0,0.715651562416556,284.0,0.0,600.0,frozen sensor component
feature_aligned,mean_shift_pf_delta_0.050,control,mean_shift,0.05,I_XFY,integrity_mmd_vs_clean_eval,600,600,0.14862077715451263,0.07881501870946345,0.0,0.715651562416556,284.0,0.0,600.0,frozen sensor component
feature_aligned,mean_shift_pf_delta_0.050,control,mean_shift,0.05,I_X,integrity_ks_reject05_vs_clean_eval,600,600,0.9920138888888888,1.0,0.6666666666666666,1.0,600.0,18.0,600.0,frozen sensor component
feature_aligned,mean_shift_pf_delta_0.050,control,mean_shift,0.05,I_XF,integrity_ks_reject05_vs_clean_eval,600,600,0.9920138888888888,1.0,0.6666666666666666,1.0,600.0,5.0,600.0,frozen sensor component
feature_aligned,mean_shift_pf_delta_0.050,control,mean_shift,0.05,I_XFY,integrity_ks_reject05_vs_clean_eval,600,600,0.9920138888888888,1.0,0.6666666666666666,1.0,600.0,5.0,600.0,frozen sensor component
feature_aligned,mean_shift_pf_delta_0.050,control,mean_shift,0.05,I_XF,integrity_score_jsd_vs_clean_eval,600,600,0.2694074365531688,0.24928593389176795,0.0152360940103411,0.6523156253097001,517.0,0.0,600.0,frozen sensor component
feature_aligned,mean_shift_pf_delta_0.050,control,mean_shift,0.05,I_XFY,integrity_score_jsd_vs_clean_eval,600,600,0.2694074365531688,0.24928593389176795,0.0152360940103411,0.6523156253097001,517.0,0.0,600.0,frozen sensor component
feature_aligned,mean_shift_pf_delta_0.050,control,mean_shift,0.05,I_XF,integrity_pred_pos_rate_shift,600,600,0.06973307291666667,0.033203125,0.0,0.625,109.0,0.0,600.0,frozen sensor component
feature_aligned,mean_shift_pf_delta_0.050,control,mean_shift,0.05,I_XFY,integrity_pred_pos_rate_shift,600,600,0.06973307291666667,0.033203125,0.0,0.625,109.0,0.0,600.0,frozen sensor component
feature_aligned,mean_shift_pf_delta_0.050,control,mean_shift,0.05,I_XF,integrity_pred_jsd,600,600,0.011644889685128914,0.0015006067323949,0.0,0.2903047554623328,117.0,0.0,600.0,frozen sensor component
feature_aligned,mean_shift_pf_delta_0.050,control,mean_shift,0.05,I_XFY,integrity_pred_jsd,600,600,0.011644889685128914,0.0015006067323949,0.0,0.2903047554623328,117.0,0.0,600.0,frozen sensor component
feature_aligned,mean_shift_pf_delta_0.050,control,mean_shift,0.05,I_Ym,integrity_label_prior_shift,600,600,0.038203125,0.03125,0.0,0.125,48.0,0.0,48.0,frozen sensor component
feature_aligned,mean_shift_pf_delta_0.050,control,mean_shift,0.05,I_XFY,integrity_label_prior_shift,600,600,0.038203125,0.03125,0.0,0.125,48.0,0.0,600.0,frozen sensor component
feature_aligned,mean_shift_pf_delta_0.050,control,mean_shift,0.05,I_Ym,integrity_label_jsd,600,600,0.0011802436024565446,0.0004888385244522,0.0,0.0079589979174945,48.0,0.0,48.0,frozen sensor component
feature_aligned,mean_shift_pf_delta_0.050,control,mean_shift,0.05,I_XFY,integrity_label_jsd,600,600,0.0011802436024565446,0.0004888385244522,0.0,0.0079589979174945,48.0,0.0,600.0,frozen sensor component
feature_aligned,mean_shift_pf_delta_0.050,control,mean_shift,0.05,I_XFY,integrity_confusion_profile_l1,600,600,0.18505208333333112,0.125,0.0,1.25,119.0,0.0,600.0,frozen sensor component
feature_aligned,mean_shift_pf_delta_0.050,control,mean_shift,0.05,I_XFY,integrity_confusion_profile_jsd,600,600,0.01756639992567139,0.0049230136695391,0.0,0.3398865089210828,122.0,0.0,600.0,frozen sensor component
feature_aligned,mean_shift_pf_delta_0.050,control,mean_shift,0.05,descriptive_only,integrity_ks_mean_vs_clean_eval,600,600,0.602575466579861,0.5773111979166667,0.419921875,0.846875,,,,KS mean is descriptive; ks_reject05 is the prespecified calibrated component
feature_aligned,mean_shift_pf_delta_0.100,control,mean_shift,0.1,I_X,integrity_jsd_vs_clean_eval,600,600,0.20514659493935591,0.1947920448938068,0.0339259863103295,0.5137718237791397,583.0,0.0,600.0,frozen sensor component
feature_aligned,mean_shift_pf_delta_0.100,control,mean_shift,0.1,I_XF,integrity_jsd_vs_clean_eval,600,600,0.20514659493935591,0.1947920448938068,0.0339259863103295,0.5137718237791397,583.0,0.0,600.0,frozen sensor component
feature_aligned,mean_shift_pf_delta_0.100,control,mean_shift,0.1,I_XFY,integrity_jsd_vs_clean_eval,600,600,0.20514659493935591,0.1947920448938068,0.0339259863103295,0.5137718237791397,583.0,0.0,600.0,frozen sensor component
feature_aligned,mean_shift_pf_delta_0.100,control,mean_shift,0.1,I_X,integrity_mmd_vs_clean_eval,600,600,0.21730744204340852,0.1083599971514997,0.0,0.7665020362106356,372.0,0.0,600.0,frozen sensor component
feature_aligned,mean_shift_pf_delta_0.100,control,mean_shift,0.1,I_XF,integrity_mmd_vs_clean_eval,600,600,0.21730744204340852,0.1083599971514997,0.0,0.7665020362106356,372.0,0.0,600.0,frozen sensor component
feature_aligned,mean_shift_pf_delta_0.100,control,mean_shift,0.1,I_XFY,integrity_mmd_vs_clean_eval,600,600,0.21730744204340852,0.1083599971514997,0.0,0.7665020362106356,372.0,0.0,600.0,frozen sensor component
feature_aligned,mean_shift_pf_delta_0.100,control,mean_shift,0.1,I_X,integrity_ks_reject05_vs_clean_eval,600,600,0.989875,1.0,0.875,1.0,600.0,11.0,600.0,frozen sensor component
feature_aligned,mean_shift_pf_delta_0.100,control,mean_shift,0.1,I_XF,integrity_ks_reject05_vs_clean_eval,600,600,0.989875,1.0,0.875,1.0,600.0,0.0,600.0,frozen sensor component
feature_aligned,mean_shift_pf_delta_0.100,control,mean_shift,0.1,I_XFY,integrity_ks_reject05_vs_clean_eval,600,600,0.989875,1.0,0.875,1.0,600.0,0.0,600.0,frozen sensor component
feature_aligned,mean_shift_pf_delta_0.100,control,mean_shift,0.1,I_XF,integrity_score_jsd_vs_clean_eval,600,600,0.3286763143569223,0.2980414486042082,0.019808154095357,0.6636351274145098,558.0,0.0,600.0,frozen sensor component
feature_aligned,mean_shift_pf_delta_0.100,control,mean_shift,0.1,I_XFY,integrity_score_jsd_vs_clean_eval,600,600,0.3286763143569223,0.2980414486042082,0.019808154095357,0.6636351274145098,558.0,0.0,600.0,frozen sensor component
feature_aligned,mean_shift_pf_delta_0.100,control,mean_shift,0.1,I_XF,integrity_pred_pos_rate_shift,600,600,0.10748697916666666,0.0390625,0.0,0.890625,177.0,0.0,600.0,frozen sensor component
feature_aligned,mean_shift_pf_delta_0.100,control,mean_shift,0.1,I_XFY,integrity_pred_pos_rate_shift,600,600,0.10748697916666666,0.0390625,0.0,0.890625,177.0,0.0,600.0,frozen sensor component
feature_aligned,mean_shift_pf_delta_0.100,control,mean_shift,0.1,I_XF,integrity_pred_jsd,600,600,0.027715349991261712,0.0026649057430881,0.0,0.5145504392056833,189.0,0.0,600.0,frozen sensor component
feature_aligned,mean_shift_pf_delta_0.100,control,mean_shift,0.1,I_XFY,integrity_pred_jsd,600,600,0.027715349991261712,0.0026649057430881,0.0,0.5145504392056833,189.0,0.0,600.0,frozen sensor component
feature_aligned,mean_shift_pf_delta_0.100,control,mean_shift,0.1,I_Ym,integrity_label_prior_shift,600,600,0.038203125,0.03125,0.0,0.125,48.0,0.0,48.0,frozen sensor component
feature_aligned,mean_shift_pf_delta_0.100,control,mean_shift,0.1,I_XFY,integrity_label_prior_shift,600,600,0.038203125,0.03125,0.0,0.125,48.0,0.0,600.0,frozen sensor component
feature_aligned,mean_shift_pf_delta_0.100,control,mean_shift,0.1,I_Ym,integrity_label_jsd,600,600,0.0011802436024565446,0.0004888385244522,0.0,0.0079589979174945,48.0,0.0,48.0,frozen sensor component
feature_aligned,mean_shift_pf_delta_0.100,control,mean_shift,0.1,I_XFY,integrity_label_jsd,600,600,0.0011802436024565446,0.0004888385244522,0.0,0.0079589979174945,48.0,0.0,600.0,frozen sensor component
feature_aligned,mean_shift_pf_delta_0.100,control,mean_shift,0.1,I_XFY,integrity_confusion_profile_l1,600,600,0.2592317708333291,0.140625,0.0,1.781249999999969,174.0,0.0,600.0,frozen sensor component
feature_aligned,mean_shift_pf_delta_0.100,control,mean_shift,0.1,I_XFY,integrity_confusion_profile_jsd,600,600,0.03613214189397983,0.00571596062554795,0.0,0.5344658923059031,188.0,0.0,600.0,frozen sensor component
feature_aligned,mean_shift_pf_delta_0.100,control,mean_shift,0.1,descriptive_only,integrity_ks_mean_vs_clean_eval,600,600,0.62439990234375,0.6028645833333334,0.4225260416666667,0.8697916666666666,,,,KS mean is descriptive; ks_reject05 is the prespecified calibrated component
feature_aligned,scaling_drift_alpha_0.020,control,scaling_drift,0.02,I_X,integrity_jsd_vs_clean_eval,600,600,0.10784384566676797,0.0848753601012059,0.0217701475020362,0.4559032818915003,425.0,0.0,600.0,frozen sensor component
feature_aligned,scaling_drift_alpha_0.020,control,scaling_drift,0.02,I_XF,integrity_jsd_vs_clean_eval,600,600,0.10784384566676797,0.0848753601012059,0.0217701475020362,0.4559032818915003,425.0,0.0,584.0,frozen sensor component
feature_aligned,scaling_drift_alpha_0.020,control,scaling_drift,0.02,I_XFY,integrity_jsd_vs_clean_eval,600,600,0.10784384566676797,0.0848753601012059,0.0217701475020362,0.4559032818915003,425.0,0.0,576.0,frozen sensor component
feature_aligned,scaling_drift_alpha_0.020,control,scaling_drift,0.02,I_X,integrity_mmd_vs_clean_eval,600,600,0.11405877152811442,0.057547746170507647,0.0,0.7550715538923767,216.0,0.0,600.0,frozen sensor component
feature_aligned,scaling_drift_alpha_0.020,control,scaling_drift,0.02,I_XF,integrity_mmd_vs_clean_eval,600,600,0.11405877152811442,0.057547746170507647,0.0,0.7550715538923767,216.0,0.0,584.0,frozen sensor component
feature_aligned,scaling_drift_alpha_0.020,control,scaling_drift,0.02,I_XFY,integrity_mmd_vs_clean_eval,600,600,0.11405877152811442,0.057547746170507647,0.0,0.7550715538923767,216.0,0.0,576.0,frozen sensor component
feature_aligned,scaling_drift_alpha_0.020,control,scaling_drift,0.02,I_X,integrity_ks_reject05_vs_clean_eval,600,600,0.8571805555555556,0.8333333333333334,0.375,1.0,600.0,142.0,600.0,frozen sensor component
feature_aligned,scaling_drift_alpha_0.020,control,scaling_drift,0.02,I_XF,integrity_ks_reject05_vs_clean_eval,600,600,0.8571805555555556,0.8333333333333334,0.375,1.0,600.0,87.0,584.0,frozen sensor component
feature_aligned,scaling_drift_alpha_0.020,control,scaling_drift,0.02,I_XFY,integrity_ks_reject05_vs_clean_eval,600,600,0.8571805555555556,0.8333333333333334,0.375,1.0,600.0,80.0,576.0,frozen sensor component
feature_aligned,scaling_drift_alpha_0.020,control,scaling_drift,0.02,I_XF,integrity_score_jsd_vs_clean_eval,600,600,0.24388819329151035,0.20267491531445514,0.0148916263868919,0.6592375222014557,432.0,0.0,584.0,frozen sensor component
feature_aligned,scaling_drift_alpha_0.020,control,scaling_drift,0.02,I_XFY,integrity_score_jsd_vs_clean_eval,600,600,0.24388819329151035,0.20267491531445514,0.0148916263868919,0.6592375222014557,432.0,0.0,576.0,frozen sensor component
feature_aligned,scaling_drift_alpha_0.020,control,scaling_drift,0.02,I_XF,integrity_pred_pos_rate_shift,600,600,0.08029296875,0.0390625,0.0,0.734375,123.0,0.0,584.0,frozen sensor component
feature_aligned,scaling_drift_alpha_0.020,control,scaling_drift,0.02,I_XFY,integrity_pred_pos_rate_shift,600,600,0.08029296875,0.0390625,0.0,0.734375,123.0,0.0,576.0,frozen sensor component
feature_aligned,scaling_drift_alpha_0.020,control,scaling_drift,0.02,I_XF,integrity_pred_jsd,600,600,0.0159202122978705,0.0017066386982848001,0.0,0.3027453957208915,135.0,0.0,584.0,frozen sensor component
feature_aligned,scaling_drift_alpha_0.020,control,scaling_drift,0.02,I_XFY,integrity_pred_jsd,600,600,0.0159202122978705,0.0017066386982848001,0.0,0.3027453957208915,135.0,0.0,576.0,frozen sensor component
feature_aligned,scaling_drift_alpha_0.020,control,scaling_drift,0.02,I_Ym,integrity_label_prior_shift,600,600,0.038203125,0.03125,0.0,0.125,48.0,0.0,48.0,frozen sensor component
feature_aligned,scaling_drift_alpha_0.020,control,scaling_drift,0.02,I_XFY,integrity_label_prior_shift,600,600,0.038203125,0.03125,0.0,0.125,48.0,0.0,576.0,frozen sensor component
feature_aligned,scaling_drift_alpha_0.020,control,scaling_drift,0.02,I_Ym,integrity_label_jsd,600,600,0.0011802436024565446,0.0004888385244522,0.0,0.0079589979174945,48.0,0.0,48.0,frozen sensor component
feature_aligned,scaling_drift_alpha_0.020,control,scaling_drift,0.02,I_XFY,integrity_label_jsd,600,600,0.0011802436024565446,0.0004888385244522,0.0,0.0079589979174945,48.0,0.0,576.0,frozen sensor component
feature_aligned,scaling_drift_alpha_0.020,control,scaling_drift,0.02,I_XFY,integrity_confusion_profile_l1,600,600,0.20873697916666392,0.1406249999999914,0.0,1.46875,134.0,0.0,576.0,frozen sensor component
feature_aligned,scaling_drift_alpha_0.020,control,scaling_drift,0.02,I_XFY,integrity_confusion_profile_jsd,600,600,0.02308784643158638,0.00520780926321085,0.0,0.3676643261628083,136.0,0.0,576.0,frozen sensor component
feature_aligned,scaling_drift_alpha_0.020,control,scaling_drift,0.02,descriptive_only,integrity_ks_mean_vs_clean_eval,600,600,0.46068467881944436,0.4309895833333333,0.232421875,0.7897135416666666,,,,KS mean is descriptive; ks_reject05 is the prespecified calibrated component
feature_aligned,scaling_drift_alpha_0.050,control,scaling_drift,0.05,I_X,integrity_jsd_vs_clean_eval,600,600,0.16735913785700318,0.1398809220771982,0.0221301535949538,0.5399521670875699,543.0,0.0,600.0,frozen sensor component
feature_aligned,scaling_drift_alpha_0.050,control,scaling_drift,0.05,I_XF,integrity_jsd_vs_clean_eval,600,600,0.16735913785700318,0.1398809220771982,0.0221301535949538,0.5399521670875699,543.0,0.0,595.0,frozen sensor component
feature_aligned,scaling_drift_alpha_0.050,control,scaling_drift,0.05,I_XFY,integrity_jsd_vs_clean_eval,600,600,0.16735913785700318,0.1398809220771982,0.0221301535949538,0.5399521670875699,543.0,0.0,592.0,frozen sensor component
feature_aligned,scaling_drift_alpha_0.050,control,scaling_drift,0.05,I_X,integrity_mmd_vs_clean_eval,600,600,0.1834300947281533,0.0928222996880257,0.0,0.7984736614412304,305.0,0.0,600.0,frozen sensor component
feature_aligned,scaling_drift_alpha_0.050,control,scaling_drift,0.05,I_XF,integrity_mmd_vs_clean_eval,600,600,0.1834300947281533,0.0928222996880257,0.0,0.7984736614412304,305.0,0.0,595.0,frozen sensor component
feature_aligned,scaling_drift_alpha_0.050,control,scaling_drift,0.05,I_XFY,integrity_mmd_vs_clean_eval,600,600,0.1834300947281533,0.0928222996880257,0.0,0.7984736614412304,305.0,0.0,592.0,frozen sensor component
feature_aligned,scaling_drift_alpha_0.050,control,scaling_drift,0.05,I_X,integrity_ks_reject05_vs_clean_eval,600,600,0.8945694444444446,0.9,0.625,1.0,600.0,29.0,600.0,frozen sensor component
feature_aligned,scaling_drift_alpha_0.050,control,scaling_drift,0.05,I_XF,integrity_ks_reject05_vs_clean_eval,600,600,0.8945694444444446,0.9,0.625,1.0,600.0,13.0,595.0,frozen sensor component
feature_aligned,scaling_drift_alpha_0.050,control,scaling_drift,0.05,I_XFY,integrity_ks_reject05_vs_clean_eval,600,600,0.8945694444444446,0.9,0.625,1.0,600.0,12.0,592.0,frozen sensor component
feature_aligned,scaling_drift_alpha_0.050,control,scaling_drift,0.05,I_XF,integrity_score_jsd_vs_clean_eval,600,600,0.2962120358889364,0.2546348415833257,0.0187870124757973,0.6544541506249995,522.0,0.0,595.0,frozen sensor component
feature_aligned,scaling_drift_alpha_0.050,control,scaling_drift,0.05,I_XFY,integrity_score_jsd_vs_clean_eval,600,600,0.2962120358889364,0.2546348415833257,0.0187870124757973,0.6544541506249995,522.0,0.0,592.0,frozen sensor component
feature_aligned,scaling_drift_alpha_0.050,control,scaling_drift,0.05,I_XF,integrity_pred_pos_rate_shift,600,600,0.1518359375,0.0546875,0.0,0.90625,216.0,0.0,595.0,frozen sensor component
feature_aligned,scaling_drift_alpha_0.050,control,scaling_drift,0.05,I_XFY,integrity_pred_pos_rate_shift,600,600,0.1518359375,0.0546875,0.0,0.90625,216.0,0.0,592.0,frozen sensor component
feature_aligned,scaling_drift_alpha_0.050,control,scaling_drift,0.05,I_XF,integrity_pred_jsd,600,600,0.0499700311730823,0.0033514768305272,0.0,0.5331816118498816,235.0,0.0,595.0,frozen sensor component
feature_aligned,scaling_drift_alpha_0.050,control,scaling_drift,0.05,I_XFY,integrity_pred_jsd,600,600,0.0499700311730823,0.0033514768305272,0.0,0.5331816118498816,235.0,0.0,592.0,frozen sensor component
feature_aligned,scaling_drift_alpha_0.050,control,scaling_drift,0.05,I_Ym,integrity_label_prior_shift,600,600,0.038203125,0.03125,0.0,0.125,48.0,0.0,48.0,frozen sensor component
feature_aligned,scaling_drift_alpha_0.050,control,scaling_drift,0.05,I_XFY,integrity_label_prior_shift,600,600,0.038203125,0.03125,0.0,0.125,48.0,0.0,592.0,frozen sensor component
feature_aligned,scaling_drift_alpha_0.050,control,scaling_drift,0.05,I_Ym,integrity_label_jsd,600,600,0.0011802436024565446,0.0004888385244522,0.0,0.0079589979174945,48.0,0.0,48.0,frozen sensor component
feature_aligned,scaling_drift_alpha_0.050,control,scaling_drift,0.05,I_XFY,integrity_label_jsd,600,600,0.0011802436024565446,0.0004888385244522,0.0,0.0079589979174945,48.0,0.0,592.0,frozen sensor component
feature_aligned,scaling_drift_alpha_0.050,control,scaling_drift,0.05,I_XFY,integrity_confusion_profile_l1,600,600,0.3476041666666612,0.171875,0.0,1.812499999999969,227.0,0.0,592.0,frozen sensor component
feature_aligned,scaling_drift_alpha_0.050,control,scaling_drift,0.05,I_XFY,integrity_confusion_profile_jsd,600,600,0.06115283778389203,0.00793118420738525,0.0,0.5595591968327289,224.0,0.0,592.0,frozen sensor component
feature_aligned,scaling_drift_alpha_0.050,control,scaling_drift,0.05,descriptive_only,integrity_ks_mean_vs_clean_eval,600,600,0.5209647352430555,0.49332682291666663,0.3173828125,0.818359375,,,,KS mean is descriptive; ks_reject05 is the prespecified calibrated component
feature_aligned,scaling_drift_alpha_0.100,control,scaling_drift,0.1,I_X,integrity_jsd_vs_clean_eval,600,600,0.21235854661583375,0.2028671437546905,0.0267448666634216,0.5606231871781837,569.0,0.0,600.0,frozen sensor component
feature_aligned,scaling_drift_alpha_0.100,control,scaling_drift,0.1,I_XF,integrity_jsd_vs_clean_eval,600,600,0.21235854661583375,0.2028671437546905,0.0267448666634216,0.5606231871781837,569.0,0.0,600.0,frozen sensor component
feature_aligned,scaling_drift_alpha_0.100,control,scaling_drift,0.1,I_XFY,integrity_jsd_vs_clean_eval,600,600,0.21235854661583375,0.2028671437546905,0.0267448666634216,0.5606231871781837,569.0,0.0,600.0,frozen sensor component
feature_aligned,scaling_drift_alpha_0.100,control,scaling_drift,0.1,I_X,integrity_mmd_vs_clean_eval,600,600,0.2596167686537039,0.14318438746345752,0.0,0.8216512255013778,405.0,0.0,600.0,frozen sensor component
feature_aligned,scaling_drift_alpha_0.100,control,scaling_drift,0.1,I_XF,integrity_mmd_vs_clean_eval,600,600,0.2596167686537039,0.14318438746345752,0.0,0.8216512255013778,405.0,0.0,600.0,frozen sensor component
feature_aligned,scaling_drift_alpha_0.100,control,scaling_drift,0.1,I_XFY,integrity_mmd_vs_clean_eval,600,600,0.2596167686537039,0.14318438746345752,0.0,0.8216512255013778,405.0,0.0,600.0,frozen sensor component
feature_aligned,scaling_drift_alpha_0.100,control,scaling_drift,0.1,I_X,integrity_ks_reject05_vs_clean_eval,600,600,0.9158472222222223,0.9166666666666666,0.625,1.0,600.0,10.0,600.0,frozen sensor component
feature_aligned,scaling_drift_alpha_0.100,control,scaling_drift,0.1,I_XF,integrity_ks_reject05_vs_clean_eval,600,600,0.9158472222222223,0.9166666666666666,0.625,1.0,600.0,2.0,600.0,frozen sensor component
feature_aligned,scaling_drift_alpha_0.100,control,scaling_drift,0.1,I_XFY,integrity_ks_reject05_vs_clean_eval,600,600,0.9158472222222223,0.9166666666666666,0.625,1.0,600.0,2.0,600.0,frozen sensor component
feature_aligned,scaling_drift_alpha_0.100,control,scaling_drift,0.1,I_XF,integrity_score_jsd_vs_clean_eval,600,600,0.33612547239205387,0.2966095208864718,0.0203068387350165,0.6518331745106017,572.0,0.0,600.0,frozen sensor component
feature_aligned,scaling_drift_alpha_0.100,control,scaling_drift,0.1,I_XFY,integrity_score_jsd_vs_clean_eval,600,600,0.33612547239205387,0.2966095208864718,0.0203068387350165,0.6518331745106017,572.0,0.0,600.0,frozen sensor component
feature_aligned,scaling_drift_alpha_0.100,control,scaling_drift,0.1,I_XF,integrity_pred_pos_rate_shift,600,600,0.20021484375,0.07421875,0.0,0.96875,267.0,0.0,600.0,frozen sensor component
feature_aligned,scaling_drift_alpha_0.100,control,scaling_drift,0.1,I_XFY,integrity_pred_pos_rate_shift,600,600,0.20021484375,0.07421875,0.0,0.96875,267.0,0.0,600.0,frozen sensor component
feature_aligned,scaling_drift_alpha_0.100,control,scaling_drift,0.1,I_XF,integrity_pred_jsd,600,600,0.0766853994006927,0.0054459705280867,0.0,0.6231284205643703,282.0,0.0,600.0,frozen sensor component
feature_aligned,scaling_drift_alpha_0.100,control,scaling_drift,0.1,I_XFY,integrity_pred_jsd,600,600,0.0766853994006927,0.0054459705280867,0.0,0.6231284205643703,282.0,0.0,600.0,frozen sensor component
feature_aligned,scaling_drift_alpha_0.100,control,scaling_drift,0.1,I_Ym,integrity_label_prior_shift,600,600,0.038203125,0.03125,0.0,0.125,48.0,0.0,48.0,frozen sensor component
feature_aligned,scaling_drift_alpha_0.100,control,scaling_drift,0.1,I_XFY,integrity_label_prior_shift,600,600,0.038203125,0.03125,0.0,0.125,48.0,0.0,600.0,frozen sensor component
feature_aligned,scaling_drift_alpha_0.100,control,scaling_drift,0.1,I_Ym,integrity_label_jsd,600,600,0.0011802436024565446,0.0004888385244522,0.0,0.0079589979174945,48.0,0.0,48.0,frozen sensor component
feature_aligned,scaling_drift_alpha_0.100,control,scaling_drift,0.1,I_XFY,integrity_label_jsd,600,600,0.0011802436024565446,0.0004888385244522,0.0,0.0079589979174945,48.0,0.0,600.0,frozen sensor component
feature_aligned,scaling_drift_alpha_0.100,control,scaling_drift,0.1,I_XFY,integrity_confusion_profile_l1,600,600,0.4464713541666581,0.1875,0.0,1.937499999999969,270.0,0.0,600.0,frozen sensor component
feature_aligned,scaling_drift_alpha_0.100,control,scaling_drift,0.1,I_XFY,integrity_confusion_profile_jsd,600,600,0.09116138915170947,0.01123913417802025,0.0,0.624774326092696,286.0,0.0,600.0,frozen sensor component
feature_aligned,scaling_drift_alpha_0.100,control,scaling_drift,0.1,descriptive_only,integrity_ks_mean_vs_clean_eval,600,600,0.5641153971354167,0.540625,0.3502604166666667,0.8430989583333334,,,,KS mean is descriptive; ks_reject05 is the prespecified calibrated component
feature_aligned,sham_identity,identity,identity,0.0,I_X,integrity_jsd_vs_clean_eval,600,600,0.03861186071365,0.036630119655908996,0.0129589912474517,0.0707001867592795,44.0,30.0,43.0,frozen sensor component
feature_aligned,sham_identity,identity,identity,0.0,I_XF,integrity_jsd_vs_clean_eval,600,600,0.03861186071365,0.036630119655908996,0.0129589912474517,0.0707001867592795,44.0,26.0,43.0,frozen sensor component
feature_aligned,sham_identity,identity,identity,0.0,I_XFY,integrity_jsd_vs_clean_eval,600,600,0.03861186071365,0.036630119655908996,0.0129589912474517,0.0707001867592795,44.0,26.0,48.0,frozen sensor component
feature_aligned,sham_identity,identity,identity,0.0,I_X,integrity_mmd_vs_clean_eval,600,600,0.03053876928848259,0.0,0.0,0.1578299322427173,67.0,44.0,43.0,frozen sensor component
feature_aligned,sham_identity,identity,identity,0.0,I_XF,integrity_mmd_vs_clean_eval,600,600,0.03053876928848259,0.0,0.0,0.1578299322427173,67.0,36.0,43.0,frozen sensor component
feature_aligned,sham_identity,identity,identity,0.0,I_XFY,integrity_mmd_vs_clean_eval,600,600,0.03053876928848259,0.0,0.0,0.1578299322427173,67.0,23.0,48.0,frozen sensor component
feature_aligned,sham_identity,identity,identity,0.0,I_X,integrity_ks_reject05_vs_clean_eval,600,600,0.03844444444444444,0.0,0.0,0.625,14.0,5.0,43.0,frozen sensor component
feature_aligned,sham_identity,identity,identity,0.0,I_XF,integrity_ks_reject05_vs_clean_eval,600,600,0.03844444444444444,0.0,0.0,0.625,14.0,4.0,43.0,frozen sensor component
feature_aligned,sham_identity,identity,identity,0.0,I_XFY,integrity_ks_reject05_vs_clean_eval,600,600,0.03844444444444444,0.0,0.0,0.625,14.0,3.0,48.0,frozen sensor component
feature_aligned,sham_identity,identity,identity,0.0,I_XF,integrity_score_jsd_vs_clean_eval,600,600,0.06344821046250051,0.061373645761385945,0.0087495922742121,0.1424476098554304,33.0,21.0,43.0,frozen sensor component
feature_aligned,sham_identity,identity,identity,0.0,I_XFY,integrity_score_jsd_vs_clean_eval,600,600,0.06344821046250051,0.061373645761385945,0.0087495922742121,0.1424476098554304,33.0,18.0,48.0,frozen sensor component
feature_aligned,sham_identity,identity,identity,0.0,I_XF,integrity_pred_pos_rate_shift,600,600,0.036282552083333336,0.0234375,0.0,0.15625,43.0,4.0,43.0,frozen sensor component
feature_aligned,sham_identity,identity,identity,0.0,I_XFY,integrity_pred_pos_rate_shift,600,600,0.036282552083333336,0.0234375,0.0,0.15625,43.0,4.0,48.0,frozen sensor component
feature_aligned,sham_identity,identity,identity,0.0,I_XF,integrity_pred_jsd,600,600,0.002091705850646511,0.0008328164480711,0.0,0.0165269140381457,49.0,8.0,43.0,frozen sensor component
feature_aligned,sham_identity,identity,identity,0.0,I_XFY,integrity_pred_jsd,600,600,0.002091705850646511,0.0008328164480711,0.0,0.0165269140381457,49.0,3.0,48.0,frozen sensor component
feature_aligned,sham_identity,identity,identity,0.0,I_Ym,integrity_label_prior_shift,600,600,0.038203125,0.03125,0.0,0.125,48.0,0.0,48.0,frozen sensor component
feature_aligned,sham_identity,identity,identity,0.0,I_XFY,integrity_label_prior_shift,600,600,0.038203125,0.03125,0.0,0.125,48.0,0.0,48.0,frozen sensor component
feature_aligned,sham_identity,identity,identity,0.0,I_Ym,integrity_label_jsd,600,600,0.0011802436024565446,0.0004888385244522,0.0,0.0079589979174945,48.0,0.0,48.0,frozen sensor component
feature_aligned,sham_identity,identity,identity,0.0,I_XFY,integrity_label_jsd,600,600,0.0011802436024565446,0.0004888385244522,0.0,0.0079589979174945,48.0,0.0,48.0,frozen sensor component
feature_aligned,sham_identity,identity,identity,0.0,I_XFY,integrity_confusion_profile_l1,600,600,0.12268229166666526,0.10937499999999914,0.0,0.375,52.0,4.0,48.0,frozen sensor component
feature_aligned,sham_identity,identity,identity,0.0,I_XFY,integrity_confusion_profile_jsd,600,600,0.005011941320793917,0.0035139708684640497,0.0,0.0275618657425942,49.0,5.0,48.0,frozen sensor component
feature_aligned,sham_identity,identity,identity,0.0,descriptive_only,integrity_ks_mean_vs_clean_eval,600,600,0.1004157986111111,0.1015625,0.0556640625,0.16171875,,,,KS mean is descriptive; ks_reject05 is the prespecified calibrated component
feature_aligned,sham_tiny_gaussian_sigma_0.001,near_null,tiny_gaussian,0.001,I_X,integrity_jsd_vs_clean_eval,600,600,0.039909478779492816,0.0393262395222653,0.0147673730330402,0.07111847057806,77.0,6.0,366.0,frozen sensor component
feature_aligned,sham_tiny_gaussian_sigma_0.001,near_null,tiny_gaussian,0.001,I_XF,integrity_jsd_vs_clean_eval,600,600,0.039909478779492816,0.0393262395222653,0.0147673730330402,0.07111847057806,77.0,3.0,324.0,frozen sensor component
feature_aligned,sham_tiny_gaussian_sigma_0.001,near_null,tiny_gaussian,0.001,I_XFY,integrity_jsd_vs_clean_eval,600,600,0.039909478779492816,0.0393262395222653,0.0147673730330402,0.07111847057806,77.0,3.0,313.0,frozen sensor component
feature_aligned,sham_tiny_gaussian_sigma_0.001,near_null,tiny_gaussian,0.001,I_X,integrity_mmd_vs_clean_eval,600,600,0.030516310772213468,0.0,0.0,0.1577728123891116,67.0,0.0,366.0,frozen sensor component
feature_aligned,sham_tiny_gaussian_sigma_0.001,near_null,tiny_gaussian,0.001,I_XF,integrity_mmd_vs_clean_eval,600,600,0.030516310772213468,0.0,0.0,0.1577728123891116,67.0,0.0,324.0,frozen sensor component
feature_aligned,sham_tiny_gaussian_sigma_0.001,near_null,tiny_gaussian,0.001,I_XFY,integrity_mmd_vs_clean_eval,600,600,0.030516310772213468,0.0,0.0,0.1577728123891116,67.0,0.0,313.0,frozen sensor component
feature_aligned,sham_tiny_gaussian_sigma_0.001,near_null,tiny_gaussian,0.001,I_X,integrity_ks_reject05_vs_clean_eval,600,600,0.5893888888888889,0.5,0.0,1.0,485.0,363.0,366.0,frozen sensor component
feature_aligned,sham_tiny_gaussian_sigma_0.001,near_null,tiny_gaussian,0.001,I_XF,integrity_ks_reject05_vs_clean_eval,600,600,0.5893888888888889,0.5,0.0,1.0,485.0,308.0,324.0,frozen sensor component
feature_aligned,sham_tiny_gaussian_sigma_0.001,near_null,tiny_gaussian,0.001,I_XFY,integrity_ks_reject05_vs_clean_eval,600,600,0.5893888888888889,0.5,0.0,1.0,485.0,294.0,313.0,frozen sensor component
feature_aligned,sham_tiny_gaussian_sigma_0.001,near_null,tiny_gaussian,0.001,I_XF,integrity_score_jsd_vs_clean_eval,600,600,0.06594167892641949,0.06391940593976425,0.0096506169711535,0.1438053133180254,62.0,10.0,324.0,frozen sensor component
feature_aligned,sham_tiny_gaussian_sigma_0.001,near_null,tiny_gaussian,0.001,I_XFY,integrity_score_jsd_vs_clean_eval,600,600,0.06594167892641949,0.06391940593976425,0.0096506169711535,0.1438053133180254,62.0,8.0,313.0,frozen sensor component
feature_aligned,sham_tiny_gaussian_sigma_0.001,near_null,tiny_gaussian,0.001,I_XF,integrity_pred_pos_rate_shift,600,600,0.03623046875,0.0234375,0.0,0.15625,43.0,0.0,324.0,frozen sensor component
feature_aligned,sham_tiny_gaussian_sigma_0.001,near_null,tiny_gaussian,0.001,I_XFY,integrity_pred_pos_rate_shift,600,600,0.03623046875,0.0234375,0.0,0.15625,43.0,0.0,313.0,frozen sensor component
feature_aligned,sham_tiny_gaussian_sigma_0.001,near_null,tiny_gaussian,0.001,I_XF,integrity_pred_jsd,600,600,0.002092462100090787,0.00083079856527835,0.0,0.0165269140381457,49.0,3.0,324.0,frozen sensor component
feature_aligned,sham_tiny_gaussian_sigma_0.001,near_null,tiny_gaussian,0.001,I_XFY,integrity_pred_jsd,600,600,0.002092462100090787,0.00083079856527835,0.0,0.0165269140381457,49.0,1.0,313.0,frozen sensor component
feature_aligned,sham_tiny_gaussian_sigma_0.001,near_null,tiny_gaussian,0.001,I_Ym,integrity_label_prior_shift,600,600,0.038203125,0.03125,0.0,0.125,48.0,0.0,48.0,frozen sensor component
feature_aligned,sham_tiny_gaussian_sigma_0.001,near_null,tiny_gaussian,0.001,I_XFY,integrity_label_prior_shift,600,600,0.038203125,0.03125,0.0,0.125,48.0,0.0,313.0,frozen sensor component
feature_aligned,sham_tiny_gaussian_sigma_0.001,near_null,tiny_gaussian,0.001,I_Ym,integrity_label_jsd,600,600,0.0011802436024565446,0.0004888385244522,0.0,0.0079589979174945,48.0,0.0,48.0,frozen sensor component
feature_aligned,sham_tiny_gaussian_sigma_0.001,near_null,tiny_gaussian,0.001,I_XFY,integrity_label_jsd,600,600,0.0011802436024565446,0.0004888385244522,0.0,0.0079589979174945,48.0,0.0,313.0,frozen sensor component
feature_aligned,sham_tiny_gaussian_sigma_0.001,near_null,tiny_gaussian,0.001,I_XFY,integrity_confusion_profile_l1,600,600,0.12261718749999857,0.10937499999999914,0.0,0.359375,52.0,2.0,313.0,frozen sensor component
feature_aligned,sham_tiny_gaussian_sigma_0.001,near_null,tiny_gaussian,0.001,I_XFY,integrity_confusion_profile_jsd,600,600,0.00501092294265813,0.0035139708684640497,0.0,0.0249662389336555,50.0,1.0,313.0,frozen sensor component
feature_aligned,sham_tiny_gaussian_sigma_0.001,near_null,tiny_gaussian,0.001,descriptive_only,integrity_ks_mean_vs_clean_eval,600,600,0.19681580946180555,0.1822916666666666,0.1119791666666666,0.38359375,,,,KS mean is descriptive; ks_reject05 is the prespecified calibrated component
feature_aligned,sham_tiny_scaling_alpha_0.001,near_null,tiny_scaling,0.001,I_X,integrity_jsd_vs_clean_eval,600,600,0.042311002923572094,0.0396199796703276,0.0129589912474517,0.1423232840627621,102.0,4.0,434.0,frozen sensor component
feature_aligned,sham_tiny_scaling_alpha_0.001,near_null,tiny_scaling,0.001,I_XF,integrity_jsd_vs_clean_eval,600,600,0.042311002923572094,0.0396199796703276,0.0129589912474517,0.1423232840627621,102.0,0.0,430.0,frozen sensor component
feature_aligned,sham_tiny_scaling_alpha_0.001,near_null,tiny_scaling,0.001,I_XFY,integrity_jsd_vs_clean_eval,600,600,0.042311002923572094,0.0396199796703276,0.0129589912474517,0.1423232840627621,102.0,0.0,414.0,frozen sensor component
feature_aligned,sham_tiny_scaling_alpha_0.001,near_null,tiny_scaling,0.001,I_X,integrity_mmd_vs_clean_eval,600,600,0.0323229384665325,0.0,0.0,0.1579838529099812,72.0,0.0,434.0,frozen sensor component
feature_aligned,sham_tiny_scaling_alpha_0.001,near_null,tiny_scaling,0.001,I_XF,integrity_mmd_vs_clean_eval,600,600,0.0323229384665325,0.0,0.0,0.1579838529099812,72.0,0.0,430.0,frozen sensor component
feature_aligned,sham_tiny_scaling_alpha_0.001,near_null,tiny_scaling,0.001,I_XFY,integrity_mmd_vs_clean_eval,600,600,0.0323229384665325,0.0,0.0,0.1579838529099812,72.0,0.0,414.0,frozen sensor component
feature_aligned,sham_tiny_scaling_alpha_0.001,near_null,tiny_scaling,0.001,I_X,integrity_ks_reject05_vs_clean_eval,600,600,0.6807361111111111,0.75,0.1666666666666666,1.0,541.0,394.0,434.0,frozen sensor component
feature_aligned,sham_tiny_scaling_alpha_0.001,near_null,tiny_scaling,0.001,I_XF,integrity_ks_reject05_vs_clean_eval,600,600,0.6807361111111111,0.75,0.1666666666666666,1.0,541.0,281.0,430.0,frozen sensor component
feature_aligned,sham_tiny_scaling_alpha_0.001,near_null,tiny_scaling,0.001,I_XFY,integrity_ks_reject05_vs_clean_eval,600,600,0.6807361111111111,0.75,0.1666666666666666,1.0,541.0,252.0,414.0,frozen sensor component
feature_aligned,sham_tiny_scaling_alpha_0.001,near_null,tiny_scaling,0.001,I_XF,integrity_score_jsd_vs_clean_eval,600,600,0.08786088324347915,0.07793195634827545,0.0104305660354741,0.3551897004459,174.0,5.0,430.0,frozen sensor component
feature_aligned,sham_tiny_scaling_alpha_0.001,near_null,tiny_scaling,0.001,I_XFY,integrity_score_jsd_vs_clean_eval,600,600,0.08786088324347915,0.07793195634827545,0.0104305660354741,0.3551897004459,174.0,4.0,414.0,frozen sensor component
feature_aligned,sham_tiny_scaling_alpha_0.001,near_null,tiny_scaling,0.001,I_XF,integrity_pred_pos_rate_shift,600,600,0.036647135416666664,0.02734375,0.0,0.15625,44.0,0.0,430.0,frozen sensor component
feature_aligned,sham_tiny_scaling_alpha_0.001,near_null,tiny_scaling,0.001,I_XFY,integrity_pred_pos_rate_shift,600,600,0.036647135416666664,0.02734375,0.0,0.15625,44.0,0.0,414.0,frozen sensor component
feature_aligned,sham_tiny_scaling_alpha_0.001,near_null,tiny_scaling,0.001,I_XF,integrity_pred_jsd,600,600,0.002115321986793094,0.0008373547119846501,0.0,0.020457916853757,51.0,2.0,430.0,frozen sensor component
feature_aligned,sham_tiny_scaling_alpha_0.001,near_null,tiny_scaling,0.001,I_XFY,integrity_pred_jsd,600,600,0.002115321986793094,0.0008373547119846501,0.0,0.020457916853757,51.0,0.0,414.0,frozen sensor component
feature_aligned,sham_tiny_scaling_alpha_0.001,near_null,tiny_scaling,0.001,I_Ym,integrity_label_prior_shift,600,600,0.038203125,0.03125,0.0,0.125,48.0,0.0,48.0,frozen sensor component
feature_aligned,sham_tiny_scaling_alpha_0.001,near_null,tiny_scaling,0.001,I_XFY,integrity_label_prior_shift,600,600,0.038203125,0.03125,0.0,0.125,48.0,0.0,414.0,frozen sensor component
feature_aligned,sham_tiny_scaling_alpha_0.001,near_null,tiny_scaling,0.001,I_Ym,integrity_label_jsd,600,600,0.0011802436024565446,0.0004888385244522,0.0,0.0079589979174945,48.0,0.0,48.0,frozen sensor component
feature_aligned,sham_tiny_scaling_alpha_0.001,near_null,tiny_scaling,0.001,I_XFY,integrity_label_jsd,600,600,0.0011802436024565446,0.0004888385244522,0.0,0.0079589979174945,48.0,0.0,414.0,frozen sensor component
feature_aligned,sham_tiny_scaling_alpha_0.001,near_null,tiny_scaling,0.001,I_XFY,integrity_confusion_profile_l1,600,600,0.12309895833333191,0.10937499999999914,0.0,0.375,54.0,1.0,414.0,frozen sensor component
feature_aligned,sham_tiny_scaling_alpha_0.001,near_null,tiny_scaling,0.001,I_XFY,integrity_confusion_profile_jsd,600,600,0.005054350492406262,0.00357778971058425,0.0,0.0275618657425942,50.0,0.0,414.0,frozen sensor component
feature_aligned,sham_tiny_scaling_alpha_0.001,near_null,tiny_scaling,0.001,descriptive_only,integrity_ks_mean_vs_clean_eval,600,600,0.30868717447916666,0.27278645833333337,0.140625,0.69921875,,,,KS mean is descriptive; ks_reject05 is the prespecified calibrated component
label_aligned,label_flip_prior_preserving_r_0.020,label,label_flip_prior_preserving,0.02,I_X,integrity_jsd_vs_clean_eval,600,600,0.03861186071365,0.036630119655908996,0.0129589912474517,0.0707001867592795,44.0,30.0,43.0,frozen sensor component
label_aligned,label_flip_prior_preserving_r_0.020,label,label_flip_prior_preserving,0.02,I_XF,integrity_jsd_vs_clean_eval,600,600,0.03861186071365,0.036630119655908996,0.0129589912474517,0.0707001867592795,44.0,26.0,43.0,frozen sensor component
label_aligned,label_flip_prior_preserving_r_0.020,label,label_flip_prior_preserving,0.02,I_XFY,integrity_jsd_vs_clean_eval,600,600,0.03861186071365,0.036630119655908996,0.0129589912474517,0.0707001867592795,44.0,26.0,48.0,frozen sensor component
label_aligned,label_flip_prior_preserving_r_0.020,label,label_flip_prior_preserving,0.02,I_X,integrity_mmd_vs_clean_eval,600,600,0.03053876928848259,0.0,0.0,0.1578299322427173,67.0,44.0,43.0,frozen sensor component
label_aligned,label_flip_prior_preserving_r_0.020,label,label_flip_prior_preserving,0.02,I_XF,integrity_mmd_vs_clean_eval,600,600,0.03053876928848259,0.0,0.0,0.1578299322427173,67.0,36.0,43.0,frozen sensor component
label_aligned,label_flip_prior_preserving_r_0.020,label,label_flip_prior_preserving,0.02,I_XFY,integrity_mmd_vs_clean_eval,600,600,0.03053876928848259,0.0,0.0,0.1578299322427173,67.0,21.0,48.0,frozen sensor component
label_aligned,label_flip_prior_preserving_r_0.020,label,label_flip_prior_preserving,0.02,I_X,integrity_ks_reject05_vs_clean_eval,600,600,0.03844444444444444,0.0,0.0,0.625,14.0,5.0,43.0,frozen sensor component
label_aligned,label_flip_prior_preserving_r_0.020,label,label_flip_prior_preserving,0.02,I_XF,integrity_ks_reject05_vs_clean_eval,600,600,0.03844444444444444,0.0,0.0,0.625,14.0,4.0,43.0,frozen sensor component
label_aligned,label_flip_prior_preserving_r_0.020,label,label_flip_prior_preserving,0.02,I_XFY,integrity_ks_reject05_vs_clean_eval,600,600,0.03844444444444444,0.0,0.0,0.625,14.0,3.0,48.0,frozen sensor component
label_aligned,label_flip_prior_preserving_r_0.020,label,label_flip_prior_preserving,0.02,I_XF,integrity_score_jsd_vs_clean_eval,600,600,0.06344821046250051,0.061373645761385945,0.0087495922742121,0.1424476098554304,33.0,21.0,43.0,frozen sensor component
label_aligned,label_flip_prior_preserving_r_0.020,label,label_flip_prior_preserving,0.02,I_XFY,integrity_score_jsd_vs_clean_eval,600,600,0.06344821046250051,0.061373645761385945,0.0087495922742121,0.1424476098554304,33.0,18.0,48.0,frozen sensor component
label_aligned,label_flip_prior_preserving_r_0.020,label,label_flip_prior_preserving,0.02,I_XF,integrity_pred_pos_rate_shift,600,600,0.036282552083333336,0.0234375,0.0,0.15625,43.0,4.0,43.0,frozen sensor component
label_aligned,label_flip_prior_preserving_r_0.020,label,label_flip_prior_preserving,0.02,I_XFY,integrity_pred_pos_rate_shift,600,600,0.036282552083333336,0.0234375,0.0,0.15625,43.0,4.0,48.0,frozen sensor component
label_aligned,label_flip_prior_preserving_r_0.020,label,label_flip_prior_preserving,0.02,I_XF,integrity_pred_jsd,600,600,0.002091705850646511,0.0008328164480711,0.0,0.0165269140381457,49.0,8.0,43.0,frozen sensor component
label_aligned,label_flip_prior_preserving_r_0.020,label,label_flip_prior_preserving,0.02,I_XFY,integrity_pred_jsd,600,600,0.002091705850646511,0.0008328164480711,0.0,0.0165269140381457,49.0,3.0,48.0,frozen sensor component
label_aligned,label_flip_prior_preserving_r_0.020,label,label_flip_prior_preserving,0.02,I_Ym,integrity_label_prior_shift,600,600,0.038203125,0.03125,0.0,0.125,48.0,0.0,48.0,frozen sensor component
label_aligned,label_flip_prior_preserving_r_0.020,label,label_flip_prior_preserving,0.02,I_XFY,integrity_label_prior_shift,600,600,0.038203125,0.03125,0.0,0.125,48.0,0.0,48.0,frozen sensor component
label_aligned,label_flip_prior_preserving_r_0.020,label,label_flip_prior_preserving,0.02,I_Ym,integrity_label_jsd,600,600,0.0011802436024565446,0.0004888385244522,0.0,0.0079589979174945,48.0,0.0,48.0,frozen sensor component
label_aligned,label_flip_prior_preserving_r_0.020,label,label_flip_prior_preserving,0.02,I_XFY,integrity_label_jsd,600,600,0.0011802436024565446,0.0004888385244522,0.0,0.0079589979174945,48.0,0.0,48.0,frozen sensor component
label_aligned,label_flip_prior_preserving_r_0.020,label,label_flip_prior_preserving,0.02,I_XFY,integrity_confusion_profile_l1,600,600,0.12473958333333186,0.10937499999999914,0.0,0.375,65.0,9.0,48.0,frozen sensor component
label_aligned,label_flip_prior_preserving_r_0.020,label,label_flip_prior_preserving,0.02,I_XFY,integrity_confusion_profile_jsd,600,600,0.005124174722357794,0.0038366308601703,0.0,0.0275618657425942,54.0,8.0,48.0,frozen sensor component
label_aligned,label_flip_prior_preserving_r_0.020,label,label_flip_prior_preserving,0.02,descriptive_only,integrity_ks_mean_vs_clean_eval,600,600,0.1004157986111111,0.1015625,0.0556640625,0.16171875,,,,KS mean is descriptive; ks_reject05 is the prespecified calibrated component
label_aligned,label_flip_prior_preserving_r_0.050,label,label_flip_prior_preserving,0.05,I_X,integrity_jsd_vs_clean_eval,600,600,0.03861186071365,0.036630119655908996,0.0129589912474517,0.0707001867592795,44.0,30.0,43.0,frozen sensor component
label_aligned,label_flip_prior_preserving_r_0.050,label,label_flip_prior_preserving,0.05,I_XF,integrity_jsd_vs_clean_eval,600,600,0.03861186071365,0.036630119655908996,0.0129589912474517,0.0707001867592795,44.0,26.0,43.0,frozen sensor component
label_aligned,label_flip_prior_preserving_r_0.050,label,label_flip_prior_preserving,0.05,I_XFY,integrity_jsd_vs_clean_eval,600,600,0.03861186071365,0.036630119655908996,0.0129589912474517,0.0707001867592795,44.0,26.0,55.0,frozen sensor component
label_aligned,label_flip_prior_preserving_r_0.050,label,label_flip_prior_preserving,0.05,I_X,integrity_mmd_vs_clean_eval,600,600,0.03053876928848259,0.0,0.0,0.1578299322427173,67.0,44.0,43.0,frozen sensor component
label_aligned,label_flip_prior_preserving_r_0.050,label,label_flip_prior_preserving,0.05,I_XF,integrity_mmd_vs_clean_eval,600,600,0.03053876928848259,0.0,0.0,0.1578299322427173,67.0,36.0,43.0,frozen sensor component
label_aligned,label_flip_prior_preserving_r_0.050,label,label_flip_prior_preserving,0.05,I_XFY,integrity_mmd_vs_clean_eval,600,600,0.03053876928848259,0.0,0.0,0.1578299322427173,67.0,22.0,55.0,frozen sensor component
label_aligned,label_flip_prior_preserving_r_0.050,label,label_flip_prior_preserving,0.05,I_X,integrity_ks_reject05_vs_clean_eval,600,600,0.03844444444444444,0.0,0.0,0.625,14.0,5.0,43.0,frozen sensor component
label_aligned,label_flip_prior_preserving_r_0.050,label,label_flip_prior_preserving,0.05,I_XF,integrity_ks_reject05_vs_clean_eval,600,600,0.03844444444444444,0.0,0.0,0.625,14.0,4.0,43.0,frozen sensor component
label_aligned,label_flip_prior_preserving_r_0.050,label,label_flip_prior_preserving,0.05,I_XFY,integrity_ks_reject05_vs_clean_eval,600,600,0.03844444444444444,0.0,0.0,0.625,14.0,4.0,55.0,frozen sensor component
label_aligned,label_flip_prior_preserving_r_0.050,label,label_flip_prior_preserving,0.05,I_XF,integrity_score_jsd_vs_clean_eval,600,600,0.06344821046250051,0.061373645761385945,0.0087495922742121,0.1424476098554304,33.0,21.0,43.0,frozen sensor component
label_aligned,label_flip_prior_preserving_r_0.050,label,label_flip_prior_preserving,0.05,I_XFY,integrity_score_jsd_vs_clean_eval,600,600,0.06344821046250051,0.061373645761385945,0.0087495922742121,0.1424476098554304,33.0,18.0,55.0,frozen sensor component
label_aligned,label_flip_prior_preserving_r_0.050,label,label_flip_prior_preserving,0.05,I_XF,integrity_pred_pos_rate_shift,600,600,0.036282552083333336,0.0234375,0.0,0.15625,43.0,4.0,43.0,frozen sensor component
label_aligned,label_flip_prior_preserving_r_0.050,label,label_flip_prior_preserving,0.05,I_XFY,integrity_pred_pos_rate_shift,600,600,0.036282552083333336,0.0234375,0.0,0.15625,43.0,4.0,55.0,frozen sensor component
label_aligned,label_flip_prior_preserving_r_0.050,label,label_flip_prior_preserving,0.05,I_XF,integrity_pred_jsd,600,600,0.002091705850646511,0.0008328164480711,0.0,0.0165269140381457,49.0,8.0,43.0,frozen sensor component
label_aligned,label_flip_prior_preserving_r_0.050,label,label_flip_prior_preserving,0.05,I_XFY,integrity_pred_jsd,600,600,0.002091705850646511,0.0008328164480711,0.0,0.0165269140381457,49.0,3.0,55.0,frozen sensor component
label_aligned,label_flip_prior_preserving_r_0.050,label,label_flip_prior_preserving,0.05,I_Ym,integrity_label_prior_shift,600,600,0.038203125,0.03125,0.0,0.125,48.0,0.0,48.0,frozen sensor component
label_aligned,label_flip_prior_preserving_r_0.050,label,label_flip_prior_preserving,0.05,I_XFY,integrity_label_prior_shift,600,600,0.038203125,0.03125,0.0,0.125,48.0,0.0,55.0,frozen sensor component
label_aligned,label_flip_prior_preserving_r_0.050,label,label_flip_prior_preserving,0.05,I_Ym,integrity_label_jsd,600,600,0.0011802436024565446,0.0004888385244522,0.0,0.0079589979174945,48.0,0.0,48.0,frozen sensor component
label_aligned,label_flip_prior_preserving_r_0.050,label,label_flip_prior_preserving,0.05,I_XFY,integrity_label_jsd,600,600,0.0011802436024565446,0.0004888385244522,0.0,0.0079589979174945,48.0,0.0,55.0,frozen sensor component
label_aligned,label_flip_prior_preserving_r_0.050,label,label_flip_prior_preserving,0.05,I_XFY,integrity_confusion_profile_l1,600,600,0.1310026041666649,0.11328125,0.0,0.40625,71.0,11.0,55.0,frozen sensor component
label_aligned,label_flip_prior_preserving_r_0.050,label,label_flip_prior_preserving,0.05,I_XFY,integrity_confusion_profile_jsd,600,600,0.005727492099125602,0.004338513422642701,0.0,0.0343472475306847,58.0,16.0,55.0,frozen sensor component
label_aligned,label_flip_prior_preserving_r_0.050,label,label_flip_prior_preserving,0.05,descriptive_only,integrity_ks_mean_vs_clean_eval,600,600,0.1004157986111111,0.1015625,0.0556640625,0.16171875,,,,KS mean is descriptive; ks_reject05 is the prespecified calibrated component
label_aligned,label_flip_prior_preserving_r_0.100,label,label_flip_prior_preserving,0.1,I_X,integrity_jsd_vs_clean_eval,600,600,0.03861186071365,0.036630119655908996,0.0129589912474517,0.0707001867592795,44.0,30.0,43.0,frozen sensor component
label_aligned,label_flip_prior_preserving_r_0.100,label,label_flip_prior_preserving,0.1,I_XF,integrity_jsd_vs_clean_eval,600,600,0.03861186071365,0.036630119655908996,0.0129589912474517,0.0707001867592795,44.0,26.0,43.0,frozen sensor component
label_aligned,label_flip_prior_preserving_r_0.100,label,label_flip_prior_preserving,0.1,I_XFY,integrity_jsd_vs_clean_eval,600,600,0.03861186071365,0.036630119655908996,0.0129589912474517,0.0707001867592795,44.0,18.0,92.0,frozen sensor component
label_aligned,label_flip_prior_preserving_r_0.100,label,label_flip_prior_preserving,0.1,I_X,integrity_mmd_vs_clean_eval,600,600,0.03053876928848259,0.0,0.0,0.1578299322427173,67.0,44.0,43.0,frozen sensor component
label_aligned,label_flip_prior_preserving_r_0.100,label,label_flip_prior_preserving,0.1,I_XF,integrity_mmd_vs_clean_eval,600,600,0.03053876928848259,0.0,0.0,0.1578299322427173,67.0,36.0,43.0,frozen sensor component
label_aligned,label_flip_prior_preserving_r_0.100,label,label_flip_prior_preserving,0.1,I_XFY,integrity_mmd_vs_clean_eval,600,600,0.03053876928848259,0.0,0.0,0.1578299322427173,67.0,21.0,92.0,frozen sensor component
label_aligned,label_flip_prior_preserving_r_0.100,label,label_flip_prior_preserving,0.1,I_X,integrity_ks_reject05_vs_clean_eval,600,600,0.03844444444444444,0.0,0.0,0.625,14.0,5.0,43.0,frozen sensor component
label_aligned,label_flip_prior_preserving_r_0.100,label,label_flip_prior_preserving,0.1,I_XF,integrity_ks_reject05_vs_clean_eval,600,600,0.03844444444444444,0.0,0.0,0.625,14.0,4.0,43.0,frozen sensor component
label_aligned,label_flip_prior_preserving_r_0.100,label,label_flip_prior_preserving,0.1,I_XFY,integrity_ks_reject05_vs_clean_eval,600,600,0.03844444444444444,0.0,0.0,0.625,14.0,4.0,92.0,frozen sensor component
label_aligned,label_flip_prior_preserving_r_0.100,label,label_flip_prior_preserving,0.1,I_XF,integrity_score_jsd_vs_clean_eval,600,600,0.06344821046250051,0.061373645761385945,0.0087495922742121,0.1424476098554304,33.0,21.0,43.0,frozen sensor component
label_aligned,label_flip_prior_preserving_r_0.100,label,label_flip_prior_preserving,0.1,I_XFY,integrity_score_jsd_vs_clean_eval,600,600,0.06344821046250051,0.061373645761385945,0.0087495922742121,0.1424476098554304,33.0,16.0,92.0,frozen sensor component
label_aligned,label_flip_prior_preserving_r_0.100,label,label_flip_prior_preserving,0.1,I_XF,integrity_pred_pos_rate_shift,600,600,0.036282552083333336,0.0234375,0.0,0.15625,43.0,4.0,43.0,frozen sensor component
label_aligned,label_flip_prior_preserving_r_0.100,label,label_flip_prior_preserving,0.1,I_XFY,integrity_pred_pos_rate_shift,600,600,0.036282552083333336,0.0234375,0.0,0.15625,43.0,4.0,92.0,frozen sensor component
label_aligned,label_flip_prior_preserving_r_0.100,label,label_flip_prior_preserving,0.1,I_XF,integrity_pred_jsd,600,600,0.002091705850646511,0.0008328164480711,0.0,0.0165269140381457,49.0,8.0,43.0,frozen sensor component
label_aligned,label_flip_prior_preserving_r_0.100,label,label_flip_prior_preserving,0.1,I_XFY,integrity_pred_jsd,600,600,0.002091705850646511,0.0008328164480711,0.0,0.0165269140381457,49.0,3.0,92.0,frozen sensor component
label_aligned,label_flip_prior_preserving_r_0.100,label,label_flip_prior_preserving,0.1,I_Ym,integrity_label_prior_shift,600,600,0.038203125,0.03125,0.0,0.125,48.0,0.0,48.0,frozen sensor component
label_aligned,label_flip_prior_preserving_r_0.100,label,label_flip_prior_preserving,0.1,I_XFY,integrity_label_prior_shift,600,600,0.038203125,0.03125,0.0,0.125,48.0,0.0,92.0,frozen sensor component
label_aligned,label_flip_prior_preserving_r_0.100,label,label_flip_prior_preserving,0.1,I_Ym,integrity_label_jsd,600,600,0.0011802436024565446,0.0004888385244522,0.0,0.0079589979174945,48.0,0.0,48.0,frozen sensor component
label_aligned,label_flip_prior_preserving_r_0.100,label,label_flip_prior_preserving,0.1,I_XFY,integrity_label_jsd,600,600,0.0011802436024565446,0.0004888385244522,0.0,0.0079589979174945,48.0,0.0,92.0,frozen sensor component
label_aligned,label_flip_prior_preserving_r_0.100,label,label_flip_prior_preserving,0.1,I_XFY,integrity_confusion_profile_l1,600,600,0.14562499999999826,0.140625,0.0,0.390625,103.0,5.0,92.0,frozen sensor component
label_aligned,label_flip_prior_preserving_r_0.100,label,label_flip_prior_preserving,0.1,I_XFY,integrity_confusion_profile_jsd,600,600,0.0071964327724956334,0.005570991494855,0.0,0.0355082142549375,122.0,27.0,92.0,frozen sensor component
label_aligned,label_flip_prior_preserving_r_0.100,label,label_flip_prior_preserving,0.1,descriptive_only,integrity_ks_mean_vs_clean_eval,600,600,0.1004157986111111,0.1015625,0.0556640625,0.16171875,,,,KS mean is descriptive; ks_reject05 is the prespecified calibrated component
label_aligned,label_flip_r_0.020,label,label_flip,0.02,I_X,integrity_jsd_vs_clean_eval,600,600,0.03861186071365,0.036630119655908996,0.0129589912474517,0.0707001867592795,44.0,30.0,43.0,frozen sensor component
label_aligned,label_flip_r_0.020,label,label_flip,0.02,I_XF,integrity_jsd_vs_clean_eval,600,600,0.03861186071365,0.036630119655908996,0.0129589912474517,0.0707001867592795,44.0,26.0,43.0,frozen sensor component
label_aligned,label_flip_r_0.020,label,label_flip,0.02,I_XFY,integrity_jsd_vs_clean_eval,600,600,0.03861186071365,0.036630119655908996,0.0129589912474517,0.0707001867592795,44.0,26.0,64.0,frozen sensor component
label_aligned,label_flip_r_0.020,label,label_flip,0.02,I_X,integrity_mmd_vs_clean_eval,600,600,0.03053876928848259,0.0,0.0,0.1578299322427173,67.0,44.0,43.0,frozen sensor component
label_aligned,label_flip_r_0.020,label,label_flip,0.02,I_XF,integrity_mmd_vs_clean_eval,600,600,0.03053876928848259,0.0,0.0,0.1578299322427173,67.0,36.0,43.0,frozen sensor component
label_aligned,label_flip_r_0.020,label,label_flip,0.02,I_XFY,integrity_mmd_vs_clean_eval,600,600,0.03053876928848259,0.0,0.0,0.1578299322427173,67.0,21.0,64.0,frozen sensor component
label_aligned,label_flip_r_0.020,label,label_flip,0.02,I_X,integrity_ks_reject05_vs_clean_eval,600,600,0.03844444444444444,0.0,0.0,0.625,14.0,5.0,43.0,frozen sensor component
label_aligned,label_flip_r_0.020,label,label_flip,0.02,I_XF,integrity_ks_reject05_vs_clean_eval,600,600,0.03844444444444444,0.0,0.0,0.625,14.0,4.0,43.0,frozen sensor component
label_aligned,label_flip_r_0.020,label,label_flip,0.02,I_XFY,integrity_ks_reject05_vs_clean_eval,600,600,0.03844444444444444,0.0,0.0,0.625,14.0,3.0,64.0,frozen sensor component
label_aligned,label_flip_r_0.020,label,label_flip,0.02,I_XF,integrity_score_jsd_vs_clean_eval,600,600,0.06344821046250051,0.061373645761385945,0.0087495922742121,0.1424476098554304,33.0,21.0,43.0,frozen sensor component
label_aligned,label_flip_r_0.020,label,label_flip,0.02,I_XFY,integrity_score_jsd_vs_clean_eval,600,600,0.06344821046250051,0.061373645761385945,0.0087495922742121,0.1424476098554304,33.0,16.0,64.0,frozen sensor component
label_aligned,label_flip_r_0.020,label,label_flip,0.02,I_XF,integrity_pred_pos_rate_shift,600,600,0.036282552083333336,0.0234375,0.0,0.15625,43.0,4.0,43.0,frozen sensor component
label_aligned,label_flip_r_0.020,label,label_flip,0.02,I_XFY,integrity_pred_pos_rate_shift,600,600,0.036282552083333336,0.0234375,0.0,0.15625,43.0,3.0,64.0,frozen sensor component
label_aligned,label_flip_r_0.020,label,label_flip,0.02,I_XF,integrity_pred_jsd,600,600,0.002091705850646511,0.0008328164480711,0.0,0.0165269140381457,49.0,8.0,43.0,frozen sensor component
label_aligned,label_flip_r_0.020,label,label_flip,0.02,I_XFY,integrity_pred_jsd,600,600,0.002091705850646511,0.0008328164480711,0.0,0.0165269140381457,49.0,3.0,64.0,frozen sensor component
label_aligned,label_flip_r_0.020,label,label_flip,0.02,I_Ym,integrity_label_prior_shift,600,600,0.038828125,0.03125,0.0,0.140625,60.0,0.0,60.0,frozen sensor component
label_aligned,label_flip_r_0.020,label,label_flip,0.02,I_XFY,integrity_label_prior_shift,600,600,0.038828125,0.03125,0.0,0.140625,60.0,0.0,64.0,frozen sensor component
label_aligned,label_flip_r_0.020,label,label_flip,0.02,I_Ym,integrity_label_jsd,600,600,0.0012564806850470021,0.0004888385244522,0.0,0.010124173441282,60.0,0.0,60.0,frozen sensor component
label_aligned,label_flip_r_0.020,label,label_flip,0.02,I_XFY,integrity_label_jsd,600,600,0.0012564806850470021,0.0004888385244522,0.0,0.010124173441282,60.0,0.0,64.0,frozen sensor component
label_aligned,label_flip_r_0.020,label,label_flip,0.02,I_XFY,integrity_confusion_profile_l1,600,600,0.12740885416666495,0.109375,0.0,0.375,70.0,4.0,64.0,frozen sensor component
label_aligned,label_flip_r_0.020,label,label_flip,0.02,I_XFY,integrity_confusion_profile_jsd,600,600,0.005461971991277868,0.0039051845386886,0.0,0.0288024126371889,61.0,5.0,64.0,frozen sensor component
label_aligned,label_flip_r_0.020,label,label_flip,0.02,descriptive_only,integrity_ks_mean_vs_clean_eval,600,600,0.1004157986111111,0.1015625,0.0556640625,0.16171875,,,,KS mean is descriptive; ks_reject05 is the prespecified calibrated component
label_aligned,label_flip_r_0.050,label,label_flip,0.05,I_X,integrity_jsd_vs_clean_eval,600,600,0.03861186071365,0.036630119655908996,0.0129589912474517,0.0707001867592795,44.0,30.0,43.0,frozen sensor component
label_aligned,label_flip_r_0.050,label,label_flip,0.05,I_XF,integrity_jsd_vs_clean_eval,600,600,0.03861186071365,0.036630119655908996,0.0129589912474517,0.0707001867592795,44.0,26.0,43.0,frozen sensor component
label_aligned,label_flip_r_0.050,label,label_flip,0.05,I_XFY,integrity_jsd_vs_clean_eval,600,600,0.03861186071365,0.036630119655908996,0.0129589912474517,0.0707001867592795,44.0,24.0,69.0,frozen sensor component
label_aligned,label_flip_r_0.050,label,label_flip,0.05,I_X,integrity_mmd_vs_clean_eval,600,600,0.03053876928848259,0.0,0.0,0.1578299322427173,67.0,44.0,43.0,frozen sensor component
label_aligned,label_flip_r_0.050,label,label_flip,0.05,I_XF,integrity_mmd_vs_clean_eval,600,600,0.03053876928848259,0.0,0.0,0.1578299322427173,67.0,36.0,43.0,frozen sensor component
label_aligned,label_flip_r_0.050,label,label_flip,0.05,I_XFY,integrity_mmd_vs_clean_eval,600,600,0.03053876928848259,0.0,0.0,0.1578299322427173,67.0,27.0,69.0,frozen sensor component
label_aligned,label_flip_r_0.050,label,label_flip,0.05,I_X,integrity_ks_reject05_vs_clean_eval,600,600,0.03844444444444444,0.0,0.0,0.625,14.0,5.0,43.0,frozen sensor component
label_aligned,label_flip_r_0.050,label,label_flip,0.05,I_XF,integrity_ks_reject05_vs_clean_eval,600,600,0.03844444444444444,0.0,0.0,0.625,14.0,4.0,43.0,frozen sensor component
label_aligned,label_flip_r_0.050,label,label_flip,0.05,I_XFY,integrity_ks_reject05_vs_clean_eval,600,600,0.03844444444444444,0.0,0.0,0.625,14.0,4.0,69.0,frozen sensor component
label_aligned,label_flip_r_0.050,label,label_flip,0.05,I_XF,integrity_score_jsd_vs_clean_eval,600,600,0.06344821046250051,0.061373645761385945,0.0087495922742121,0.1424476098554304,33.0,21.0,43.0,frozen sensor component
label_aligned,label_flip_r_0.050,label,label_flip,0.05,I_XFY,integrity_score_jsd_vs_clean_eval,600,600,0.06344821046250051,0.061373645761385945,0.0087495922742121,0.1424476098554304,33.0,18.0,69.0,frozen sensor component
label_aligned,label_flip_r_0.050,label,label_flip,0.05,I_XF,integrity_pred_pos_rate_shift,600,600,0.036282552083333336,0.0234375,0.0,0.15625,43.0,4.0,43.0,frozen sensor component
label_aligned,label_flip_r_0.050,label,label_flip,0.05,I_XFY,integrity_pred_pos_rate_shift,600,600,0.036282552083333336,0.0234375,0.0,0.15625,43.0,4.0,69.0,frozen sensor component
label_aligned,label_flip_r_0.050,label,label_flip,0.05,I_XF,integrity_pred_jsd,600,600,0.002091705850646511,0.0008328164480711,0.0,0.0165269140381457,49.0,8.0,43.0,frozen sensor component
label_aligned,label_flip_r_0.050,label,label_flip,0.05,I_XFY,integrity_pred_jsd,600,600,0.002091705850646511,0.0008328164480711,0.0,0.0165269140381457,49.0,3.0,69.0,frozen sensor component
label_aligned,label_flip_r_0.050,label,label_flip,0.05,I_Ym,integrity_label_prior_shift,600,600,0.03953125,0.037109375,0.0,0.1328125,84.0,0.0,84.0,frozen sensor component
label_aligned,label_flip_r_0.050,label,label_flip,0.05,I_XFY,integrity_label_prior_shift,600,600,0.03953125,0.037109375,0.0,0.1328125,84.0,0.0,69.0,frozen sensor component
label_aligned,label_flip_r_0.050,label,label_flip,0.05,I_Ym,integrity_label_jsd,600,600,0.001271630216687846,0.000691587664886,0.0,0.0090069793186402,84.0,0.0,84.0,frozen sensor component
label_aligned,label_flip_r_0.050,label,label_flip,0.05,I_XFY,integrity_label_jsd,600,600,0.001271630216687846,0.000691587664886,0.0,0.0090069793186402,84.0,0.0,69.0,frozen sensor component
label_aligned,label_flip_r_0.050,label,label_flip,0.05,I_XFY,integrity_confusion_profile_l1,600,600,0.1370052083333318,0.125,0.0156249999999919,0.40625,89.0,3.0,69.0,frozen sensor component
label_aligned,label_flip_r_0.050,label,label_flip,0.05,I_XFY,integrity_confusion_profile_jsd,600,600,0.006234837781081312,0.00500628816568675,3.051975144584707e-05,0.0330262494244674,86.0,10.0,69.0,frozen sensor component
label_aligned,label_flip_r_0.050,label,label_flip,0.05,descriptive_only,integrity_ks_mean_vs_clean_eval,600,600,0.1004157986111111,0.1015625,0.0556640625,0.16171875,,,,KS mean is descriptive; ks_reject05 is the prespecified calibrated component
label_aligned,label_flip_r_0.100,label,label_flip,0.1,I_X,integrity_jsd_vs_clean_eval,600,600,0.03861186071365,0.036630119655908996,0.0129589912474517,0.0707001867592795,44.0,30.0,43.0,frozen sensor component
label_aligned,label_flip_r_0.100,label,label_flip,0.1,I_XF,integrity_jsd_vs_clean_eval,600,600,0.03861186071365,0.036630119655908996,0.0129589912474517,0.0707001867592795,44.0,26.0,43.0,frozen sensor component
label_aligned,label_flip_r_0.100,label,label_flip,0.1,I_XFY,integrity_jsd_vs_clean_eval,600,600,0.03861186071365,0.036630119655908996,0.0129589912474517,0.0707001867592795,44.0,20.0,84.0,frozen sensor component
label_aligned,label_flip_r_0.100,label,label_flip,0.1,I_X,integrity_mmd_vs_clean_eval,600,600,0.03053876928848259,0.0,0.0,0.1578299322427173,67.0,44.0,43.0,frozen sensor component
label_aligned,label_flip_r_0.100,label,label_flip,0.1,I_XF,integrity_mmd_vs_clean_eval,600,600,0.03053876928848259,0.0,0.0,0.1578299322427173,67.0,36.0,43.0,frozen sensor component
label_aligned,label_flip_r_0.100,label,label_flip,0.1,I_XFY,integrity_mmd_vs_clean_eval,600,600,0.03053876928848259,0.0,0.0,0.1578299322427173,67.0,18.0,84.0,frozen sensor component
label_aligned,label_flip_r_0.100,label,label_flip,0.1,I_X,integrity_ks_reject05_vs_clean_eval,600,600,0.03844444444444444,0.0,0.0,0.625,14.0,5.0,43.0,frozen sensor component
label_aligned,label_flip_r_0.100,label,label_flip,0.1,I_XF,integrity_ks_reject05_vs_clean_eval,600,600,0.03844444444444444,0.0,0.0,0.625,14.0,4.0,43.0,frozen sensor component
label_aligned,label_flip_r_0.100,label,label_flip,0.1,I_XFY,integrity_ks_reject05_vs_clean_eval,600,600,0.03844444444444444,0.0,0.0,0.625,14.0,4.0,84.0,frozen sensor component
label_aligned,label_flip_r_0.100,label,label_flip,0.1,I_XF,integrity_score_jsd_vs_clean_eval,600,600,0.06344821046250051,0.061373645761385945,0.0087495922742121,0.1424476098554304,33.0,21.0,43.0,frozen sensor component
label_aligned,label_flip_r_0.100,label,label_flip,0.1,I_XFY,integrity_score_jsd_vs_clean_eval,600,600,0.06344821046250051,0.061373645761385945,0.0087495922742121,0.1424476098554304,33.0,15.0,84.0,frozen sensor component
label_aligned,label_flip_r_0.100,label,label_flip,0.1,I_XF,integrity_pred_pos_rate_shift,600,600,0.036282552083333336,0.0234375,0.0,0.15625,43.0,4.0,43.0,frozen sensor component
label_aligned,label_flip_r_0.100,label,label_flip,0.1,I_XFY,integrity_pred_pos_rate_shift,600,600,0.036282552083333336,0.0234375,0.0,0.15625,43.0,1.0,84.0,frozen sensor component
label_aligned,label_flip_r_0.100,label,label_flip,0.1,I_XF,integrity_pred_jsd,600,600,0.002091705850646511,0.0008328164480711,0.0,0.0165269140381457,49.0,8.0,43.0,frozen sensor component
label_aligned,label_flip_r_0.100,label,label_flip,0.1,I_XFY,integrity_pred_jsd,600,600,0.002091705850646511,0.0008328164480711,0.0,0.0165269140381457,49.0,5.0,84.0,frozen sensor component
label_aligned,label_flip_r_0.100,label,label_flip,0.1,I_Ym,integrity_label_prior_shift,600,600,0.039609375,0.0390625,0.0,0.1015625,54.0,0.0,54.0,frozen sensor component
label_aligned,label_flip_r_0.100,label,label_flip,0.1,I_XFY,integrity_label_prior_shift,600,600,0.039609375,0.0390625,0.0,0.1015625,54.0,0.0,84.0,frozen sensor component
label_aligned,label_flip_r_0.100,label,label_flip,0.1,I_Ym,integrity_label_jsd,600,600,0.0011652578616858133,0.0007643013153583,0.0,0.0052206966404796,54.0,0.0,54.0,frozen sensor component
label_aligned,label_flip_r_0.100,label,label_flip,0.1,I_XFY,integrity_label_jsd,600,600,0.0011652578616858133,0.0007643013153583,0.0,0.0052206966404796,54.0,0.0,84.0,frozen sensor component
label_aligned,label_flip_r_0.100,label,label_flip,0.1,I_XFY,integrity_confusion_profile_l1,600,600,0.14884114583333163,0.125,0.0156249999999921,0.46875,105.0,7.0,84.0,frozen sensor component
label_aligned,label_flip_r_0.100,label,label_flip,0.1,I_XFY,integrity_confusion_profile_jsd,600,600,0.007242375545818043,0.0057076505187782,3.0758191855654714e-05,0.0372234556264818,120.0,25.0,84.0,frozen sensor component
label_aligned,label_flip_r_0.100,label,label_flip,0.1,descriptive_only,integrity_ks_mean_vs_clean_eval,600,600,0.1004157986111111,0.1015625,0.0556640625,0.16171875,,,,KS mean is descriptive; ks_reject05 is the prespecified calibrated component
gate1_frozen_design,clean,clean,unknown,,I_X,integrity_jsd_vs_clean_eval,240,240,0.0,0.0,0.0,0.0,,,,frozen sensor component
gate1_frozen_design,clean,clean,unknown,,I_XF,integrity_jsd_vs_clean_eval,240,240,0.0,0.0,0.0,0.0,,,,frozen sensor component
gate1_frozen_design,clean,clean,unknown,,I_XFY,integrity_jsd_vs_clean_eval,240,240,0.0,0.0,0.0,0.0,,,,frozen sensor component
gate1_frozen_design,clean,clean,unknown,,I_X,integrity_mmd_vs_clean_eval,240,240,0.0,0.0,0.0,0.0,,,,frozen sensor component
gate1_frozen_design,clean,clean,unknown,,I_XF,integrity_mmd_vs_clean_eval,240,240,0.0,0.0,0.0,0.0,,,,frozen sensor component
gate1_frozen_design,clean,clean,unknown,,I_XFY,integrity_mmd_vs_clean_eval,240,240,0.0,0.0,0.0,0.0,,,,frozen sensor component
gate1_frozen_design,clean,clean,unknown,,I_X,integrity_ks_reject05_vs_clean_eval,240,240,0.0,0.0,0.0,0.0,,,,frozen sensor component
gate1_frozen_design,clean,clean,unknown,,I_XF,integrity_ks_reject05_vs_clean_eval,240,240,0.0,0.0,0.0,0.0,,,,frozen sensor component
gate1_frozen_design,clean,clean,unknown,,I_XFY,integrity_ks_reject05_vs_clean_eval,240,240,0.0,0.0,0.0,0.0,,,,frozen sensor component
gate1_frozen_design,clean,clean,unknown,,I_XF,integrity_score_jsd_vs_clean_eval,240,240,0.0,0.0,0.0,0.0,,,,frozen sensor component
gate1_frozen_design,clean,clean,unknown,,I_XFY,integrity_score_jsd_vs_clean_eval,240,240,0.0,0.0,0.0,0.0,,,,frozen sensor component
gate1_frozen_design,clean,clean,unknown,,I_XF,integrity_pred_pos_rate_shift,240,240,0.0,0.0,0.0,0.0,,,,frozen sensor component
gate1_frozen_design,clean,clean,unknown,,I_XFY,integrity_pred_pos_rate_shift,240,240,0.0,0.0,0.0,0.0,,,,frozen sensor component
gate1_frozen_design,clean,clean,unknown,,I_XF,integrity_pred_jsd,240,240,0.0,0.0,0.0,0.0,,,,frozen sensor component
gate1_frozen_design,clean,clean,unknown,,I_XFY,integrity_pred_jsd,240,240,0.0,0.0,0.0,0.0,,,,frozen sensor component
gate1_frozen_design,clean,clean,unknown,,I_Ym,integrity_label_prior_shift,240,240,0.0,0.0,0.0,0.0,,,,frozen sensor component
gate1_frozen_design,clean,clean,unknown,,I_XFY,integrity_label_prior_shift,240,240,0.0,0.0,0.0,0.0,,,,frozen sensor component
gate1_frozen_design,clean,clean,unknown,,I_Ym,integrity_label_jsd,240,240,0.0,0.0,0.0,0.0,,,,frozen sensor component
gate1_frozen_design,clean,clean,unknown,,I_XFY,integrity_label_jsd,240,240,0.0,0.0,0.0,0.0,,,,frozen sensor component
gate1_frozen_design,clean,clean,unknown,,I_XFY,integrity_confusion_profile_l1,240,240,0.0,0.0,0.0,0.0,,,,frozen sensor component
gate1_frozen_design,clean,clean,unknown,,I_XFY,integrity_confusion_profile_jsd,240,240,0.0,0.0,0.0,0.0,,,,frozen sensor component
gate1_frozen_design,clean,clean,unknown,,descriptive_only,integrity_ks_mean_vs_clean_eval,240,240,0.0,0.0,0.0,0.0,,,,KS mean is descriptive; ks_reject05 is the prespecified calibrated component
gate1_frozen_design,feature_dropout_p_0.020,pipeline,dropout,,I_X,integrity_jsd_vs_clean_eval,240,240,0.0007125791365692862,0.0006841251001322,5.087398053509244e-05,0.0026293252655897,,,,frozen sensor component
gate1_frozen_design,feature_dropout_p_0.020,pipeline,dropout,,I_XF,integrity_jsd_vs_clean_eval,240,240,0.0007125791365692862,0.0006841251001322,5.087398053509244e-05,0.0026293252655897,,,,frozen sensor component
gate1_frozen_design,feature_dropout_p_0.020,pipeline,dropout,,I_XFY,integrity_jsd_vs_clean_eval,240,240,0.0007125791365692862,0.0006841251001322,5.087398053509244e-05,0.0026293252655897,,,,frozen sensor component
gate1_frozen_design,feature_dropout_p_0.020,pipeline,dropout,,I_X,integrity_mmd_vs_clean_eval,240,240,0.0,0.0,0.0,0.0,,,,frozen sensor component
gate1_frozen_design,feature_dropout_p_0.020,pipeline,dropout,,I_XF,integrity_mmd_vs_clean_eval,240,240,0.0,0.0,0.0,0.0,,,,frozen sensor component
gate1_frozen_design,feature_dropout_p_0.020,pipeline,dropout,,I_XFY,integrity_mmd_vs_clean_eval,240,240,0.0,0.0,0.0,0.0,,,,frozen sensor component
gate1_frozen_design,feature_dropout_p_0.020,pipeline,dropout,,I_X,integrity_ks_reject05_vs_clean_eval,240,240,0.0,0.0,0.0,0.0,,,,frozen sensor component
gate1_frozen_design,feature_dropout_p_0.020,pipeline,dropout,,I_XF,integrity_ks_reject05_vs_clean_eval,240,240,0.0,0.0,0.0,0.0,,,,frozen sensor component
gate1_frozen_design,feature_dropout_p_0.020,pipeline,dropout,,I_XFY,integrity_ks_reject05_vs_clean_eval,240,240,0.0,0.0,0.0,0.0,,,,frozen sensor component
gate1_frozen_design,feature_dropout_p_0.020,pipeline,dropout,,I_XF,integrity_score_jsd_vs_clean_eval,240,240,0.008775577764974863,0.008419387567784,0.0,0.0248310579417753,,,,frozen sensor component
gate1_frozen_design,feature_dropout_p_0.020,pipeline,dropout,,I_XFY,integrity_score_jsd_vs_clean_eval,240,240,0.008775577764974863,0.008419387567784,0.0,0.0248310579417753,,,,frozen sensor component
gate1_frozen_design,feature_dropout_p_0.020,pipeline,dropout,,I_XF,integrity_pred_pos_rate_shift,240,240,0.0028971354166666668,0.0,0.0,0.0234375,,,,frozen sensor component
gate1_frozen_design,feature_dropout_p_0.020,pipeline,dropout,,I_XFY,integrity_pred_pos_rate_shift,240,240,0.0028971354166666668,0.0,0.0,0.0234375,,,,frozen sensor component
gate1_frozen_design,feature_dropout_p_0.020,pipeline,dropout,,I_XF,integrity_pred_jsd,240,240,1.7157437541378717e-05,0.0,0.0,0.0003134435283293,,,,frozen sensor component
gate1_frozen_design,feature_dropout_p_0.020,pipeline,dropout,,I_XFY,integrity_pred_jsd,240,240,1.7157437541378717e-05,0.0,0.0,0.0003134435283293,,,,frozen sensor component
gate1_frozen_design,feature_dropout_p_0.020,pipeline,dropout,,I_Ym,integrity_label_prior_shift,240,240,0.0,0.0,0.0,0.0,,,,frozen sensor component
gate1_frozen_design,feature_dropout_p_0.020,pipeline,dropout,,I_XFY,integrity_label_prior_shift,240,240,0.0,0.0,0.0,0.0,,,,frozen sensor component
gate1_frozen_design,feature_dropout_p_0.020,pipeline,dropout,,I_Ym,integrity_label_jsd,240,240,0.0,0.0,0.0,0.0,,,,frozen sensor component
gate1_frozen_design,feature_dropout_p_0.020,pipeline,dropout,,I_XFY,integrity_label_jsd,240,240,0.0,0.0,0.0,0.0,,,,frozen sensor component
gate1_frozen_design,feature_dropout_p_0.020,pipeline,dropout,,I_XFY,integrity_confusion_profile_l1,240,240,0.00644531249999987,0.0,0.0,0.046875,,,,frozen sensor component
gate1_frozen_design,feature_dropout_p_0.020,pipeline,dropout,,I_XFY,integrity_confusion_profile_jsd,240,240,0.00010782484679140208,0.0,0.0,0.0055456229864418,,,,frozen sensor component
gate1_frozen_design,feature_dropout_p_0.020,pipeline,dropout,,descriptive_only,integrity_ks_mean_vs_clean_eval,240,240,0.013780381944444432,0.01328125,0.01015625,0.01953125,,,,KS mean is descriptive; ks_reject05 is the prespecified calibrated component
gate1_frozen_design,feature_dropout_p_0.050,pipeline,dropout,,I_X,integrity_jsd_vs_clean_eval,240,240,0.002342486521623962,0.00233083333351065,0.0005738790247446,0.0049704897894601,,,,frozen sensor component
gate1_frozen_design,feature_dropout_p_0.050,pipeline,dropout,,I_XF,integrity_jsd_vs_clean_eval,240,240,0.002342486521623962,0.00233083333351065,0.0005738790247446,0.0049704897894601,,,,frozen sensor component
gate1_frozen_design,feature_dropout_p_0.050,pipeline,dropout,,I_XFY,integrity_jsd_vs_clean_eval,240,240,0.002342486521623962,0.00233083333351065,0.0005738790247446,0.0049704897894601,,,,frozen sensor component
gate1_frozen_design,feature_dropout_p_0.050,pipeline,dropout,,I_X,integrity_mmd_vs_clean_eval,240,240,0.0,0.0,0.0,0.0,,,,frozen sensor component
gate1_frozen_design,feature_dropout_p_0.050,pipeline,dropout,,I_XF,integrity_mmd_vs_clean_eval,240,240,0.0,0.0,0.0,0.0,,,,frozen sensor component
gate1_frozen_design,feature_dropout_p_0.050,pipeline,dropout,,I_XFY,integrity_mmd_vs_clean_eval,240,240,0.0,0.0,0.0,0.0,,,,frozen sensor component
gate1_frozen_design,feature_dropout_p_0.050,pipeline,dropout,,I_X,integrity_ks_reject05_vs_clean_eval,240,240,0.0,0.0,0.0,0.0,,,,frozen sensor component
gate1_frozen_design,feature_dropout_p_0.050,pipeline,dropout,,I_XF,integrity_ks_reject05_vs_clean_eval,240,240,0.0,0.0,0.0,0.0,,,,frozen sensor component
gate1_frozen_design,feature_dropout_p_0.050,pipeline,dropout,,I_XFY,integrity_ks_reject05_vs_clean_eval,240,240,0.0,0.0,0.0,0.0,,,,frozen sensor component
gate1_frozen_design,feature_dropout_p_0.050,pipeline,dropout,,I_XF,integrity_score_jsd_vs_clean_eval,240,240,0.024841215905743175,0.02395975468139495,0.0052391170112819,0.0601024839904875,,,,frozen sensor component
gate1_frozen_design,feature_dropout_p_0.050,pipeline,dropout,,I_XFY,integrity_score_jsd_vs_clean_eval,240,240,0.024841215905743175,0.02395975468139495,0.0052391170112819,0.0601024839904875,,,,frozen sensor component
gate1_frozen_design,feature_dropout_p_0.050,pipeline,dropout,,I_XF,integrity_pred_pos_rate_shift,240,240,0.0064453125,0.0078125,0.0,0.03125,,,,frozen sensor component
gate1_frozen_design,feature_dropout_p_0.050,pipeline,dropout,,I_XFY,integrity_pred_pos_rate_shift,240,240,0.0064453125,0.0078125,0.0,0.03125,,,,frozen sensor component
gate1_frozen_design,feature_dropout_p_0.050,pipeline,dropout,,I_XF,integrity_pred_jsd,240,240,4.968676833115272e-05,3.193908111441025e-05,0.0,0.0005473437172158,,,,frozen sensor component
gate1_frozen_design,feature_dropout_p_0.050,pipeline,dropout,,I_XFY,integrity_pred_jsd,240,240,4.968676833115272e-05,3.193908111441025e-05,0.0,0.0005473437172158,,,,frozen sensor component
gate1_frozen_design,feature_dropout_p_0.050,pipeline,dropout,,I_Ym,integrity_label_prior_shift,240,240,0.0,0.0,0.0,0.0,,,,frozen sensor component
gate1_frozen_design,feature_dropout_p_0.050,pipeline,dropout,,I_XFY,integrity_label_prior_shift,240,240,0.0,0.0,0.0,0.0,,,,frozen sensor component
gate1_frozen_design,feature_dropout_p_0.050,pipeline,dropout,,I_Ym,integrity_label_jsd,240,240,0.0,0.0,0.0,0.0,,,,frozen sensor component
gate1_frozen_design,feature_dropout_p_0.050,pipeline,dropout,,I_XFY,integrity_label_jsd,240,240,0.0,0.0,0.0,0.0,,,,frozen sensor component
gate1_frozen_design,feature_dropout_p_0.050,pipeline,dropout,,I_XFY,integrity_confusion_profile_l1,240,240,0.015364583333333171,0.015625,0.0,0.078125,,,,frozen sensor component
gate1_frozen_design,feature_dropout_p_0.050,pipeline,dropout,,I_XFY,integrity_confusion_profile_jsd,240,240,0.00018816946756340108,6.328051801325998e-05,0.0,0.0033541908813306,,,,frozen sensor component
gate1_frozen_design,feature_dropout_p_0.050,pipeline,dropout,,descriptive_only,integrity_ks_mean_vs_clean_eval,240,240,0.033811848958333314,0.03359375,0.02578125,0.0439453125,,,,KS mean is descriptive; ks_reject05 is the prespecified calibrated component
gate1_frozen_design,feature_dropout_p_0.100,pipeline,dropout,,I_X,integrity_jsd_vs_clean_eval,240,240,0.004432967619905653,0.004229025017315849,0.0021480564238067,0.0081057454811917,,,,frozen sensor component
gate1_frozen_design,feature_dropout_p_0.100,pipeline,dropout,,I_XF,integrity_jsd_vs_clean_eval,240,240,0.004432967619905653,0.004229025017315849,0.0021480564238067,0.0081057454811917,,,,frozen sensor component
gate1_frozen_design,feature_dropout_p_0.100,pipeline,dropout,,I_XFY,integrity_jsd_vs_clean_eval,240,240,0.004432967619905653,0.004229025017315849,0.0021480564238067,0.0081057454811917,,,,frozen sensor component
gate1_frozen_design,feature_dropout_p_0.100,pipeline,dropout,,I_X,integrity_mmd_vs_clean_eval,240,240,0.0,0.0,0.0,0.0,,,,frozen sensor component
gate1_frozen_design,feature_dropout_p_0.100,pipeline,dropout,,I_XF,integrity_mmd_vs_clean_eval,240,240,0.0,0.0,0.0,0.0,,,,frozen sensor component
gate1_frozen_design,feature_dropout_p_0.100,pipeline,dropout,,I_XFY,integrity_mmd_vs_clean_eval,240,240,0.0,0.0,0.0,0.0,,,,frozen sensor component
gate1_frozen_design,feature_dropout_p_0.100,pipeline,dropout,,I_X,integrity_ks_reject05_vs_clean_eval,240,240,0.0,0.0,0.0,0.0,,,,frozen sensor component
gate1_frozen_design,feature_dropout_p_0.100,pipeline,dropout,,I_XF,integrity_ks_reject05_vs_clean_eval,240,240,0.0,0.0,0.0,0.0,,,,frozen sensor component
gate1_frozen_design,feature_dropout_p_0.100,pipeline,dropout,,I_XFY,integrity_ks_reject05_vs_clean_eval,240,240,0.0,0.0,0.0,0.0,,,,frozen sensor component
gate1_frozen_design,feature_dropout_p_0.100,pipeline,dropout,,I_XF,integrity_score_jsd_vs_clean_eval,240,240,0.04142887499809833,0.03982313377970195,0.0170238717686682,0.0856640287863309,,,,frozen sensor component
gate1_frozen_design,feature_dropout_p_0.100,pipeline,dropout,,I_XFY,integrity_score_jsd_vs_clean_eval,240,240,0.04142887499809833,0.03982313377970195,0.0170238717686682,0.0856640287863309,,,,frozen sensor component
gate1_frozen_design,feature_dropout_p_0.100,pipeline,dropout,,I_XF,integrity_pred_pos_rate_shift,240,240,0.014029947916666667,0.015625,0.0,0.0703125,,,,frozen sensor component
gate1_frozen_design,feature_dropout_p_0.100,pipeline,dropout,,I_XFY,integrity_pred_pos_rate_shift,240,240,0.014029947916666667,0.015625,0.0,0.0703125,,,,frozen sensor component
gate1_frozen_design,feature_dropout_p_0.100,pipeline,dropout,,I_XF,integrity_pred_jsd,240,240,0.00020569352753654232,0.00012244913109385,0.0,0.0028615805389733,,,,frozen sensor component
gate1_frozen_design,feature_dropout_p_0.100,pipeline,dropout,,I_XFY,integrity_pred_jsd,240,240,0.00020569352753654232,0.00012244913109385,0.0,0.0028615805389733,,,,frozen sensor component
gate1_frozen_design,feature_dropout_p_0.100,pipeline,dropout,,I_Ym,integrity_label_prior_shift,240,240,0.0,0.0,0.0,0.0,,,,frozen sensor component
gate1_frozen_design,feature_dropout_p_0.100,pipeline,dropout,,I_XFY,integrity_label_prior_shift,240,240,0.0,0.0,0.0,0.0,,,,frozen sensor component
gate1_frozen_design,feature_dropout_p_0.100,pipeline,dropout,,I_Ym,integrity_label_jsd,240,240,0.0,0.0,0.0,0.0,,,,frozen sensor component
gate1_frozen_design,feature_dropout_p_0.100,pipeline,dropout,,I_XFY,integrity_label_jsd,240,240,0.0,0.0,0.0,0.0,,,,frozen sensor component
gate1_frozen_design,feature_dropout_p_0.100,pipeline,dropout,,I_XFY,integrity_confusion_profile_l1,240,240,0.03457031249999982,0.03125,0.0,0.140625,,,,frozen sensor component
gate1_frozen_design,feature_dropout_p_0.100,pipeline,dropout,,I_XFY,integrity_confusion_profile_jsd,240,240,0.0005783054003966578,0.00028418001513735,0.0,0.005113945263301,,,,frozen sensor component
gate1_frozen_design,feature_dropout_p_0.100,pipeline,dropout,,descriptive_only,integrity_ks_mean_vs_clean_eval,240,240,0.060031467013888874,0.05859375,0.0517578125,0.0703125,,,,KS mean is descriptive; ks_reject05 is the prespecified calibrated component
gate1_frozen_design,feature_sign_flip_p_0.020,corruption,sign_flip,,I_X,integrity_jsd_vs_clean_eval,240,240,0.0029276198268311684,0.0029742165827845,0.0009796128157454,0.0053337223888215,,,,frozen sensor component
gate1_frozen_design,feature_sign_flip_p_0.020,corruption,sign_flip,,I_XF,integrity_jsd_vs_clean_eval,240,240,0.0029276198268311684,0.0029742165827845,0.0009796128157454,0.0053337223888215,,,,frozen sensor component
gate1_frozen_design,feature_sign_flip_p_0.020,corruption,sign_flip,,I_XFY,integrity_jsd_vs_clean_eval,240,240,0.0029276198268311684,0.0029742165827845,0.0009796128157454,0.0053337223888215,,,,frozen sensor component
gate1_frozen_design,feature_sign_flip_p_0.020,corruption,sign_flip,,I_X,integrity_mmd_vs_clean_eval,240,240,0.02034261076800936,0.0,0.0,0.0941874532067828,,,,frozen sensor component
gate1_frozen_design,feature_sign_flip_p_0.020,corruption,sign_flip,,I_XF,integrity_mmd_vs_clean_eval,240,240,0.02034261076800936,0.0,0.0,0.0941874532067828,,,,frozen sensor component
gate1_frozen_design,feature_sign_flip_p_0.020,corruption,sign_flip,,I_XFY,integrity_mmd_vs_clean_eval,240,240,0.02034261076800936,0.0,0.0,0.0941874532067828,,,,frozen sensor component
gate1_frozen_design,feature_sign_flip_p_0.020,corruption,sign_flip,,I_X,integrity_ks_reject05_vs_clean_eval,240,240,0.0,0.0,0.0,0.0,,,,frozen sensor component
gate1_frozen_design,feature_sign_flip_p_0.020,corruption,sign_flip,,I_XF,integrity_ks_reject05_vs_clean_eval,240,240,0.0,0.0,0.0,0.0,,,,frozen sensor component
gate1_frozen_design,feature_sign_flip_p_0.020,corruption,sign_flip,,I_XFY,integrity_ks_reject05_vs_clean_eval,240,240,0.0,0.0,0.0,0.0,,,,frozen sensor component
gate1_frozen_design,feature_sign_flip_p_0.020,corruption,sign_flip,,I_XF,integrity_score_jsd_vs_clean_eval,240,240,0.02664239919475059,0.02567706607964,0.0057105269165038,0.0620226358389062,,,,frozen sensor component
gate1_frozen_design,feature_sign_flip_p_0.020,corruption,sign_flip,,I_XFY,integrity_score_jsd_vs_clean_eval,240,240,0.02664239919475059,0.02567706607964,0.0057105269165038,0.0620226358389062,,,,frozen sensor component
gate1_frozen_design,feature_sign_flip_p_0.020,corruption,sign_flip,,I_XF,integrity_pred_pos_rate_shift,240,240,0.04495442708333333,0.0390625,0.0,0.1484375,,,,frozen sensor component
gate1_frozen_design,feature_sign_flip_p_0.020,corruption,sign_flip,,I_XFY,integrity_pred_pos_rate_shift,240,240,0.04495442708333333,0.0390625,0.0,0.1484375,,,,frozen sensor component
gate1_frozen_design,feature_sign_flip_p_0.020,corruption,sign_flip,,I_XF,integrity_pred_jsd,240,240,0.0017637672083102712,0.0008044830358316,0.0,0.0111136424432214,,,,frozen sensor component
gate1_frozen_design,feature_sign_flip_p_0.020,corruption,sign_flip,,I_XFY,integrity_pred_jsd,240,240,0.0017637672083102712,0.0008044830358316,0.0,0.0111136424432214,,,,frozen sensor component
gate1_frozen_design,feature_sign_flip_p_0.020,corruption,sign_flip,,I_Ym,integrity_label_prior_shift,240,240,0.0,0.0,0.0,0.0,,,,frozen sensor component
gate1_frozen_design,feature_sign_flip_p_0.020,corruption,sign_flip,,I_XFY,integrity_label_prior_shift,240,240,0.0,0.0,0.0,0.0,,,,frozen sensor component
gate1_frozen_design,feature_sign_flip_p_0.020,corruption,sign_flip,,I_Ym,integrity_label_jsd,240,240,0.0,0.0,0.0,0.0,,,,frozen sensor component
gate1_frozen_design,feature_sign_flip_p_0.020,corruption,sign_flip,,I_XFY,integrity_label_jsd,240,240,0.0,0.0,0.0,0.0,,,,frozen sensor component
gate1_frozen_design,feature_sign_flip_p_0.020,corruption,sign_flip,,I_XFY,integrity_confusion_profile_l1,240,240,0.09446614583333239,0.078125,0.0,0.296875,,,,frozen sensor component
gate1_frozen_design,feature_sign_flip_p_0.020,corruption,sign_flip,,I_XFY,integrity_confusion_profile_jsd,240,240,0.0038763978433622023,0.002797053915459,0.0,0.0178887778025822,,,,frozen sensor component
gate1_frozen_design,feature_sign_flip_p_0.020,corruption,sign_flip,,descriptive_only,integrity_ks_mean_vs_clean_eval,240,240,0.01825602213541666,0.01953125,0.0087890625,0.02265625,,,,KS mean is descriptive; ks_reject05 is the prespecified calibrated component
gate1_frozen_design,feature_sign_flip_p_0.050,corruption,sign_flip,,I_X,integrity_jsd_vs_clean_eval,240,240,0.00921470470115641,0.00935547213811205,0.0034966734409119,0.0156855860174527,,,,frozen sensor component
gate1_frozen_design,feature_sign_flip_p_0.050,corruption,sign_flip,,I_XF,integrity_jsd_vs_clean_eval,240,240,0.00921470470115641,0.00935547213811205,0.0034966734409119,0.0156855860174527,,,,frozen sensor component
gate1_frozen_design,feature_sign_flip_p_0.050,corruption,sign_flip,,I_XFY,integrity_jsd_vs_clean_eval,240,240,0.00921470470115641,0.00935547213811205,0.0034966734409119,0.0156855860174527,,,,frozen sensor component
gate1_frozen_design,feature_sign_flip_p_0.050,corruption,sign_flip,,I_X,integrity_mmd_vs_clean_eval,240,240,0.10699217149911851,0.12715639039005383,0.0,0.2270235320858123,,,,frozen sensor component
gate1_frozen_design,feature_sign_flip_p_0.050,corruption,sign_flip,,I_XF,integrity_mmd_vs_clean_eval,240,240,0.10699217149911851,0.12715639039005383,0.0,0.2270235320858123,,,,frozen sensor component
gate1_frozen_design,feature_sign_flip_p_0.050,corruption,sign_flip,,I_XFY,integrity_mmd_vs_clean_eval,240,240,0.10699217149911851,0.12715639039005383,0.0,0.2270235320858123,,,,frozen sensor component
gate1_frozen_design,feature_sign_flip_p_0.050,corruption,sign_flip,,I_X,integrity_ks_reject05_vs_clean_eval,240,240,0.0,0.0,0.0,0.0,,,,frozen sensor component
gate1_frozen_design,feature_sign_flip_p_0.050,corruption,sign_flip,,I_XF,integrity_ks_reject05_vs_clean_eval,240,240,0.0,0.0,0.0,0.0,,,,frozen sensor component
gate1_frozen_design,feature_sign_flip_p_0.050,corruption,sign_flip,,I_XFY,integrity_ks_reject05_vs_clean_eval,240,240,0.0,0.0,0.0,0.0,,,,frozen sensor component
gate1_frozen_design,feature_sign_flip_p_0.050,corruption,sign_flip,,I_XF,integrity_score_jsd_vs_clean_eval,240,240,0.07328426096750874,0.0728732203772536,0.0186122786420287,0.1513752305360908,,,,frozen sensor component
gate1_frozen_design,feature_sign_flip_p_0.050,corruption,sign_flip,,I_XFY,integrity_score_jsd_vs_clean_eval,240,240,0.07328426096750874,0.0728732203772536,0.0186122786420287,0.1513752305360908,,,,frozen sensor component
gate1_frozen_design,feature_sign_flip_p_0.050,corruption,sign_flip,,I_XF,integrity_pred_pos_rate_shift,240,240,0.10286458333333333,0.0859375,0.0,0.2890625,,,,frozen sensor component
gate1_frozen_design,feature_sign_flip_p_0.050,corruption,sign_flip,,I_XFY,integrity_pred_pos_rate_shift,240,240,0.10286458333333333,0.0859375,0.0,0.2890625,,,,frozen sensor component
gate1_frozen_design,feature_sign_flip_p_0.050,corruption,sign_flip,,I_XF,integrity_pred_jsd,240,240,0.008813652848950236,0.00393043583043445,0.0,0.0428565908260255,,,,frozen sensor component
gate1_frozen_design,feature_sign_flip_p_0.050,corruption,sign_flip,,I_XFY,integrity_pred_jsd,240,240,0.008813652848950236,0.00393043583043445,0.0,0.0428565908260255,,,,frozen sensor component
gate1_frozen_design,feature_sign_flip_p_0.050,corruption,sign_flip,,I_Ym,integrity_label_prior_shift,240,240,0.0,0.0,0.0,0.0,,,,frozen sensor component
gate1_frozen_design,feature_sign_flip_p_0.050,corruption,sign_flip,,I_XFY,integrity_label_prior_shift,240,240,0.0,0.0,0.0,0.0,,,,frozen sensor component
gate1_frozen_design,feature_sign_flip_p_0.050,corruption,sign_flip,,I_Ym,integrity_label_jsd,240,240,0.0,0.0,0.0,0.0,,,,frozen sensor component
gate1_frozen_design,feature_sign_flip_p_0.050,corruption,sign_flip,,I_XFY,integrity_label_jsd,240,240,0.0,0.0,0.0,0.0,,,,frozen sensor component
gate1_frozen_design,feature_sign_flip_p_0.050,corruption,sign_flip,,I_XFY,integrity_confusion_profile_l1,240,240,0.21588541666666525,0.171875,0.0,0.578125,,,,frozen sensor component
gate1_frozen_design,feature_sign_flip_p_0.050,corruption,sign_flip,,I_XFY,integrity_confusion_profile_jsd,240,240,0.015714050119431607,0.010504841014715199,0.0,0.0630355423464728,,,,frozen sensor component
gate1_frozen_design,feature_sign_flip_p_0.050,corruption,sign_flip,,descriptive_only,integrity_ks_mean_vs_clean_eval,240,240,0.04642144097222221,0.05078125,0.0185546875,0.06328125,,,,KS mean is descriptive; ks_reject05 is the prespecified calibrated component
gate1_frozen_design,feature_sign_flip_p_0.100,corruption,sign_flip,,I_X,integrity_jsd_vs_clean_eval,240,240,0.021610748886000578,0.022654439172955,0.0094759864436902,0.0283229296831372,,,,frozen sensor component
gate1_frozen_design,feature_sign_flip_p_0.100,corruption,sign_flip,,I_XF,integrity_jsd_vs_clean_eval,240,240,0.021610748886000578,0.022654439172955,0.0094759864436902,0.0283229296831372,,,,frozen sensor component
gate1_frozen_design,feature_sign_flip_p_0.100,corruption,sign_flip,,I_XFY,integrity_jsd_vs_clean_eval,240,240,0.021610748886000578,0.022654439172955,0.0094759864436902,0.0283229296831372,,,,frozen sensor component
gate1_frozen_design,feature_sign_flip_p_0.100,corruption,sign_flip,,I_X,integrity_mmd_vs_clean_eval,240,240,0.19246700879019774,0.23436444646490434,0.0,0.3420028445267691,,,,frozen sensor component
gate1_frozen_design,feature_sign_flip_p_0.100,corruption,sign_flip,,I_XF,integrity_mmd_vs_clean_eval,240,240,0.19246700879019774,0.23436444646490434,0.0,0.3420028445267691,,,,frozen sensor component
gate1_frozen_design,feature_sign_flip_p_0.100,corruption,sign_flip,,I_XFY,integrity_mmd_vs_clean_eval,240,240,0.19246700879019774,0.23436444646490434,0.0,0.3420028445267691,,,,frozen sensor component
gate1_frozen_design,feature_sign_flip_p_0.100,corruption,sign_flip,,I_X,integrity_ks_reject05_vs_clean_eval,240,240,0.010208333333333331,0.0,0.0,0.1,,,,frozen sensor component
gate1_frozen_design,feature_sign_flip_p_0.100,corruption,sign_flip,,I_XF,integrity_ks_reject05_vs_clean_eval,240,240,0.010208333333333331,0.0,0.0,0.1,,,,frozen sensor component
gate1_frozen_design,feature_sign_flip_p_0.100,corruption,sign_flip,,I_XFY,integrity_ks_reject05_vs_clean_eval,240,240,0.010208333333333331,0.0,0.0,0.1,,,,frozen sensor component
gate1_frozen_design,feature_sign_flip_p_0.100,corruption,sign_flip,,I_XF,integrity_score_jsd_vs_clean_eval,240,240,0.14244860795587305,0.1461531394860878,0.0480371484554491,0.2361141927515288,,,,frozen sensor component
gate1_frozen_design,feature_sign_flip_p_0.100,corruption,sign_flip,,I_XFY,integrity_score_jsd_vs_clean_eval,240,240,0.14244860795587305,0.1461531394860878,0.0480371484554491,0.2361141927515288,,,,frozen sensor component
gate1_frozen_design,feature_sign_flip_p_0.100,corruption,sign_flip,,I_XF,integrity_pred_pos_rate_shift,240,240,0.17093098958333333,0.1796875,0.0,0.4140625,,,,frozen sensor component
gate1_frozen_design,feature_sign_flip_p_0.100,corruption,sign_flip,,I_XFY,integrity_pred_pos_rate_shift,240,240,0.17093098958333333,0.1796875,0.0,0.4140625,,,,frozen sensor component
gate1_frozen_design,feature_sign_flip_p_0.100,corruption,sign_flip,,I_XF,integrity_pred_jsd,240,240,0.023202955574253295,0.016535623330484202,0.0,0.0969700196121285,,,,frozen sensor component
gate1_frozen_design,feature_sign_flip_p_0.100,corruption,sign_flip,,I_XFY,integrity_pred_jsd,240,240,0.023202955574253295,0.016535623330484202,0.0,0.0969700196121285,,,,frozen sensor component
gate1_frozen_design,feature_sign_flip_p_0.100,corruption,sign_flip,,I_Ym,integrity_label_prior_shift,240,240,0.0,0.0,0.0,0.0,,,,frozen sensor component
gate1_frozen_design,feature_sign_flip_p_0.100,corruption,sign_flip,,I_XFY,integrity_label_prior_shift,240,240,0.0,0.0,0.0,0.0,,,,frozen sensor component
gate1_frozen_design,feature_sign_flip_p_0.100,corruption,sign_flip,,I_Ym,integrity_label_jsd,240,240,0.0,0.0,0.0,0.0,,,,frozen sensor component
gate1_frozen_design,feature_sign_flip_p_0.100,corruption,sign_flip,,I_XFY,integrity_label_jsd,240,240,0.0,0.0,0.0,0.0,,,,frozen sensor component
gate1_frozen_design,feature_sign_flip_p_0.100,corruption,sign_flip,,I_XFY,integrity_confusion_profile_l1,240,240,0.36308593749999846,0.359375,0.0312499999999921,0.828125,,,,frozen sensor component
gate1_frozen_design,feature_sign_flip_p_0.100,corruption,sign_flip,,I_XFY,integrity_confusion_profile_jsd,240,240,0.036206514311386356,0.0294427307944505,0.0001994905601156,0.1146271395180209,,,,frozen sensor component
gate1_frozen_design,feature_sign_flip_p_0.100,corruption,sign_flip,,descriptive_only,integrity_ks_mean_vs_clean_eval,240,240,0.09363796657986109,0.10234375,0.0423177083333333,0.1123046875,,,,KS mean is descriptive; ks_reject05 is the prespecified calibrated component
gate1_frozen_design,label_flip_prior_preserving_r_0.020,target_shift,label_flip_prior_preserving,0.02,I_X,integrity_jsd_vs_clean_eval,240,240,0.0,0.0,0.0,0.0,,,,frozen sensor component
gate1_frozen_design,label_flip_prior_preserving_r_0.020,target_shift,label_flip_prior_preserving,0.02,I_XF,integrity_jsd_vs_clean_eval,240,240,0.0,0.0,0.0,0.0,,,,frozen sensor component
gate1_frozen_design,label_flip_prior_preserving_r_0.020,target_shift,label_flip_prior_preserving,0.02,I_XFY,integrity_jsd_vs_clean_eval,240,240,0.0,0.0,0.0,0.0,,,,frozen sensor component
gate1_frozen_design,label_flip_prior_preserving_r_0.020,target_shift,label_flip_prior_preserving,0.02,I_X,integrity_mmd_vs_clean_eval,240,240,0.0,0.0,0.0,0.0,,,,frozen sensor component
gate1_frozen_design,label_flip_prior_preserving_r_0.020,target_shift,label_flip_prior_preserving,0.02,I_XF,integrity_mmd_vs_clean_eval,240,240,0.0,0.0,0.0,0.0,,,,frozen sensor component
gate1_frozen_design,label_flip_prior_preserving_r_0.020,target_shift,label_flip_prior_preserving,0.02,I_XFY,integrity_mmd_vs_clean_eval,240,240,0.0,0.0,0.0,0.0,,,,frozen sensor component
gate1_frozen_design,label_flip_prior_preserving_r_0.020,target_shift,label_flip_prior_preserving,0.02,I_X,integrity_ks_reject05_vs_clean_eval,240,240,0.0,0.0,0.0,0.0,,,,frozen sensor component
gate1_frozen_design,label_flip_prior_preserving_r_0.020,target_shift,label_flip_prior_preserving,0.02,I_XF,integrity_ks_reject05_vs_clean_eval,240,240,0.0,0.0,0.0,0.0,,,,frozen sensor component
gate1_frozen_design,label_flip_prior_preserving_r_0.020,target_shift,label_flip_prior_preserving,0.02,I_XFY,integrity_ks_reject05_vs_clean_eval,240,240,0.0,0.0,0.0,0.0,,,,frozen sensor component
gate1_frozen_design,label_flip_prior_preserving_r_0.020,target_shift,label_flip_prior_preserving,0.02,I_XF,integrity_score_jsd_vs_clean_eval,240,240,0.0,0.0,0.0,0.0,,,,frozen sensor component
gate1_frozen_design,label_flip_prior_preserving_r_0.020,target_shift,label_flip_prior_preserving,0.02,I_XFY,integrity_score_jsd_vs_clean_eval,240,240,0.0,0.0,0.0,0.0,,,,frozen sensor component
gate1_frozen_design,label_flip_prior_preserving_r_0.020,target_shift,label_flip_prior_preserving,0.02,I_XF,integrity_pred_pos_rate_shift,240,240,0.0,0.0,0.0,0.0,,,,frozen sensor component
gate1_frozen_design,label_flip_prior_preserving_r_0.020,target_shift,label_flip_prior_preserving,0.02,I_XFY,integrity_pred_pos_rate_shift,240,240,0.0,0.0,0.0,0.0,,,,frozen sensor component
gate1_frozen_design,label_flip_prior_preserving_r_0.020,target_shift,label_flip_prior_preserving,0.02,I_XF,integrity_pred_jsd,240,240,0.0,0.0,0.0,0.0,,,,frozen sensor component
gate1_frozen_design,label_flip_prior_preserving_r_0.020,target_shift,label_flip_prior_preserving,0.02,I_XFY,integrity_pred_jsd,240,240,0.0,0.0,0.0,0.0,,,,frozen sensor component
gate1_frozen_design,label_flip_prior_preserving_r_0.020,target_shift,label_flip_prior_preserving,0.02,I_Ym,integrity_label_prior_shift,240,240,0.0,0.0,0.0,0.0,,,,frozen sensor component
gate1_frozen_design,label_flip_prior_preserving_r_0.020,target_shift,label_flip_prior_preserving,0.02,I_XFY,integrity_label_prior_shift,240,240,0.0,0.0,0.0,0.0,,,,frozen sensor component
gate1_frozen_design,label_flip_prior_preserving_r_0.020,target_shift,label_flip_prior_preserving,0.02,I_Ym,integrity_label_jsd,240,240,0.0,0.0,0.0,0.0,,,,frozen sensor component
gate1_frozen_design,label_flip_prior_preserving_r_0.020,target_shift,label_flip_prior_preserving,0.02,I_XFY,integrity_label_jsd,240,240,0.0,0.0,0.0,0.0,,,,frozen sensor component
gate1_frozen_design,label_flip_prior_preserving_r_0.020,target_shift,label_flip_prior_preserving,0.02,I_XFY,integrity_confusion_profile_l1,240,240,0.019921874999998947,0.03125,0.0,0.03125,,,,frozen sensor component
gate1_frozen_design,label_flip_prior_preserving_r_0.020,target_shift,label_flip_prior_preserving,0.02,I_XFY,integrity_confusion_profile_jsd,240,240,0.0003951470904897308,0.00018054300653175,0.0,0.0027899238050173,,,,frozen sensor component
gate1_frozen_design,label_flip_prior_preserving_r_0.020,target_shift,label_flip_prior_preserving,0.02,descriptive_only,integrity_ks_mean_vs_clean_eval,240,240,0.0,0.0,0.0,0.0,,,,KS mean is descriptive; ks_reject05 is the prespecified calibrated component
gate1_frozen_design,label_flip_prior_preserving_r_0.050,target_shift,label_flip_prior_preserving,0.05,I_X,integrity_jsd_vs_clean_eval,240,240,0.0,0.0,0.0,0.0,,,,frozen sensor component
gate1_frozen_design,label_flip_prior_preserving_r_0.050,target_shift,label_flip_prior_preserving,0.05,I_XF,integrity_jsd_vs_clean_eval,240,240,0.0,0.0,0.0,0.0,,,,frozen sensor component
gate1_frozen_design,label_flip_prior_preserving_r_0.050,target_shift,label_flip_prior_preserving,0.05,I_XFY,integrity_jsd_vs_clean_eval,240,240,0.0,0.0,0.0,0.0,,,,frozen sensor component
gate1_frozen_design,label_flip_prior_preserving_r_0.050,target_shift,label_flip_prior_preserving,0.05,I_X,integrity_mmd_vs_clean_eval,240,240,0.0,0.0,0.0,0.0,,,,frozen sensor component
gate1_frozen_design,label_flip_prior_preserving_r_0.050,target_shift,label_flip_prior_preserving,0.05,I_XF,integrity_mmd_vs_clean_eval,240,240,0.0,0.0,0.0,0.0,,,,frozen sensor component
gate1_frozen_design,label_flip_prior_preserving_r_0.050,target_shift,label_flip_prior_preserving,0.05,I_XFY,integrity_mmd_vs_clean_eval,240,240,0.0,0.0,0.0,0.0,,,,frozen sensor component
gate1_frozen_design,label_flip_prior_preserving_r_0.050,target_shift,label_flip_prior_preserving,0.05,I_X,integrity_ks_reject05_vs_clean_eval,240,240,0.0,0.0,0.0,0.0,,,,frozen sensor component
gate1_frozen_design,label_flip_prior_preserving_r_0.050,target_shift,label_flip_prior_preserving,0.05,I_XF,integrity_ks_reject05_vs_clean_eval,240,240,0.0,0.0,0.0,0.0,,,,frozen sensor component
gate1_frozen_design,label_flip_prior_preserving_r_0.050,target_shift,label_flip_prior_preserving,0.05,I_XFY,integrity_ks_reject05_vs_clean_eval,240,240,0.0,0.0,0.0,0.0,,,,frozen sensor component
gate1_frozen_design,label_flip_prior_preserving_r_0.050,target_shift,label_flip_prior_preserving,0.05,I_XF,integrity_score_jsd_vs_clean_eval,240,240,0.0,0.0,0.0,0.0,,,,frozen sensor component
gate1_frozen_design,label_flip_prior_preserving_r_0.050,target_shift,label_flip_prior_preserving,0.05,I_XFY,integrity_score_jsd_vs_clean_eval,240,240,0.0,0.0,0.0,0.0,,,,frozen sensor component
gate1_frozen_design,label_flip_prior_preserving_r_0.050,target_shift,label_flip_prior_preserving,0.05,I_XF,integrity_pred_pos_rate_shift,240,240,0.0,0.0,0.0,0.0,,,,frozen sensor component
gate1_frozen_design,label_flip_prior_preserving_r_0.050,target_shift,label_flip_prior_preserving,0.05,I_XFY,integrity_pred_pos_rate_shift,240,240,0.0,0.0,0.0,0.0,,,,frozen sensor component
gate1_frozen_design,label_flip_prior_preserving_r_0.050,target_shift,label_flip_prior_preserving,0.05,I_XF,integrity_pred_jsd,240,240,0.0,0.0,0.0,0.0,,,,frozen sensor component
gate1_frozen_design,label_flip_prior_preserving_r_0.050,target_shift,label_flip_prior_preserving,0.05,I_XFY,integrity_pred_jsd,240,240,0.0,0.0,0.0,0.0,,,,frozen sensor component
gate1_frozen_design,label_flip_prior_preserving_r_0.050,target_shift,label_flip_prior_preserving,0.05,I_Ym,integrity_label_prior_shift,240,240,0.0,0.0,0.0,0.0,,,,frozen sensor component
gate1_frozen_design,label_flip_prior_preserving_r_0.050,target_shift,label_flip_prior_preserving,0.05,I_XFY,integrity_label_prior_shift,240,240,0.0,0.0,0.0,0.0,,,,frozen sensor component
gate1_frozen_design,label_flip_prior_preserving_r_0.050,target_shift,label_flip_prior_preserving,0.05,I_Ym,integrity_label_jsd,240,240,0.0,0.0,0.0,0.0,,,,frozen sensor component
gate1_frozen_design,label_flip_prior_preserving_r_0.050,target_shift,label_flip_prior_preserving,0.05,I_XFY,integrity_label_jsd,240,240,0.0,0.0,0.0,0.0,,,,frozen sensor component
gate1_frozen_design,label_flip_prior_preserving_r_0.050,target_shift,label_flip_prior_preserving,0.05,I_XFY,integrity_confusion_profile_l1,240,240,0.05182291666666499,0.0625,0.0,0.09375,,,,frozen sensor component
gate1_frozen_design,label_flip_prior_preserving_r_0.050,target_shift,label_flip_prior_preserving,0.05,I_XFY,integrity_confusion_profile_jsd,240,240,0.0013934419171178034,0.0007537808186644499,0.0,0.008824082013016,,,,frozen sensor component
gate1_frozen_design,label_flip_prior_preserving_r_0.050,target_shift,label_flip_prior_preserving,0.05,descriptive_only,integrity_ks_mean_vs_clean_eval,240,240,0.0,0.0,0.0,0.0,,,,KS mean is descriptive; ks_reject05 is the prespecified calibrated component
gate1_frozen_design,label_flip_prior_preserving_r_0.100,target_shift,label_flip_prior_preserving,0.1,I_X,integrity_jsd_vs_clean_eval,240,240,0.0,0.0,0.0,0.0,,,,frozen sensor component
gate1_frozen_design,label_flip_prior_preserving_r_0.100,target_shift,label_flip_prior_preserving,0.1,I_XF,integrity_jsd_vs_clean_eval,240,240,0.0,0.0,0.0,0.0,,,,frozen sensor component
gate1_frozen_design,label_flip_prior_preserving_r_0.100,target_shift,label_flip_prior_preserving,0.1,I_XFY,integrity_jsd_vs_clean_eval,240,240,0.0,0.0,0.0,0.0,,,,frozen sensor component
gate1_frozen_design,label_flip_prior_preserving_r_0.100,target_shift,label_flip_prior_preserving,0.1,I_X,integrity_mmd_vs_clean_eval,240,240,0.0,0.0,0.0,0.0,,,,frozen sensor component
gate1_frozen_design,label_flip_prior_preserving_r_0.100,target_shift,label_flip_prior_preserving,0.1,I_XF,integrity_mmd_vs_clean_eval,240,240,0.0,0.0,0.0,0.0,,,,frozen sensor component
gate1_frozen_design,label_flip_prior_preserving_r_0.100,target_shift,label_flip_prior_preserving,0.1,I_XFY,integrity_mmd_vs_clean_eval,240,240,0.0,0.0,0.0,0.0,,,,frozen sensor component
gate1_frozen_design,label_flip_prior_preserving_r_0.100,target_shift,label_flip_prior_preserving,0.1,I_X,integrity_ks_reject05_vs_clean_eval,240,240,0.0,0.0,0.0,0.0,,,,frozen sensor component
gate1_frozen_design,label_flip_prior_preserving_r_0.100,target_shift,label_flip_prior_preserving,0.1,I_XF,integrity_ks_reject05_vs_clean_eval,240,240,0.0,0.0,0.0,0.0,,,,frozen sensor component
gate1_frozen_design,label_flip_prior_preserving_r_0.100,target_shift,label_flip_prior_preserving,0.1,I_XFY,integrity_ks_reject05_vs_clean_eval,240,240,0.0,0.0,0.0,0.0,,,,frozen sensor component
gate1_frozen_design,label_flip_prior_preserving_r_0.100,target_shift,label_flip_prior_preserving,0.1,I_XF,integrity_score_jsd_vs_clean_eval,240,240,0.0,0.0,0.0,0.0,,,,frozen sensor component
gate1_frozen_design,label_flip_prior_preserving_r_0.100,target_shift,label_flip_prior_preserving,0.1,I_XFY,integrity_score_jsd_vs_clean_eval,240,240,0.0,0.0,0.0,0.0,,,,frozen sensor component
gate1_frozen_design,label_flip_prior_preserving_r_0.100,target_shift,label_flip_prior_preserving,0.1,I_XF,integrity_pred_pos_rate_shift,240,240,0.0,0.0,0.0,0.0,,,,frozen sensor component
gate1_frozen_design,label_flip_prior_preserving_r_0.100,target_shift,label_flip_prior_preserving,0.1,I_XFY,integrity_pred_pos_rate_shift,240,240,0.0,0.0,0.0,0.0,,,,frozen sensor component
gate1_frozen_design,label_flip_prior_preserving_r_0.100,target_shift,label_flip_prior_preserving,0.1,I_XF,integrity_pred_jsd,240,240,0.0,0.0,0.0,0.0,,,,frozen sensor component
gate1_frozen_design,label_flip_prior_preserving_r_0.100,target_shift,label_flip_prior_preserving,0.1,I_XFY,integrity_pred_jsd,240,240,0.0,0.0,0.0,0.0,,,,frozen sensor component
gate1_frozen_design,label_flip_prior_preserving_r_0.100,target_shift,label_flip_prior_preserving,0.1,I_Ym,integrity_label_prior_shift,240,240,0.0,0.0,0.0,0.0,,,,frozen sensor component
gate1_frozen_design,label_flip_prior_preserving_r_0.100,target_shift,label_flip_prior_preserving,0.1,I_XFY,integrity_label_prior_shift,240,240,0.0,0.0,0.0,0.0,,,,frozen sensor component
gate1_frozen_design,label_flip_prior_preserving_r_0.100,target_shift,label_flip_prior_preserving,0.1,I_Ym,integrity_label_jsd,240,240,0.0,0.0,0.0,0.0,,,,frozen sensor component
gate1_frozen_design,label_flip_prior_preserving_r_0.100,target_shift,label_flip_prior_preserving,0.1,I_XFY,integrity_label_jsd,240,240,0.0,0.0,0.0,0.0,,,,frozen sensor component
gate1_frozen_design,label_flip_prior_preserving_r_0.100,target_shift,label_flip_prior_preserving,0.1,I_XFY,integrity_confusion_profile_l1,240,240,0.11054687499999828,0.1249999999999883,0.0,0.1875,,,,frozen sensor component
gate1_frozen_design,label_flip_prior_preserving_r_0.100,target_shift,label_flip_prior_preserving,0.1,I_XFY,integrity_confusion_profile_jsd,240,240,0.004457432327055681,0.00329141213831445,0.0,0.0191035093921923,,,,frozen sensor component
gate1_frozen_design,label_flip_prior_preserving_r_0.100,target_shift,label_flip_prior_preserving,0.1,descriptive_only,integrity_ks_mean_vs_clean_eval,240,240,0.0,0.0,0.0,0.0,,,,KS mean is descriptive; ks_reject05 is the prespecified calibrated component
gate1_frozen_design,label_flip_r_0.020,target_shift,label_flip,,I_X,integrity_jsd_vs_clean_eval,240,240,0.0,0.0,0.0,0.0,,,,frozen sensor component
gate1_frozen_design,label_flip_r_0.020,target_shift,label_flip,,I_XF,integrity_jsd_vs_clean_eval,240,240,0.0,0.0,0.0,0.0,,,,frozen sensor component
gate1_frozen_design,label_flip_r_0.020,target_shift,label_flip,,I_XFY,integrity_jsd_vs_clean_eval,240,240,0.0,0.0,0.0,0.0,,,,frozen sensor component
gate1_frozen_design,label_flip_r_0.020,target_shift,label_flip,,I_X,integrity_mmd_vs_clean_eval,240,240,0.0,0.0,0.0,0.0,,,,frozen sensor component
gate1_frozen_design,label_flip_r_0.020,target_shift,label_flip,,I_XF,integrity_mmd_vs_clean_eval,240,240,0.0,0.0,0.0,0.0,,,,frozen sensor component
gate1_frozen_design,label_flip_r_0.020,target_shift,label_flip,,I_XFY,integrity_mmd_vs_clean_eval,240,240,0.0,0.0,0.0,0.0,,,,frozen sensor component
gate1_frozen_design,label_flip_r_0.020,target_shift,label_flip,,I_X,integrity_ks_reject05_vs_clean_eval,240,240,0.0,0.0,0.0,0.0,,,,frozen sensor component
gate1_frozen_design,label_flip_r_0.020,target_shift,label_flip,,I_XF,integrity_ks_reject05_vs_clean_eval,240,240,0.0,0.0,0.0,0.0,,,,frozen sensor component
gate1_frozen_design,label_flip_r_0.020,target_shift,label_flip,,I_XFY,integrity_ks_reject05_vs_clean_eval,240,240,0.0,0.0,0.0,0.0,,,,frozen sensor component
gate1_frozen_design,label_flip_r_0.020,target_shift,label_flip,,I_XF,integrity_score_jsd_vs_clean_eval,240,240,0.0,0.0,0.0,0.0,,,,frozen sensor component
gate1_frozen_design,label_flip_r_0.020,target_shift,label_flip,,I_XFY,integrity_score_jsd_vs_clean_eval,240,240,0.0,0.0,0.0,0.0,,,,frozen sensor component
gate1_frozen_design,label_flip_r_0.020,target_shift,label_flip,,I_XF,integrity_pred_pos_rate_shift,240,240,0.0,0.0,0.0,0.0,,,,frozen sensor component
gate1_frozen_design,label_flip_r_0.020,target_shift,label_flip,,I_XFY,integrity_pred_pos_rate_shift,240,240,0.0,0.0,0.0,0.0,,,,frozen sensor component
gate1_frozen_design,label_flip_r_0.020,target_shift,label_flip,,I_XF,integrity_pred_jsd,240,240,0.0,0.0,0.0,0.0,,,,frozen sensor component
gate1_frozen_design,label_flip_r_0.020,target_shift,label_flip,,I_XFY,integrity_pred_jsd,240,240,0.0,0.0,0.0,0.0,,,,frozen sensor component
gate1_frozen_design,label_flip_r_0.020,target_shift,label_flip,,I_Ym,integrity_label_prior_shift,240,240,0.0078125,0.0078125,0.0,0.0234375,,,,frozen sensor component
gate1_frozen_design,label_flip_r_0.020,target_shift,label_flip,,I_XFY,integrity_label_prior_shift,240,240,0.0078125,0.0078125,0.0,0.0234375,,,,frozen sensor component
gate1_frozen_design,label_flip_r_0.020,target_shift,label_flip,,I_Ym,integrity_label_jsd,240,240,5.189662726386137e-05,3.051975144599192e-05,0.0,0.0002748343945789,,,,frozen sensor component
gate1_frozen_design,label_flip_r_0.020,target_shift,label_flip,,I_XFY,integrity_label_jsd,240,240,5.189662726386137e-05,3.051975144599192e-05,0.0,0.0002748343945789,,,,frozen sensor component
gate1_frozen_design,label_flip_r_0.020,target_shift,label_flip,,I_XFY,integrity_confusion_profile_l1,240,240,0.029557291666665878,0.03125,0.0,0.046875,,,,frozen sensor component
gate1_frozen_design,label_flip_r_0.020,target_shift,label_flip,,I_XFY,integrity_confusion_profile_jsd,240,240,0.0005453022208241505,0.00023696483241525,0.0,0.005578603106753,,,,frozen sensor component
gate1_frozen_design,label_flip_r_0.020,target_shift,label_flip,,descriptive_only,integrity_ks_mean_vs_clean_eval,240,240,0.0,0.0,0.0,0.0,,,,KS mean is descriptive; ks_reject05 is the prespecified calibrated component
gate1_frozen_design,label_flip_r_0.050,target_shift,label_flip,,I_X,integrity_jsd_vs_clean_eval,240,240,0.0,0.0,0.0,0.0,,,,frozen sensor component
gate1_frozen_design,label_flip_r_0.050,target_shift,label_flip,,I_XF,integrity_jsd_vs_clean_eval,240,240,0.0,0.0,0.0,0.0,,,,frozen sensor component
gate1_frozen_design,label_flip_r_0.050,target_shift,label_flip,,I_XFY,integrity_jsd_vs_clean_eval,240,240,0.0,0.0,0.0,0.0,,,,frozen sensor component
gate1_frozen_design,label_flip_r_0.050,target_shift,label_flip,,I_X,integrity_mmd_vs_clean_eval,240,240,0.0,0.0,0.0,0.0,,,,frozen sensor component
gate1_frozen_design,label_flip_r_0.050,target_shift,label_flip,,I_XF,integrity_mmd_vs_clean_eval,240,240,0.0,0.0,0.0,0.0,,,,frozen sensor component
gate1_frozen_design,label_flip_r_0.050,target_shift,label_flip,,I_XFY,integrity_mmd_vs_clean_eval,240,240,0.0,0.0,0.0,0.0,,,,frozen sensor component
gate1_frozen_design,label_flip_r_0.050,target_shift,label_flip,,I_X,integrity_ks_reject05_vs_clean_eval,240,240,0.0,0.0,0.0,0.0,,,,frozen sensor component
gate1_frozen_design,label_flip_r_0.050,target_shift,label_flip,,I_XF,integrity_ks_reject05_vs_clean_eval,240,240,0.0,0.0,0.0,0.0,,,,frozen sensor component
gate1_frozen_design,label_flip_r_0.050,target_shift,label_flip,,I_XFY,integrity_ks_reject05_vs_clean_eval,240,240,0.0,0.0,0.0,0.0,,,,frozen sensor component
gate1_frozen_design,label_flip_r_0.050,target_shift,label_flip,,I_XF,integrity_score_jsd_vs_clean_eval,240,240,0.0,0.0,0.0,0.0,,,,frozen sensor component
gate1_frozen_design,label_flip_r_0.050,target_shift,label_flip,,I_XFY,integrity_score_jsd_vs_clean_eval,240,240,0.0,0.0,0.0,0.0,,,,frozen sensor component
gate1_frozen_design,label_flip_r_0.050,target_shift,label_flip,,I_XF,integrity_pred_pos_rate_shift,240,240,0.0,0.0,0.0,0.0,,,,frozen sensor component
gate1_frozen_design,label_flip_r_0.050,target_shift,label_flip,,I_XFY,integrity_pred_pos_rate_shift,240,240,0.0,0.0,0.0,0.0,,,,frozen sensor component
gate1_frozen_design,label_flip_r_0.050,target_shift,label_flip,,I_XF,integrity_pred_jsd,240,240,0.0,0.0,0.0,0.0,,,,frozen sensor component
gate1_frozen_design,label_flip_r_0.050,target_shift,label_flip,,I_XFY,integrity_pred_jsd,240,240,0.0,0.0,0.0,0.0,,,,frozen sensor component
gate1_frozen_design,label_flip_r_0.050,target_shift,label_flip,,I_Ym,integrity_label_prior_shift,240,240,0.013671875,0.0078125,0.0,0.0390625,,,,frozen sensor component
gate1_frozen_design,label_flip_r_0.050,target_shift,label_flip,,I_XFY,integrity_label_prior_shift,240,240,0.013671875,0.0078125,0.0,0.0390625,,,,frozen sensor component
gate1_frozen_design,label_flip_r_0.050,target_shift,label_flip,,I_Ym,integrity_label_jsd,240,240,0.00014509425632141095,3.051975144599192e-05,0.0,0.0007643013153583,,,,frozen sensor component
gate1_frozen_design,label_flip_r_0.050,target_shift,label_flip,,I_XFY,integrity_label_jsd,240,240,0.00014509425632141095,3.051975144599192e-05,0.0,0.0007643013153583,,,,frozen sensor component
gate1_frozen_design,label_flip_r_0.050,target_shift,label_flip,,I_XFY,integrity_confusion_profile_l1,240,240,0.06380208333333187,0.0625,0.0156249999999954,0.125,,,,frozen sensor component
gate1_frozen_design,label_flip_r_0.050,target_shift,label_flip,,I_XFY,integrity_confusion_profile_jsd,240,240,0.0020610872351584627,0.0012353595635980499,5.310927919052744e-05,0.0143171330071708,,,,frozen sensor component
gate1_frozen_design,label_flip_r_0.050,target_shift,label_flip,,descriptive_only,integrity_ks_mean_vs_clean_eval,240,240,0.0,0.0,0.0,0.0,,,,KS mean is descriptive; ks_reject05 is the prespecified calibrated component
gate1_frozen_design,label_flip_r_0.100,target_shift,label_flip,,I_X,integrity_jsd_vs_clean_eval,240,240,0.0,0.0,0.0,0.0,,,,frozen sensor component
gate1_frozen_design,label_flip_r_0.100,target_shift,label_flip,,I_XF,integrity_jsd_vs_clean_eval,240,240,0.0,0.0,0.0,0.0,,,,frozen sensor component
gate1_frozen_design,label_flip_r_0.100,target_shift,label_flip,,I_XFY,integrity_jsd_vs_clean_eval,240,240,0.0,0.0,0.0,0.0,,,,frozen sensor component
gate1_frozen_design,label_flip_r_0.100,target_shift,label_flip,,I_X,integrity_mmd_vs_clean_eval,240,240,0.0,0.0,0.0,0.0,,,,frozen sensor component
gate1_frozen_design,label_flip_r_0.100,target_shift,label_flip,,I_XF,integrity_mmd_vs_clean_eval,240,240,0.0,0.0,0.0,0.0,,,,frozen sensor component
gate1_frozen_design,label_flip_r_0.100,target_shift,label_flip,,I_XFY,integrity_mmd_vs_clean_eval,240,240,0.0,0.0,0.0,0.0,,,,frozen sensor component
gate1_frozen_design,label_flip_r_0.100,target_shift,label_flip,,I_X,integrity_ks_reject05_vs_clean_eval,240,240,0.0,0.0,0.0,0.0,,,,frozen sensor component
gate1_frozen_design,label_flip_r_0.100,target_shift,label_flip,,I_XF,integrity_ks_reject05_vs_clean_eval,240,240,0.0,0.0,0.0,0.0,,,,frozen sensor component
gate1_frozen_design,label_flip_r_0.100,target_shift,label_flip,,I_XFY,integrity_ks_reject05_vs_clean_eval,240,240,0.0,0.0,0.0,0.0,,,,frozen sensor component
gate1_frozen_design,label_flip_r_0.100,target_shift,label_flip,,I_XF,integrity_score_jsd_vs_clean_eval,240,240,0.0,0.0,0.0,0.0,,,,frozen sensor component
gate1_frozen_design,label_flip_r_0.100,target_shift,label_flip,,I_XFY,integrity_score_jsd_vs_clean_eval,240,240,0.0,0.0,0.0,0.0,,,,frozen sensor component
gate1_frozen_design,label_flip_r_0.100,target_shift,label_flip,,I_XF,integrity_pred_pos_rate_shift,240,240,0.0,0.0,0.0,0.0,,,,frozen sensor component
gate1_frozen_design,label_flip_r_0.100,target_shift,label_flip,,I_XFY,integrity_pred_pos_rate_shift,240,240,0.0,0.0,0.0,0.0,,,,frozen sensor component
gate1_frozen_design,label_flip_r_0.100,target_shift,label_flip,,I_XF,integrity_pred_jsd,240,240,0.0,0.0,0.0,0.0,,,,frozen sensor component
gate1_frozen_design,label_flip_r_0.100,target_shift,label_flip,,I_XFY,integrity_pred_jsd,240,240,0.0,0.0,0.0,0.0,,,,frozen sensor component
gate1_frozen_design,label_flip_r_0.100,target_shift,label_flip,,I_Ym,integrity_label_prior_shift,240,240,0.01875,0.015625,0.0,0.0390625,,,,frozen sensor component
gate1_frozen_design,label_flip_r_0.100,target_shift,label_flip,,I_XFY,integrity_label_prior_shift,240,240,0.01875,0.015625,0.0,0.0390625,,,,frozen sensor component
gate1_frozen_design,label_flip_r_0.100,target_shift,label_flip,,I_Ym,integrity_label_jsd,240,240,0.0002291215971084134,0.0001221050969211,0.0,0.0007643013153583,,,,frozen sensor component
gate1_frozen_design,label_flip_r_0.100,target_shift,label_flip,,I_XFY,integrity_label_jsd,240,240,0.0002291215971084134,0.0001221050969211,0.0,0.0007643013153583,,,,frozen sensor component
gate1_frozen_design,label_flip_r_0.100,target_shift,label_flip,,I_XFY,integrity_confusion_profile_l1,240,240,0.08359374999999858,0.078125,0.015625,0.21875,,,,frozen sensor component
gate1_frozen_design,label_flip_r_0.100,target_shift,label_flip,,I_XFY,integrity_confusion_profile_jsd,240,240,0.002966808861872362,0.0018758134092954,5.621785232124321e-05,0.0168303670701481,,,,frozen sensor component
gate1_frozen_design,label_flip_r_0.100,target_shift,label_flip,,descriptive_only,integrity_ks_mean_vs_clean_eval,240,240,0.0,0.0,0.0,0.0,,,,KS mean is descriptive; ks_reject05 is the prespecified calibrated component
gate1_frozen_design,mean_shift_pf_delta_0.020,covariate_shift,mean_shift,0.02,I_X,integrity_jsd_vs_clean_eval,240,240,0.057602056666803694,0.0470445708172047,0.0034622899527983,0.1769670943191701,,,,frozen sensor component
gate1_frozen_design,mean_shift_pf_delta_0.020,covariate_shift,mean_shift,0.02,I_XF,integrity_jsd_vs_clean_eval,240,240,0.057602056666803694,0.0470445708172047,0.0034622899527983,0.1769670943191701,,,,frozen sensor component
gate1_frozen_design,mean_shift_pf_delta_0.020,covariate_shift,mean_shift,0.02,I_XFY,integrity_jsd_vs_clean_eval,240,240,0.057602056666803694,0.0470445708172047,0.0034622899527983,0.1769670943191701,,,,frozen sensor component
gate1_frozen_design,mean_shift_pf_delta_0.020,covariate_shift,mean_shift,0.02,I_X,integrity_mmd_vs_clean_eval,240,240,0.0,0.0,0.0,0.0,,,,frozen sensor component
gate1_frozen_design,mean_shift_pf_delta_0.020,covariate_shift,mean_shift,0.02,I_XF,integrity_mmd_vs_clean_eval,240,240,0.0,0.0,0.0,0.0,,,,frozen sensor component
gate1_frozen_design,mean_shift_pf_delta_0.020,covariate_shift,mean_shift,0.02,I_XFY,integrity_mmd_vs_clean_eval,240,240,0.0,0.0,0.0,0.0,,,,frozen sensor component
gate1_frozen_design,mean_shift_pf_delta_0.020,covariate_shift,mean_shift,0.02,I_X,integrity_ks_reject05_vs_clean_eval,240,240,1.0,1.0,1.0,1.0,,,,frozen sensor component
gate1_frozen_design,mean_shift_pf_delta_0.020,covariate_shift,mean_shift,0.02,I_XF,integrity_ks_reject05_vs_clean_eval,240,240,1.0,1.0,1.0,1.0,,,,frozen sensor component
gate1_frozen_design,mean_shift_pf_delta_0.020,covariate_shift,mean_shift,0.02,I_XFY,integrity_ks_reject05_vs_clean_eval,240,240,1.0,1.0,1.0,1.0,,,,frozen sensor component
gate1_frozen_design,mean_shift_pf_delta_0.020,covariate_shift,mean_shift,0.02,I_XF,integrity_score_jsd_vs_clean_eval,240,240,0.15685675236435992,0.13558170804978464,0.0012639490465559,0.4372051825220697,,,,frozen sensor component
gate1_frozen_design,mean_shift_pf_delta_0.020,covariate_shift,mean_shift,0.02,I_XFY,integrity_score_jsd_vs_clean_eval,240,240,0.15685675236435992,0.13558170804978464,0.0012639490465559,0.4372051825220697,,,,frozen sensor component
gate1_frozen_design,mean_shift_pf_delta_0.020,covariate_shift,mean_shift,0.02,I_XF,integrity_pred_pos_rate_shift,240,240,0.002734375,0.0,0.0,0.21875,,,,frozen sensor component
gate1_frozen_design,mean_shift_pf_delta_0.020,covariate_shift,mean_shift,0.02,I_XFY,integrity_pred_pos_rate_shift,240,240,0.002734375,0.0,0.0,0.21875,,,,frozen sensor component
gate1_frozen_design,mean_shift_pf_delta_0.020,covariate_shift,mean_shift,0.02,I_XF,integrity_pred_jsd,240,240,0.00011212782385431037,0.0,0.0,0.0245196972664137,,,,frozen sensor component
gate1_frozen_design,mean_shift_pf_delta_0.020,covariate_shift,mean_shift,0.02,I_XFY,integrity_pred_jsd,240,240,0.00011212782385431037,0.0,0.0,0.0245196972664137,,,,frozen sensor component
gate1_frozen_design,mean_shift_pf_delta_0.020,covariate_shift,mean_shift,0.02,I_Ym,integrity_label_prior_shift,240,240,0.0,0.0,0.0,0.0,,,,frozen sensor component
gate1_frozen_design,mean_shift_pf_delta_0.020,covariate_shift,mean_shift,0.02,I_XFY,integrity_label_prior_shift,240,240,0.0,0.0,0.0,0.0,,,,frozen sensor component
gate1_frozen_design,mean_shift_pf_delta_0.020,covariate_shift,mean_shift,0.02,I_Ym,integrity_label_jsd,240,240,0.0,0.0,0.0,0.0,,,,frozen sensor component
gate1_frozen_design,mean_shift_pf_delta_0.020,covariate_shift,mean_shift,0.02,I_XFY,integrity_label_jsd,240,240,0.0,0.0,0.0,0.0,,,,frozen sensor component
gate1_frozen_design,mean_shift_pf_delta_0.020,covariate_shift,mean_shift,0.02,I_XFY,integrity_confusion_profile_l1,240,240,0.005729166666666666,0.0,0.0,0.4375,,,,frozen sensor component
gate1_frozen_design,mean_shift_pf_delta_0.020,covariate_shift,mean_shift,0.02,I_XFY,integrity_confusion_profile_jsd,240,240,0.00022088865768255789,0.0,0.0,0.0444315418791486,,,,frozen sensor component
gate1_frozen_design,mean_shift_pf_delta_0.020,covariate_shift,mean_shift,0.02,descriptive_only,integrity_ks_mean_vs_clean_eval,240,240,0.5581312391493055,0.56328125,0.4563802083333333,0.6220703125,,,,KS mean is descriptive; ks_reject05 is the prespecified calibrated component
gate1_frozen_design,mean_shift_pf_delta_0.050,covariate_shift,mean_shift,0.05,I_X,integrity_jsd_vs_clean_eval,240,240,0.12700300341490248,0.1250305355673108,0.012753410275325,0.2721618989161708,,,,frozen sensor component
gate1_frozen_design,mean_shift_pf_delta_0.050,covariate_shift,mean_shift,0.05,I_XF,integrity_jsd_vs_clean_eval,240,240,0.12700300341490248,0.1250305355673108,0.012753410275325,0.2721618989161708,,,,frozen sensor component
gate1_frozen_design,mean_shift_pf_delta_0.050,covariate_shift,mean_shift,0.05,I_XFY,integrity_jsd_vs_clean_eval,240,240,0.12700300341490248,0.1250305355673108,0.012753410275325,0.2721618989161708,,,,frozen sensor component
gate1_frozen_design,mean_shift_pf_delta_0.050,covariate_shift,mean_shift,0.05,I_X,integrity_mmd_vs_clean_eval,240,240,0.0007242731072390262,0.0,0.0,0.0447554243368779,,,,frozen sensor component
gate1_frozen_design,mean_shift_pf_delta_0.050,covariate_shift,mean_shift,0.05,I_XF,integrity_mmd_vs_clean_eval,240,240,0.0007242731072390262,0.0,0.0,0.0447554243368779,,,,frozen sensor component
gate1_frozen_design,mean_shift_pf_delta_0.050,covariate_shift,mean_shift,0.05,I_XFY,integrity_mmd_vs_clean_eval,240,240,0.0007242731072390262,0.0,0.0,0.0447554243368779,,,,frozen sensor component
gate1_frozen_design,mean_shift_pf_delta_0.050,covariate_shift,mean_shift,0.05,I_X,integrity_ks_reject05_vs_clean_eval,240,240,1.0,1.0,1.0,1.0,,,,frozen sensor component
gate1_frozen_design,mean_shift_pf_delta_0.050,covariate_shift,mean_shift,0.05,I_XF,integrity_ks_reject05_vs_clean_eval,240,240,1.0,1.0,1.0,1.0,,,,frozen sensor component
gate1_frozen_design,mean_shift_pf_delta_0.050,covariate_shift,mean_shift,0.05,I_XFY,integrity_ks_reject05_vs_clean_eval,240,240,1.0,1.0,1.0,1.0,,,,frozen sensor component
gate1_frozen_design,mean_shift_pf_delta_0.050,covariate_shift,mean_shift,0.05,I_XF,integrity_score_jsd_vs_clean_eval,240,240,0.2337761131827499,0.25685876639151484,0.0006255017445244,0.5231086283615001,,,,frozen sensor component
gate1_frozen_design,mean_shift_pf_delta_0.050,covariate_shift,mean_shift,0.05,I_XFY,integrity_score_jsd_vs_clean_eval,240,240,0.2337761131827499,0.25685876639151484,0.0006255017445244,0.5231086283615001,,,,frozen sensor component
gate1_frozen_design,mean_shift_pf_delta_0.050,covariate_shift,mean_shift,0.05,I_XF,integrity_pred_pos_rate_shift,240,240,0.00498046875,0.0,0.0,0.1640625,,,,frozen sensor component
gate1_frozen_design,mean_shift_pf_delta_0.050,covariate_shift,mean_shift,0.05,I_XFY,integrity_pred_pos_rate_shift,240,240,0.00498046875,0.0,0.0,0.1640625,,,,frozen sensor component
gate1_frozen_design,mean_shift_pf_delta_0.050,covariate_shift,mean_shift,0.05,I_XF,integrity_pred_jsd,240,240,8.89131384467634e-05,0.0,0.0,0.0136222205155469,,,,frozen sensor component
gate1_frozen_design,mean_shift_pf_delta_0.050,covariate_shift,mean_shift,0.05,I_XFY,integrity_pred_jsd,240,240,8.89131384467634e-05,0.0,0.0,0.0136222205155469,,,,frozen sensor component
gate1_frozen_design,mean_shift_pf_delta_0.050,covariate_shift,mean_shift,0.05,I_Ym,integrity_label_prior_shift,240,240,0.0,0.0,0.0,0.0,,,,frozen sensor component
gate1_frozen_design,mean_shift_pf_delta_0.050,covariate_shift,mean_shift,0.05,I_XFY,integrity_label_prior_shift,240,240,0.0,0.0,0.0,0.0,,,,frozen sensor component
gate1_frozen_design,mean_shift_pf_delta_0.050,covariate_shift,mean_shift,0.05,I_Ym,integrity_label_jsd,240,240,0.0,0.0,0.0,0.0,,,,frozen sensor component
gate1_frozen_design,mean_shift_pf_delta_0.050,covariate_shift,mean_shift,0.05,I_XFY,integrity_label_jsd,240,240,0.0,0.0,0.0,0.0,,,,frozen sensor component
gate1_frozen_design,mean_shift_pf_delta_0.050,covariate_shift,mean_shift,0.05,I_XFY,integrity_confusion_profile_l1,240,240,0.010742187499999934,0.0,0.0,0.328125,,,,frozen sensor component
gate1_frozen_design,mean_shift_pf_delta_0.050,covariate_shift,mean_shift,0.05,I_XFY,integrity_confusion_profile_jsd,240,240,0.00022171260336413388,0.0,0.0,0.0249916326312849,,,,frozen sensor component
gate1_frozen_design,mean_shift_pf_delta_0.050,covariate_shift,mean_shift,0.05,descriptive_only,integrity_ks_mean_vs_clean_eval,240,240,0.6043595377604167,0.6051432291666667,0.5299479166666666,0.6552734375,,,,KS mean is descriptive; ks_reject05 is the prespecified calibrated component
gate1_frozen_design,mean_shift_pf_delta_0.100,covariate_shift,mean_shift,0.1,I_X,integrity_jsd_vs_clean_eval,240,240,0.17628725392840944,0.15535451659895166,0.0432888511268281,0.3477971379206527,,,,frozen sensor component
gate1_frozen_design,mean_shift_pf_delta_0.100,covariate_shift,mean_shift,0.1,I_XF,integrity_jsd_vs_clean_eval,240,240,0.17628725392840944,0.15535451659895166,0.0432888511268281,0.3477971379206527,,,,frozen sensor component
gate1_frozen_design,mean_shift_pf_delta_0.100,covariate_shift,mean_shift,0.1,I_XFY,integrity_jsd_vs_clean_eval,240,240,0.17628725392840944,0.15535451659895166,0.0432888511268281,0.3477971379206527,,,,frozen sensor component
gate1_frozen_design,mean_shift_pf_delta_0.100,covariate_shift,mean_shift,0.1,I_X,integrity_mmd_vs_clean_eval,240,240,0.014911965599291496,0.0,0.0,0.2197115614734974,,,,frozen sensor component
gate1_frozen_design,mean_shift_pf_delta_0.100,covariate_shift,mean_shift,0.1,I_XF,integrity_mmd_vs_clean_eval,240,240,0.014911965599291496,0.0,0.0,0.2197115614734974,,,,frozen sensor component
gate1_frozen_design,mean_shift_pf_delta_0.100,covariate_shift,mean_shift,0.1,I_XFY,integrity_mmd_vs_clean_eval,240,240,0.014911965599291496,0.0,0.0,0.2197115614734974,,,,frozen sensor component
gate1_frozen_design,mean_shift_pf_delta_0.100,covariate_shift,mean_shift,0.1,I_X,integrity_ks_reject05_vs_clean_eval,240,240,1.0,1.0,1.0,1.0,,,,frozen sensor component
gate1_frozen_design,mean_shift_pf_delta_0.100,covariate_shift,mean_shift,0.1,I_XF,integrity_ks_reject05_vs_clean_eval,240,240,1.0,1.0,1.0,1.0,,,,frozen sensor component
gate1_frozen_design,mean_shift_pf_delta_0.100,covariate_shift,mean_shift,0.1,I_XFY,integrity_ks_reject05_vs_clean_eval,240,240,1.0,1.0,1.0,1.0,,,,frozen sensor component
gate1_frozen_design,mean_shift_pf_delta_0.100,covariate_shift,mean_shift,0.1,I_XF,integrity_score_jsd_vs_clean_eval,240,240,0.32272481990518903,0.382456575297068,0.0058729892775482,0.570730767283642,,,,frozen sensor component
gate1_frozen_design,mean_shift_pf_delta_0.100,covariate_shift,mean_shift,0.1,I_XFY,integrity_score_jsd_vs_clean_eval,240,240,0.32272481990518903,0.382456575297068,0.0058729892775482,0.570730767283642,,,,frozen sensor component
gate1_frozen_design,mean_shift_pf_delta_0.100,covariate_shift,mean_shift,0.1,I_XF,integrity_pred_pos_rate_shift,240,240,0.039778645833333334,0.0078125,0.0,0.609375,,,,frozen sensor component
gate1_frozen_design,mean_shift_pf_delta_0.100,covariate_shift,mean_shift,0.1,I_XFY,integrity_pred_pos_rate_shift,240,240,0.039778645833333334,0.0078125,0.0,0.609375,,,,frozen sensor component
gate1_frozen_design,mean_shift_pf_delta_0.100,covariate_shift,mean_shift,0.1,I_XF,integrity_pred_jsd,240,240,0.013011864313404323,3.100436943023993e-05,0.0,0.2802704309410702,,,,frozen sensor component
gate1_frozen_design,mean_shift_pf_delta_0.100,covariate_shift,mean_shift,0.1,I_XFY,integrity_pred_jsd,240,240,0.013011864313404323,3.100436943023993e-05,0.0,0.2802704309410702,,,,frozen sensor component
gate1_frozen_design,mean_shift_pf_delta_0.100,covariate_shift,mean_shift,0.1,I_Ym,integrity_label_prior_shift,240,240,0.0,0.0,0.0,0.0,,,,frozen sensor component
gate1_frozen_design,mean_shift_pf_delta_0.100,covariate_shift,mean_shift,0.1,I_XFY,integrity_label_prior_shift,240,240,0.0,0.0,0.0,0.0,,,,frozen sensor component
gate1_frozen_design,mean_shift_pf_delta_0.100,covariate_shift,mean_shift,0.1,I_Ym,integrity_label_jsd,240,240,0.0,0.0,0.0,0.0,,,,frozen sensor component
gate1_frozen_design,mean_shift_pf_delta_0.100,covariate_shift,mean_shift,0.1,I_XFY,integrity_label_jsd,240,240,0.0,0.0,0.0,0.0,,,,frozen sensor component
gate1_frozen_design,mean_shift_pf_delta_0.100,covariate_shift,mean_shift,0.1,I_XFY,integrity_confusion_profile_l1,240,240,0.0820312499999986,0.015625,0.0,1.218749999999969,,,,frozen sensor component
gate1_frozen_design,mean_shift_pf_delta_0.100,covariate_shift,mean_shift,0.1,I_XFY,integrity_confusion_profile_jsd,240,240,0.014925683257464415,6.328051801325998e-05,0.0,0.3079932483326035,,,,frozen sensor component
gate1_frozen_design,mean_shift_pf_delta_0.100,covariate_shift,mean_shift,0.1,descriptive_only,integrity_ks_mean_vs_clean_eval,240,240,0.6216468641493056,0.6240234375,0.548828125,0.675,,,,KS mean is descriptive; ks_reject05 is the prespecified calibrated component
gate1_frozen_design,scaling_drift_alpha_0.020,covariate_shift,scaling_drift,,I_X,integrity_jsd_vs_clean_eval,240,240,0.09797416481660708,0.0938987429079506,0.0098210183432522,0.2392998338303942,,,,frozen sensor component
gate1_frozen_design,scaling_drift_alpha_0.020,covariate_shift,scaling_drift,,I_XF,integrity_jsd_vs_clean_eval,240,240,0.09797416481660708,0.0938987429079506,0.0098210183432522,0.2392998338303942,,,,frozen sensor component
gate1_frozen_design,scaling_drift_alpha_0.020,covariate_shift,scaling_drift,,I_XFY,integrity_jsd_vs_clean_eval,240,240,0.09797416481660708,0.0938987429079506,0.0098210183432522,0.2392998338303942,,,,frozen sensor component
gate1_frozen_design,scaling_drift_alpha_0.020,covariate_shift,scaling_drift,,I_X,integrity_mmd_vs_clean_eval,240,240,0.0006657657784169513,0.0,0.0,0.0532612622733561,,,,frozen sensor component
gate1_frozen_design,scaling_drift_alpha_0.020,covariate_shift,scaling_drift,,I_XF,integrity_mmd_vs_clean_eval,240,240,0.0006657657784169513,0.0,0.0,0.0532612622733561,,,,frozen sensor component
gate1_frozen_design,scaling_drift_alpha_0.020,covariate_shift,scaling_drift,,I_XFY,integrity_mmd_vs_clean_eval,240,240,0.0006657657784169513,0.0,0.0,0.0532612622733561,,,,frozen sensor component
gate1_frozen_design,scaling_drift_alpha_0.020,covariate_shift,scaling_drift,,I_X,integrity_ks_reject05_vs_clean_eval,240,240,0.8486458333333335,0.8333333333333334,0.75,1.0,,,,frozen sensor component
gate1_frozen_design,scaling_drift_alpha_0.020,covariate_shift,scaling_drift,,I_XF,integrity_ks_reject05_vs_clean_eval,240,240,0.8486458333333335,0.8333333333333334,0.75,1.0,,,,frozen sensor component
gate1_frozen_design,scaling_drift_alpha_0.020,covariate_shift,scaling_drift,,I_XFY,integrity_ks_reject05_vs_clean_eval,240,240,0.8486458333333335,0.8333333333333334,0.75,1.0,,,,frozen sensor component
gate1_frozen_design,scaling_drift_alpha_0.020,covariate_shift,scaling_drift,,I_XF,integrity_score_jsd_vs_clean_eval,240,240,0.3228337711322921,0.40448458202264326,0.0009799883894182,0.5502452093559046,,,,frozen sensor component
gate1_frozen_design,scaling_drift_alpha_0.020,covariate_shift,scaling_drift,,I_XFY,integrity_score_jsd_vs_clean_eval,240,240,0.3228337711322921,0.40448458202264326,0.0009799883894182,0.5502452093559046,,,,frozen sensor component
gate1_frozen_design,scaling_drift_alpha_0.020,covariate_shift,scaling_drift,,I_XF,integrity_pred_pos_rate_shift,240,240,0.01767578125,0.0078125,0.0,0.5,,,,frozen sensor component
gate1_frozen_design,scaling_drift_alpha_0.020,covariate_shift,scaling_drift,,I_XFY,integrity_pred_pos_rate_shift,240,240,0.01767578125,0.0078125,0.0,0.5,,,,frozen sensor component
gate1_frozen_design,scaling_drift_alpha_0.020,covariate_shift,scaling_drift,,I_XF,integrity_pred_jsd,240,240,0.0027532966874601766,3.121399169952305e-05,0.0,0.1692156133957814,,,,frozen sensor component
gate1_frozen_design,scaling_drift_alpha_0.020,covariate_shift,scaling_drift,,I_XFY,integrity_pred_jsd,240,240,0.0027532966874601766,3.121399169952305e-05,0.0,0.1692156133957814,,,,frozen sensor component
gate1_frozen_design,scaling_drift_alpha_0.020,covariate_shift,scaling_drift,,I_Ym,integrity_label_prior_shift,240,240,0.0,0.0,0.0,0.0,,,,frozen sensor component
gate1_frozen_design,scaling_drift_alpha_0.020,covariate_shift,scaling_drift,,I_XFY,integrity_label_prior_shift,240,240,0.0,0.0,0.0,0.0,,,,frozen sensor component
gate1_frozen_design,scaling_drift_alpha_0.020,covariate_shift,scaling_drift,,I_Ym,integrity_label_jsd,240,240,0.0,0.0,0.0,0.0,,,,frozen sensor component
gate1_frozen_design,scaling_drift_alpha_0.020,covariate_shift,scaling_drift,,I_XFY,integrity_label_jsd,240,240,0.0,0.0,0.0,0.0,,,,frozen sensor component
gate1_frozen_design,scaling_drift_alpha_0.020,covariate_shift,scaling_drift,,I_XFY,integrity_confusion_profile_l1,240,240,0.03652343749999979,0.015625,0.0,1.0,,,,frozen sensor component
gate1_frozen_design,scaling_drift_alpha_0.020,covariate_shift,scaling_drift,,I_XFY,integrity_confusion_profile_jsd,240,240,0.003641970706113202,6.296714502841141e-05,0.0,0.1957318768722589,,,,frozen sensor component
gate1_frozen_design,scaling_drift_alpha_0.020,covariate_shift,scaling_drift,,descriptive_only,integrity_ks_mean_vs_clean_eval,240,240,0.4859800889756945,0.4892578125,0.37109375,0.5475260416666666,,,,KS mean is descriptive; ks_reject05 is the prespecified calibrated component
gate1_frozen_design,scaling_drift_alpha_0.050,covariate_shift,scaling_drift,,I_X,integrity_jsd_vs_clean_eval,240,240,0.20119190868328732,0.22915721092048796,0.0260620672705645,0.3660432768552377,,,,frozen sensor component
gate1_frozen_design,scaling_drift_alpha_0.050,covariate_shift,scaling_drift,,I_XF,integrity_jsd_vs_clean_eval,240,240,0.20119190868328732,0.22915721092048796,0.0260620672705645,0.3660432768552377,,,,frozen sensor component
gate1_frozen_design,scaling_drift_alpha_0.050,covariate_shift,scaling_drift,,I_XFY,integrity_jsd_vs_clean_eval,240,240,0.20119190868328732,0.22915721092048796,0.0260620672705645,0.3660432768552377,,,,frozen sensor component
gate1_frozen_design,scaling_drift_alpha_0.050,covariate_shift,scaling_drift,,I_X,integrity_mmd_vs_clean_eval,240,240,0.03163246604631734,0.0,0.0,0.2322337519407135,,,,frozen sensor component
gate1_frozen_design,scaling_drift_alpha_0.050,covariate_shift,scaling_drift,,I_XF,integrity_mmd_vs_clean_eval,240,240,0.03163246604631734,0.0,0.0,0.2322337519407135,,,,frozen sensor component
gate1_frozen_design,scaling_drift_alpha_0.050,covariate_shift,scaling_drift,,I_XFY,integrity_mmd_vs_clean_eval,240,240,0.03163246604631734,0.0,0.0,0.2322337519407135,,,,frozen sensor component
gate1_frozen_design,scaling_drift_alpha_0.050,covariate_shift,scaling_drift,,I_X,integrity_ks_reject05_vs_clean_eval,240,240,0.8952430555555556,0.9,0.75,1.0,,,,frozen sensor component
gate1_frozen_design,scaling_drift_alpha_0.050,covariate_shift,scaling_drift,,I_XF,integrity_ks_reject05_vs_clean_eval,240,240,0.8952430555555556,0.9,0.75,1.0,,,,frozen sensor component
gate1_frozen_design,scaling_drift_alpha_0.050,covariate_shift,scaling_drift,,I_XFY,integrity_ks_reject05_vs_clean_eval,240,240,0.8952430555555556,0.9,0.75,1.0,,,,frozen sensor component
gate1_frozen_design,scaling_drift_alpha_0.050,covariate_shift,scaling_drift,,I_XF,integrity_score_jsd_vs_clean_eval,240,240,0.38275888470287356,0.4633520762729447,0.0141425017855878,0.583918447488614,,,,frozen sensor component
gate1_frozen_design,scaling_drift_alpha_0.050,covariate_shift,scaling_drift,,I_XFY,integrity_score_jsd_vs_clean_eval,240,240,0.38275888470287356,0.4633520762729447,0.0141425017855878,0.583918447488614,,,,frozen sensor component
gate1_frozen_design,scaling_drift_alpha_0.050,covariate_shift,scaling_drift,,I_XF,integrity_pred_pos_rate_shift,240,240,0.11539713541666667,0.015625,0.0,0.625,,,,frozen sensor component
gate1_frozen_design,scaling_drift_alpha_0.050,covariate_shift,scaling_drift,,I_XFY,integrity_pred_pos_rate_shift,240,240,0.11539713541666667,0.015625,0.0,0.625,,,,frozen sensor component
gate1_frozen_design,scaling_drift_alpha_0.050,covariate_shift,scaling_drift,,I_XF,integrity_pred_jsd,240,240,0.04221396134538189,0.00013078000029864998,0.0,0.2802704309410702,,,,frozen sensor component
gate1_frozen_design,scaling_drift_alpha_0.050,covariate_shift,scaling_drift,,I_XFY,integrity_pred_jsd,240,240,0.04221396134538189,0.00013078000029864998,0.0,0.2802704309410702,,,,frozen sensor component
gate1_frozen_design,scaling_drift_alpha_0.050,covariate_shift,scaling_drift,,I_Ym,integrity_label_prior_shift,240,240,0.0,0.0,0.0,0.0,,,,frozen sensor component
gate1_frozen_design,scaling_drift_alpha_0.050,covariate_shift,scaling_drift,,I_XFY,integrity_label_prior_shift,240,240,0.0,0.0,0.0,0.0,,,,frozen sensor component
gate1_frozen_design,scaling_drift_alpha_0.050,covariate_shift,scaling_drift,,I_Ym,integrity_label_jsd,240,240,0.0,0.0,0.0,0.0,,,,frozen sensor component
gate1_frozen_design,scaling_drift_alpha_0.050,covariate_shift,scaling_drift,,I_XFY,integrity_label_jsd,240,240,0.0,0.0,0.0,0.0,,,,frozen sensor component
gate1_frozen_design,scaling_drift_alpha_0.050,covariate_shift,scaling_drift,,I_XFY,integrity_confusion_profile_l1,240,240,0.23391927083332895,0.03125,0.0,1.2499999999999845,,,,frozen sensor component
gate1_frozen_design,scaling_drift_alpha_0.050,covariate_shift,scaling_drift,,I_XFY,integrity_confusion_profile_jsd,240,240,0.04808587541239929,0.0004899968347735,0.0,0.3134265794459157,,,,frozen sensor component
gate1_frozen_design,scaling_drift_alpha_0.050,covariate_shift,scaling_drift,,descriptive_only,integrity_ks_mean_vs_clean_eval,240,240,0.535217556423611,0.5375000000000001,0.4329427083333333,0.6015625,,,,KS mean is descriptive; ks_reject05 is the prespecified calibrated component
gate1_frozen_design,scaling_drift_alpha_0.100,covariate_shift,scaling_drift,,I_X,integrity_jsd_vs_clean_eval,240,240,0.26745564598019644,0.30963517893337467,0.0447571863492706,0.4133930494457665,,,,frozen sensor component
gate1_frozen_design,scaling_drift_alpha_0.100,covariate_shift,scaling_drift,,I_XF,integrity_jsd_vs_clean_eval,240,240,0.26745564598019644,0.30963517893337467,0.0447571863492706,0.4133930494457665,,,,frozen sensor component
gate1_frozen_design,scaling_drift_alpha_0.100,covariate_shift,scaling_drift,,I_XFY,integrity_jsd_vs_clean_eval,240,240,0.26745564598019644,0.30963517893337467,0.0447571863492706,0.4133930494457665,,,,frozen sensor component
gate1_frozen_design,scaling_drift_alpha_0.100,covariate_shift,scaling_drift,,I_X,integrity_mmd_vs_clean_eval,240,240,0.11633370250500107,0.1126515990859286,0.0,0.4071697138782236,,,,frozen sensor component
gate1_frozen_design,scaling_drift_alpha_0.100,covariate_shift,scaling_drift,,I_XF,integrity_mmd_vs_clean_eval,240,240,0.11633370250500107,0.1126515990859286,0.0,0.4071697138782236,,,,frozen sensor component
gate1_frozen_design,scaling_drift_alpha_0.100,covariate_shift,scaling_drift,,I_XFY,integrity_mmd_vs_clean_eval,240,240,0.11633370250500107,0.1126515990859286,0.0,0.4071697138782236,,,,frozen sensor component
gate1_frozen_design,scaling_drift_alpha_0.100,covariate_shift,scaling_drift,,I_X,integrity_ks_reject05_vs_clean_eval,240,240,0.9229166666666667,0.9166666666666666,0.75,1.0,,,,frozen sensor component
gate1_frozen_design,scaling_drift_alpha_0.100,covariate_shift,scaling_drift,,I_XF,integrity_ks_reject05_vs_clean_eval,240,240,0.9229166666666667,0.9166666666666666,0.75,1.0,,,,frozen sensor component
gate1_frozen_design,scaling_drift_alpha_0.100,covariate_shift,scaling_drift,,I_XFY,integrity_ks_reject05_vs_clean_eval,240,240,0.9229166666666667,0.9166666666666666,0.75,1.0,,,,frozen sensor component
gate1_frozen_design,scaling_drift_alpha_0.100,covariate_shift,scaling_drift,,I_XF,integrity_score_jsd_vs_clean_eval,240,240,0.420999430376161,0.4988762799130595,0.0267875589203419,0.6334665477120706,,,,frozen sensor component
gate1_frozen_design,scaling_drift_alpha_0.100,covariate_shift,scaling_drift,,I_XFY,integrity_score_jsd_vs_clean_eval,240,240,0.420999430376161,0.4988762799130595,0.0267875589203419,0.6334665477120706,,,,frozen sensor component
gate1_frozen_design,scaling_drift_alpha_0.100,covariate_shift,scaling_drift,,I_XF,integrity_pred_pos_rate_shift,240,240,0.30413411458333334,0.4375,0.0,0.6796875,,,,frozen sensor component
gate1_frozen_design,scaling_drift_alpha_0.100,covariate_shift,scaling_drift,,I_XFY,integrity_pred_pos_rate_shift,240,240,0.30413411458333334,0.4375,0.0,0.6796875,,,,frozen sensor component
gate1_frozen_design,scaling_drift_alpha_0.100,covariate_shift,scaling_drift,,I_XF,integrity_pred_jsd,240,240,0.11673369381157951,0.10119710234806639,0.0,0.3070949650296204,,,,frozen sensor component
gate1_frozen_design,scaling_drift_alpha_0.100,covariate_shift,scaling_drift,,I_XFY,integrity_pred_jsd,240,240,0.11673369381157951,0.10119710234806639,0.0,0.3070949650296204,,,,frozen sensor component
gate1_frozen_design,scaling_drift_alpha_0.100,covariate_shift,scaling_drift,,I_Ym,integrity_label_prior_shift,240,240,0.0,0.0,0.0,0.0,,,,frozen sensor component
gate1_frozen_design,scaling_drift_alpha_0.100,covariate_shift,scaling_drift,,I_XFY,integrity_label_prior_shift,240,240,0.0,0.0,0.0,0.0,,,,frozen sensor component
gate1_frozen_design,scaling_drift_alpha_0.100,covariate_shift,scaling_drift,,I_Ym,integrity_label_jsd,240,240,0.0,0.0,0.0,0.0,,,,frozen sensor component
gate1_frozen_design,scaling_drift_alpha_0.100,covariate_shift,scaling_drift,,I_XFY,integrity_label_jsd,240,240,0.0,0.0,0.0,0.0,,,,frozen sensor component
gate1_frozen_design,scaling_drift_alpha_0.100,covariate_shift,scaling_drift,,I_XFY,integrity_confusion_profile_l1,240,240,0.6132161458333242,0.8749999999999882,0.0,1.359374999999985,,,,frozen sensor component
gate1_frozen_design,scaling_drift_alpha_0.100,covariate_shift,scaling_drift,,I_XFY,integrity_confusion_profile_jsd,240,240,0.13679382565338347,0.1463690808407434,0.0,0.3556990092616244,,,,frozen sensor component
gate1_frozen_design,scaling_drift_alpha_0.100,covariate_shift,scaling_drift,,descriptive_only,integrity_ks_mean_vs_clean_eval,240,240,0.5778434244791666,0.5836588541666667,0.47265625,0.6393229166666666,,,,KS mean is descriptive; ks_reject05 is the prespecified calibrated component
