gate,svd_dim,model,sensor,sensor_family__previous,n_cal__previous,alpha__previous,order_statistic_rank__previous,threshold__previous,null_median__previous,null_max__previous,rule__previous,sensor_family__corrected,n_cal__corrected,alpha__corrected,order_statistic_rank__corrected,threshold__corrected,null_median__corrected,null_max__corrected,rule__corrected,delta
gate2_id_256,8,qsvc_zz_r1,integrity_confusion_profile_jsd,joint_outcome,200,0.05,191,0.0069156798428898,0.0022091548898232,0.0086928850122855,fire if value > threshold,joint_outcome,200,0.05,191,0.0069156798428898,0.00220915488982325,0.0086928850122855,fire if value > threshold,0.0
gate2_id_256,8,qsvc_zz_r1,integrity_confusion_profile_jsd_delta,item_aligned_exact,200,0.0,0,0.0,0.0,0.0,exact item-aligned invariance: fire if |value| > 0; undefined on unaligned null draws,aggregate_exact,200,0.0,0,0.0,0.0,0.0,exact item-aligned invariance: fire if |value| > 0; undefined on unaligned null draws,0.0
gate2_id_256,8,qsvc_zz_r1,integrity_confusion_profile_l1,joint_outcome,200,0.05,191,0.1796875,0.09375,0.203125,fire if value > threshold,joint_outcome,200,0.05,191,0.1796875,0.09375,0.203125,fire if value > threshold,0.0
gate2_id_256,8,qsvc_zz_r1,integrity_confusion_profile_l1_delta,item_aligned_exact,200,0.0,0,0.0,0.0,0.0,exact item-aligned invariance: fire if |value| > 0; undefined on unaligned null draws,aggregate_exact,200,0.0,0,0.0,0.0,0.0,exact item-aligned invariance: fire if |value| > 0; undefined on unaligned null draws,0.0
gate2_id_256,8,qsvc_zz_r1,integrity_jsd_vs_clean_eval,feature,200,0.05,191,0.033069831599997,0.0273636765257371,0.0364176739526553,fire if value > threshold,feature,200,0.05,191,0.0324678477582541,0.026214405745604602,0.0348605465514476,fire if value > threshold,-0.000601983841742898
gate2_id_256,8,qsvc_zz_r1,integrity_ks_reject05_vs_clean_eval,feature,200,0.05,191,0.375,0.0,0.625,fire if value > threshold,feature,200,0.05,191,0.375,0.0,0.625,fire if value > threshold,0.0
gate2_id_256,8,qsvc_zz_r1,integrity_label_jsd,label_marginal,200,0.05,191,0.0011014601470781,6.867555470620136e-05,0.0022163281438306,fire if value > threshold,label_marginal,200,0.05,191,0.0011014601470781,6.867555470620136e-05,0.0022163281438306,fire if value > threshold,0.0
gate2_id_256,8,qsvc_zz_r1,integrity_label_prior_shift,label_marginal,200,0.05,191,0.046875,0.01171875,0.06640625,fire if value > threshold,label_marginal,200,0.05,191,0.046875,0.01171875,0.06640625,fire if value > threshold,0.0
gate2_id_256,8,qsvc_zz_r1,integrity_mmd_vs_clean_eval,feature,200,0.05,191,0.0980080142213633,0.0,0.1226928890940223,fire if value > threshold,feature,200,0.05,191,0.0980080142213633,0.0,0.1226928890940223,fire if value > threshold,0.0
gate2_id_256,8,qsvc_zz_r1,integrity_pred_disagreement,item_aligned_exact,200,0.0,0,0.0,0.0,0.0,exact item-aligned invariance: fire if |value| > 0; undefined on unaligned null draws,item_aligned_exact,200,0.0,0,0.0,0.0,0.0,exact item-aligned invariance: fire if |value| > 0; undefined on unaligned null draws,0.0
gate2_id_256,8,qsvc_zz_r1,integrity_pred_jsd,prediction,200,0.05,191,0.0045200654275745,0.0005442505702463,0.0057313673244703,fire if value > threshold,prediction,200,0.05,191,0.0045200654275745,0.0005442505702463,0.0057313673244703,fire if value > threshold,0.0
gate2_id_256,8,qsvc_zz_r1,integrity_pred_pos_rate_shift,prediction,200,0.05,191,0.08984375,0.03125,0.1015625,fire if value > threshold,prediction,200,0.05,191,0.08984375,0.03125,0.1015625,fire if value > threshold,0.0
gate2_id_256,8,qsvc_zz_r1,integrity_score_jsd_vs_clean_eval,prediction,200,0.05,191,0.0712643586042197,0.0476805637192866,0.0750480235719059,fire if value > threshold,prediction,200,0.05,191,0.0698339243420495,0.0470679115391415,0.0734324307907141,fire if value > threshold,-0.0014304342621701965
gate2_id_256,8,qsvc_zz_r1,label_flip_rate,item_aligned_exact,200,0.0,0,0.0,0.0,0.0,exact item-aligned invariance: fire if |value| > 0; undefined on unaligned null draws,item_aligned_exact,200,0.0,0,0.0,0.0,0.0,exact item-aligned invariance: fire if |value| > 0; undefined on unaligned null draws,0.0
gate2_id_256,8,svc_rbf,integrity_confusion_profile_jsd,joint_outcome,200,0.05,191,0.0105042004488412,0.0019631993759043,0.015096451251069,fire if value > threshold,joint_outcome,200,0.05,191,0.0105042004488412,0.0019631993759043,0.015096451251069,fire if value > threshold,0.0
gate2_id_256,8,svc_rbf,integrity_confusion_profile_jsd_delta,item_aligned_exact,200,0.0,0,0.0,0.0,0.0,exact item-aligned invariance: fire if |value| > 0; undefined on unaligned null draws,aggregate_exact,200,0.0,0,0.0,0.0,0.0,exact item-aligned invariance: fire if |value| > 0; undefined on unaligned null draws,0.0
gate2_id_256,8,svc_rbf,integrity_confusion_profile_l1,joint_outcome,200,0.05,191,0.203125,0.0703124999999978,0.2421874999999974,fire if value > threshold,joint_outcome,200,0.05,191,0.203125,0.0703124999999978,0.2421874999999974,fire if value > threshold,0.0
gate2_id_256,8,svc_rbf,integrity_confusion_profile_l1_delta,item_aligned_exact,200,0.0,0,0.0,0.0,0.0,exact item-aligned invariance: fire if |value| > 0; undefined on unaligned null draws,aggregate_exact,200,0.0,0,0.0,0.0,0.0,exact item-aligned invariance: fire if |value| > 0; undefined on unaligned null draws,0.0
gate2_id_256,8,svc_rbf,integrity_jsd_vs_clean_eval,feature,200,0.05,191,0.033069831593866,0.027363676521898,0.0364176739498072,fire if value > threshold,feature,200,0.05,191,0.0324678477582541,0.026214405745604602,0.0348605465514476,fire if value > threshold,-0.0006019838356118995
gate2_id_256,8,svc_rbf,integrity_ks_reject05_vs_clean_eval,feature,200,0.05,191,0.375,0.0,0.625,fire if value > threshold,feature,200,0.05,191,0.375,0.0,0.625,fire if value > threshold,0.0
gate2_id_256,8,svc_rbf,integrity_label_jsd,label_marginal,200,0.05,191,0.0011014601470781,6.867555470620136e-05,0.0022163281438306,fire if value > threshold,label_marginal,200,0.05,191,0.0011014601470781,6.867555470620136e-05,0.0022163281438306,fire if value > threshold,0.0
gate2_id_256,8,svc_rbf,integrity_label_prior_shift,label_marginal,200,0.05,191,0.046875,0.01171875,0.06640625,fire if value > threshold,label_marginal,200,0.05,191,0.046875,0.01171875,0.06640625,fire if value > threshold,0.0
gate2_id_256,8,svc_rbf,integrity_mmd_vs_clean_eval,feature,200,0.05,191,0.0743229564411485,0.0,0.1002939447245472,fire if value > threshold,feature,200,0.05,191,0.0743229564411485,0.0,0.1002939447245472,fire if value > threshold,0.0
gate2_id_256,8,svc_rbf,integrity_pred_disagreement,item_aligned_exact,200,0.0,0,0.0,0.0,0.0,exact item-aligned invariance: fire if |value| > 0; undefined on unaligned null draws,item_aligned_exact,200,0.0,0,0.0,0.0,0.0,exact item-aligned invariance: fire if |value| > 0; undefined on unaligned null draws,0.0
gate2_id_256,8,svc_rbf,integrity_pred_jsd,prediction,200,0.05,191,0.0055509189843475,0.0002480265631461,0.0074333760295659,fire if value > threshold,prediction,200,0.05,191,0.0055509189843475,0.0002480265631461,0.0074333760295659,fire if value > threshold,0.0
gate2_id_256,8,svc_rbf,integrity_pred_pos_rate_shift,prediction,200,0.05,191,0.09375,0.01953125,0.109375,fire if value > threshold,prediction,200,0.05,191,0.09375,0.01953125,0.109375,fire if value > threshold,0.0
gate2_id_256,8,svc_rbf,integrity_score_jsd_vs_clean_eval,prediction,200,0.05,191,0.0363875080064653,0.0295118331955643,0.0403475879721169,fire if value > threshold,prediction,200,0.05,191,0.0360577944792396,0.029275975758595953,0.0407129459738646,fire if value > threshold,-0.0003297135272257029
gate2_id_256,8,svc_rbf,label_flip_rate,item_aligned_exact,200,0.0,0,0.0,0.0,0.0,exact item-aligned invariance: fire if |value| > 0; undefined on unaligned null draws,item_aligned_exact,200,0.0,0,0.0,0.0,0.0,exact item-aligned invariance: fire if |value| > 0; undefined on unaligned null draws,0.0
gate2_id_256,10,qsvc_zz_r1,integrity_confusion_profile_jsd,joint_outcome,200,0.05,191,0.0064570372296154,0.0017392107318655,0.00903829161566,fire if value > threshold,joint_outcome,200,0.05,191,0.0064570372296154,0.00173921073186555,0.00903829161566,fire if value > threshold,0.0
gate2_id_256,10,qsvc_zz_r1,integrity_confusion_profile_jsd_delta,item_aligned_exact,200,0.0,0,0.0,0.0,0.0,exact item-aligned invariance: fire if |value| > 0; undefined on unaligned null draws,aggregate_exact,200,0.0,0,0.0,0.0,0.0,exact item-aligned invariance: fire if |value| > 0; undefined on unaligned null draws,0.0
gate2_id_256,10,qsvc_zz_r1,integrity_confusion_profile_l1,joint_outcome,200,0.05,191,0.171875,0.078125,0.203125,fire if value > threshold,joint_outcome,200,0.05,191,0.171875,0.078125,0.203125,fire if value > threshold,0.0
gate2_id_256,10,qsvc_zz_r1,integrity_confusion_profile_l1_delta,item_aligned_exact,200,0.0,0,0.0,0.0,0.0,exact item-aligned invariance: fire if |value| > 0; undefined on unaligned null draws,aggregate_exact,200,0.0,0,0.0,0.0,0.0,exact item-aligned invariance: fire if |value| > 0; undefined on unaligned null draws,0.0
gate2_id_256,10,qsvc_zz_r1,integrity_jsd_vs_clean_eval,feature,200,0.05,191,0.0331096832945353,0.0277312513606101,0.0352371711230528,fire if value > threshold,feature,200,0.05,191,0.0320735656133154,0.0259916030673818,0.0333148421850792,fire if value > threshold,-0.001036117681219903
gate2_id_256,10,qsvc_zz_r1,integrity_ks_reject05_vs_clean_eval,feature,200,0.05,191,0.3,0.1,0.6,fire if value > threshold,feature,200,0.05,191,0.3,0.1,0.6,fire if value > threshold,0.0
gate2_id_256,10,qsvc_zz_r1,integrity_label_jsd,label_marginal,200,0.05,191,0.0011014601470781,6.867555470620136e-05,0.0022163281438306,fire if value > threshold,label_marginal,200,0.05,191,0.0011014601470781,6.867555470620136e-05,0.0022163281438306,fire if value > threshold,0.0
gate2_id_256,10,qsvc_zz_r1,integrity_label_prior_shift,label_marginal,200,0.05,191,0.046875,0.01171875,0.06640625,fire if value > threshold,label_marginal,200,0.05,191,0.046875,0.01171875,0.06640625,fire if value > threshold,0.0
gate2_id_256,10,qsvc_zz_r1,integrity_mmd_vs_clean_eval,feature,200,0.05,191,0.0964832402080003,0.0,0.1223304954912004,fire if value > threshold,feature,200,0.05,191,0.0964832402080003,0.0,0.1223304954912004,fire if value > threshold,0.0
gate2_id_256,10,qsvc_zz_r1,integrity_pred_disagreement,item_aligned_exact,200,0.0,0,0.0,0.0,0.0,exact item-aligned invariance: fire if |value| > 0; undefined on unaligned null draws,item_aligned_exact,200,0.0,0,0.0,0.0,0.0,exact item-aligned invariance: fire if |value| > 0; undefined on unaligned null draws,0.0
gate2_id_256,10,qsvc_zz_r1,integrity_pred_jsd,prediction,200,0.05,191,0.0033031891922233,0.0004111043140826,0.0043408683301804,fire if value > threshold,prediction,200,0.05,191,0.0033031891922233,0.0004111043140826,0.0043408683301804,fire if value > threshold,0.0
gate2_id_256,10,qsvc_zz_r1,integrity_pred_pos_rate_shift,prediction,200,0.05,191,0.078125,0.02734375,0.08984375,fire if value > threshold,prediction,200,0.05,191,0.078125,0.02734375,0.08984375,fire if value > threshold,0.0
gate2_id_256,10,qsvc_zz_r1,integrity_score_jsd_vs_clean_eval,prediction,200,0.05,191,0.0587211183772586,0.0418510852716949,0.0713554588488843,fire if value > threshold,prediction,200,0.05,191,0.0572328289359732,0.041652593394668744,0.0713554588583764,fire if value > threshold,-0.0014882894412854009
gate2_id_256,10,qsvc_zz_r1,label_flip_rate,item_aligned_exact,200,0.0,0,0.0,0.0,0.0,exact item-aligned invariance: fire if |value| > 0; undefined on unaligned null draws,item_aligned_exact,200,0.0,0,0.0,0.0,0.0,exact item-aligned invariance: fire if |value| > 0; undefined on unaligned null draws,0.0
gate2_id_256,10,svc_rbf,integrity_confusion_profile_jsd,joint_outcome,200,0.05,191,0.0094358306542922,0.003330325616338,0.0131903537817795,fire if value > threshold,joint_outcome,200,0.05,191,0.0094358306542922,0.003330325616338,0.0131903537817795,fire if value > threshold,0.0
gate2_id_256,10,svc_rbf,integrity_confusion_profile_jsd_delta,item_aligned_exact,200,0.0,0,0.0,0.0,0.0,exact item-aligned invariance: fire if |value| > 0; undefined on unaligned null draws,aggregate_exact,200,0.0,0,0.0,0.0,0.0,exact item-aligned invariance: fire if |value| > 0; undefined on unaligned null draws,0.0
gate2_id_256,10,svc_rbf,integrity_confusion_profile_l1,joint_outcome,200,0.05,191,0.203125,0.0703125,0.2421875,fire if value > threshold,joint_outcome,200,0.05,191,0.203125,0.0703125,0.2421875,fire if value > threshold,0.0
gate2_id_256,10,svc_rbf,integrity_confusion_profile_l1_delta,item_aligned_exact,200,0.0,0,0.0,0.0,0.0,exact item-aligned invariance: fire if |value| > 0; undefined on unaligned null draws,aggregate_exact,200,0.0,0,0.0,0.0,0.0,exact item-aligned invariance: fire if |value| > 0; undefined on unaligned null draws,0.0
gate2_id_256,10,svc_rbf,integrity_jsd_vs_clean_eval,feature,200,0.05,191,0.0331096832871887,0.0277312513548488,0.0352371711190379,fire if value > threshold,feature,200,0.05,191,0.0320735656133154,0.0259916030673818,0.0333148421850792,fire if value > threshold,-0.0010361176738733005
gate2_id_256,10,svc_rbf,integrity_ks_reject05_vs_clean_eval,feature,200,0.05,191,0.3,0.1,0.6,fire if value > threshold,feature,200,0.05,191,0.3,0.1,0.6,fire if value > threshold,0.0
gate2_id_256,10,svc_rbf,integrity_label_jsd,label_marginal,200,0.05,191,0.0011014601470781,6.867555470620136e-05,0.0022163281438306,fire if value > threshold,label_marginal,200,0.05,191,0.0011014601470781,6.867555470620136e-05,0.0022163281438306,fire if value > threshold,0.0
gate2_id_256,10,svc_rbf,integrity_label_prior_shift,label_marginal,200,0.05,191,0.046875,0.01171875,0.06640625,fire if value > threshold,label_marginal,200,0.05,191,0.046875,0.01171875,0.06640625,fire if value > threshold,0.0
gate2_id_256,10,svc_rbf,integrity_mmd_vs_clean_eval,feature,200,0.05,191,0.0663457695066032,0.0,0.0896804881421136,fire if value > threshold,feature,200,0.05,191,0.0663457695066032,0.0,0.0896804881421136,fire if value > threshold,0.0
gate2_id_256,10,svc_rbf,integrity_pred_disagreement,item_aligned_exact,200,0.0,0,0.0,0.0,0.0,exact item-aligned invariance: fire if |value| > 0; undefined on unaligned null draws,item_aligned_exact,200,0.0,0,0.0,0.0,0.0,exact item-aligned invariance: fire if |value| > 0; undefined on unaligned null draws,0.0
gate2_id_256,10,svc_rbf,integrity_pred_jsd,prediction,200,0.05,191,0.0055016840394679,0.0003290119927284,0.0078762970669125,fire if value > threshold,prediction,200,0.05,191,0.0055016840394679,0.0003290119927284,0.0078762970669125,fire if value > threshold,0.0
gate2_id_256,10,svc_rbf,integrity_pred_pos_rate_shift,prediction,200,0.05,191,0.09375,0.0234375,0.11328125,fire if value > threshold,prediction,200,0.05,191,0.09375,0.0234375,0.11328125,fire if value > threshold,0.0
gate2_id_256,10,svc_rbf,integrity_score_jsd_vs_clean_eval,prediction,200,0.05,191,0.0408473102163144,0.0297281063703453,0.0511963436042877,fire if value > threshold,prediction,200,0.05,191,0.0416099332389572,0.029575811687377752,0.0511963436122999,fire if value > threshold,0.0007626230226428013
gate2_id_256,10,svc_rbf,label_flip_rate,item_aligned_exact,200,0.0,0,0.0,0.0,0.0,exact item-aligned invariance: fire if |value| > 0; undefined on unaligned null draws,item_aligned_exact,200,0.0,0,0.0,0.0,0.0,exact item-aligned invariance: fire if |value| > 0; undefined on unaligned null draws,0.0
gate2_id_256,12,qsvc_zz_r1,integrity_confusion_profile_jsd,joint_outcome,200,0.05,191,0.0067112591219447,0.0014559182327621,0.0094766676148339,fire if value > threshold,joint_outcome,200,0.05,191,0.0067112591219447,0.0014559182327621499,0.0094766676148339,fire if value > threshold,0.0
gate2_id_256,12,qsvc_zz_r1,integrity_confusion_profile_jsd_delta,item_aligned_exact,200,0.0,0,0.0,0.0,0.0,exact item-aligned invariance: fire if |value| > 0; undefined on unaligned null draws,aggregate_exact,200,0.0,0,0.0,0.0,0.0,exact item-aligned invariance: fire if |value| > 0; undefined on unaligned null draws,0.0
gate2_id_256,12,qsvc_zz_r1,integrity_confusion_profile_l1,joint_outcome,200,0.05,191,0.1796875,0.078125,0.2109375,fire if value > threshold,joint_outcome,200,0.05,191,0.1796875,0.078125,0.2109375,fire if value > threshold,0.0
gate2_id_256,12,qsvc_zz_r1,integrity_confusion_profile_l1_delta,item_aligned_exact,200,0.0,0,0.0,0.0,0.0,exact item-aligned invariance: fire if |value| > 0; undefined on unaligned null draws,aggregate_exact,200,0.0,0,0.0,0.0,0.0,exact item-aligned invariance: fire if |value| > 0; undefined on unaligned null draws,0.0
gate2_id_256,12,qsvc_zz_r1,integrity_jsd_vs_clean_eval,feature,200,0.05,191,0.0343094006730517,0.0276971553340065,0.0358116493806309,fire if value > threshold,feature,200,0.05,191,0.0332254576933257,0.02621924794014075,0.0345400289200761,fire if value > threshold,-0.0010839429797259992
gate2_id_256,12,qsvc_zz_r1,integrity_ks_reject05_vs_clean_eval,feature,200,0.05,191,0.3333333333333333,0.0833333333333333,0.5,fire if value > threshold,feature,200,0.05,191,0.3333333333333333,0.0833333333333333,0.5,fire if value > threshold,0.0
gate2_id_256,12,qsvc_zz_r1,integrity_label_jsd,label_marginal,200,0.05,191,0.0011014601470781,6.867555470620136e-05,0.0022163281438306,fire if value > threshold,label_marginal,200,0.05,191,0.0011014601470781,6.867555470620136e-05,0.0022163281438306,fire if value > threshold,0.0
gate2_id_256,12,qsvc_zz_r1,integrity_label_prior_shift,label_marginal,200,0.05,191,0.046875,0.01171875,0.06640625,fire if value > threshold,label_marginal,200,0.05,191,0.046875,0.01171875,0.06640625,fire if value > threshold,0.0
gate2_id_256,12,qsvc_zz_r1,integrity_mmd_vs_clean_eval,feature,200,0.05,191,0.0820056694007721,0.0,0.09959722988639,fire if value > threshold,feature,200,0.05,191,0.0820056694007721,0.0,0.09959722988639,fire if value > threshold,0.0
gate2_id_256,12,qsvc_zz_r1,integrity_pred_disagreement,item_aligned_exact,200,0.0,0,0.0,0.0,0.0,exact item-aligned invariance: fire if |value| > 0; undefined on unaligned null draws,item_aligned_exact,200,0.0,0,0.0,0.0,0.0,exact item-aligned invariance: fire if |value| > 0; undefined on unaligned null draws,0.0
gate2_id_256,12,qsvc_zz_r1,integrity_pred_jsd,prediction,200,0.05,191,0.0031870635200895,0.0005077460056951,0.0046588916542489,fire if value > threshold,prediction,200,0.05,191,0.0031870635200895,0.0005077460056951,0.0046588916542489,fire if value > threshold,0.0
gate2_id_256,12,qsvc_zz_r1,integrity_pred_pos_rate_shift,prediction,200,0.05,191,0.078125,0.03125,0.09375,fire if value > threshold,prediction,200,0.05,191,0.078125,0.03125,0.09375,fire if value > threshold,0.0
gate2_id_256,12,qsvc_zz_r1,integrity_score_jsd_vs_clean_eval,prediction,200,0.05,191,0.0515115314875656,0.0425546869171065,0.0572815727469838,fire if value > threshold,prediction,200,0.05,191,0.0491337599737155,0.04130892260390915,0.0551019339886826,fire if value > threshold,-0.002377771513850095
gate2_id_256,12,qsvc_zz_r1,label_flip_rate,item_aligned_exact,200,0.0,0,0.0,0.0,0.0,exact item-aligned invariance: fire if |value| > 0; undefined on unaligned null draws,item_aligned_exact,200,0.0,0,0.0,0.0,0.0,exact item-aligned invariance: fire if |value| > 0; undefined on unaligned null draws,0.0
gate2_id_256,12,svc_rbf,integrity_confusion_profile_jsd,joint_outcome,200,0.05,191,0.0074255582078892,0.0031666984707577,0.0087305530788278,fire if value > threshold,joint_outcome,200,0.05,191,0.0074255582078892,0.00316669847075775,0.0087305530788278,fire if value > threshold,0.0
gate2_id_256,12,svc_rbf,integrity_confusion_profile_jsd_delta,item_aligned_exact,200,0.0,0,0.0,0.0,0.0,exact item-aligned invariance: fire if |value| > 0; undefined on unaligned null draws,aggregate_exact,200,0.0,0,0.0,0.0,0.0,exact item-aligned invariance: fire if |value| > 0; undefined on unaligned null draws,0.0
gate2_id_256,12,svc_rbf,integrity_confusion_profile_l1,joint_outcome,200,0.05,191,0.1796875,0.0859375,0.2109375,fire if value > threshold,joint_outcome,200,0.05,191,0.1796875,0.0859375,0.2109375,fire if value > threshold,0.0
gate2_id_256,12,svc_rbf,integrity_confusion_profile_l1_delta,item_aligned_exact,200,0.0,0,0.0,0.0,0.0,exact item-aligned invariance: fire if |value| > 0; undefined on unaligned null draws,aggregate_exact,200,0.0,0,0.0,0.0,0.0,exact item-aligned invariance: fire if |value| > 0; undefined on unaligned null draws,0.0
gate2_id_256,12,svc_rbf,integrity_jsd_vs_clean_eval,feature,200,0.05,191,0.0343094006646923,0.0276971553281655,0.0358116493716277,fire if value > threshold,feature,200,0.05,191,0.0332254576933257,0.02621924794014075,0.0345400289200761,fire if value > threshold,-0.0010839429713665957
gate2_id_256,12,svc_rbf,integrity_ks_reject05_vs_clean_eval,feature,200,0.05,191,0.3333333333333333,0.0833333333333333,0.5,fire if value > threshold,feature,200,0.05,191,0.3333333333333333,0.0833333333333333,0.5,fire if value > threshold,0.0
gate2_id_256,12,svc_rbf,integrity_label_jsd,label_marginal,200,0.05,191,0.0011014601470781,6.867555470620136e-05,0.0022163281438306,fire if value > threshold,label_marginal,200,0.05,191,0.0011014601470781,6.867555470620136e-05,0.0022163281438306,fire if value > threshold,0.0
gate2_id_256,12,svc_rbf,integrity_label_prior_shift,label_marginal,200,0.05,191,0.046875,0.01171875,0.06640625,fire if value > threshold,label_marginal,200,0.05,191,0.046875,0.01171875,0.06640625,fire if value > threshold,0.0
gate2_id_256,12,svc_rbf,integrity_mmd_vs_clean_eval,feature,200,0.05,191,0.0430928656712423,0.0,0.0562738017810601,fire if value > threshold,feature,200,0.05,191,0.0430928656712423,0.0,0.0562738017810601,fire if value > threshold,0.0
gate2_id_256,12,svc_rbf,integrity_pred_disagreement,item_aligned_exact,200,0.0,0,0.0,0.0,0.0,exact item-aligned invariance: fire if |value| > 0; undefined on unaligned null draws,item_aligned_exact,200,0.0,0,0.0,0.0,0.0,exact item-aligned invariance: fire if |value| > 0; undefined on unaligned null draws,0.0
gate2_id_256,12,svc_rbf,integrity_pred_jsd,prediction,200,0.05,191,0.0046612435847818,0.0003254448050272,0.0059030321913444,fire if value > threshold,prediction,200,0.05,191,0.0046612435847818,0.0003254448050272,0.0059030321913444,fire if value > threshold,0.0
gate2_id_256,12,svc_rbf,integrity_pred_pos_rate_shift,prediction,200,0.05,191,0.08984375,0.0234375,0.1015625,fire if value > threshold,prediction,200,0.05,191,0.08984375,0.0234375,0.1015625,fire if value > threshold,0.0
gate2_id_256,12,svc_rbf,integrity_score_jsd_vs_clean_eval,prediction,200,0.05,191,0.0602632519575653,0.0456043410088925,0.0657794012863272,fire if value > threshold,prediction,200,0.05,191,0.0587191092522017,0.0436162582380202,0.0630196075166985,fire if value > threshold,-0.0015441427053635992
gate2_id_256,12,svc_rbf,label_flip_rate,item_aligned_exact,200,0.0,0,0.0,0.0,0.0,exact item-aligned invariance: fire if |value| > 0; undefined on unaligned null draws,item_aligned_exact,200,0.0,0,0.0,0.0,0.0,exact item-aligned invariance: fire if |value| > 0; undefined on unaligned null draws,0.0
gate3a_ood_tue_wed,8,qsvc_zz_r1,integrity_confusion_profile_jsd,joint_outcome,200,0.05,191,0.0122363886320894,0.0028092341640877,0.0209148620383508,fire if value > threshold,joint_outcome,200,0.05,191,0.0122363886320894,0.0028092341640877,0.0209148620383508,fire if value > threshold,0.0
gate3a_ood_tue_wed,8,qsvc_zz_r1,integrity_confusion_profile_jsd_delta,item_aligned_exact,200,0.0,0,0.0,0.0,0.0,exact item-aligned invariance: fire if |value| > 0; undefined on unaligned null draws,aggregate_exact,200,0.0,0,0.0,0.0,0.0,exact item-aligned invariance: fire if |value| > 0; undefined on unaligned null draws,0.0
gate3a_ood_tue_wed,8,qsvc_zz_r1,integrity_confusion_profile_l1,joint_outcome,200,0.05,191,0.2187499999999888,0.0781249999999994,0.281249999999991,fire if value > threshold,joint_outcome,200,0.05,191,0.2187499999999888,0.0781249999999994,0.281249999999991,fire if value > threshold,0.0
gate3a_ood_tue_wed,8,qsvc_zz_r1,integrity_confusion_profile_l1_delta,item_aligned_exact,200,0.0,0,0.0,0.0,0.0,exact item-aligned invariance: fire if |value| > 0; undefined on unaligned null draws,aggregate_exact,200,0.0,0,0.0,0.0,0.0,exact item-aligned invariance: fire if |value| > 0; undefined on unaligned null draws,0.0
gate3a_ood_tue_wed,8,qsvc_zz_r1,integrity_jsd_vs_clean_eval,feature,200,0.05,191,0.0556541515193971,0.0435117602121765,0.0638698296399451,fire if value > threshold,feature,200,0.05,191,0.0549596941900329,0.0426978000962306,0.0629301004104709,fire if value > threshold,-0.0006944573293641981
gate3a_ood_tue_wed,8,qsvc_zz_r1,integrity_ks_reject05_vs_clean_eval,feature,200,0.05,191,0.125,0.0,0.375,fire if value > threshold,feature,200,0.05,191,0.125,0.0,0.375,fire if value > threshold,0.0
gate3a_ood_tue_wed,8,qsvc_zz_r1,integrity_label_jsd,label_marginal,200,0.05,191,0.0037248662123676,0.0004888385244522,0.0060667435555779,fire if value > threshold,label_marginal,200,0.05,191,0.0037248662123676,0.0004888385244522,0.0060667435555779,fire if value > threshold,0.0
gate3a_ood_tue_wed,8,qsvc_zz_r1,integrity_label_prior_shift,label_marginal,200,0.05,191,0.0859375,0.03125,0.109375,fire if value > threshold,label_marginal,200,0.05,191,0.0859375,0.03125,0.109375,fire if value > threshold,0.0
gate3a_ood_tue_wed,8,qsvc_zz_r1,integrity_mmd_vs_clean_eval,feature,200,0.05,191,0.0845019727006916,0.0,0.1546834490949412,fire if value > threshold,feature,200,0.05,191,0.0845019727006916,0.0,0.1546834490949412,fire if value > threshold,0.0
gate3a_ood_tue_wed,8,qsvc_zz_r1,integrity_pred_disagreement,item_aligned_exact,200,0.0,0,0.0,0.0,0.0,exact item-aligned invariance: fire if |value| > 0; undefined on unaligned null draws,item_aligned_exact,200,0.0,0,0.0,0.0,0.0,exact item-aligned invariance: fire if |value| > 0; undefined on unaligned null draws,0.0
gate3a_ood_tue_wed,8,qsvc_zz_r1,integrity_pred_jsd,prediction,200,0.05,191,0.0081922988933004,0.0007522052622919,0.0098011724703511,fire if value > threshold,prediction,200,0.05,191,0.0081922988933004,0.00075220526229195,0.0098011724703511,fire if value > threshold,0.0
gate3a_ood_tue_wed,8,qsvc_zz_r1,integrity_pred_pos_rate_shift,prediction,200,0.05,191,0.0390625,0.0078125,0.0546875,fire if value > threshold,prediction,200,0.05,191,0.0390625,0.0078125,0.0546875,fire if value > threshold,0.0
gate3a_ood_tue_wed,8,qsvc_zz_r1,integrity_score_jsd_vs_clean_eval,prediction,200,0.05,191,0.0881661474728616,0.0608738810720205,0.1209048139664248,fire if value > threshold,prediction,200,0.05,191,0.0891881466957041,0.059999193323342456,0.1119805886920171,fire if value > threshold,0.001021999222842504
gate3a_ood_tue_wed,8,qsvc_zz_r1,label_flip_rate,item_aligned_exact,200,0.0,0,0.0,0.0,0.0,exact item-aligned invariance: fire if |value| > 0; undefined on unaligned null draws,item_aligned_exact,200,0.0,0,0.0,0.0,0.0,exact item-aligned invariance: fire if |value| > 0; undefined on unaligned null draws,0.0
gate3a_ood_tue_wed,8,svc_rbf,integrity_confusion_profile_jsd,joint_outcome,200,0.05,191,0.0161019732243421,0.0038935363360195,0.0297278355217397,fire if value > threshold,joint_outcome,200,0.05,191,0.0161019732243421,0.0038935363360195,0.0297278355217397,fire if value > threshold,0.0
gate3a_ood_tue_wed,8,svc_rbf,integrity_confusion_profile_jsd_delta,item_aligned_exact,200,0.0,0,0.0,0.0,0.0,exact item-aligned invariance: fire if |value| > 0; undefined on unaligned null draws,aggregate_exact,200,0.0,0,0.0,0.0,0.0,exact item-aligned invariance: fire if |value| > 0; undefined on unaligned null draws,0.0
gate3a_ood_tue_wed,8,svc_rbf,integrity_confusion_profile_l1,joint_outcome,200,0.05,191,0.2187499999999921,0.0781249999999993,0.2656249999999824,fire if value > threshold,joint_outcome,200,0.05,191,0.2187499999999921,0.07812499999999936,0.2656249999999824,fire if value > threshold,0.0
gate3a_ood_tue_wed,8,svc_rbf,integrity_confusion_profile_l1_delta,item_aligned_exact,200,0.0,0,0.0,0.0,0.0,exact item-aligned invariance: fire if |value| > 0; undefined on unaligned null draws,aggregate_exact,200,0.0,0,0.0,0.0,0.0,exact item-aligned invariance: fire if |value| > 0; undefined on unaligned null draws,0.0
gate3a_ood_tue_wed,8,svc_rbf,integrity_jsd_vs_clean_eval,feature,200,0.05,191,0.0556541515051074,0.043511760194265,0.0638698296145598,fire if value > threshold,feature,200,0.05,191,0.0549596941900329,0.0426978000962306,0.0629301004104709,fire if value > threshold,-0.0006944573150744968
gate3a_ood_tue_wed,8,svc_rbf,integrity_ks_reject05_vs_clean_eval,feature,200,0.05,191,0.125,0.0,0.375,fire if value > threshold,feature,200,0.05,191,0.125,0.0,0.375,fire if value > threshold,0.0
gate3a_ood_tue_wed,8,svc_rbf,integrity_label_jsd,label_marginal,200,0.05,191,0.0037248662123676,0.0004888385244522,0.0060667435555779,fire if value > threshold,label_marginal,200,0.05,191,0.0037248662123676,0.0004888385244522,0.0060667435555779,fire if value > threshold,0.0
gate3a_ood_tue_wed,8,svc_rbf,integrity_label_prior_shift,label_marginal,200,0.05,191,0.0859375,0.03125,0.109375,fire if value > threshold,label_marginal,200,0.05,191,0.0859375,0.03125,0.109375,fire if value > threshold,0.0
gate3a_ood_tue_wed,8,svc_rbf,integrity_mmd_vs_clean_eval,feature,200,0.05,191,0.0879434789380599,0.0,0.1568354437166419,fire if value > threshold,feature,200,0.05,191,0.0879434789380599,0.0,0.1568354437166419,fire if value > threshold,0.0
gate3a_ood_tue_wed,8,svc_rbf,integrity_pred_disagreement,item_aligned_exact,200,0.0,0,0.0,0.0,0.0,exact item-aligned invariance: fire if |value| > 0; undefined on unaligned null draws,item_aligned_exact,200,0.0,0,0.0,0.0,0.0,exact item-aligned invariance: fire if |value| > 0; undefined on unaligned null draws,0.0
gate3a_ood_tue_wed,8,svc_rbf,integrity_pred_jsd,prediction,200,0.05,191,0.0109544378283923,0.0011885435579841,0.0165269140381457,fire if value > threshold,prediction,200,0.05,191,0.0109544378283923,0.0011885435579841,0.0165269140381457,fire if value > threshold,0.0
gate3a_ood_tue_wed,8,svc_rbf,integrity_pred_pos_rate_shift,prediction,200,0.05,191,0.0390625,0.015625,0.0625,fire if value > threshold,prediction,200,0.05,191,0.0390625,0.015625,0.0625,fire if value > threshold,0.0
gate3a_ood_tue_wed,8,svc_rbf,integrity_score_jsd_vs_clean_eval,prediction,200,0.05,191,0.068954132867903,0.0493403269675924,0.0788559059007132,fire if value > threshold,prediction,200,0.05,191,0.0676463512032067,0.0477361260854233,0.0764218909647939,fire if value > threshold,-0.0013077816646963059
gate3a_ood_tue_wed,8,svc_rbf,label_flip_rate,item_aligned_exact,200,0.0,0,0.0,0.0,0.0,exact item-aligned invariance: fire if |value| > 0; undefined on unaligned null draws,item_aligned_exact,200,0.0,0,0.0,0.0,0.0,exact item-aligned invariance: fire if |value| > 0; undefined on unaligned null draws,0.0
gate3a_ood_tue_wed,10,qsvc_zz_r1,integrity_confusion_profile_jsd,joint_outcome,200,0.05,191,0.0122457711714704,0.0035415650585132,0.0181606283883713,fire if value > threshold,joint_outcome,200,0.05,191,0.0122457711714704,0.0035415650585132004,0.0181606283883713,fire if value > threshold,0.0
gate3a_ood_tue_wed,10,qsvc_zz_r1,integrity_confusion_profile_jsd_delta,item_aligned_exact,200,0.0,0,0.0,0.0,0.0,exact item-aligned invariance: fire if |value| > 0; undefined on unaligned null draws,aggregate_exact,200,0.0,0,0.0,0.0,0.0,exact item-aligned invariance: fire if |value| > 0; undefined on unaligned null draws,0.0
gate3a_ood_tue_wed,10,qsvc_zz_r1,integrity_confusion_profile_l1,joint_outcome,200,0.05,191,0.21875,0.0937499999999996,0.28125,fire if value > threshold,joint_outcome,200,0.05,191,0.21875,0.09374999999999965,0.28125,fire if value > threshold,0.0
gate3a_ood_tue_wed,10,qsvc_zz_r1,integrity_confusion_profile_l1_delta,item_aligned_exact,200,0.0,0,0.0,0.0,0.0,exact item-aligned invariance: fire if |value| > 0; undefined on unaligned null draws,aggregate_exact,200,0.0,0,0.0,0.0,0.0,exact item-aligned invariance: fire if |value| > 0; undefined on unaligned null draws,0.0
gate3a_ood_tue_wed,10,qsvc_zz_r1,integrity_jsd_vs_clean_eval,feature,200,0.05,191,0.0575171098485287,0.046245208596664,0.0698488965531823,fire if value > threshold,feature,200,0.05,191,0.0575416527397827,0.0453959629070992,0.0683605502489283,fire if value > threshold,2.4542891253996613e-05
gate3a_ood_tue_wed,10,qsvc_zz_r1,integrity_ks_reject05_vs_clean_eval,feature,200,0.05,191,0.2,0.0,0.3,fire if value > threshold,feature,200,0.05,191,0.2,0.0,0.3,fire if value > threshold,0.0
gate3a_ood_tue_wed,10,qsvc_zz_r1,integrity_label_jsd,label_marginal,200,0.05,191,0.0037248662123676,0.0004888385244522,0.0060667435555779,fire if value > threshold,label_marginal,200,0.05,191,0.0037248662123676,0.0004888385244522,0.0060667435555779,fire if value > threshold,0.0
gate3a_ood_tue_wed,10,qsvc_zz_r1,integrity_label_prior_shift,label_marginal,200,0.05,191,0.0859375,0.03125,0.109375,fire if value > threshold,label_marginal,200,0.05,191,0.0859375,0.03125,0.109375,fire if value > threshold,0.0
gate3a_ood_tue_wed,10,qsvc_zz_r1,integrity_mmd_vs_clean_eval,feature,200,0.05,191,0.0872720259994517,0.0,0.153213343489505,fire if value > threshold,feature,200,0.05,191,0.0872720259994517,0.0,0.153213343489505,fire if value > threshold,0.0
gate3a_ood_tue_wed,10,qsvc_zz_r1,integrity_pred_disagreement,item_aligned_exact,200,0.0,0,0.0,0.0,0.0,exact item-aligned invariance: fire if |value| > 0; undefined on unaligned null draws,item_aligned_exact,200,0.0,0,0.0,0.0,0.0,exact item-aligned invariance: fire if |value| > 0; undefined on unaligned null draws,0.0
gate3a_ood_tue_wed,10,qsvc_zz_r1,integrity_pred_jsd,prediction,200,0.05,191,0.0070318522937056,0.0012527554089398,0.0148857277757162,fire if value > threshold,prediction,200,0.05,191,0.0070318522937056,0.0012527554089398,0.0148857277757162,fire if value > threshold,0.0
gate3a_ood_tue_wed,10,qsvc_zz_r1,integrity_pred_pos_rate_shift,prediction,200,0.05,191,0.0625,0.015625,0.1171875,fire if value > threshold,prediction,200,0.05,191,0.0625,0.015625,0.1171875,fire if value > threshold,0.0
gate3a_ood_tue_wed,10,qsvc_zz_r1,integrity_score_jsd_vs_clean_eval,prediction,200,0.05,191,0.100257720058308,0.0665227854623652,0.1313623071107502,fire if value > threshold,prediction,200,0.05,191,0.1002505323962124,0.06419133585316755,0.1263079212092032,fire if value > threshold,-7.187662095606284e-06
gate3a_ood_tue_wed,10,qsvc_zz_r1,label_flip_rate,item_aligned_exact,200,0.0,0,0.0,0.0,0.0,exact item-aligned invariance: fire if |value| > 0; undefined on unaligned null draws,item_aligned_exact,200,0.0,0,0.0,0.0,0.0,exact item-aligned invariance: fire if |value| > 0; undefined on unaligned null draws,0.0
gate3a_ood_tue_wed,10,svc_rbf,integrity_confusion_profile_jsd,joint_outcome,200,0.05,191,0.0171139834013355,0.0042254837047257,0.026486257637088,fire if value > threshold,joint_outcome,200,0.05,191,0.0171139834013355,0.0042254837047257,0.026486257637088,fire if value > threshold,0.0
gate3a_ood_tue_wed,10,svc_rbf,integrity_confusion_profile_jsd_delta,item_aligned_exact,200,0.0,0,0.0,0.0,0.0,exact item-aligned invariance: fire if |value| > 0; undefined on unaligned null draws,aggregate_exact,200,0.0,0,0.0,0.0,0.0,exact item-aligned invariance: fire if |value| > 0; undefined on unaligned null draws,0.0
gate3a_ood_tue_wed,10,svc_rbf,integrity_confusion_profile_l1,joint_outcome,200,0.05,191,0.2187499999999925,0.0781249999999997,0.2499999999999825,fire if value > threshold,joint_outcome,200,0.05,191,0.2187499999999925,0.0781249999999997,0.2499999999999825,fire if value > threshold,0.0
gate3a_ood_tue_wed,10,svc_rbf,integrity_confusion_profile_l1_delta,item_aligned_exact,200,0.0,0,0.0,0.0,0.0,exact item-aligned invariance: fire if |value| > 0; undefined on unaligned null draws,aggregate_exact,200,0.0,0,0.0,0.0,0.0,exact item-aligned invariance: fire if |value| > 0; undefined on unaligned null draws,0.0
gate3a_ood_tue_wed,10,svc_rbf,integrity_jsd_vs_clean_eval,feature,200,0.05,191,0.0575171098199209,0.0462452085733562,0.0698488965224153,fire if value > threshold,feature,200,0.05,191,0.0575416527397827,0.0453959629070992,0.0683605502489283,fire if value > threshold,2.454291986180024e-05
gate3a_ood_tue_wed,10,svc_rbf,integrity_ks_reject05_vs_clean_eval,feature,200,0.05,191,0.2,0.0,0.3,fire if value > threshold,feature,200,0.05,191,0.2,0.0,0.3,fire if value > threshold,0.0
gate3a_ood_tue_wed,10,svc_rbf,integrity_label_jsd,label_marginal,200,0.05,191,0.0037248662123676,0.0004888385244522,0.0060667435555779,fire if value > threshold,label_marginal,200,0.05,191,0.0037248662123676,0.0004888385244522,0.0060667435555779,fire if value > threshold,0.0
gate3a_ood_tue_wed,10,svc_rbf,integrity_label_prior_shift,label_marginal,200,0.05,191,0.0859375,0.03125,0.109375,fire if value > threshold,label_marginal,200,0.05,191,0.0859375,0.03125,0.109375,fire if value > threshold,0.0
gate3a_ood_tue_wed,10,svc_rbf,integrity_mmd_vs_clean_eval,feature,200,0.05,191,0.0870415591188627,0.0,0.1550687498165081,fire if value > threshold,feature,200,0.05,191,0.0870415591188627,0.0,0.1550687498165081,fire if value > threshold,0.0
gate3a_ood_tue_wed,10,svc_rbf,integrity_pred_disagreement,item_aligned_exact,200,0.0,0,0.0,0.0,0.0,exact item-aligned invariance: fire if |value| > 0; undefined on unaligned null draws,item_aligned_exact,200,0.0,0,0.0,0.0,0.0,exact item-aligned invariance: fire if |value| > 0; undefined on unaligned null draws,0.0
gate3a_ood_tue_wed,10,svc_rbf,integrity_pred_jsd,prediction,200,0.05,191,0.0101703276633815,0.0018761786348243,0.019337643747433,fire if value > threshold,prediction,200,0.05,191,0.0101703276633815,0.0018761786348243,0.019337643747433,fire if value > threshold,0.0
gate3a_ood_tue_wed,10,svc_rbf,integrity_pred_pos_rate_shift,prediction,200,0.05,191,0.0390625,0.015625,0.0546875,fire if value > threshold,prediction,200,0.05,191,0.0390625,0.015625,0.0546875,fire if value > threshold,0.0
gate3a_ood_tue_wed,10,svc_rbf,integrity_score_jsd_vs_clean_eval,prediction,200,0.05,191,0.0668889663470101,0.0472766652675026,0.0920015895080163,fire if value > threshold,prediction,200,0.05,191,0.0659384461768034,0.0454561632662151,0.0892416481325863,fire if value > threshold,-0.0009505201702066923
gate3a_ood_tue_wed,10,svc_rbf,label_flip_rate,item_aligned_exact,200,0.0,0,0.0,0.0,0.0,exact item-aligned invariance: fire if |value| > 0; undefined on unaligned null draws,item_aligned_exact,200,0.0,0,0.0,0.0,0.0,exact item-aligned invariance: fire if |value| > 0; undefined on unaligned null draws,0.0
gate3a_ood_tue_wed,12,qsvc_zz_r1,integrity_confusion_profile_jsd,joint_outcome,200,0.05,191,0.0107896142410631,0.0034715799271408,0.0229849005653841,fire if value > threshold,joint_outcome,200,0.05,191,0.0107896142410631,0.0034715799271408,0.0229849005653841,fire if value > threshold,0.0
gate3a_ood_tue_wed,12,qsvc_zz_r1,integrity_confusion_profile_jsd_delta,item_aligned_exact,200,0.0,0,0.0,0.0,0.0,exact item-aligned invariance: fire if |value| > 0; undefined on unaligned null draws,aggregate_exact,200,0.0,0,0.0,0.0,0.0,exact item-aligned invariance: fire if |value| > 0; undefined on unaligned null draws,0.0
gate3a_ood_tue_wed,12,qsvc_zz_r1,integrity_confusion_profile_l1,joint_outcome,200,0.05,191,0.2343749999999926,0.1093749999999989,0.328125,fire if value > threshold,joint_outcome,200,0.05,191,0.2343749999999926,0.10937499999999895,0.328125,fire if value > threshold,0.0
gate3a_ood_tue_wed,12,qsvc_zz_r1,integrity_confusion_profile_l1_delta,item_aligned_exact,200,0.0,0,0.0,0.0,0.0,exact item-aligned invariance: fire if |value| > 0; undefined on unaligned null draws,aggregate_exact,200,0.0,0,0.0,0.0,0.0,exact item-aligned invariance: fire if |value| > 0; undefined on unaligned null draws,0.0
gate3a_ood_tue_wed,12,qsvc_zz_r1,integrity_jsd_vs_clean_eval,feature,200,0.05,191,0.0591572693232891,0.0477076152005963,0.0697706066963125,fire if value > threshold,feature,200,0.05,191,0.058285679483015,0.04698057614648355,0.0685849239062475,fire if value > threshold,-0.0008715898402740993
gate3a_ood_tue_wed,12,qsvc_zz_r1,integrity_ks_reject05_vs_clean_eval,feature,200,0.05,191,0.1666666666666666,0.0,0.25,fire if value > threshold,feature,200,0.05,191,0.1666666666666666,0.0,0.25,fire if value > threshold,0.0
gate3a_ood_tue_wed,12,qsvc_zz_r1,integrity_label_jsd,label_marginal,200,0.05,191,0.0037248662123676,0.0004888385244522,0.0060667435555779,fire if value > threshold,label_marginal,200,0.05,191,0.0037248662123676,0.0004888385244522,0.0060667435555779,fire if value > threshold,0.0
gate3a_ood_tue_wed,12,qsvc_zz_r1,integrity_label_prior_shift,label_marginal,200,0.05,191,0.0859375,0.03125,0.109375,fire if value > threshold,label_marginal,200,0.05,191,0.0859375,0.03125,0.109375,fire if value > threshold,0.0
gate3a_ood_tue_wed,12,qsvc_zz_r1,integrity_mmd_vs_clean_eval,feature,200,0.05,191,0.090775014071253,0.0,0.1494550726373547,fire if value > threshold,feature,200,0.05,191,0.090775014071253,0.0,0.1494550726373547,fire if value > threshold,0.0
gate3a_ood_tue_wed,12,qsvc_zz_r1,integrity_pred_disagreement,item_aligned_exact,200,0.0,0,0.0,0.0,0.0,exact item-aligned invariance: fire if |value| > 0; undefined on unaligned null draws,item_aligned_exact,200,0.0,0,0.0,0.0,0.0,exact item-aligned invariance: fire if |value| > 0; undefined on unaligned null draws,0.0
gate3a_ood_tue_wed,12,qsvc_zz_r1,integrity_pred_jsd,prediction,200,0.05,191,0.0078149435872446,0.0013084637642981,0.0221649690889128,fire if value > threshold,prediction,200,0.05,191,0.0078149435872446,0.00130846376429815,0.0221649690889128,fire if value > threshold,0.0
gate3a_ood_tue_wed,12,qsvc_zz_r1,integrity_pred_pos_rate_shift,prediction,200,0.05,191,0.09375,0.0234375,0.1328125,fire if value > threshold,prediction,200,0.05,191,0.09375,0.0234375,0.1328125,fire if value > threshold,0.0
gate3a_ood_tue_wed,12,qsvc_zz_r1,integrity_score_jsd_vs_clean_eval,prediction,200,0.05,191,0.0952244214668537,0.0665161754871319,0.1104205305669227,fire if value > threshold,prediction,200,0.05,191,0.0926884158000356,0.06551187163732505,0.1104205305830724,fire if value > threshold,-0.0025360056668180947
gate3a_ood_tue_wed,12,qsvc_zz_r1,label_flip_rate,item_aligned_exact,200,0.0,0,0.0,0.0,0.0,exact item-aligned invariance: fire if |value| > 0; undefined on unaligned null draws,item_aligned_exact,200,0.0,0,0.0,0.0,0.0,exact item-aligned invariance: fire if |value| > 0; undefined on unaligned null draws,0.0
gate3a_ood_tue_wed,12,svc_rbf,integrity_confusion_profile_jsd,joint_outcome,200,0.05,191,0.0135625395117152,0.0038760276031924,0.0206048632056964,fire if value > threshold,joint_outcome,200,0.05,191,0.0135625395117152,0.0038760276031924003,0.0206048632056964,fire if value > threshold,0.0
gate3a_ood_tue_wed,12,svc_rbf,integrity_confusion_profile_jsd_delta,item_aligned_exact,200,0.0,0,0.0,0.0,0.0,exact item-aligned invariance: fire if |value| > 0; undefined on unaligned null draws,aggregate_exact,200,0.0,0,0.0,0.0,0.0,exact item-aligned invariance: fire if |value| > 0; undefined on unaligned null draws,0.0
gate3a_ood_tue_wed,12,svc_rbf,integrity_confusion_profile_l1,joint_outcome,200,0.05,191,0.2031249999999984,0.0781249999999955,0.2343749999999906,fire if value > threshold,joint_outcome,200,0.05,191,0.2031249999999984,0.07812499999999556,0.2343749999999906,fire if value > threshold,0.0
gate3a_ood_tue_wed,12,svc_rbf,integrity_confusion_profile_l1_delta,item_aligned_exact,200,0.0,0,0.0,0.0,0.0,exact item-aligned invariance: fire if |value| > 0; undefined on unaligned null draws,aggregate_exact,200,0.0,0,0.0,0.0,0.0,exact item-aligned invariance: fire if |value| > 0; undefined on unaligned null draws,0.0
gate3a_ood_tue_wed,12,svc_rbf,integrity_jsd_vs_clean_eval,feature,200,0.05,191,0.0591572692969506,0.0477076151772144,0.0697706066651413,fire if value > threshold,feature,200,0.05,191,0.058285679483015,0.04698057614648355,0.0685849239062475,fire if value > threshold,-0.0008715898139355985
gate3a_ood_tue_wed,12,svc_rbf,integrity_ks_reject05_vs_clean_eval,feature,200,0.05,191,0.1666666666666666,0.0,0.25,fire if value > threshold,feature,200,0.05,191,0.1666666666666666,0.0,0.25,fire if value > threshold,0.0
gate3a_ood_tue_wed,12,svc_rbf,integrity_label_jsd,label_marginal,200,0.05,191,0.0037248662123676,0.0004888385244522,0.0060667435555779,fire if value > threshold,label_marginal,200,0.05,191,0.0037248662123676,0.0004888385244522,0.0060667435555779,fire if value > threshold,0.0
gate3a_ood_tue_wed,12,svc_rbf,integrity_label_prior_shift,label_marginal,200,0.05,191,0.0859375,0.03125,0.109375,fire if value > threshold,label_marginal,200,0.05,191,0.0859375,0.03125,0.109375,fire if value > threshold,0.0
gate3a_ood_tue_wed,12,svc_rbf,integrity_mmd_vs_clean_eval,feature,200,0.05,191,0.0907856970133748,0.0,0.1509191941819111,fire if value > threshold,feature,200,0.05,191,0.0907856970133748,0.0,0.1509191941819111,fire if value > threshold,0.0
gate3a_ood_tue_wed,12,svc_rbf,integrity_pred_disagreement,item_aligned_exact,200,0.0,0,0.0,0.0,0.0,exact item-aligned invariance: fire if |value| > 0; undefined on unaligned null draws,item_aligned_exact,200,0.0,0,0.0,0.0,0.0,exact item-aligned invariance: fire if |value| > 0; undefined on unaligned null draws,0.0
gate3a_ood_tue_wed,12,svc_rbf,integrity_pred_jsd,prediction,200,0.05,191,0.0109544378283923,0.0027152654958747,0.019337643747433,fire if value > threshold,prediction,200,0.05,191,0.0109544378283923,0.0027152654958747,0.019337643747433,fire if value > threshold,0.0
gate3a_ood_tue_wed,12,svc_rbf,integrity_pred_pos_rate_shift,prediction,200,0.05,191,0.0390625,0.0078125,0.0546875,fire if value > threshold,prediction,200,0.05,191,0.0390625,0.0078125,0.0546875,fire if value > threshold,0.0
gate3a_ood_tue_wed,12,svc_rbf,integrity_score_jsd_vs_clean_eval,prediction,200,0.05,191,0.0785493408503115,0.0514454605366603,0.0996325963434253,fire if value > threshold,prediction,200,0.05,191,0.0783780255225617,0.04949262079927435,0.0989754106471495,fire if value > threshold,-0.00017131532774979086
gate3a_ood_tue_wed,12,svc_rbf,label_flip_rate,item_aligned_exact,200,0.0,0,0.0,0.0,0.0,exact item-aligned invariance: fire if |value| > 0; undefined on unaligned null draws,item_aligned_exact,200,0.0,0,0.0,0.0,0.0,exact item-aligned invariance: fire if |value| > 0; undefined on unaligned null draws,0.0
gate3b_ood_tue_fri_portscan,8,qsvc_zz_r1,integrity_confusion_profile_jsd,joint_outcome,200,0.05,191,0.0112188969011002,0.0029225799317637,0.0169552115445645,fire if value > threshold,joint_outcome,200,0.05,191,0.0112188969011002,0.00292257993176375,0.0169552115445645,fire if value > threshold,0.0
gate3b_ood_tue_fri_portscan,8,qsvc_zz_r1,integrity_confusion_profile_jsd_delta,item_aligned_exact,200,0.0,0,0.0,0.0,0.0,exact item-aligned invariance: fire if |value| > 0; undefined on unaligned null draws,aggregate_exact,200,0.0,0,0.0,0.0,0.0,exact item-aligned invariance: fire if |value| > 0; undefined on unaligned null draws,0.0
gate3b_ood_tue_fri_portscan,8,qsvc_zz_r1,integrity_confusion_profile_l1,joint_outcome,200,0.05,191,0.2187499999999966,0.0937499999999985,0.265625,fire if value > threshold,joint_outcome,200,0.05,191,0.2187499999999966,0.0937499999999985,0.265625,fire if value > threshold,0.0
gate3b_ood_tue_fri_portscan,8,qsvc_zz_r1,integrity_confusion_profile_l1_delta,item_aligned_exact,200,0.0,0,0.0,0.0,0.0,exact item-aligned invariance: fire if |value| > 0; undefined on unaligned null draws,aggregate_exact,200,0.0,0,0.0,0.0,0.0,exact item-aligned invariance: fire if |value| > 0; undefined on unaligned null draws,0.0
gate3b_ood_tue_fri_portscan,8,qsvc_zz_r1,integrity_jsd_vs_clean_eval,feature,200,0.05,191,0.04860250306317,0.0366893233491234,0.0532349414117125,fire if value > threshold,feature,200,0.05,191,0.0469820219694573,0.0362657010417281,0.0521739927823805,fire if value > threshold,-0.0016204810937127043
gate3b_ood_tue_fri_portscan,8,qsvc_zz_r1,integrity_ks_reject05_vs_clean_eval,feature,200,0.05,191,0.25,0.0,0.5,fire if value > threshold,feature,200,0.05,191,0.25,0.0,0.5,fire if value > threshold,0.0
gate3b_ood_tue_fri_portscan,8,qsvc_zz_r1,integrity_label_jsd,label_marginal,200,0.05,191,0.0037248662123676,0.0004888385244522,0.0060667435555779,fire if value > threshold,label_marginal,200,0.05,191,0.0037248662123676,0.0004888385244522,0.0060667435555779,fire if value > threshold,0.0
gate3b_ood_tue_fri_portscan,8,qsvc_zz_r1,integrity_label_prior_shift,label_marginal,200,0.05,191,0.0859375,0.03125,0.109375,fire if value > threshold,label_marginal,200,0.05,191,0.0859375,0.03125,0.109375,fire if value > threshold,0.0
gate3b_ood_tue_fri_portscan,8,qsvc_zz_r1,integrity_mmd_vs_clean_eval,feature,200,0.05,191,0.1137148519254796,0.0,0.1951116655665379,fire if value > threshold,feature,200,0.05,191,0.1137148519254796,0.0,0.1951116655665379,fire if value > threshold,0.0
gate3b_ood_tue_fri_portscan,8,qsvc_zz_r1,integrity_pred_disagreement,item_aligned_exact,200,0.0,0,0.0,0.0,0.0,exact item-aligned invariance: fire if |value| > 0; undefined on unaligned null draws,item_aligned_exact,200,0.0,0,0.0,0.0,0.0,exact item-aligned invariance: fire if |value| > 0; undefined on unaligned null draws,0.0
gate3b_ood_tue_fri_portscan,8,qsvc_zz_r1,integrity_pred_jsd,prediction,200,0.05,191,0.0054459705280867,0.0002838525820551,0.0078817185552511,fire if value > threshold,prediction,200,0.05,191,0.0054459705280867,0.0002838525820551,0.0078817185552511,fire if value > threshold,0.0
gate3b_ood_tue_fri_portscan,8,qsvc_zz_r1,integrity_pred_pos_rate_shift,prediction,200,0.05,191,0.0546875,0.0078125,0.125,fire if value > threshold,prediction,200,0.05,191,0.0546875,0.0078125,0.125,fire if value > threshold,0.0
gate3b_ood_tue_fri_portscan,8,qsvc_zz_r1,integrity_score_jsd_vs_clean_eval,prediction,200,0.05,191,0.1198509622356011,0.0857958110480879,0.1585811934142503,fire if value > threshold,prediction,200,0.05,191,0.1198509622428252,0.08487053807701775,0.1585811934339846,fire if value > threshold,7.224096321145623e-12
gate3b_ood_tue_fri_portscan,8,qsvc_zz_r1,label_flip_rate,item_aligned_exact,200,0.0,0,0.0,0.0,0.0,exact item-aligned invariance: fire if |value| > 0; undefined on unaligned null draws,item_aligned_exact,200,0.0,0,0.0,0.0,0.0,exact item-aligned invariance: fire if |value| > 0; undefined on unaligned null draws,0.0
gate3b_ood_tue_fri_portscan,8,svc_rbf,integrity_confusion_profile_jsd,joint_outcome,200,0.05,191,0.0095401493473484,0.0029278713492667,0.0174904279855154,fire if value > threshold,joint_outcome,200,0.05,191,0.0095401493473484,0.00292787134926675,0.0174904279855154,fire if value > threshold,0.0
gate3b_ood_tue_fri_portscan,8,svc_rbf,integrity_confusion_profile_jsd_delta,item_aligned_exact,200,0.0,0,0.0,0.0,0.0,exact item-aligned invariance: fire if |value| > 0; undefined on unaligned null draws,aggregate_exact,200,0.0,0,0.0,0.0,0.0,exact item-aligned invariance: fire if |value| > 0; undefined on unaligned null draws,0.0
gate3b_ood_tue_fri_portscan,8,svc_rbf,integrity_confusion_profile_l1,joint_outcome,200,0.05,191,0.2031249999999969,0.0781249999999916,0.2343749999999981,fire if value > threshold,joint_outcome,200,0.05,191,0.2031249999999969,0.0781249999999916,0.2343749999999981,fire if value > threshold,0.0
gate3b_ood_tue_fri_portscan,8,svc_rbf,integrity_confusion_profile_l1_delta,item_aligned_exact,200,0.0,0,0.0,0.0,0.0,exact item-aligned invariance: fire if |value| > 0; undefined on unaligned null draws,aggregate_exact,200,0.0,0,0.0,0.0,0.0,exact item-aligned invariance: fire if |value| > 0; undefined on unaligned null draws,0.0
gate3b_ood_tue_fri_portscan,8,svc_rbf,integrity_jsd_vs_clean_eval,feature,200,0.05,191,0.0486025030478601,0.0366893233407266,0.0532349413970662,fire if value > threshold,feature,200,0.05,191,0.0469820219694573,0.0362657010417281,0.0521739927823805,fire if value > threshold,-0.001620481078402805
gate3b_ood_tue_fri_portscan,8,svc_rbf,integrity_ks_reject05_vs_clean_eval,feature,200,0.05,191,0.25,0.0,0.5,fire if value > threshold,feature,200,0.05,191,0.25,0.0,0.5,fire if value > threshold,0.0
gate3b_ood_tue_fri_portscan,8,svc_rbf,integrity_label_jsd,label_marginal,200,0.05,191,0.0037248662123676,0.0004888385244522,0.0060667435555779,fire if value > threshold,label_marginal,200,0.05,191,0.0037248662123676,0.0004888385244522,0.0060667435555779,fire if value > threshold,0.0
gate3b_ood_tue_fri_portscan,8,svc_rbf,integrity_label_prior_shift,label_marginal,200,0.05,191,0.0859375,0.03125,0.109375,fire if value > threshold,label_marginal,200,0.05,191,0.0859375,0.03125,0.109375,fire if value > threshold,0.0
gate3b_ood_tue_fri_portscan,8,svc_rbf,integrity_mmd_vs_clean_eval,feature,200,0.05,191,0.1129377819588548,0.0,0.200889049126764,fire if value > threshold,feature,200,0.05,191,0.1129377819588548,0.0,0.200889049126764,fire if value > threshold,0.0
gate3b_ood_tue_fri_portscan,8,svc_rbf,integrity_pred_disagreement,item_aligned_exact,200,0.0,0,0.0,0.0,0.0,exact item-aligned invariance: fire if |value| > 0; undefined on unaligned null draws,item_aligned_exact,200,0.0,0,0.0,0.0,0.0,exact item-aligned invariance: fire if |value| > 0; undefined on unaligned null draws,0.0
gate3b_ood_tue_fri_portscan,8,svc_rbf,integrity_pred_jsd,prediction,200,0.05,191,0.0058106140454492,0.0010185005576623,0.0137325780883713,fire if value > threshold,prediction,200,0.05,191,0.0058106140454492,0.0010185005576623,0.0137325780883713,fire if value > threshold,0.0
gate3b_ood_tue_fri_portscan,8,svc_rbf,integrity_pred_pos_rate_shift,prediction,200,0.05,191,0.03125,0.0078125,0.0390625,fire if value > threshold,prediction,200,0.05,191,0.03125,0.0078125,0.0390625,fire if value > threshold,0.0
gate3b_ood_tue_fri_portscan,8,svc_rbf,integrity_score_jsd_vs_clean_eval,prediction,200,0.05,191,0.0662220787635732,0.0454299740420408,0.07997899632285,fire if value > threshold,prediction,200,0.05,191,0.0669277916630261,0.0439665269753437,0.0772851470233445,fire if value > threshold,0.0007057128994529122
gate3b_ood_tue_fri_portscan,8,svc_rbf,label_flip_rate,item_aligned_exact,200,0.0,0,0.0,0.0,0.0,exact item-aligned invariance: fire if |value| > 0; undefined on unaligned null draws,item_aligned_exact,200,0.0,0,0.0,0.0,0.0,exact item-aligned invariance: fire if |value| > 0; undefined on unaligned null draws,0.0
gate3b_ood_tue_fri_portscan,10,qsvc_zz_r1,integrity_confusion_profile_jsd,joint_outcome,200,0.05,191,0.0178737075037869,0.0041736606839309,0.0411398918724773,fire if value > threshold,joint_outcome,200,0.05,191,0.0178737075037869,0.0041736606839309,0.0411398918724773,fire if value > threshold,0.0
gate3b_ood_tue_fri_portscan,10,qsvc_zz_r1,integrity_confusion_profile_jsd_delta,item_aligned_exact,200,0.0,0,0.0,0.0,0.0,exact item-aligned invariance: fire if |value| > 0; undefined on unaligned null draws,aggregate_exact,200,0.0,0,0.0,0.0,0.0,exact item-aligned invariance: fire if |value| > 0; undefined on unaligned null draws,0.0
gate3b_ood_tue_fri_portscan,10,qsvc_zz_r1,integrity_confusion_profile_l1,joint_outcome,200,0.05,191,0.265625,0.125,0.453125,fire if value > threshold,joint_outcome,200,0.05,191,0.265625,0.125,0.453125,fire if value > threshold,0.0
gate3b_ood_tue_fri_portscan,10,qsvc_zz_r1,integrity_confusion_profile_l1_delta,item_aligned_exact,200,0.0,0,0.0,0.0,0.0,exact item-aligned invariance: fire if |value| > 0; undefined on unaligned null draws,aggregate_exact,200,0.0,0,0.0,0.0,0.0,exact item-aligned invariance: fire if |value| > 0; undefined on unaligned null draws,0.0
gate3b_ood_tue_fri_portscan,10,qsvc_zz_r1,integrity_jsd_vs_clean_eval,feature,200,0.05,191,0.0477788826824717,0.0379084558466168,0.0513384047116593,fire if value > threshold,feature,200,0.05,191,0.046789933532872,0.0366558419169365,0.0527843882775811,fire if value > threshold,-0.0009889491495996966
gate3b_ood_tue_fri_portscan,10,qsvc_zz_r1,integrity_ks_reject05_vs_clean_eval,feature,200,0.05,191,0.2,0.0,0.5,fire if value > threshold,feature,200,0.05,191,0.2,0.0,0.5,fire if value > threshold,0.0
gate3b_ood_tue_fri_portscan,10,qsvc_zz_r1,integrity_label_jsd,label_marginal,200,0.05,191,0.0037248662123676,0.0004888385244522,0.0060667435555779,fire if value > threshold,label_marginal,200,0.05,191,0.0037248662123676,0.0004888385244522,0.0060667435555779,fire if value > threshold,0.0
gate3b_ood_tue_fri_portscan,10,qsvc_zz_r1,integrity_label_prior_shift,label_marginal,200,0.05,191,0.0859375,0.03125,0.109375,fire if value > threshold,label_marginal,200,0.05,191,0.0859375,0.03125,0.109375,fire if value > threshold,0.0
gate3b_ood_tue_fri_portscan,10,qsvc_zz_r1,integrity_mmd_vs_clean_eval,feature,200,0.05,191,0.1131749019314342,0.0,0.2065628862807048,fire if value > threshold,feature,200,0.05,191,0.1131749019314342,0.0,0.2065628862807048,fire if value > threshold,0.0
gate3b_ood_tue_fri_portscan,10,qsvc_zz_r1,integrity_pred_disagreement,item_aligned_exact,200,0.0,0,0.0,0.0,0.0,exact item-aligned invariance: fire if |value| > 0; undefined on unaligned null draws,item_aligned_exact,200,0.0,0,0.0,0.0,0.0,exact item-aligned invariance: fire if |value| > 0; undefined on unaligned null draws,0.0
gate3b_ood_tue_fri_portscan,10,qsvc_zz_r1,integrity_pred_jsd,prediction,200,0.05,191,0.0095728571075621,0.0005032393606298,0.0283758823276789,fire if value > threshold,prediction,200,0.05,191,0.0095728571075621,0.0005032393606298,0.0283758823276789,fire if value > threshold,0.0
gate3b_ood_tue_fri_portscan,10,qsvc_zz_r1,integrity_pred_pos_rate_shift,prediction,200,0.05,191,0.1328125,0.03125,0.2265625,fire if value > threshold,prediction,200,0.05,191,0.1328125,0.03125,0.2265625,fire if value > threshold,0.0
gate3b_ood_tue_fri_portscan,10,qsvc_zz_r1,integrity_score_jsd_vs_clean_eval,prediction,200,0.05,191,0.1126558872301851,0.0812052177774322,0.1402527730246113,fire if value > threshold,prediction,200,0.05,191,0.1087619811007459,0.0773644752424061,0.1334957019603272,fire if value > threshold,-0.003893906129439198
gate3b_ood_tue_fri_portscan,10,qsvc_zz_r1,label_flip_rate,item_aligned_exact,200,0.0,0,0.0,0.0,0.0,exact item-aligned invariance: fire if |value| > 0; undefined on unaligned null draws,item_aligned_exact,200,0.0,0,0.0,0.0,0.0,exact item-aligned invariance: fire if |value| > 0; undefined on unaligned null draws,0.0
gate3b_ood_tue_fri_portscan,10,svc_rbf,integrity_confusion_profile_jsd,joint_outcome,200,0.05,191,0.0091509738680562,0.0029071163726631,0.0177742956077319,fire if value > threshold,joint_outcome,200,0.05,191,0.0091509738680562,0.0029071163726631,0.0177742956077319,fire if value > threshold,0.0
gate3b_ood_tue_fri_portscan,10,svc_rbf,integrity_confusion_profile_jsd_delta,item_aligned_exact,200,0.0,0,0.0,0.0,0.0,exact item-aligned invariance: fire if |value| > 0; undefined on unaligned null draws,aggregate_exact,200,0.0,0,0.0,0.0,0.0,exact item-aligned invariance: fire if |value| > 0; undefined on unaligned null draws,0.0
gate3b_ood_tue_fri_portscan,10,svc_rbf,integrity_confusion_profile_l1,joint_outcome,200,0.05,191,0.2031249999999969,0.0781249999999922,0.2343749999999886,fire if value > threshold,joint_outcome,200,0.05,191,0.2031249999999969,0.0781249999999922,0.2343749999999886,fire if value > threshold,0.0
gate3b_ood_tue_fri_portscan,10,svc_rbf,integrity_confusion_profile_l1_delta,item_aligned_exact,200,0.0,0,0.0,0.0,0.0,exact item-aligned invariance: fire if |value| > 0; undefined on unaligned null draws,aggregate_exact,200,0.0,0,0.0,0.0,0.0,exact item-aligned invariance: fire if |value| > 0; undefined on unaligned null draws,0.0
gate3b_ood_tue_fri_portscan,10,svc_rbf,integrity_jsd_vs_clean_eval,feature,200,0.05,191,0.0477788826681863,0.0379084558361779,0.0513384047058018,fire if value > threshold,feature,200,0.05,191,0.046789933532872,0.0366558419169365,0.0527843882775811,fire if value > threshold,-0.0009889491353142973
gate3b_ood_tue_fri_portscan,10,svc_rbf,integrity_ks_reject05_vs_clean_eval,feature,200,0.05,191,0.2,0.0,0.5,fire if value > threshold,feature,200,0.05,191,0.2,0.0,0.5,fire if value > threshold,0.0
gate3b_ood_tue_fri_portscan,10,svc_rbf,integrity_label_jsd,label_marginal,200,0.05,191,0.0037248662123676,0.0004888385244522,0.0060667435555779,fire if value > threshold,label_marginal,200,0.05,191,0.0037248662123676,0.0004888385244522,0.0060667435555779,fire if value > threshold,0.0
gate3b_ood_tue_fri_portscan,10,svc_rbf,integrity_label_prior_shift,label_marginal,200,0.05,191,0.0859375,0.03125,0.109375,fire if value > threshold,label_marginal,200,0.05,191,0.0859375,0.03125,0.109375,fire if value > threshold,0.0
gate3b_ood_tue_fri_portscan,10,svc_rbf,integrity_mmd_vs_clean_eval,feature,200,0.05,191,0.1110118721665893,0.0,0.2071782539474455,fire if value > threshold,feature,200,0.05,191,0.1110118721665893,0.0,0.2071782539474455,fire if value > threshold,0.0
gate3b_ood_tue_fri_portscan,10,svc_rbf,integrity_pred_disagreement,item_aligned_exact,200,0.0,0,0.0,0.0,0.0,exact item-aligned invariance: fire if |value| > 0; undefined on unaligned null draws,item_aligned_exact,200,0.0,0,0.0,0.0,0.0,exact item-aligned invariance: fire if |value| > 0; undefined on unaligned null draws,0.0
gate3b_ood_tue_fri_portscan,10,svc_rbf,integrity_pred_jsd,prediction,200,0.05,191,0.0058106140454492,0.0010185005576623,0.0137325780883713,fire if value > threshold,prediction,200,0.05,191,0.0058106140454492,0.0010185005576623,0.0137325780883713,fire if value > threshold,0.0
gate3b_ood_tue_fri_portscan,10,svc_rbf,integrity_pred_pos_rate_shift,prediction,200,0.05,191,0.03125,0.0078125,0.0390625,fire if value > threshold,prediction,200,0.05,191,0.03125,0.0078125,0.0390625,fire if value > threshold,0.0
gate3b_ood_tue_fri_portscan,10,svc_rbf,integrity_score_jsd_vs_clean_eval,prediction,200,0.05,191,0.0670052579319808,0.0458813144575083,0.0810443041966633,fire if value > threshold,prediction,200,0.05,191,0.0672985199240317,0.0450681673037506,0.0793129930237614,fire if value > threshold,0.00029326199205090275
gate3b_ood_tue_fri_portscan,10,svc_rbf,label_flip_rate,item_aligned_exact,200,0.0,0,0.0,0.0,0.0,exact item-aligned invariance: fire if |value| > 0; undefined on unaligned null draws,item_aligned_exact,200,0.0,0,0.0,0.0,0.0,exact item-aligned invariance: fire if |value| > 0; undefined on unaligned null draws,0.0
gate3b_ood_tue_fri_portscan,12,qsvc_zz_r1,integrity_confusion_profile_jsd,joint_outcome,200,0.05,191,0.0158607003784281,0.0041248180593793,0.0314749293980348,fire if value > threshold,joint_outcome,200,0.05,191,0.0158607003784281,0.00412481805937935,0.0314749293980348,fire if value > threshold,0.0
gate3b_ood_tue_fri_portscan,12,qsvc_zz_r1,integrity_confusion_profile_jsd_delta,item_aligned_exact,200,0.0,0,0.0,0.0,0.0,exact item-aligned invariance: fire if |value| > 0; undefined on unaligned null draws,aggregate_exact,200,0.0,0,0.0,0.0,0.0,exact item-aligned invariance: fire if |value| > 0; undefined on unaligned null draws,0.0
gate3b_ood_tue_fri_portscan,12,qsvc_zz_r1,integrity_confusion_profile_l1,joint_outcome,200,0.05,191,0.25,0.1406249999999956,0.40625,fire if value > threshold,joint_outcome,200,0.05,191,0.25,0.14062499999999561,0.40625,fire if value > threshold,0.0
gate3b_ood_tue_fri_portscan,12,qsvc_zz_r1,integrity_confusion_profile_l1_delta,item_aligned_exact,200,0.0,0,0.0,0.0,0.0,exact item-aligned invariance: fire if |value| > 0; undefined on unaligned null draws,aggregate_exact,200,0.0,0,0.0,0.0,0.0,exact item-aligned invariance: fire if |value| > 0; undefined on unaligned null draws,0.0
gate3b_ood_tue_fri_portscan,12,qsvc_zz_r1,integrity_jsd_vs_clean_eval,feature,200,0.05,191,0.0482555681054675,0.0372007665465106,0.0548210338559417,fire if value > threshold,feature,200,0.05,191,0.0477660848625546,0.0362019542827184,0.0556118367666492,fire if value > threshold,-0.000489483242912904
gate3b_ood_tue_fri_portscan,12,qsvc_zz_r1,integrity_ks_reject05_vs_clean_eval,feature,200,0.05,191,0.25,0.0,0.5,fire if value > threshold,feature,200,0.05,191,0.25,0.0,0.5,fire if value > threshold,0.0
gate3b_ood_tue_fri_portscan,12,qsvc_zz_r1,integrity_label_jsd,label_marginal,200,0.05,191,0.0037248662123676,0.0004888385244522,0.0060667435555779,fire if value > threshold,label_marginal,200,0.05,191,0.0037248662123676,0.0004888385244522,0.0060667435555779,fire if value > threshold,0.0
gate3b_ood_tue_fri_portscan,12,qsvc_zz_r1,integrity_label_prior_shift,label_marginal,200,0.05,191,0.0859375,0.03125,0.109375,fire if value > threshold,label_marginal,200,0.05,191,0.0859375,0.03125,0.109375,fire if value > threshold,0.0
gate3b_ood_tue_fri_portscan,12,qsvc_zz_r1,integrity_mmd_vs_clean_eval,feature,200,0.05,191,0.1119599849839319,0.0,0.1913323783828903,fire if value > threshold,feature,200,0.05,191,0.1119599849839319,0.0,0.1913323783828903,fire if value > threshold,0.0
gate3b_ood_tue_fri_portscan,12,qsvc_zz_r1,integrity_pred_disagreement,item_aligned_exact,200,0.0,0,0.0,0.0,0.0,exact item-aligned invariance: fire if |value| > 0; undefined on unaligned null draws,item_aligned_exact,200,0.0,0,0.0,0.0,0.0,exact item-aligned invariance: fire if |value| > 0; undefined on unaligned null draws,0.0
gate3b_ood_tue_fri_portscan,12,qsvc_zz_r1,integrity_pred_jsd,prediction,200,0.05,191,0.0062541681525028,0.0007682616663145,0.0228678587972146,fire if value > threshold,prediction,200,0.05,191,0.0062541681525028,0.0007682616663145,0.0228678587972146,fire if value > threshold,0.0
gate3b_ood_tue_fri_portscan,12,qsvc_zz_r1,integrity_pred_pos_rate_shift,prediction,200,0.05,191,0.109375,0.0390625,0.203125,fire if value > threshold,prediction,200,0.05,191,0.109375,0.0390625,0.203125,fire if value > threshold,0.0
gate3b_ood_tue_fri_portscan,12,qsvc_zz_r1,integrity_score_jsd_vs_clean_eval,prediction,200,0.05,191,0.1175290474017983,0.0846606265044579,0.1373193403930181,fire if value > threshold,prediction,200,0.05,191,0.1163209564544547,0.0830924144600188,0.1368080986517878,fire if value > threshold,-0.0012080909473436013
gate3b_ood_tue_fri_portscan,12,qsvc_zz_r1,label_flip_rate,item_aligned_exact,200,0.0,0,0.0,0.0,0.0,exact item-aligned invariance: fire if |value| > 0; undefined on unaligned null draws,item_aligned_exact,200,0.0,0,0.0,0.0,0.0,exact item-aligned invariance: fire if |value| > 0; undefined on unaligned null draws,0.0
gate3b_ood_tue_fri_portscan,12,svc_rbf,integrity_confusion_profile_jsd,joint_outcome,200,0.05,191,0.0095324734426748,0.0026983566318723,0.0146468904156467,fire if value > threshold,joint_outcome,200,0.05,191,0.0095324734426748,0.0026983566318723503,0.0146468904156467,fire if value > threshold,0.0
gate3b_ood_tue_fri_portscan,12,svc_rbf,integrity_confusion_profile_jsd_delta,item_aligned_exact,200,0.0,0,0.0,0.0,0.0,exact item-aligned invariance: fire if |value| > 0; undefined on unaligned null draws,aggregate_exact,200,0.0,0,0.0,0.0,0.0,exact item-aligned invariance: fire if |value| > 0; undefined on unaligned null draws,0.0
gate3b_ood_tue_fri_portscan,12,svc_rbf,integrity_confusion_profile_l1,joint_outcome,200,0.05,191,0.2031249999999895,0.0781249999999915,0.2187499999999984,fire if value > threshold,joint_outcome,200,0.05,191,0.2031249999999895,0.0781249999999915,0.2187499999999984,fire if value > threshold,0.0
gate3b_ood_tue_fri_portscan,12,svc_rbf,integrity_confusion_profile_l1_delta,item_aligned_exact,200,0.0,0,0.0,0.0,0.0,exact item-aligned invariance: fire if |value| > 0; undefined on unaligned null draws,aggregate_exact,200,0.0,0,0.0,0.0,0.0,exact item-aligned invariance: fire if |value| > 0; undefined on unaligned null draws,0.0
gate3b_ood_tue_fri_portscan,12,svc_rbf,integrity_jsd_vs_clean_eval,feature,200,0.05,191,0.0482555680999956,0.0372007665347678,0.0548210338498582,fire if value > threshold,feature,200,0.05,191,0.0477660848625546,0.0362019542827184,0.0556118367666492,fire if value > threshold,-0.0004894832374410032
gate3b_ood_tue_fri_portscan,12,svc_rbf,integrity_ks_reject05_vs_clean_eval,feature,200,0.05,191,0.25,0.0,0.5,fire if value > threshold,feature,200,0.05,191,0.25,0.0,0.5,fire if value > threshold,0.0
gate3b_ood_tue_fri_portscan,12,svc_rbf,integrity_label_jsd,label_marginal,200,0.05,191,0.0037248662123676,0.0004888385244522,0.0060667435555779,fire if value > threshold,label_marginal,200,0.05,191,0.0037248662123676,0.0004888385244522,0.0060667435555779,fire if value > threshold,0.0
gate3b_ood_tue_fri_portscan,12,svc_rbf,integrity_label_prior_shift,label_marginal,200,0.05,191,0.0859375,0.03125,0.109375,fire if value > threshold,label_marginal,200,0.05,191,0.0859375,0.03125,0.109375,fire if value > threshold,0.0
gate3b_ood_tue_fri_portscan,12,svc_rbf,integrity_mmd_vs_clean_eval,feature,200,0.05,191,0.109822467898781,0.0,0.1821486352131036,fire if value > threshold,feature,200,0.05,191,0.109822467898781,0.0,0.1821486352131036,fire if value > threshold,0.0
gate3b_ood_tue_fri_portscan,12,svc_rbf,integrity_pred_disagreement,item_aligned_exact,200,0.0,0,0.0,0.0,0.0,exact item-aligned invariance: fire if |value| > 0; undefined on unaligned null draws,item_aligned_exact,200,0.0,0,0.0,0.0,0.0,exact item-aligned invariance: fire if |value| > 0; undefined on unaligned null draws,0.0
gate3b_ood_tue_fri_portscan,12,svc_rbf,integrity_pred_jsd,prediction,200,0.05,191,0.0058106140454492,0.0006713879942432,0.0137325780883713,fire if value > threshold,prediction,200,0.05,191,0.0058106140454492,0.0006713879942432,0.0137325780883713,fire if value > threshold,0.0
gate3b_ood_tue_fri_portscan,12,svc_rbf,integrity_pred_pos_rate_shift,prediction,200,0.05,191,0.0234375,0.0078125,0.0390625,fire if value > threshold,prediction,200,0.05,191,0.0234375,0.0078125,0.0390625,fire if value > threshold,0.0
gate3b_ood_tue_fri_portscan,12,svc_rbf,integrity_score_jsd_vs_clean_eval,prediction,200,0.05,191,0.0775257263959996,0.050949007413827,0.1010737875328936,fire if value > threshold,prediction,200,0.05,191,0.0759635723178679,0.048538182148780654,0.0948043342309041,fire if value > threshold,-0.0015621540781316917
gate3b_ood_tue_fri_portscan,12,svc_rbf,label_flip_rate,item_aligned_exact,200,0.0,0,0.0,0.0,0.0,exact item-aligned invariance: fire if |value| > 0; undefined on unaligned null draws,item_aligned_exact,200,0.0,0,0.0,0.0,0.0,exact item-aligned invariance: fire if |value| > 0; undefined on unaligned null draws,0.0
gate3c_ood_wed_thu_webattacks,8,qsvc_zz_r1,integrity_confusion_profile_jsd,joint_outcome,200,0.05,191,0.0129007179982133,0.0040300765272191,0.0187577963649774,fire if value > threshold,joint_outcome,200,0.05,191,0.0129007179982133,0.0040300765272191005,0.0187577963649774,fire if value > threshold,0.0
gate3c_ood_wed_thu_webattacks,8,qsvc_zz_r1,integrity_confusion_profile_jsd_delta,item_aligned_exact,200,0.0,0,0.0,0.0,0.0,exact item-aligned invariance: fire if |value| > 0; undefined on unaligned null draws,aggregate_exact,200,0.0,0,0.0,0.0,0.0,exact item-aligned invariance: fire if |value| > 0; undefined on unaligned null draws,0.0
gate3c_ood_wed_thu_webattacks,8,qsvc_zz_r1,integrity_confusion_profile_l1,joint_outcome,200,0.05,191,0.21875,0.109375,0.34375,fire if value > threshold,joint_outcome,200,0.05,191,0.21875,0.109375,0.34375,fire if value > threshold,0.0
gate3c_ood_wed_thu_webattacks,8,qsvc_zz_r1,integrity_confusion_profile_l1_delta,item_aligned_exact,200,0.0,0,0.0,0.0,0.0,exact item-aligned invariance: fire if |value| > 0; undefined on unaligned null draws,aggregate_exact,200,0.0,0,0.0,0.0,0.0,exact item-aligned invariance: fire if |value| > 0; undefined on unaligned null draws,0.0
gate3c_ood_wed_thu_webattacks,8,qsvc_zz_r1,integrity_jsd_vs_clean_eval,feature,200,0.05,191,0.0478047856263002,0.0373511983366061,0.0559260536138915,fire if value > threshold,feature,200,0.05,191,0.0465685405054954,0.035958354619307104,0.0570518186042687,fire if value > threshold,-0.0012362451208048006
gate3c_ood_wed_thu_webattacks,8,qsvc_zz_r1,integrity_ks_reject05_vs_clean_eval,feature,200,0.05,191,0.125,0.0,0.5,fire if value > threshold,feature,200,0.05,191,0.125,0.0,0.5,fire if value > threshold,0.0
gate3c_ood_wed_thu_webattacks,8,qsvc_zz_r1,integrity_label_jsd,label_marginal,200,0.05,191,0.0037248662123676,0.0004888385244522,0.0060667435555779,fire if value > threshold,label_marginal,200,0.05,191,0.0037248662123676,0.0004888385244522,0.0060667435555779,fire if value > threshold,0.0
gate3c_ood_wed_thu_webattacks,8,qsvc_zz_r1,integrity_label_prior_shift,label_marginal,200,0.05,191,0.0859375,0.03125,0.109375,fire if value > threshold,label_marginal,200,0.05,191,0.0859375,0.03125,0.109375,fire if value > threshold,0.0
gate3c_ood_wed_thu_webattacks,8,qsvc_zz_r1,integrity_mmd_vs_clean_eval,feature,200,0.05,191,0.0580863349393282,0.0,0.1066284252460671,fire if value > threshold,feature,200,0.05,191,0.0580863349393282,0.0,0.1066284252460671,fire if value > threshold,0.0
gate3c_ood_wed_thu_webattacks,8,qsvc_zz_r1,integrity_pred_disagreement,item_aligned_exact,200,0.0,0,0.0,0.0,0.0,exact item-aligned invariance: fire if |value| > 0; undefined on unaligned null draws,item_aligned_exact,200,0.0,0,0.0,0.0,0.0,exact item-aligned invariance: fire if |value| > 0; undefined on unaligned null draws,0.0
gate3c_ood_wed_thu_webattacks,8,qsvc_zz_r1,integrity_pred_jsd,prediction,200,0.05,191,0.005943670225815,0.0011301868806149,0.0100851314398343,fire if value > threshold,prediction,200,0.05,191,0.005943670225815,0.00113018688061495,0.0100851314398343,fire if value > threshold,0.0
gate3c_ood_wed_thu_webattacks,8,qsvc_zz_r1,integrity_pred_pos_rate_shift,prediction,200,0.05,191,0.0859375,0.0234375,0.125,fire if value > threshold,prediction,200,0.05,191,0.0859375,0.0234375,0.125,fire if value > threshold,0.0
gate3c_ood_wed_thu_webattacks,8,qsvc_zz_r1,integrity_score_jsd_vs_clean_eval,prediction,200,0.05,191,0.1049730665330281,0.0703384510193713,0.126573998644354,fire if value > threshold,prediction,200,0.05,191,0.100965396317908,0.07046535184071709,0.1265739986515782,fire if value > threshold,-0.004007670215120093
gate3c_ood_wed_thu_webattacks,8,qsvc_zz_r1,label_flip_rate,item_aligned_exact,200,0.0,0,0.0,0.0,0.0,exact item-aligned invariance: fire if |value| > 0; undefined on unaligned null draws,item_aligned_exact,200,0.0,0,0.0,0.0,0.0,exact item-aligned invariance: fire if |value| > 0; undefined on unaligned null draws,0.0
gate3c_ood_wed_thu_webattacks,8,svc_rbf,integrity_confusion_profile_jsd,joint_outcome,200,0.05,191,0.0085800030641917,0.0016790858860129,0.0180601266016779,fire if value > threshold,joint_outcome,200,0.05,191,0.0085800030641917,0.0016790858860129,0.0180601266016779,fire if value > threshold,0.0
gate3c_ood_wed_thu_webattacks,8,svc_rbf,integrity_confusion_profile_jsd_delta,item_aligned_exact,200,0.0,0,0.0,0.0,0.0,exact item-aligned invariance: fire if |value| > 0; undefined on unaligned null draws,aggregate_exact,200,0.0,0,0.0,0.0,0.0,exact item-aligned invariance: fire if |value| > 0; undefined on unaligned null draws,0.0
gate3c_ood_wed_thu_webattacks,8,svc_rbf,integrity_confusion_profile_l1,joint_outcome,200,0.05,191,0.2031249999999984,0.0781249999999916,0.2187499999999983,fire if value > threshold,joint_outcome,200,0.05,191,0.2031249999999984,0.0781249999999916,0.2187499999999983,fire if value > threshold,0.0
gate3c_ood_wed_thu_webattacks,8,svc_rbf,integrity_confusion_profile_l1_delta,item_aligned_exact,200,0.0,0,0.0,0.0,0.0,exact item-aligned invariance: fire if |value| > 0; undefined on unaligned null draws,aggregate_exact,200,0.0,0,0.0,0.0,0.0,exact item-aligned invariance: fire if |value| > 0; undefined on unaligned null draws,0.0
gate3c_ood_wed_thu_webattacks,8,svc_rbf,integrity_jsd_vs_clean_eval,feature,200,0.05,191,0.047804785625265,0.0373511983359673,0.0559260536111115,fire if value > threshold,feature,200,0.05,191,0.0465685405054954,0.035958354619307104,0.0570518186042687,fire if value > threshold,-0.0012362451197696009
gate3c_ood_wed_thu_webattacks,8,svc_rbf,integrity_ks_reject05_vs_clean_eval,feature,200,0.05,191,0.125,0.0,0.5,fire if value > threshold,feature,200,0.05,191,0.125,0.0,0.5,fire if value > threshold,0.0
gate3c_ood_wed_thu_webattacks,8,svc_rbf,integrity_label_jsd,label_marginal,200,0.05,191,0.0037248662123676,0.0004888385244522,0.0060667435555779,fire if value > threshold,label_marginal,200,0.05,191,0.0037248662123676,0.0004888385244522,0.0060667435555779,fire if value > threshold,0.0
gate3c_ood_wed_thu_webattacks,8,svc_rbf,integrity_label_prior_shift,label_marginal,200,0.05,191,0.0859375,0.03125,0.109375,fire if value > threshold,label_marginal,200,0.05,191,0.0859375,0.03125,0.109375,fire if value > threshold,0.0
gate3c_ood_wed_thu_webattacks,8,svc_rbf,integrity_mmd_vs_clean_eval,feature,200,0.05,191,0.0529215200874456,0.0,0.105827957151951,fire if value > threshold,feature,200,0.05,191,0.0529215200874456,0.0,0.105827957151951,fire if value > threshold,0.0
gate3c_ood_wed_thu_webattacks,8,svc_rbf,integrity_pred_disagreement,item_aligned_exact,200,0.0,0,0.0,0.0,0.0,exact item-aligned invariance: fire if |value| > 0; undefined on unaligned null draws,item_aligned_exact,200,0.0,0,0.0,0.0,0.0,exact item-aligned invariance: fire if |value| > 0; undefined on unaligned null draws,0.0
gate3c_ood_wed_thu_webattacks,8,svc_rbf,integrity_pred_jsd,prediction,200,0.05,191,0.0081922988933004,0.0004010531441243,0.0137325780883713,fire if value > threshold,prediction,200,0.05,191,0.0081922988933004,0.0004010531441243,0.0137325780883713,fire if value > threshold,0.0
gate3c_ood_wed_thu_webattacks,8,svc_rbf,integrity_pred_pos_rate_shift,prediction,200,0.05,191,0.03125,0.0078125,0.046875,fire if value > threshold,prediction,200,0.05,191,0.03125,0.0078125,0.046875,fire if value > threshold,0.0
gate3c_ood_wed_thu_webattacks,8,svc_rbf,integrity_score_jsd_vs_clean_eval,prediction,200,0.05,191,0.0742499532908004,0.0384787503667306,0.1103060593706989,fire if value > threshold,prediction,200,0.05,191,0.0732631378406206,0.03667439486878205,0.0975547664331043,fire if value > threshold,-0.0009868154501797982
gate3c_ood_wed_thu_webattacks,8,svc_rbf,label_flip_rate,item_aligned_exact,200,0.0,0,0.0,0.0,0.0,exact item-aligned invariance: fire if |value| > 0; undefined on unaligned null draws,item_aligned_exact,200,0.0,0,0.0,0.0,0.0,exact item-aligned invariance: fire if |value| > 0; undefined on unaligned null draws,0.0
gate3c_ood_wed_thu_webattacks,10,qsvc_zz_r1,integrity_confusion_profile_jsd,joint_outcome,200,0.05,191,0.010640147197807,0.0028629733832339,0.0158398806226344,fire if value > threshold,joint_outcome,200,0.05,191,0.010640147197807,0.0028629733832339,0.0158398806226344,fire if value > threshold,0.0
gate3c_ood_wed_thu_webattacks,10,qsvc_zz_r1,integrity_confusion_profile_jsd_delta,item_aligned_exact,200,0.0,0,0.0,0.0,0.0,exact item-aligned invariance: fire if |value| > 0; undefined on unaligned null draws,aggregate_exact,200,0.0,0,0.0,0.0,0.0,exact item-aligned invariance: fire if |value| > 0; undefined on unaligned null draws,0.0
gate3c_ood_wed_thu_webattacks,10,qsvc_zz_r1,integrity_confusion_profile_l1,joint_outcome,200,0.05,191,0.234375,0.109375,0.296875,fire if value > threshold,joint_outcome,200,0.05,191,0.234375,0.109375,0.296875,fire if value > threshold,0.0
gate3c_ood_wed_thu_webattacks,10,qsvc_zz_r1,integrity_confusion_profile_l1_delta,item_aligned_exact,200,0.0,0,0.0,0.0,0.0,exact item-aligned invariance: fire if |value| > 0; undefined on unaligned null draws,aggregate_exact,200,0.0,0,0.0,0.0,0.0,exact item-aligned invariance: fire if |value| > 0; undefined on unaligned null draws,0.0
gate3c_ood_wed_thu_webattacks,10,qsvc_zz_r1,integrity_jsd_vs_clean_eval,feature,200,0.05,191,0.0527575812587624,0.0399477939910485,0.0628648798824235,fire if value > threshold,feature,200,0.05,191,0.0516963353280648,0.0389398590426568,0.06039419946821,fire if value > threshold,-0.0010612459306975977
gate3c_ood_wed_thu_webattacks,10,qsvc_zz_r1,integrity_ks_reject05_vs_clean_eval,feature,200,0.05,191,0.1,0.0,0.5,fire if value > threshold,feature,200,0.05,191,0.1,0.0,0.5,fire if value > threshold,0.0
gate3c_ood_wed_thu_webattacks,10,qsvc_zz_r1,integrity_label_jsd,label_marginal,200,0.05,191,0.0037248662123676,0.0004888385244522,0.0060667435555779,fire if value > threshold,label_marginal,200,0.05,191,0.0037248662123676,0.0004888385244522,0.0060667435555779,fire if value > threshold,0.0
gate3c_ood_wed_thu_webattacks,10,qsvc_zz_r1,integrity_label_prior_shift,label_marginal,200,0.05,191,0.0859375,0.03125,0.109375,fire if value > threshold,label_marginal,200,0.05,191,0.0859375,0.03125,0.109375,fire if value > threshold,0.0
gate3c_ood_wed_thu_webattacks,10,qsvc_zz_r1,integrity_mmd_vs_clean_eval,feature,200,0.05,191,0.0499195377402973,0.0,0.1058911607176572,fire if value > threshold,feature,200,0.05,191,0.0499195377402973,0.0,0.1058911607176572,fire if value > threshold,0.0
gate3c_ood_wed_thu_webattacks,10,qsvc_zz_r1,integrity_pred_disagreement,item_aligned_exact,200,0.0,0,0.0,0.0,0.0,exact item-aligned invariance: fire if |value| > 0; undefined on unaligned null draws,item_aligned_exact,200,0.0,0,0.0,0.0,0.0,exact item-aligned invariance: fire if |value| > 0; undefined on unaligned null draws,0.0
gate3c_ood_wed_thu_webattacks,10,qsvc_zz_r1,integrity_pred_jsd,prediction,200,0.05,191,0.0053995737429091,0.0005558743000637,0.0081055904487501,fire if value > threshold,prediction,200,0.05,191,0.0053995737429091,0.0005558743000637,0.0081055904487501,fire if value > threshold,0.0
gate3c_ood_wed_thu_webattacks,10,qsvc_zz_r1,integrity_pred_pos_rate_shift,prediction,200,0.05,191,0.078125,0.0234375,0.09375,fire if value > threshold,prediction,200,0.05,191,0.078125,0.0234375,0.09375,fire if value > threshold,0.0
gate3c_ood_wed_thu_webattacks,10,qsvc_zz_r1,integrity_score_jsd_vs_clean_eval,prediction,200,0.05,191,0.1214921018986366,0.0766448018420323,0.157825879687324,fire if value > threshold,prediction,200,0.05,191,0.1195750242297111,0.0763638393727831,0.1545693811777214,fire if value > threshold,-0.0019170776689255015
gate3c_ood_wed_thu_webattacks,10,qsvc_zz_r1,label_flip_rate,item_aligned_exact,200,0.0,0,0.0,0.0,0.0,exact item-aligned invariance: fire if |value| > 0; undefined on unaligned null draws,item_aligned_exact,200,0.0,0,0.0,0.0,0.0,exact item-aligned invariance: fire if |value| > 0; undefined on unaligned null draws,0.0
gate3c_ood_wed_thu_webattacks,10,svc_rbf,integrity_confusion_profile_jsd,joint_outcome,200,0.05,191,0.0082634570131917,0.0015717627350926,0.0156134702738051,fire if value > threshold,joint_outcome,200,0.05,191,0.0082634570131917,0.0015717627350926,0.0156134702738051,fire if value > threshold,0.0
gate3c_ood_wed_thu_webattacks,10,svc_rbf,integrity_confusion_profile_jsd_delta,item_aligned_exact,200,0.0,0,0.0,0.0,0.0,exact item-aligned invariance: fire if |value| > 0; undefined on unaligned null draws,aggregate_exact,200,0.0,0,0.0,0.0,0.0,exact item-aligned invariance: fire if |value| > 0; undefined on unaligned null draws,0.0
gate3c_ood_wed_thu_webattacks,10,svc_rbf,integrity_confusion_profile_l1,joint_outcome,200,0.05,191,0.2031249999999983,0.0703124999999953,0.2343749999999886,fire if value > threshold,joint_outcome,200,0.05,191,0.2031249999999983,0.07031249999999531,0.2343749999999886,fire if value > threshold,0.0
gate3c_ood_wed_thu_webattacks,10,svc_rbf,integrity_confusion_profile_l1_delta,item_aligned_exact,200,0.0,0,0.0,0.0,0.0,exact item-aligned invariance: fire if |value| > 0; undefined on unaligned null draws,aggregate_exact,200,0.0,0,0.0,0.0,0.0,exact item-aligned invariance: fire if |value| > 0; undefined on unaligned null draws,0.0
gate3c_ood_wed_thu_webattacks,10,svc_rbf,integrity_jsd_vs_clean_eval,feature,200,0.05,191,0.0527575812554793,0.039947793989775,0.062864879878981,fire if value > threshold,feature,200,0.05,191,0.0516963353280648,0.0389398590426568,0.06039419946821,fire if value > threshold,-0.0010612459274145017
gate3c_ood_wed_thu_webattacks,10,svc_rbf,integrity_ks_reject05_vs_clean_eval,feature,200,0.05,191,0.1,0.0,0.5,fire if value > threshold,feature,200,0.05,191,0.1,0.0,0.5,fire if value > threshold,0.0
gate3c_ood_wed_thu_webattacks,10,svc_rbf,integrity_label_jsd,label_marginal,200,0.05,191,0.0037248662123676,0.0004888385244522,0.0060667435555779,fire if value > threshold,label_marginal,200,0.05,191,0.0037248662123676,0.0004888385244522,0.0060667435555779,fire if value > threshold,0.0
gate3c_ood_wed_thu_webattacks,10,svc_rbf,integrity_label_prior_shift,label_marginal,200,0.05,191,0.0859375,0.03125,0.109375,fire if value > threshold,label_marginal,200,0.05,191,0.0859375,0.03125,0.109375,fire if value > threshold,0.0
gate3c_ood_wed_thu_webattacks,10,svc_rbf,integrity_mmd_vs_clean_eval,feature,200,0.05,191,0.0541102442252613,0.0,0.1040374752299732,fire if value > threshold,feature,200,0.05,191,0.0541102442252613,0.0,0.1040374752299732,fire if value > threshold,0.0
gate3c_ood_wed_thu_webattacks,10,svc_rbf,integrity_pred_disagreement,item_aligned_exact,200,0.0,0,0.0,0.0,0.0,exact item-aligned invariance: fire if |value| > 0; undefined on unaligned null draws,item_aligned_exact,200,0.0,0,0.0,0.0,0.0,exact item-aligned invariance: fire if |value| > 0; undefined on unaligned null draws,0.0
gate3c_ood_wed_thu_webattacks,10,svc_rbf,integrity_pred_jsd,prediction,200,0.05,191,0.0054459705280867,0.0004010531441243,0.0109544378283923,fire if value > threshold,prediction,200,0.05,191,0.0054459705280867,0.0004010531441243,0.0109544378283923,fire if value > threshold,0.0
gate3c_ood_wed_thu_webattacks,10,svc_rbf,integrity_pred_pos_rate_shift,prediction,200,0.05,191,0.03125,0.0078125,0.046875,fire if value > threshold,prediction,200,0.05,191,0.03125,0.0078125,0.046875,fire if value > threshold,0.0
gate3c_ood_wed_thu_webattacks,10,svc_rbf,integrity_score_jsd_vs_clean_eval,prediction,200,0.05,191,0.0703788449193086,0.0431858210482107,0.0877930942929964,fire if value > threshold,prediction,200,0.05,191,0.0672951372402281,0.04137719720047,0.0877930942981414,fire if value > threshold,-0.0030837076790804913
gate3c_ood_wed_thu_webattacks,10,svc_rbf,label_flip_rate,item_aligned_exact,200,0.0,0,0.0,0.0,0.0,exact item-aligned invariance: fire if |value| > 0; undefined on unaligned null draws,item_aligned_exact,200,0.0,0,0.0,0.0,0.0,exact item-aligned invariance: fire if |value| > 0; undefined on unaligned null draws,0.0
gate3c_ood_wed_thu_webattacks,12,qsvc_zz_r1,integrity_confusion_profile_jsd,joint_outcome,200,0.05,191,0.0097675910958234,0.0026152027098108,0.0145824595646698,fire if value > threshold,joint_outcome,200,0.05,191,0.0097675910958234,0.00261520270981085,0.0145824595646698,fire if value > threshold,0.0
gate3c_ood_wed_thu_webattacks,12,qsvc_zz_r1,integrity_confusion_profile_jsd_delta,item_aligned_exact,200,0.0,0,0.0,0.0,0.0,exact item-aligned invariance: fire if |value| > 0; undefined on unaligned null draws,aggregate_exact,200,0.0,0,0.0,0.0,0.0,exact item-aligned invariance: fire if |value| > 0; undefined on unaligned null draws,0.0
gate3c_ood_wed_thu_webattacks,12,qsvc_zz_r1,integrity_confusion_profile_l1,joint_outcome,200,0.05,191,0.25,0.109375,0.296875,fire if value > threshold,joint_outcome,200,0.05,191,0.25,0.109375,0.296875,fire if value > threshold,0.0
gate3c_ood_wed_thu_webattacks,12,qsvc_zz_r1,integrity_confusion_profile_l1_delta,item_aligned_exact,200,0.0,0,0.0,0.0,0.0,exact item-aligned invariance: fire if |value| > 0; undefined on unaligned null draws,aggregate_exact,200,0.0,0,0.0,0.0,0.0,exact item-aligned invariance: fire if |value| > 0; undefined on unaligned null draws,0.0
gate3c_ood_wed_thu_webattacks,12,qsvc_zz_r1,integrity_jsd_vs_clean_eval,feature,200,0.05,191,0.0577458350024161,0.0423929250694524,0.069815233467826,fire if value > threshold,feature,200,0.05,191,0.0564428609961381,0.04082566149023415,0.0675039550759086,fire if value > threshold,-0.0013029740062779974
gate3c_ood_wed_thu_webattacks,12,qsvc_zz_r1,integrity_ks_reject05_vs_clean_eval,feature,200,0.05,191,0.0833333333333333,0.0,0.5833333333333334,fire if value > threshold,feature,200,0.05,191,0.0833333333333333,0.0,0.5833333333333334,fire if value > threshold,0.0
gate3c_ood_wed_thu_webattacks,12,qsvc_zz_r1,integrity_label_jsd,label_marginal,200,0.05,191,0.0037248662123676,0.0004888385244522,0.0060667435555779,fire if value > threshold,label_marginal,200,0.05,191,0.0037248662123676,0.0004888385244522,0.0060667435555779,fire if value > threshold,0.0
gate3c_ood_wed_thu_webattacks,12,qsvc_zz_r1,integrity_label_prior_shift,label_marginal,200,0.05,191,0.0859375,0.03125,0.109375,fire if value > threshold,label_marginal,200,0.05,191,0.0859375,0.03125,0.109375,fire if value > threshold,0.0
gate3c_ood_wed_thu_webattacks,12,qsvc_zz_r1,integrity_mmd_vs_clean_eval,feature,200,0.05,191,0.0510168472528062,0.0,0.1061457244955795,fire if value > threshold,feature,200,0.05,191,0.0510168472528062,0.0,0.1061457244955795,fire if value > threshold,0.0
gate3c_ood_wed_thu_webattacks,12,qsvc_zz_r1,integrity_pred_disagreement,item_aligned_exact,200,0.0,0,0.0,0.0,0.0,exact item-aligned invariance: fire if |value| > 0; undefined on unaligned null draws,item_aligned_exact,200,0.0,0,0.0,0.0,0.0,exact item-aligned invariance: fire if |value| > 0; undefined on unaligned null draws,0.0
gate3c_ood_wed_thu_webattacks,12,qsvc_zz_r1,integrity_pred_jsd,prediction,200,0.05,191,0.0055378407351596,0.0003872953480754,0.009006005445511,fire if value > threshold,prediction,200,0.05,191,0.0055378407351596,0.0003872953480754,0.009006005445511,fire if value > threshold,0.0
gate3c_ood_wed_thu_webattacks,12,qsvc_zz_r1,integrity_pred_pos_rate_shift,prediction,200,0.05,191,0.09375,0.0234375,0.125,fire if value > threshold,prediction,200,0.05,191,0.09375,0.0234375,0.125,fire if value > threshold,0.0
gate3c_ood_wed_thu_webattacks,12,qsvc_zz_r1,integrity_score_jsd_vs_clean_eval,prediction,200,0.05,191,0.1136697503563985,0.0780812723482483,0.1319824766280696,fire if value > threshold,prediction,200,0.05,191,0.1107642400368287,0.07703433112080885,0.1267193145027922,fire if value > threshold,-0.0029055103195697873
gate3c_ood_wed_thu_webattacks,12,qsvc_zz_r1,label_flip_rate,item_aligned_exact,200,0.0,0,0.0,0.0,0.0,exact item-aligned invariance: fire if |value| > 0; undefined on unaligned null draws,item_aligned_exact,200,0.0,0,0.0,0.0,0.0,exact item-aligned invariance: fire if |value| > 0; undefined on unaligned null draws,0.0
gate3c_ood_wed_thu_webattacks,12,svc_rbf,integrity_confusion_profile_jsd,joint_outcome,200,0.05,191,0.0064921441134033,0.0017022162393335,0.0098848306822819,fire if value > threshold,joint_outcome,200,0.05,191,0.0064921441134033,0.0017022162393335,0.0098848306822819,fire if value > threshold,0.0
gate3c_ood_wed_thu_webattacks,12,svc_rbf,integrity_confusion_profile_jsd_delta,item_aligned_exact,200,0.0,0,0.0,0.0,0.0,exact item-aligned invariance: fire if |value| > 0; undefined on unaligned null draws,aggregate_exact,200,0.0,0,0.0,0.0,0.0,exact item-aligned invariance: fire if |value| > 0; undefined on unaligned null draws,0.0
gate3c_ood_wed_thu_webattacks,12,svc_rbf,integrity_confusion_profile_l1,joint_outcome,200,0.05,191,0.2031249999999969,0.0624999999999995,0.2343749999999981,fire if value > threshold,joint_outcome,200,0.05,191,0.2031249999999969,0.0624999999999995,0.2343749999999981,fire if value > threshold,0.0
gate3c_ood_wed_thu_webattacks,12,svc_rbf,integrity_confusion_profile_l1_delta,item_aligned_exact,200,0.0,0,0.0,0.0,0.0,exact item-aligned invariance: fire if |value| > 0; undefined on unaligned null draws,aggregate_exact,200,0.0,0,0.0,0.0,0.0,exact item-aligned invariance: fire if |value| > 0; undefined on unaligned null draws,0.0
gate3c_ood_wed_thu_webattacks,12,svc_rbf,integrity_jsd_vs_clean_eval,feature,200,0.05,191,0.0577458349988285,0.0423929250683885,0.0698152334641743,fire if value > threshold,feature,200,0.05,191,0.0564428609961381,0.04082566149023415,0.0675039550759086,fire if value > threshold,-0.0013029740026904019
gate3c_ood_wed_thu_webattacks,12,svc_rbf,integrity_ks_reject05_vs_clean_eval,feature,200,0.05,191,0.0833333333333333,0.0,0.5833333333333334,fire if value > threshold,feature,200,0.05,191,0.0833333333333333,0.0,0.5833333333333334,fire if value > threshold,0.0
gate3c_ood_wed_thu_webattacks,12,svc_rbf,integrity_label_jsd,label_marginal,200,0.05,191,0.0037248662123676,0.0004888385244522,0.0060667435555779,fire if value > threshold,label_marginal,200,0.05,191,0.0037248662123676,0.0004888385244522,0.0060667435555779,fire if value > threshold,0.0
gate3c_ood_wed_thu_webattacks,12,svc_rbf,integrity_label_prior_shift,label_marginal,200,0.05,191,0.0859375,0.03125,0.109375,fire if value > threshold,label_marginal,200,0.05,191,0.0859375,0.03125,0.109375,fire if value > threshold,0.0
gate3c_ood_wed_thu_webattacks,12,svc_rbf,integrity_mmd_vs_clean_eval,feature,200,0.05,191,0.0527465645837094,0.0,0.1033852688235961,fire if value > threshold,feature,200,0.05,191,0.0527465645837094,0.0,0.1033852688235961,fire if value > threshold,0.0
gate3c_ood_wed_thu_webattacks,12,svc_rbf,integrity_pred_disagreement,item_aligned_exact,200,0.0,0,0.0,0.0,0.0,exact item-aligned invariance: fire if |value| > 0; undefined on unaligned null draws,item_aligned_exact,200,0.0,0,0.0,0.0,0.0,exact item-aligned invariance: fire if |value| > 0; undefined on unaligned null draws,0.0
gate3c_ood_wed_thu_webattacks,12,svc_rbf,integrity_pred_jsd,prediction,200,0.05,191,0.0038345800736053,0.0006713879942432,0.0081922988933004,fire if value > threshold,prediction,200,0.05,191,0.0038345800736053,0.0006713879942432,0.0081922988933004,fire if value > threshold,0.0
gate3c_ood_wed_thu_webattacks,12,svc_rbf,integrity_pred_pos_rate_shift,prediction,200,0.05,191,0.0234375,0.0078125,0.0390625,fire if value > threshold,prediction,200,0.05,191,0.0234375,0.0078125,0.0390625,fire if value > threshold,0.0
gate3c_ood_wed_thu_webattacks,12,svc_rbf,integrity_score_jsd_vs_clean_eval,prediction,200,0.05,191,0.0664689265391858,0.0440228446572444,0.0741936164500032,fire if value > threshold,prediction,200,0.05,191,0.0633399087305138,0.0417650920173398,0.0714861659221348,fire if value > threshold,-0.003129017808672002
gate3c_ood_wed_thu_webattacks,12,svc_rbf,label_flip_rate,item_aligned_exact,200,0.0,0,0.0,0.0,0.0,exact item-aligned invariance: fire if |value| > 0; undefined on unaligned null draws,item_aligned_exact,200,0.0,0,0.0,0.0,0.0,exact item-aligned invariance: fire if |value| > 0; undefined on unaligned null draws,0.0
gate3d_ood_wed_fri_morning,8,qsvc_zz_r1,integrity_confusion_profile_jsd,joint_outcome,200,0.05,191,0.0138240045785967,0.0032418228747678,0.0230595602690795,fire if value > threshold,joint_outcome,200,0.05,191,0.0138240045785967,0.00324182287476785,0.0230595602690795,fire if value > threshold,0.0
gate3d_ood_wed_fri_morning,8,qsvc_zz_r1,integrity_confusion_profile_jsd_delta,item_aligned_exact,200,0.0,0,0.0,0.0,0.0,exact item-aligned invariance: fire if |value| > 0; undefined on unaligned null draws,aggregate_exact,200,0.0,0,0.0,0.0,0.0,exact item-aligned invariance: fire if |value| > 0; undefined on unaligned null draws,0.0
gate3d_ood_wed_fri_morning,8,qsvc_zz_r1,integrity_confusion_profile_l1,joint_outcome,200,0.05,191,0.2187499999999983,0.0937499999999992,0.296875,fire if value > threshold,joint_outcome,200,0.05,191,0.2187499999999983,0.0937499999999992,0.296875,fire if value > threshold,0.0
gate3d_ood_wed_fri_morning,8,qsvc_zz_r1,integrity_confusion_profile_l1_delta,item_aligned_exact,200,0.0,0,0.0,0.0,0.0,exact item-aligned invariance: fire if |value| > 0; undefined on unaligned null draws,aggregate_exact,200,0.0,0,0.0,0.0,0.0,exact item-aligned invariance: fire if |value| > 0; undefined on unaligned null draws,0.0
gate3d_ood_wed_fri_morning,8,qsvc_zz_r1,integrity_jsd_vs_clean_eval,feature,200,0.05,191,0.0437556293914912,0.0363215953710799,0.0516531600529151,fire if value > threshold,feature,200,0.05,191,0.0428051263300482,0.0347488925981959,0.0509685787284019,fire if value > threshold,-0.0009505030614429949
gate3d_ood_wed_fri_morning,8,qsvc_zz_r1,integrity_ks_reject05_vs_clean_eval,feature,200,0.05,191,0.125,0.0,0.375,fire if value > threshold,feature,200,0.05,191,0.125,0.0,0.375,fire if value > threshold,0.0
gate3d_ood_wed_fri_morning,8,qsvc_zz_r1,integrity_label_jsd,label_marginal,200,0.05,191,0.0037248662123676,0.0004888385244522,0.0060667435555779,fire if value > threshold,label_marginal,200,0.05,191,0.0037248662123676,0.0004888385244522,0.0060667435555779,fire if value > threshold,0.0
gate3d_ood_wed_fri_morning,8,qsvc_zz_r1,integrity_label_prior_shift,label_marginal,200,0.05,191,0.0859375,0.03125,0.109375,fire if value > threshold,label_marginal,200,0.05,191,0.0859375,0.03125,0.109375,fire if value > threshold,0.0
gate3d_ood_wed_fri_morning,8,qsvc_zz_r1,integrity_mmd_vs_clean_eval,feature,200,0.05,191,0.0924629380894784,0.0,0.1422292717517725,fire if value > threshold,feature,200,0.05,191,0.0924629380894784,0.0,0.1422292717517725,fire if value > threshold,0.0
gate3d_ood_wed_fri_morning,8,qsvc_zz_r1,integrity_pred_disagreement,item_aligned_exact,200,0.0,0,0.0,0.0,0.0,exact item-aligned invariance: fire if |value| > 0; undefined on unaligned null draws,item_aligned_exact,200,0.0,0,0.0,0.0,0.0,exact item-aligned invariance: fire if |value| > 0; undefined on unaligned null draws,0.0
gate3d_ood_wed_fri_morning,8,qsvc_zz_r1,integrity_pred_jsd,prediction,200,0.05,191,0.0104605095743638,0.0008183019780236,0.0142451260964426,fire if value > threshold,prediction,200,0.05,191,0.0104605095743638,0.0008183019780236,0.0142451260964426,fire if value > threshold,0.0
gate3d_ood_wed_fri_morning,8,qsvc_zz_r1,integrity_pred_pos_rate_shift,prediction,200,0.05,191,0.0625,0.015625,0.0859375,fire if value > threshold,prediction,200,0.05,191,0.0625,0.015625,0.0859375,fire if value > threshold,0.0
gate3d_ood_wed_fri_morning,8,qsvc_zz_r1,integrity_score_jsd_vs_clean_eval,prediction,200,0.05,191,0.1038661678875634,0.0544379984268334,0.1343575324871875,fire if value > threshold,prediction,200,0.05,191,0.1042206133041379,0.055016842255509096,0.1343575324944876,fire if value > threshold,0.0003544454165745059
gate3d_ood_wed_fri_morning,8,qsvc_zz_r1,label_flip_rate,item_aligned_exact,200,0.0,0,0.0,0.0,0.0,exact item-aligned invariance: fire if |value| > 0; undefined on unaligned null draws,item_aligned_exact,200,0.0,0,0.0,0.0,0.0,exact item-aligned invariance: fire if |value| > 0; undefined on unaligned null draws,0.0
gate3d_ood_wed_fri_morning,8,svc_rbf,integrity_confusion_profile_jsd,joint_outcome,200,0.05,191,0.0088335789232947,0.0017112805157761,0.0156134702738051,fire if value > threshold,joint_outcome,200,0.05,191,0.0088335789232947,0.0017112805157761001,0.0156134702738051,fire if value > threshold,0.0
gate3d_ood_wed_fri_morning,8,svc_rbf,integrity_confusion_profile_jsd_delta,item_aligned_exact,200,0.0,0,0.0,0.0,0.0,exact item-aligned invariance: fire if |value| > 0; undefined on unaligned null draws,aggregate_exact,200,0.0,0,0.0,0.0,0.0,exact item-aligned invariance: fire if |value| > 0; undefined on unaligned null draws,0.0
gate3d_ood_wed_fri_morning,8,svc_rbf,integrity_confusion_profile_l1,joint_outcome,200,0.05,191,0.2031249999999969,0.0781249999999952,0.249999999999998,fire if value > threshold,joint_outcome,200,0.05,191,0.2031249999999969,0.0781249999999952,0.249999999999998,fire if value > threshold,0.0
gate3d_ood_wed_fri_morning,8,svc_rbf,integrity_confusion_profile_l1_delta,item_aligned_exact,200,0.0,0,0.0,0.0,0.0,exact item-aligned invariance: fire if |value| > 0; undefined on unaligned null draws,aggregate_exact,200,0.0,0,0.0,0.0,0.0,exact item-aligned invariance: fire if |value| > 0; undefined on unaligned null draws,0.0
gate3d_ood_wed_fri_morning,8,svc_rbf,integrity_jsd_vs_clean_eval,feature,200,0.05,191,0.0437556293908041,0.0363215953699786,0.0516531600520072,fire if value > threshold,feature,200,0.05,191,0.0428051263300482,0.0347488925981959,0.0509685787284019,fire if value > threshold,-0.0009505030607558987
gate3d_ood_wed_fri_morning,8,svc_rbf,integrity_ks_reject05_vs_clean_eval,feature,200,0.05,191,0.125,0.0,0.375,fire if value > threshold,feature,200,0.05,191,0.125,0.0,0.375,fire if value > threshold,0.0
gate3d_ood_wed_fri_morning,8,svc_rbf,integrity_label_jsd,label_marginal,200,0.05,191,0.0037248662123676,0.0004888385244522,0.0060667435555779,fire if value > threshold,label_marginal,200,0.05,191,0.0037248662123676,0.0004888385244522,0.0060667435555779,fire if value > threshold,0.0
gate3d_ood_wed_fri_morning,8,svc_rbf,integrity_label_prior_shift,label_marginal,200,0.05,191,0.0859375,0.03125,0.109375,fire if value > threshold,label_marginal,200,0.05,191,0.0859375,0.03125,0.109375,fire if value > threshold,0.0
gate3d_ood_wed_fri_morning,8,svc_rbf,integrity_mmd_vs_clean_eval,feature,200,0.05,191,0.0879293702418646,0.0,0.1370009276578634,fire if value > threshold,feature,200,0.05,191,0.0879293702418646,0.0,0.1370009276578634,fire if value > threshold,0.0
gate3d_ood_wed_fri_morning,8,svc_rbf,integrity_pred_disagreement,item_aligned_exact,200,0.0,0,0.0,0.0,0.0,exact item-aligned invariance: fire if |value| > 0; undefined on unaligned null draws,item_aligned_exact,200,0.0,0,0.0,0.0,0.0,exact item-aligned invariance: fire if |value| > 0; undefined on unaligned null draws,0.0
gate3d_ood_wed_fri_morning,8,svc_rbf,integrity_pred_jsd,prediction,200,0.05,191,0.0081922988933004,0.0002878186271199,0.0137325780883713,fire if value > threshold,prediction,200,0.05,191,0.0081922988933004,0.0002878186271199,0.0137325780883713,fire if value > threshold,0.0
gate3d_ood_wed_fri_morning,8,svc_rbf,integrity_pred_pos_rate_shift,prediction,200,0.05,191,0.03125,0.0078125,0.0546875,fire if value > threshold,prediction,200,0.05,191,0.03125,0.0078125,0.0546875,fire if value > threshold,0.0
gate3d_ood_wed_fri_morning,8,svc_rbf,integrity_score_jsd_vs_clean_eval,prediction,200,0.05,191,0.0570076828247682,0.038774763543928,0.0623133128691858,fire if value > threshold,prediction,200,0.05,191,0.0548272566114857,0.03676751172391215,0.0614110900914944,fire if value > threshold,-0.002180426213282502
gate3d_ood_wed_fri_morning,8,svc_rbf,label_flip_rate,item_aligned_exact,200,0.0,0,0.0,0.0,0.0,exact item-aligned invariance: fire if |value| > 0; undefined on unaligned null draws,item_aligned_exact,200,0.0,0,0.0,0.0,0.0,exact item-aligned invariance: fire if |value| > 0; undefined on unaligned null draws,0.0
gate3d_ood_wed_fri_morning,10,qsvc_zz_r1,integrity_confusion_profile_jsd,joint_outcome,200,0.05,191,0.0119491096257542,0.0030104890631633,0.0245435818155724,fire if value > threshold,joint_outcome,200,0.05,191,0.0119491096257542,0.00301048906316335,0.0245435818155724,fire if value > threshold,0.0
gate3d_ood_wed_fri_morning,10,qsvc_zz_r1,integrity_confusion_profile_jsd_delta,item_aligned_exact,200,0.0,0,0.0,0.0,0.0,exact item-aligned invariance: fire if |value| > 0; undefined on unaligned null draws,aggregate_exact,200,0.0,0,0.0,0.0,0.0,exact item-aligned invariance: fire if |value| > 0; undefined on unaligned null draws,0.0
gate3d_ood_wed_fri_morning,10,qsvc_zz_r1,integrity_confusion_profile_l1,joint_outcome,200,0.05,191,0.2187499999999922,0.0937499999999993,0.359375,fire if value > threshold,joint_outcome,200,0.05,191,0.2187499999999922,0.0937499999999993,0.359375,fire if value > threshold,0.0
gate3d_ood_wed_fri_morning,10,qsvc_zz_r1,integrity_confusion_profile_l1_delta,item_aligned_exact,200,0.0,0,0.0,0.0,0.0,exact item-aligned invariance: fire if |value| > 0; undefined on unaligned null draws,aggregate_exact,200,0.0,0,0.0,0.0,0.0,exact item-aligned invariance: fire if |value| > 0; undefined on unaligned null draws,0.0
gate3d_ood_wed_fri_morning,10,qsvc_zz_r1,integrity_jsd_vs_clean_eval,feature,200,0.05,191,0.0443605465807358,0.0367859877327609,0.0504311511509462,fire if value > threshold,feature,200,0.05,191,0.0431272141948228,0.03509995094345145,0.0495976656775426,fire if value > threshold,-0.0012333323859129997
gate3d_ood_wed_fri_morning,10,qsvc_zz_r1,integrity_ks_reject05_vs_clean_eval,feature,200,0.05,191,0.1,0.0,0.3,fire if value > threshold,feature,200,0.05,191,0.1,0.0,0.3,fire if value > threshold,0.0
gate3d_ood_wed_fri_morning,10,qsvc_zz_r1,integrity_label_jsd,label_marginal,200,0.05,191,0.0037248662123676,0.0004888385244522,0.0060667435555779,fire if value > threshold,label_marginal,200,0.05,191,0.0037248662123676,0.0004888385244522,0.0060667435555779,fire if value > threshold,0.0
gate3d_ood_wed_fri_morning,10,qsvc_zz_r1,integrity_label_prior_shift,label_marginal,200,0.05,191,0.0859375,0.03125,0.109375,fire if value > threshold,label_marginal,200,0.05,191,0.0859375,0.03125,0.109375,fire if value > threshold,0.0
gate3d_ood_wed_fri_morning,10,qsvc_zz_r1,integrity_mmd_vs_clean_eval,feature,200,0.05,191,0.0848171906547018,0.0,0.148764890561401,fire if value > threshold,feature,200,0.05,191,0.0848171906547018,0.0,0.148764890561401,fire if value > threshold,0.0
gate3d_ood_wed_fri_morning,10,qsvc_zz_r1,integrity_pred_disagreement,item_aligned_exact,200,0.0,0,0.0,0.0,0.0,exact item-aligned invariance: fire if |value| > 0; undefined on unaligned null draws,item_aligned_exact,200,0.0,0,0.0,0.0,0.0,exact item-aligned invariance: fire if |value| > 0; undefined on unaligned null draws,0.0
gate3d_ood_wed_fri_morning,10,qsvc_zz_r1,integrity_pred_jsd,prediction,200,0.05,191,0.0051743380311138,0.0006460520098547,0.0183229764898658,fire if value > threshold,prediction,200,0.05,191,0.0051743380311138,0.0006460520098547,0.0183229764898658,fire if value > threshold,0.0
gate3d_ood_wed_fri_morning,10,qsvc_zz_r1,integrity_pred_pos_rate_shift,prediction,200,0.05,191,0.0625,0.0234375,0.1171875,fire if value > threshold,prediction,200,0.05,191,0.0625,0.0234375,0.1171875,fire if value > threshold,0.0
gate3d_ood_wed_fri_morning,10,qsvc_zz_r1,integrity_score_jsd_vs_clean_eval,prediction,200,0.05,191,0.0989065086292117,0.0589407082091213,0.115283666302466,fire if value > threshold,prediction,200,0.05,191,0.0958504697928699,0.057159210942288305,0.1126338020678184,fire if value > threshold,-0.0030560388363417984
gate3d_ood_wed_fri_morning,10,qsvc_zz_r1,label_flip_rate,item_aligned_exact,200,0.0,0,0.0,0.0,0.0,exact item-aligned invariance: fire if |value| > 0; undefined on unaligned null draws,item_aligned_exact,200,0.0,0,0.0,0.0,0.0,exact item-aligned invariance: fire if |value| > 0; undefined on unaligned null draws,0.0
gate3d_ood_wed_fri_morning,10,svc_rbf,integrity_confusion_profile_jsd,joint_outcome,200,0.05,191,0.0074063241198548,0.0019690767804475,0.0143660630996135,fire if value > threshold,joint_outcome,200,0.05,191,0.0074063241198548,0.0019690767804475496,0.0143660630996135,fire if value > threshold,0.0
gate3d_ood_wed_fri_morning,10,svc_rbf,integrity_confusion_profile_jsd_delta,item_aligned_exact,200,0.0,0,0.0,0.0,0.0,exact item-aligned invariance: fire if |value| > 0; undefined on unaligned null draws,aggregate_exact,200,0.0,0,0.0,0.0,0.0,exact item-aligned invariance: fire if |value| > 0; undefined on unaligned null draws,0.0
gate3d_ood_wed_fri_morning,10,svc_rbf,integrity_confusion_profile_l1,joint_outcome,200,0.05,191,0.2031249999999969,0.0781249999999952,0.2187499999999984,fire if value > threshold,joint_outcome,200,0.05,191,0.2031249999999969,0.0781249999999952,0.2187499999999984,fire if value > threshold,0.0
gate3d_ood_wed_fri_morning,10,svc_rbf,integrity_confusion_profile_l1_delta,item_aligned_exact,200,0.0,0,0.0,0.0,0.0,exact item-aligned invariance: fire if |value| > 0; undefined on unaligned null draws,aggregate_exact,200,0.0,0,0.0,0.0,0.0,exact item-aligned invariance: fire if |value| > 0; undefined on unaligned null draws,0.0
gate3d_ood_wed_fri_morning,10,svc_rbf,integrity_jsd_vs_clean_eval,feature,200,0.05,191,0.0443605465802846,0.0367859877309562,0.0504311511474276,fire if value > threshold,feature,200,0.05,191,0.0431272141948228,0.03509995094345145,0.0495976656775426,fire if value > threshold,-0.001233332385461798
gate3d_ood_wed_fri_morning,10,svc_rbf,integrity_ks_reject05_vs_clean_eval,feature,200,0.05,191,0.1,0.0,0.3,fire if value > threshold,feature,200,0.05,191,0.1,0.0,0.3,fire if value > threshold,0.0
gate3d_ood_wed_fri_morning,10,svc_rbf,integrity_label_jsd,label_marginal,200,0.05,191,0.0037248662123676,0.0004888385244522,0.0060667435555779,fire if value > threshold,label_marginal,200,0.05,191,0.0037248662123676,0.0004888385244522,0.0060667435555779,fire if value > threshold,0.0
gate3d_ood_wed_fri_morning,10,svc_rbf,integrity_label_prior_shift,label_marginal,200,0.05,191,0.0859375,0.03125,0.109375,fire if value > threshold,label_marginal,200,0.05,191,0.0859375,0.03125,0.109375,fire if value > threshold,0.0
gate3d_ood_wed_fri_morning,10,svc_rbf,integrity_mmd_vs_clean_eval,feature,200,0.05,191,0.0855998548524918,0.0,0.143414909148131,fire if value > threshold,feature,200,0.05,191,0.0855998548524918,0.0,0.143414909148131,fire if value > threshold,0.0
gate3d_ood_wed_fri_morning,10,svc_rbf,integrity_pred_disagreement,item_aligned_exact,200,0.0,0,0.0,0.0,0.0,exact item-aligned invariance: fire if |value| > 0; undefined on unaligned null draws,item_aligned_exact,200,0.0,0,0.0,0.0,0.0,exact item-aligned invariance: fire if |value| > 0; undefined on unaligned null draws,0.0
gate3d_ood_wed_fri_morning,10,svc_rbf,integrity_pred_jsd,prediction,200,0.05,191,0.0054459705280867,0.0002878186271199,0.0137325780883713,fire if value > threshold,prediction,200,0.05,191,0.0054459705280867,0.0002878186271199,0.0137325780883713,fire if value > threshold,0.0
gate3d_ood_wed_fri_morning,10,svc_rbf,integrity_pred_pos_rate_shift,prediction,200,0.05,191,0.03125,0.0078125,0.046875,fire if value > threshold,prediction,200,0.05,191,0.03125,0.0078125,0.046875,fire if value > threshold,0.0
gate3d_ood_wed_fri_morning,10,svc_rbf,integrity_score_jsd_vs_clean_eval,prediction,200,0.05,191,0.0583738332218045,0.0412683845897822,0.071467110873754,fire if value > threshold,prediction,200,0.05,191,0.0565055123481728,0.04029838147854255,0.0714414517459791,fire if value > threshold,-0.0018683208736317014
gate3d_ood_wed_fri_morning,10,svc_rbf,label_flip_rate,item_aligned_exact,200,0.0,0,0.0,0.0,0.0,exact item-aligned invariance: fire if |value| > 0; undefined on unaligned null draws,item_aligned_exact,200,0.0,0,0.0,0.0,0.0,exact item-aligned invariance: fire if |value| > 0; undefined on unaligned null draws,0.0
gate3d_ood_wed_fri_morning,12,qsvc_zz_r1,integrity_confusion_profile_jsd,joint_outcome,200,0.05,191,0.0131145552220904,0.0031397153112453,0.0203523420868661,fire if value > threshold,joint_outcome,200,0.05,191,0.0131145552220904,0.0031397153112453,0.0203523420868661,fire if value > threshold,0.0
gate3d_ood_wed_fri_morning,12,qsvc_zz_r1,integrity_confusion_profile_jsd_delta,item_aligned_exact,200,0.0,0,0.0,0.0,0.0,exact item-aligned invariance: fire if |value| > 0; undefined on unaligned null draws,aggregate_exact,200,0.0,0,0.0,0.0,0.0,exact item-aligned invariance: fire if |value| > 0; undefined on unaligned null draws,0.0
gate3d_ood_wed_fri_morning,12,qsvc_zz_r1,integrity_confusion_profile_l1,joint_outcome,200,0.05,191,0.203125,0.10937499999999,0.328125,fire if value > threshold,joint_outcome,200,0.05,191,0.203125,0.10937499999999001,0.328125,fire if value > threshold,0.0
gate3d_ood_wed_fri_morning,12,qsvc_zz_r1,integrity_confusion_profile_l1_delta,item_aligned_exact,200,0.0,0,0.0,0.0,0.0,exact item-aligned invariance: fire if |value| > 0; undefined on unaligned null draws,aggregate_exact,200,0.0,0,0.0,0.0,0.0,exact item-aligned invariance: fire if |value| > 0; undefined on unaligned null draws,0.0
gate3d_ood_wed_fri_morning,12,qsvc_zz_r1,integrity_jsd_vs_clean_eval,feature,200,0.05,191,0.0458413521619367,0.0380028670616953,0.0508892495276864,fire if value > threshold,feature,200,0.05,191,0.0441582634567591,0.03582787079095205,0.0501946783028869,fire if value > threshold,-0.001683088705177603
gate3d_ood_wed_fri_morning,12,qsvc_zz_r1,integrity_ks_reject05_vs_clean_eval,feature,200,0.05,191,0.0833333333333333,0.0,0.25,fire if value > threshold,feature,200,0.05,191,0.0833333333333333,0.0,0.25,fire if value > threshold,0.0
gate3d_ood_wed_fri_morning,12,qsvc_zz_r1,integrity_label_jsd,label_marginal,200,0.05,191,0.0037248662123676,0.0004888385244522,0.0060667435555779,fire if value > threshold,label_marginal,200,0.05,191,0.0037248662123676,0.0004888385244522,0.0060667435555779,fire if value > threshold,0.0
gate3d_ood_wed_fri_morning,12,qsvc_zz_r1,integrity_label_prior_shift,label_marginal,200,0.05,191,0.0859375,0.03125,0.109375,fire if value > threshold,label_marginal,200,0.05,191,0.0859375,0.03125,0.109375,fire if value > threshold,0.0
gate3d_ood_wed_fri_morning,12,qsvc_zz_r1,integrity_mmd_vs_clean_eval,feature,200,0.05,191,0.0770348460107398,0.0,0.1438391754685749,fire if value > threshold,feature,200,0.05,191,0.0770348460107398,0.0,0.1438391754685749,fire if value > threshold,0.0
gate3d_ood_wed_fri_morning,12,qsvc_zz_r1,integrity_pred_disagreement,item_aligned_exact,200,0.0,0,0.0,0.0,0.0,exact item-aligned invariance: fire if |value| > 0; undefined on unaligned null draws,item_aligned_exact,200,0.0,0,0.0,0.0,0.0,exact item-aligned invariance: fire if |value| > 0; undefined on unaligned null draws,0.0
gate3d_ood_wed_fri_morning,12,qsvc_zz_r1,integrity_pred_jsd,prediction,200,0.05,191,0.0062010535216071,0.0006122346471486,0.0128408969575847,fire if value > threshold,prediction,200,0.05,191,0.0062010535216071,0.0006122346471486,0.0128408969575847,fire if value > threshold,0.0
gate3d_ood_wed_fri_morning,12,qsvc_zz_r1,integrity_pred_pos_rate_shift,prediction,200,0.05,191,0.0625,0.015625,0.1015625,fire if value > threshold,prediction,200,0.05,191,0.0625,0.015625,0.1015625,fire if value > threshold,0.0
gate3d_ood_wed_fri_morning,12,qsvc_zz_r1,integrity_score_jsd_vs_clean_eval,prediction,200,0.05,191,0.1137205341338224,0.0650066940860039,0.1365677500349953,fire if value > threshold,prediction,200,0.05,191,0.1095239710521798,0.0648389257702352,0.1349720366756814,fire if value > threshold,-0.004196563081642596
gate3d_ood_wed_fri_morning,12,qsvc_zz_r1,label_flip_rate,item_aligned_exact,200,0.0,0,0.0,0.0,0.0,exact item-aligned invariance: fire if |value| > 0; undefined on unaligned null draws,item_aligned_exact,200,0.0,0,0.0,0.0,0.0,exact item-aligned invariance: fire if |value| > 0; undefined on unaligned null draws,0.0
gate3d_ood_wed_fri_morning,12,svc_rbf,integrity_confusion_profile_jsd,joint_outcome,200,0.05,191,0.0109864422830333,0.0024084470465389,0.0156134702738051,fire if value > threshold,joint_outcome,200,0.05,191,0.0109864422830333,0.00240844704653895,0.0156134702738051,fire if value > threshold,0.0
gate3d_ood_wed_fri_morning,12,svc_rbf,integrity_confusion_profile_jsd_delta,item_aligned_exact,200,0.0,0,0.0,0.0,0.0,exact item-aligned invariance: fire if |value| > 0; undefined on unaligned null draws,aggregate_exact,200,0.0,0,0.0,0.0,0.0,exact item-aligned invariance: fire if |value| > 0; undefined on unaligned null draws,0.0
gate3d_ood_wed_fri_morning,12,svc_rbf,integrity_confusion_profile_l1,joint_outcome,200,0.05,191,0.2031249999999969,0.0781249999999988,0.2187499999999984,fire if value > threshold,joint_outcome,200,0.05,191,0.2031249999999969,0.0781249999999988,0.2187499999999984,fire if value > threshold,0.0
gate3d_ood_wed_fri_morning,12,svc_rbf,integrity_confusion_profile_l1_delta,item_aligned_exact,200,0.0,0,0.0,0.0,0.0,exact item-aligned invariance: fire if |value| > 0; undefined on unaligned null draws,aggregate_exact,200,0.0,0,0.0,0.0,0.0,exact item-aligned invariance: fire if |value| > 0; undefined on unaligned null draws,0.0
gate3d_ood_wed_fri_morning,12,svc_rbf,integrity_jsd_vs_clean_eval,feature,200,0.05,191,0.0458413521594406,0.038002867058164,0.050889249522679,fire if value > threshold,feature,200,0.05,191,0.0441582634567591,0.03582787079095205,0.0501946783028869,fire if value > threshold,-0.0016830887026815025
gate3d_ood_wed_fri_morning,12,svc_rbf,integrity_ks_reject05_vs_clean_eval,feature,200,0.05,191,0.0833333333333333,0.0,0.25,fire if value > threshold,feature,200,0.05,191,0.0833333333333333,0.0,0.25,fire if value > threshold,0.0
gate3d_ood_wed_fri_morning,12,svc_rbf,integrity_label_jsd,label_marginal,200,0.05,191,0.0037248662123676,0.0004888385244522,0.0060667435555779,fire if value > threshold,label_marginal,200,0.05,191,0.0037248662123676,0.0004888385244522,0.0060667435555779,fire if value > threshold,0.0
gate3d_ood_wed_fri_morning,12,svc_rbf,integrity_label_prior_shift,label_marginal,200,0.05,191,0.0859375,0.03125,0.109375,fire if value > threshold,label_marginal,200,0.05,191,0.0859375,0.03125,0.109375,fire if value > threshold,0.0
gate3d_ood_wed_fri_morning,12,svc_rbf,integrity_mmd_vs_clean_eval,feature,200,0.05,191,0.0805942114891078,0.0,0.1406574446895308,fire if value > threshold,feature,200,0.05,191,0.0805942114891078,0.0,0.1406574446895308,fire if value > threshold,0.0
gate3d_ood_wed_fri_morning,12,svc_rbf,integrity_pred_disagreement,item_aligned_exact,200,0.0,0,0.0,0.0,0.0,exact item-aligned invariance: fire if |value| > 0; undefined on unaligned null draws,item_aligned_exact,200,0.0,0,0.0,0.0,0.0,exact item-aligned invariance: fire if |value| > 0; undefined on unaligned null draws,0.0
gate3d_ood_wed_fri_morning,12,svc_rbf,integrity_pred_jsd,prediction,200,0.05,191,0.0109544378283923,0.0007522052622919,0.0137325780883713,fire if value > threshold,prediction,200,0.05,191,0.0109544378283923,0.00075220526229195,0.0137325780883713,fire if value > threshold,0.0
gate3d_ood_wed_fri_morning,12,svc_rbf,integrity_pred_pos_rate_shift,prediction,200,0.05,191,0.03125,0.0078125,0.0546875,fire if value > threshold,prediction,200,0.05,191,0.03125,0.0078125,0.0546875,fire if value > threshold,0.0
gate3d_ood_wed_fri_morning,12,svc_rbf,integrity_score_jsd_vs_clean_eval,prediction,200,0.05,191,0.0706720145221321,0.0439690545908763,0.0906691143654698,fire if value > threshold,prediction,200,0.05,191,0.0687694835101063,0.04417663461185605,0.090412670076287,fire if value > threshold,-0.0019025310120258099
gate3d_ood_wed_fri_morning,12,svc_rbf,label_flip_rate,item_aligned_exact,200,0.0,0,0.0,0.0,0.0,exact item-aligned invariance: fire if |value| > 0; undefined on unaligned null draws,item_aligned_exact,200,0.0,0,0.0,0.0,0.0,exact item-aligned invariance: fire if |value| > 0; undefined on unaligned null draws,0.0
gate5a_id_unsw,8,qsvc_pauli_xyz_r1,integrity_confusion_profile_jsd,joint_outcome,200,0.05,191,0.0166735752703312,0.0043878240946807,0.028334345870659,fire if value > threshold,joint_outcome,200,0.05,191,0.0166735752703312,0.00438782409468075,0.028334345870659,fire if value > threshold,0.0
gate5a_id_unsw,8,qsvc_pauli_xyz_r1,integrity_confusion_profile_jsd_delta,item_aligned_exact,200,0.0,0,0.0,0.0,0.0,exact item-aligned invariance: fire if |value| > 0; undefined on unaligned null draws,aggregate_exact,200,0.0,0,0.0,0.0,0.0,exact item-aligned invariance: fire if |value| > 0; undefined on unaligned null draws,0.0
gate5a_id_unsw,8,qsvc_pauli_xyz_r1,integrity_confusion_profile_l1,joint_outcome,200,0.05,191,0.25,0.140625,0.328125,fire if value > threshold,joint_outcome,200,0.05,191,0.25,0.140625,0.328125,fire if value > threshold,0.0
gate5a_id_unsw,8,qsvc_pauli_xyz_r1,integrity_confusion_profile_l1_delta,item_aligned_exact,200,0.0,0,0.0,0.0,0.0,exact item-aligned invariance: fire if |value| > 0; undefined on unaligned null draws,aggregate_exact,200,0.0,0,0.0,0.0,0.0,exact item-aligned invariance: fire if |value| > 0; undefined on unaligned null draws,0.0
gate5a_id_unsw,8,qsvc_pauli_xyz_r1,integrity_jsd_vs_clean_eval,feature,200,0.05,191,0.063684434662056,0.052903707169311,0.0683900418673029,fire if value > threshold,feature,200,0.05,191,0.062119604103346,0.051846972192186896,0.0675176669820785,fire if value > threshold,-0.001564830558710005
gate5a_id_unsw,8,qsvc_pauli_xyz_r1,integrity_ks_reject05_vs_clean_eval,feature,200,0.05,191,0.375,0.0,0.75,fire if value > threshold,feature,200,0.05,191,0.375,0.0,0.75,fire if value > threshold,0.0
gate5a_id_unsw,8,qsvc_pauli_xyz_r1,integrity_label_jsd,label_marginal,200,0.05,191,0.0030737268215652,0.0004888385244522,0.0079589979174945,fire if value > threshold,label_marginal,200,0.05,191,0.0030737268215652,0.0004888385244522,0.0079589979174945,fire if value > threshold,0.0
gate5a_id_unsw,8,qsvc_pauli_xyz_r1,integrity_label_prior_shift,label_marginal,200,0.05,191,0.078125,0.03125,0.125,fire if value > threshold,label_marginal,200,0.05,191,0.078125,0.03125,0.125,fire if value > threshold,0.0
gate5a_id_unsw,8,qsvc_pauli_xyz_r1,integrity_mmd_vs_clean_eval,feature,200,0.05,191,0.091268379993211,0.0,0.133523652759689,fire if value > threshold,feature,200,0.05,191,0.091268379993211,0.0,0.133523652759689,fire if value > threshold,0.0
gate5a_id_unsw,8,qsvc_pauli_xyz_r1,integrity_pred_disagreement,item_aligned_exact,200,0.0,0,0.0,0.0,0.0,exact item-aligned invariance: fire if |value| > 0; undefined on unaligned null draws,item_aligned_exact,200,0.0,0,0.0,0.0,0.0,exact item-aligned invariance: fire if |value| > 0; undefined on unaligned null draws,0.0
gate5a_id_unsw,8,qsvc_pauli_xyz_r1,integrity_pred_jsd,prediction,200,0.05,191,0.0062141642126546,0.0005303486890503,0.0143833889159215,fire if value > threshold,prediction,200,0.05,191,0.0062141642126546,0.0005303486890503,0.0143833889159215,fire if value > threshold,0.0
gate5a_id_unsw,8,qsvc_pauli_xyz_r1,integrity_pred_pos_rate_shift,prediction,200,0.05,191,0.109375,0.03125,0.1640625,fire if value > threshold,prediction,200,0.05,191,0.109375,0.03125,0.1640625,fire if value > threshold,0.0
gate5a_id_unsw,8,qsvc_pauli_xyz_r1,integrity_score_jsd_vs_clean_eval,prediction,200,0.05,191,0.1116406610799448,0.081298902060197,0.1243688836072346,fire if value > threshold,prediction,200,0.05,191,0.1096249591005652,0.07944185252538136,0.1194447195256087,fire if value > threshold,-0.0020157019793796
gate5a_id_unsw,8,qsvc_pauli_xyz_r1,label_flip_rate,item_aligned_exact,200,0.0,0,0.0,0.0,0.0,exact item-aligned invariance: fire if |value| > 0; undefined on unaligned null draws,item_aligned_exact,200,0.0,0,0.0,0.0,0.0,exact item-aligned invariance: fire if |value| > 0; undefined on unaligned null draws,0.0
gate5a_id_unsw,8,qsvc_z_r1,integrity_confusion_profile_jsd,joint_outcome,200,0.05,191,0.0101881589210521,0.0026166144028845,0.0176518422784577,fire if value > threshold,joint_outcome,200,0.05,191,0.0101881589210521,0.0026166144028845,0.0176518422784577,fire if value > threshold,0.0
gate5a_id_unsw,8,qsvc_z_r1,integrity_confusion_profile_jsd_delta,item_aligned_exact,200,0.0,0,0.0,0.0,0.0,exact item-aligned invariance: fire if |value| > 0; undefined on unaligned null draws,aggregate_exact,200,0.0,0,0.0,0.0,0.0,exact item-aligned invariance: fire if |value| > 0; undefined on unaligned null draws,0.0
gate5a_id_unsw,8,qsvc_z_r1,integrity_confusion_profile_l1,joint_outcome,200,0.05,191,0.203125,0.109375,0.25,fire if value > threshold,joint_outcome,200,0.05,191,0.203125,0.109375,0.25,fire if value > threshold,0.0
gate5a_id_unsw,8,qsvc_z_r1,integrity_confusion_profile_l1_delta,item_aligned_exact,200,0.0,0,0.0,0.0,0.0,exact item-aligned invariance: fire if |value| > 0; undefined on unaligned null draws,aggregate_exact,200,0.0,0,0.0,0.0,0.0,exact item-aligned invariance: fire if |value| > 0; undefined on unaligned null draws,0.0
gate5a_id_unsw,8,qsvc_z_r1,integrity_jsd_vs_clean_eval,feature,200,0.05,191,0.063684434662056,0.052903707169311,0.0683900418673029,fire if value > threshold,feature,200,0.05,191,0.062119604103346,0.051846972192186896,0.0675176669820785,fire if value > threshold,-0.001564830558710005
gate5a_id_unsw,8,qsvc_z_r1,integrity_ks_reject05_vs_clean_eval,feature,200,0.05,191,0.375,0.0,0.75,fire if value > threshold,feature,200,0.05,191,0.375,0.0,0.75,fire if value > threshold,0.0
gate5a_id_unsw,8,qsvc_z_r1,integrity_label_jsd,label_marginal,200,0.05,191,0.0030737268215652,0.0004888385244522,0.0079589979174945,fire if value > threshold,label_marginal,200,0.05,191,0.0030737268215652,0.0004888385244522,0.0079589979174945,fire if value > threshold,0.0
gate5a_id_unsw,8,qsvc_z_r1,integrity_label_prior_shift,label_marginal,200,0.05,191,0.078125,0.03125,0.125,fire if value > threshold,label_marginal,200,0.05,191,0.078125,0.03125,0.125,fire if value > threshold,0.0
gate5a_id_unsw,8,qsvc_z_r1,integrity_mmd_vs_clean_eval,feature,200,0.05,191,0.091268379993211,0.0,0.133523652759689,fire if value > threshold,feature,200,0.05,191,0.091268379993211,0.0,0.133523652759689,fire if value > threshold,0.0
gate5a_id_unsw,8,qsvc_z_r1,integrity_pred_disagreement,item_aligned_exact,200,0.0,0,0.0,0.0,0.0,exact item-aligned invariance: fire if |value| > 0; undefined on unaligned null draws,item_aligned_exact,200,0.0,0,0.0,0.0,0.0,exact item-aligned invariance: fire if |value| > 0; undefined on unaligned null draws,0.0
gate5a_id_unsw,8,qsvc_z_r1,integrity_pred_jsd,prediction,200,0.05,191,0.0037156696175126,0.000311544640691,0.0083629472421304,fire if value > threshold,prediction,200,0.05,191,0.0037156696175126,0.000311544640691,0.0083629472421304,fire if value > threshold,0.0
gate5a_id_unsw,8,qsvc_z_r1,integrity_pred_pos_rate_shift,prediction,200,0.05,191,0.0859375,0.0234375,0.125,fire if value > threshold,prediction,200,0.05,191,0.0859375,0.0234375,0.125,fire if value > threshold,0.0
gate5a_id_unsw,8,qsvc_z_r1,integrity_score_jsd_vs_clean_eval,prediction,200,0.05,191,0.1075012137695659,0.0846273604422511,0.1251157846622716,fire if value > threshold,prediction,200,0.05,191,0.1053821506320574,0.08132921071261895,0.1242482509324919,fire if value > threshold,-0.002119063137508495
gate5a_id_unsw,8,qsvc_z_r1,label_flip_rate,item_aligned_exact,200,0.0,0,0.0,0.0,0.0,exact item-aligned invariance: fire if |value| > 0; undefined on unaligned null draws,item_aligned_exact,200,0.0,0,0.0,0.0,0.0,exact item-aligned invariance: fire if |value| > 0; undefined on unaligned null draws,0.0
gate5a_id_unsw,8,qsvc_zz_r1,integrity_confusion_profile_jsd,joint_outcome,200,0.05,191,0.0158369072008455,0.0040197523977136,0.0257538529125429,fire if value > threshold,joint_outcome,200,0.05,191,0.0158369072008455,0.00401975239771365,0.0257538529125429,fire if value > threshold,0.0
gate5a_id_unsw,8,qsvc_zz_r1,integrity_confusion_profile_jsd_delta,item_aligned_exact,200,0.0,0,0.0,0.0,0.0,exact item-aligned invariance: fire if |value| > 0; undefined on unaligned null draws,aggregate_exact,200,0.0,0,0.0,0.0,0.0,exact item-aligned invariance: fire if |value| > 0; undefined on unaligned null draws,0.0
gate5a_id_unsw,8,qsvc_zz_r1,integrity_confusion_profile_l1,joint_outcome,200,0.05,191,0.21875,0.125,0.296875,fire if value > threshold,joint_outcome,200,0.05,191,0.21875,0.125,0.296875,fire if value > threshold,0.0
gate5a_id_unsw,8,qsvc_zz_r1,integrity_confusion_profile_l1_delta,item_aligned_exact,200,0.0,0,0.0,0.0,0.0,exact item-aligned invariance: fire if |value| > 0; undefined on unaligned null draws,aggregate_exact,200,0.0,0,0.0,0.0,0.0,exact item-aligned invariance: fire if |value| > 0; undefined on unaligned null draws,0.0
gate5a_id_unsw,8,qsvc_zz_r1,integrity_jsd_vs_clean_eval,feature,200,0.05,191,0.063684434662056,0.052903707169311,0.0683900418673029,fire if value > threshold,feature,200,0.05,191,0.062119604103346,0.051846972192186896,0.0675176669820785,fire if value > threshold,-0.001564830558710005
gate5a_id_unsw,8,qsvc_zz_r1,integrity_ks_reject05_vs_clean_eval,feature,200,0.05,191,0.375,0.0,0.75,fire if value > threshold,feature,200,0.05,191,0.375,0.0,0.75,fire if value > threshold,0.0
gate5a_id_unsw,8,qsvc_zz_r1,integrity_label_jsd,label_marginal,200,0.05,191,0.0030737268215652,0.0004888385244522,0.0079589979174945,fire if value > threshold,label_marginal,200,0.05,191,0.0030737268215652,0.0004888385244522,0.0079589979174945,fire if value > threshold,0.0
gate5a_id_unsw,8,qsvc_zz_r1,integrity_label_prior_shift,label_marginal,200,0.05,191,0.078125,0.03125,0.125,fire if value > threshold,label_marginal,200,0.05,191,0.078125,0.03125,0.125,fire if value > threshold,0.0
gate5a_id_unsw,8,qsvc_zz_r1,integrity_mmd_vs_clean_eval,feature,200,0.05,191,0.091268379993211,0.0,0.133523652759689,fire if value > threshold,feature,200,0.05,191,0.091268379993211,0.0,0.133523652759689,fire if value > threshold,0.0
gate5a_id_unsw,8,qsvc_zz_r1,integrity_pred_disagreement,item_aligned_exact,200,0.0,0,0.0,0.0,0.0,exact item-aligned invariance: fire if |value| > 0; undefined on unaligned null draws,item_aligned_exact,200,0.0,0,0.0,0.0,0.0,exact item-aligned invariance: fire if |value| > 0; undefined on unaligned null draws,0.0
gate5a_id_unsw,8,qsvc_zz_r1,integrity_pred_jsd,prediction,200,0.05,191,0.0041230798048426,0.0007914950838238,0.0084365932779473,fire if value > threshold,prediction,200,0.05,191,0.0041230798048426,0.00079149508382385,0.0084365932779473,fire if value > threshold,0.0
gate5a_id_unsw,8,qsvc_zz_r1,integrity_pred_pos_rate_shift,prediction,200,0.05,191,0.0859375,0.0390625,0.125,fire if value > threshold,prediction,200,0.05,191,0.0859375,0.0390625,0.125,fire if value > threshold,0.0
gate5a_id_unsw,8,qsvc_zz_r1,integrity_score_jsd_vs_clean_eval,prediction,200,0.05,191,0.0964405677244709,0.0689687283940776,0.1140757211544116,fire if value > threshold,prediction,200,0.05,191,0.0968535967534621,0.0673984724230833,0.1165420563695654,fire if value > threshold,0.00041302902899119365
gate5a_id_unsw,8,qsvc_zz_r1,label_flip_rate,item_aligned_exact,200,0.0,0,0.0,0.0,0.0,exact item-aligned invariance: fire if |value| > 0; undefined on unaligned null draws,item_aligned_exact,200,0.0,0,0.0,0.0,0.0,exact item-aligned invariance: fire if |value| > 0; undefined on unaligned null draws,0.0
gate5a_id_unsw,8,svc_rbf,integrity_confusion_profile_jsd,joint_outcome,200,0.05,191,0.0159572397317561,0.0059623586293851,0.0288620884622989,fire if value > threshold,joint_outcome,200,0.05,191,0.0159572397317561,0.005962358629385199,0.0288620884622989,fire if value > threshold,0.0
gate5a_id_unsw,8,svc_rbf,integrity_confusion_profile_jsd_delta,item_aligned_exact,200,0.0,0,0.0,0.0,0.0,exact item-aligned invariance: fire if |value| > 0; undefined on unaligned null draws,aggregate_exact,200,0.0,0,0.0,0.0,0.0,exact item-aligned invariance: fire if |value| > 0; undefined on unaligned null draws,0.0
gate5a_id_unsw,8,svc_rbf,integrity_confusion_profile_l1,joint_outcome,200,0.05,191,0.265625,0.15625,0.328125,fire if value > threshold,joint_outcome,200,0.05,191,0.265625,0.15625,0.328125,fire if value > threshold,0.0
gate5a_id_unsw,8,svc_rbf,integrity_confusion_profile_l1_delta,item_aligned_exact,200,0.0,0,0.0,0.0,0.0,exact item-aligned invariance: fire if |value| > 0; undefined on unaligned null draws,aggregate_exact,200,0.0,0,0.0,0.0,0.0,exact item-aligned invariance: fire if |value| > 0; undefined on unaligned null draws,0.0
gate5a_id_unsw,8,svc_rbf,integrity_jsd_vs_clean_eval,feature,200,0.05,191,0.0636844346619057,0.0528364781039734,0.0683900418674605,fire if value > threshold,feature,200,0.05,191,0.062119604103346,0.051846972192186896,0.0675176669820785,fire if value > threshold,-0.0015648305585596947
gate5a_id_unsw,8,svc_rbf,integrity_ks_reject05_vs_clean_eval,feature,200,0.05,191,0.375,0.0,0.75,fire if value > threshold,feature,200,0.05,191,0.375,0.0,0.75,fire if value > threshold,0.0
gate5a_id_unsw,8,svc_rbf,integrity_label_jsd,label_marginal,200,0.05,191,0.0030737268215652,0.0004888385244522,0.0079589979174945,fire if value > threshold,label_marginal,200,0.05,191,0.0030737268215652,0.0004888385244522,0.0079589979174945,fire if value > threshold,0.0
gate5a_id_unsw,8,svc_rbf,integrity_label_prior_shift,label_marginal,200,0.05,191,0.078125,0.03125,0.125,fire if value > threshold,label_marginal,200,0.05,191,0.078125,0.03125,0.125,fire if value > threshold,0.0
gate5a_id_unsw,8,svc_rbf,integrity_mmd_vs_clean_eval,feature,200,0.05,191,0.0861213021325543,0.0010395153164523,0.1180058343043557,fire if value > threshold,feature,200,0.05,191,0.0861213021325543,0.0010395153164523,0.1180058343043557,fire if value > threshold,0.0
gate5a_id_unsw,8,svc_rbf,integrity_pred_disagreement,item_aligned_exact,200,0.0,0,0.0,0.0,0.0,exact item-aligned invariance: fire if |value| > 0; undefined on unaligned null draws,item_aligned_exact,200,0.0,0,0.0,0.0,0.0,exact item-aligned invariance: fire if |value| > 0; undefined on unaligned null draws,0.0
gate5a_id_unsw,8,svc_rbf,integrity_pred_jsd,prediction,200,0.05,191,0.006882683075298,0.0011724556385848,0.0122694249423445,fire if value > threshold,prediction,200,0.05,191,0.006882683075298,0.0011724556385848,0.0122694249423445,fire if value > threshold,0.0
gate5a_id_unsw,8,svc_rbf,integrity_pred_pos_rate_shift,prediction,200,0.05,191,0.1171875,0.046875,0.15625,fire if value > threshold,prediction,200,0.05,191,0.1171875,0.046875,0.15625,fire if value > threshold,0.0
gate5a_id_unsw,8,svc_rbf,integrity_score_jsd_vs_clean_eval,prediction,200,0.05,191,0.1060384343899955,0.0779319440362193,0.1273587663542982,fire if value > threshold,prediction,200,0.05,191,0.1044760737783628,0.0773969190862919,0.1273587663684525,fire if value > threshold,-0.0015623606116327016
gate5a_id_unsw,8,svc_rbf,label_flip_rate,item_aligned_exact,200,0.0,0,0.0,0.0,0.0,exact item-aligned invariance: fire if |value| > 0; undefined on unaligned null draws,item_aligned_exact,200,0.0,0,0.0,0.0,0.0,exact item-aligned invariance: fire if |value| > 0; undefined on unaligned null draws,0.0
gate5a_id_unsw,10,qsvc_pauli_xyz_r1,integrity_confusion_profile_jsd,joint_outcome,200,0.05,191,0.0186968670719877,0.0044860454384656,0.0311487700301694,fire if value > threshold,joint_outcome,200,0.05,191,0.0186968670719877,0.0044860454384656,0.0311487700301694,fire if value > threshold,0.0
gate5a_id_unsw,10,qsvc_pauli_xyz_r1,integrity_confusion_profile_jsd_delta,item_aligned_exact,200,0.0,0,0.0,0.0,0.0,exact item-aligned invariance: fire if |value| > 0; undefined on unaligned null draws,aggregate_exact,200,0.0,0,0.0,0.0,0.0,exact item-aligned invariance: fire if |value| > 0; undefined on unaligned null draws,0.0
gate5a_id_unsw,10,qsvc_pauli_xyz_r1,integrity_confusion_profile_l1,joint_outcome,200,0.05,191,0.28125,0.140625,0.34375,fire if value > threshold,joint_outcome,200,0.05,191,0.28125,0.140625,0.34375,fire if value > threshold,0.0
gate5a_id_unsw,10,qsvc_pauli_xyz_r1,integrity_confusion_profile_l1_delta,item_aligned_exact,200,0.0,0,0.0,0.0,0.0,exact item-aligned invariance: fire if |value| > 0; undefined on unaligned null draws,aggregate_exact,200,0.0,0,0.0,0.0,0.0,exact item-aligned invariance: fire if |value| > 0; undefined on unaligned null draws,0.0
gate5a_id_unsw,10,qsvc_pauli_xyz_r1,integrity_jsd_vs_clean_eval,feature,200,0.05,191,0.0576711816704905,0.0469891927494737,0.0612982713005526,fire if value > threshold,feature,200,0.05,191,0.0565989356226655,0.045710154771386596,0.0603401840894444,fire if value > threshold,-0.0010722460478249998
gate5a_id_unsw,10,qsvc_pauli_xyz_r1,integrity_ks_reject05_vs_clean_eval,feature,200,0.05,191,0.3,0.0,0.7,fire if value > threshold,feature,200,0.05,191,0.3,0.0,0.7,fire if value > threshold,0.0
gate5a_id_unsw,10,qsvc_pauli_xyz_r1,integrity_label_jsd,label_marginal,200,0.05,191,0.0030737268215652,0.0004888385244522,0.0079589979174945,fire if value > threshold,label_marginal,200,0.05,191,0.0030737268215652,0.0004888385244522,0.0079589979174945,fire if value > threshold,0.0
gate5a_id_unsw,10,qsvc_pauli_xyz_r1,integrity_label_prior_shift,label_marginal,200,0.05,191,0.078125,0.03125,0.125,fire if value > threshold,label_marginal,200,0.05,191,0.078125,0.03125,0.125,fire if value > threshold,0.0
gate5a_id_unsw,10,qsvc_pauli_xyz_r1,integrity_mmd_vs_clean_eval,feature,200,0.05,191,0.0871633190799839,0.0,0.1279513132609132,fire if value > threshold,feature,200,0.05,191,0.0871633190799839,0.0,0.1279513132609132,fire if value > threshold,0.0
gate5a_id_unsw,10,qsvc_pauli_xyz_r1,integrity_pred_disagreement,item_aligned_exact,200,0.0,0,0.0,0.0,0.0,exact item-aligned invariance: fire if |value| > 0; undefined on unaligned null draws,item_aligned_exact,200,0.0,0,0.0,0.0,0.0,exact item-aligned invariance: fire if |value| > 0; undefined on unaligned null draws,0.0
gate5a_id_unsw,10,qsvc_pauli_xyz_r1,integrity_pred_jsd,prediction,200,0.05,191,0.0062141642126546,0.000780349876536,0.0143833889159215,fire if value > threshold,prediction,200,0.05,191,0.0062141642126546,0.000780349876536,0.0143833889159215,fire if value > threshold,0.0
gate5a_id_unsw,10,qsvc_pauli_xyz_r1,integrity_pred_pos_rate_shift,prediction,200,0.05,191,0.109375,0.0390625,0.1640625,fire if value > threshold,prediction,200,0.05,191,0.109375,0.0390625,0.1640625,fire if value > threshold,0.0
gate5a_id_unsw,10,qsvc_pauli_xyz_r1,integrity_score_jsd_vs_clean_eval,prediction,200,0.05,191,0.1140186655848446,0.0851267035407262,0.1439843108548091,fire if value > threshold,prediction,200,0.05,191,0.1115258231969181,0.08352125141880934,0.1439843108674116,fire if value > threshold,-0.0024928423879264916
gate5a_id_unsw,10,qsvc_pauli_xyz_r1,label_flip_rate,item_aligned_exact,200,0.0,0,0.0,0.0,0.0,exact item-aligned invariance: fire if |value| > 0; undefined on unaligned null draws,item_aligned_exact,200,0.0,0,0.0,0.0,0.0,exact item-aligned invariance: fire if |value| > 0; undefined on unaligned null draws,0.0
gate5a_id_unsw,10,qsvc_z_r1,integrity_confusion_profile_jsd,joint_outcome,200,0.05,191,0.0152385579494042,0.0028798242206656,0.0262205898321223,fire if value > threshold,joint_outcome,200,0.05,191,0.0152385579494042,0.0028798242206656997,0.0262205898321223,fire if value > threshold,0.0
gate5a_id_unsw,10,qsvc_z_r1,integrity_confusion_profile_jsd_delta,item_aligned_exact,200,0.0,0,0.0,0.0,0.0,exact item-aligned invariance: fire if |value| > 0; undefined on unaligned null draws,aggregate_exact,200,0.0,0,0.0,0.0,0.0,exact item-aligned invariance: fire if |value| > 0; undefined on unaligned null draws,0.0
gate5a_id_unsw,10,qsvc_z_r1,integrity_confusion_profile_l1,joint_outcome,200,0.05,191,0.203125,0.109375,0.265625,fire if value > threshold,joint_outcome,200,0.05,191,0.203125,0.109375,0.265625,fire if value > threshold,0.0
gate5a_id_unsw,10,qsvc_z_r1,integrity_confusion_profile_l1_delta,item_aligned_exact,200,0.0,0,0.0,0.0,0.0,exact item-aligned invariance: fire if |value| > 0; undefined on unaligned null draws,aggregate_exact,200,0.0,0,0.0,0.0,0.0,exact item-aligned invariance: fire if |value| > 0; undefined on unaligned null draws,0.0
gate5a_id_unsw,10,qsvc_z_r1,integrity_jsd_vs_clean_eval,feature,200,0.05,191,0.0576711816704905,0.0469891927494737,0.0612982713005526,fire if value > threshold,feature,200,0.05,191,0.0565989356226655,0.045710154771386596,0.0603401840894444,fire if value > threshold,-0.0010722460478249998
gate5a_id_unsw,10,qsvc_z_r1,integrity_ks_reject05_vs_clean_eval,feature,200,0.05,191,0.3,0.0,0.7,fire if value > threshold,feature,200,0.05,191,0.3,0.0,0.7,fire if value > threshold,0.0
gate5a_id_unsw,10,qsvc_z_r1,integrity_label_jsd,label_marginal,200,0.05,191,0.0030737268215652,0.0004888385244522,0.0079589979174945,fire if value > threshold,label_marginal,200,0.05,191,0.0030737268215652,0.0004888385244522,0.0079589979174945,fire if value > threshold,0.0
gate5a_id_unsw,10,qsvc_z_r1,integrity_label_prior_shift,label_marginal,200,0.05,191,0.078125,0.03125,0.125,fire if value > threshold,label_marginal,200,0.05,191,0.078125,0.03125,0.125,fire if value > threshold,0.0
gate5a_id_unsw,10,qsvc_z_r1,integrity_mmd_vs_clean_eval,feature,200,0.05,191,0.0871633190799839,0.0,0.1279513132609132,fire if value > threshold,feature,200,0.05,191,0.0871633190799839,0.0,0.1279513132609132,fire if value > threshold,0.0
gate5a_id_unsw,10,qsvc_z_r1,integrity_pred_disagreement,item_aligned_exact,200,0.0,0,0.0,0.0,0.0,exact item-aligned invariance: fire if |value| > 0; undefined on unaligned null draws,item_aligned_exact,200,0.0,0,0.0,0.0,0.0,exact item-aligned invariance: fire if |value| > 0; undefined on unaligned null draws,0.0
gate5a_id_unsw,10,qsvc_z_r1,integrity_pred_jsd,prediction,200,0.05,191,0.0040783378984358,0.0004894370546792,0.0073166463423858,fire if value > threshold,prediction,200,0.05,191,0.0040783378984358,0.0004894370546792,0.0073166463423858,fire if value > threshold,0.0
gate5a_id_unsw,10,qsvc_z_r1,integrity_pred_pos_rate_shift,prediction,200,0.05,191,0.0859375,0.03125,0.1171875,fire if value > threshold,prediction,200,0.05,191,0.0859375,0.03125,0.1171875,fire if value > threshold,0.0
gate5a_id_unsw,10,qsvc_z_r1,integrity_score_jsd_vs_clean_eval,prediction,200,0.05,191,0.118107725996446,0.0855818305077683,0.1328753828843427,fire if value > threshold,prediction,200,0.05,191,0.1139201691275137,0.0837284658308861,0.1323908450961519,fire if value > threshold,-0.00418755686893231
gate5a_id_unsw,10,qsvc_z_r1,label_flip_rate,item_aligned_exact,200,0.0,0,0.0,0.0,0.0,exact item-aligned invariance: fire if |value| > 0; undefined on unaligned null draws,item_aligned_exact,200,0.0,0,0.0,0.0,0.0,exact item-aligned invariance: fire if |value| > 0; undefined on unaligned null draws,0.0
gate5a_id_unsw,10,qsvc_zz_r1,integrity_confusion_profile_jsd,joint_outcome,200,0.05,191,0.0226505999944771,0.0045662727832157,0.0257464646466786,fire if value > threshold,joint_outcome,200,0.05,191,0.0226505999944771,0.004566272783215799,0.0257464646466786,fire if value > threshold,0.0
gate5a_id_unsw,10,qsvc_zz_r1,integrity_confusion_profile_jsd_delta,item_aligned_exact,200,0.0,0,0.0,0.0,0.0,exact item-aligned invariance: fire if |value| > 0; undefined on unaligned null draws,aggregate_exact,200,0.0,0,0.0,0.0,0.0,exact item-aligned invariance: fire if |value| > 0; undefined on unaligned null draws,0.0
gate5a_id_unsw,10,qsvc_zz_r1,integrity_confusion_profile_l1,joint_outcome,200,0.05,191,0.234375,0.1328124999999922,0.328125,fire if value > threshold,joint_outcome,200,0.05,191,0.234375,0.1328124999999922,0.328125,fire if value > threshold,0.0
gate5a_id_unsw,10,qsvc_zz_r1,integrity_confusion_profile_l1_delta,item_aligned_exact,200,0.0,0,0.0,0.0,0.0,exact item-aligned invariance: fire if |value| > 0; undefined on unaligned null draws,aggregate_exact,200,0.0,0,0.0,0.0,0.0,exact item-aligned invariance: fire if |value| > 0; undefined on unaligned null draws,0.0
gate5a_id_unsw,10,qsvc_zz_r1,integrity_jsd_vs_clean_eval,feature,200,0.05,191,0.0576711816704905,0.0469891927494737,0.0612982713005526,fire if value > threshold,feature,200,0.05,191,0.0565989356226655,0.045710154771386596,0.0603401840894444,fire if value > threshold,-0.0010722460478249998
gate5a_id_unsw,10,qsvc_zz_r1,integrity_ks_reject05_vs_clean_eval,feature,200,0.05,191,0.3,0.0,0.7,fire if value > threshold,feature,200,0.05,191,0.3,0.0,0.7,fire if value > threshold,0.0
gate5a_id_unsw,10,qsvc_zz_r1,integrity_label_jsd,label_marginal,200,0.05,191,0.0030737268215652,0.0004888385244522,0.0079589979174945,fire if value > threshold,label_marginal,200,0.05,191,0.0030737268215652,0.0004888385244522,0.0079589979174945,fire if value > threshold,0.0
gate5a_id_unsw,10,qsvc_zz_r1,integrity_label_prior_shift,label_marginal,200,0.05,191,0.078125,0.03125,0.125,fire if value > threshold,label_marginal,200,0.05,191,0.078125,0.03125,0.125,fire if value > threshold,0.0
gate5a_id_unsw,10,qsvc_zz_r1,integrity_mmd_vs_clean_eval,feature,200,0.05,191,0.0871633190799839,0.0,0.1279513132609132,fire if value > threshold,feature,200,0.05,191,0.0871633190799839,0.0,0.1279513132609132,fire if value > threshold,0.0
gate5a_id_unsw,10,qsvc_zz_r1,integrity_pred_disagreement,item_aligned_exact,200,0.0,0,0.0,0.0,0.0,exact item-aligned invariance: fire if |value| > 0; undefined on unaligned null draws,item_aligned_exact,200,0.0,0,0.0,0.0,0.0,exact item-aligned invariance: fire if |value| > 0; undefined on unaligned null draws,0.0
gate5a_id_unsw,10,qsvc_zz_r1,integrity_pred_jsd,prediction,200,0.05,191,0.0056422198044097,0.0008413472583236,0.014269376604903,fire if value > threshold,prediction,200,0.05,191,0.0056422198044097,0.0008413472583236,0.014269376604903,fire if value > threshold,0.0
gate5a_id_unsw,10,qsvc_zz_r1,integrity_pred_pos_rate_shift,prediction,200,0.05,191,0.1015625,0.0390625,0.1640625,fire if value > threshold,prediction,200,0.05,191,0.1015625,0.0390625,0.1640625,fire if value > threshold,0.0
gate5a_id_unsw,10,qsvc_zz_r1,integrity_score_jsd_vs_clean_eval,prediction,200,0.05,191,0.0914396882613725,0.068371850854303,0.1109831739991572,fire if value > threshold,prediction,200,0.05,191,0.0901007514692798,0.06777196535980085,0.1117564465144552,fire if value > threshold,-0.001338936792092696
gate5a_id_unsw,10,qsvc_zz_r1,label_flip_rate,item_aligned_exact,200,0.0,0,0.0,0.0,0.0,exact item-aligned invariance: fire if |value| > 0; undefined on unaligned null draws,item_aligned_exact,200,0.0,0,0.0,0.0,0.0,exact item-aligned invariance: fire if |value| > 0; undefined on unaligned null draws,0.0
gate5a_id_unsw,10,svc_rbf,integrity_confusion_profile_jsd,joint_outcome,200,0.05,191,0.012902106523353,0.004355226662156,0.0206792429068554,fire if value > threshold,joint_outcome,200,0.05,191,0.012902106523353,0.004355226662156051,0.0206792429068554,fire if value > threshold,0.0
gate5a_id_unsw,10,svc_rbf,integrity_confusion_profile_jsd_delta,item_aligned_exact,200,0.0,0,0.0,0.0,0.0,exact item-aligned invariance: fire if |value| > 0; undefined on unaligned null draws,aggregate_exact,200,0.0,0,0.0,0.0,0.0,exact item-aligned invariance: fire if |value| > 0; undefined on unaligned null draws,0.0
gate5a_id_unsw,10,svc_rbf,integrity_confusion_profile_l1,joint_outcome,200,0.05,191,0.234375,0.125,0.296875,fire if value > threshold,joint_outcome,200,0.05,191,0.234375,0.125,0.296875,fire if value > threshold,0.0
gate5a_id_unsw,10,svc_rbf,integrity_confusion_profile_l1_delta,item_aligned_exact,200,0.0,0,0.0,0.0,0.0,exact item-aligned invariance: fire if |value| > 0; undefined on unaligned null draws,aggregate_exact,200,0.0,0,0.0,0.0,0.0,exact item-aligned invariance: fire if |value| > 0; undefined on unaligned null draws,0.0
gate5a_id_unsw,10,svc_rbf,integrity_jsd_vs_clean_eval,feature,200,0.05,191,0.0576711816704298,0.0469891927497745,0.0612982713006111,fire if value > threshold,feature,200,0.05,191,0.0565989356226655,0.045710154771386596,0.0603401840894444,fire if value > threshold,-0.0010722460477642984
gate5a_id_unsw,10,svc_rbf,integrity_ks_reject05_vs_clean_eval,feature,200,0.05,191,0.3,0.0,0.7,fire if value > threshold,feature,200,0.05,191,0.3,0.0,0.7,fire if value > threshold,0.0
gate5a_id_unsw,10,svc_rbf,integrity_label_jsd,label_marginal,200,0.05,191,0.0030737268215652,0.0004888385244522,0.0079589979174945,fire if value > threshold,label_marginal,200,0.05,191,0.0030737268215652,0.0004888385244522,0.0079589979174945,fire if value > threshold,0.0
gate5a_id_unsw,10,svc_rbf,integrity_label_prior_shift,label_marginal,200,0.05,191,0.078125,0.03125,0.125,fire if value > threshold,label_marginal,200,0.05,191,0.078125,0.03125,0.125,fire if value > threshold,0.0
gate5a_id_unsw,10,svc_rbf,integrity_mmd_vs_clean_eval,feature,200,0.05,191,0.0861383596472802,0.0144421048283008,0.1106765278220871,fire if value > threshold,feature,200,0.05,191,0.0861383596472802,0.0144421048283008,0.1106765278220871,fire if value > threshold,0.0
gate5a_id_unsw,10,svc_rbf,integrity_pred_disagreement,item_aligned_exact,200,0.0,0,0.0,0.0,0.0,exact item-aligned invariance: fire if |value| > 0; undefined on unaligned null draws,item_aligned_exact,200,0.0,0,0.0,0.0,0.0,exact item-aligned invariance: fire if |value| > 0; undefined on unaligned null draws,0.0
gate5a_id_unsw,10,svc_rbf,integrity_pred_jsd,prediction,200,0.05,191,0.007518297927848,0.0009384074444821,0.0117611242807232,fire if value > threshold,prediction,200,0.05,191,0.007518297927848,0.0009384074444821,0.0117611242807232,fire if value > threshold,0.0
gate5a_id_unsw,10,svc_rbf,integrity_pred_pos_rate_shift,prediction,200,0.05,191,0.1171875,0.0390625,0.1484375,fire if value > threshold,prediction,200,0.05,191,0.1171875,0.0390625,0.1484375,fire if value > threshold,0.0
gate5a_id_unsw,10,svc_rbf,integrity_score_jsd_vs_clean_eval,prediction,200,0.05,191,0.1143336795268423,0.0839974904132402,0.1256300068473217,fire if value > threshold,prediction,200,0.05,191,0.1135300793398449,0.08196346285270831,0.126152180699267,fire if value > threshold,-0.0008036001869974052
gate5a_id_unsw,10,svc_rbf,label_flip_rate,item_aligned_exact,200,0.0,0,0.0,0.0,0.0,exact item-aligned invariance: fire if |value| > 0; undefined on unaligned null draws,item_aligned_exact,200,0.0,0,0.0,0.0,0.0,exact item-aligned invariance: fire if |value| > 0; undefined on unaligned null draws,0.0
gate5a_id_unsw,12,qsvc_pauli_xyz_r1,integrity_confusion_profile_jsd,joint_outcome,200,0.05,191,0.0155174031556585,0.0045114642211199,0.0311487700301694,fire if value > threshold,joint_outcome,200,0.05,191,0.0155174031556585,0.0045114642211199,0.0311487700301694,fire if value > threshold,0.0
gate5a_id_unsw,12,qsvc_pauli_xyz_r1,integrity_confusion_profile_jsd_delta,item_aligned_exact,200,0.0,0,0.0,0.0,0.0,exact item-aligned invariance: fire if |value| > 0; undefined on unaligned null draws,aggregate_exact,200,0.0,0,0.0,0.0,0.0,exact item-aligned invariance: fire if |value| > 0; undefined on unaligned null draws,0.0
gate5a_id_unsw,12,qsvc_pauli_xyz_r1,integrity_confusion_profile_l1,joint_outcome,200,0.05,191,0.265624999999987,0.140625,0.328125,fire if value > threshold,joint_outcome,200,0.05,191,0.265624999999987,0.140625,0.328125,fire if value > threshold,0.0
gate5a_id_unsw,12,qsvc_pauli_xyz_r1,integrity_confusion_profile_l1_delta,item_aligned_exact,200,0.0,0,0.0,0.0,0.0,exact item-aligned invariance: fire if |value| > 0; undefined on unaligned null draws,aggregate_exact,200,0.0,0,0.0,0.0,0.0,exact item-aligned invariance: fire if |value| > 0; undefined on unaligned null draws,0.0
gate5a_id_unsw,12,qsvc_pauli_xyz_r1,integrity_jsd_vs_clean_eval,feature,200,0.05,191,0.0555418325974526,0.0464716911260238,0.0595455340787897,fire if value > threshold,feature,200,0.05,191,0.0544072732363875,0.045382191902862495,0.0560663390548888,fire if value > threshold,-0.0011345593610651017
gate5a_id_unsw,12,qsvc_pauli_xyz_r1,integrity_ks_reject05_vs_clean_eval,feature,200,0.05,191,0.25,0.0,0.5833333333333334,fire if value > threshold,feature,200,0.05,191,0.25,0.0,0.5833333333333334,fire if value > threshold,0.0
gate5a_id_unsw,12,qsvc_pauli_xyz_r1,integrity_label_jsd,label_marginal,200,0.05,191,0.0030737268215652,0.0004888385244522,0.0079589979174945,fire if value > threshold,label_marginal,200,0.05,191,0.0030737268215652,0.0004888385244522,0.0079589979174945,fire if value > threshold,0.0
gate5a_id_unsw,12,qsvc_pauli_xyz_r1,integrity_label_prior_shift,label_marginal,200,0.05,191,0.078125,0.03125,0.125,fire if value > threshold,label_marginal,200,0.05,191,0.078125,0.03125,0.125,fire if value > threshold,0.0
gate5a_id_unsw,12,qsvc_pauli_xyz_r1,integrity_mmd_vs_clean_eval,feature,200,0.05,191,0.0856765565086219,0.0,0.1223230126649705,fire if value > threshold,feature,200,0.05,191,0.0856765565086219,0.0,0.1223230126649705,fire if value > threshold,0.0
gate5a_id_unsw,12,qsvc_pauli_xyz_r1,integrity_pred_disagreement,item_aligned_exact,200,0.0,0,0.0,0.0,0.0,exact item-aligned invariance: fire if |value| > 0; undefined on unaligned null draws,item_aligned_exact,200,0.0,0,0.0,0.0,0.0,exact item-aligned invariance: fire if |value| > 0; undefined on unaligned null draws,0.0
gate5a_id_unsw,12,qsvc_pauli_xyz_r1,integrity_pred_jsd,prediction,200,0.05,191,0.0038213533661727,0.0005005924029725,0.0093322040363675,fire if value > threshold,prediction,200,0.05,191,0.0038213533661727,0.0005005924029725,0.0093322040363675,fire if value > threshold,0.0
gate5a_id_unsw,12,qsvc_pauli_xyz_r1,integrity_pred_pos_rate_shift,prediction,200,0.05,191,0.0859375,0.03125,0.1328125,fire if value > threshold,prediction,200,0.05,191,0.0859375,0.03125,0.1328125,fire if value > threshold,0.0
gate5a_id_unsw,12,qsvc_pauli_xyz_r1,integrity_score_jsd_vs_clean_eval,prediction,200,0.05,191,0.105798993295882,0.078225527781552,0.1162024127999749,fire if value > threshold,prediction,200,0.05,191,0.1056059393533819,0.07705279722805375,0.1162024128086688,fire if value > threshold,-0.00019305394250009045
gate5a_id_unsw,12,qsvc_pauli_xyz_r1,label_flip_rate,item_aligned_exact,200,0.0,0,0.0,0.0,0.0,exact item-aligned invariance: fire if |value| > 0; undefined on unaligned null draws,item_aligned_exact,200,0.0,0,0.0,0.0,0.0,exact item-aligned invariance: fire if |value| > 0; undefined on unaligned null draws,0.0
gate5a_id_unsw,12,qsvc_z_r1,integrity_confusion_profile_jsd,joint_outcome,200,0.05,191,0.0181683164658819,0.0030781828494724,0.0252503716694572,fire if value > threshold,joint_outcome,200,0.05,191,0.0181683164658819,0.0030781828494724,0.0252503716694572,fire if value > threshold,0.0
gate5a_id_unsw,12,qsvc_z_r1,integrity_confusion_profile_jsd_delta,item_aligned_exact,200,0.0,0,0.0,0.0,0.0,exact item-aligned invariance: fire if |value| > 0; undefined on unaligned null draws,aggregate_exact,200,0.0,0,0.0,0.0,0.0,exact item-aligned invariance: fire if |value| > 0; undefined on unaligned null draws,0.0
gate5a_id_unsw,12,qsvc_z_r1,integrity_confusion_profile_l1,joint_outcome,200,0.05,191,0.21875,0.125,0.265625,fire if value > threshold,joint_outcome,200,0.05,191,0.21875,0.125,0.265625,fire if value > threshold,0.0
gate5a_id_unsw,12,qsvc_z_r1,integrity_confusion_profile_l1_delta,item_aligned_exact,200,0.0,0,0.0,0.0,0.0,exact item-aligned invariance: fire if |value| > 0; undefined on unaligned null draws,aggregate_exact,200,0.0,0,0.0,0.0,0.0,exact item-aligned invariance: fire if |value| > 0; undefined on unaligned null draws,0.0
gate5a_id_unsw,12,qsvc_z_r1,integrity_jsd_vs_clean_eval,feature,200,0.05,191,0.0555418325974526,0.0464716911260238,0.0595455340787897,fire if value > threshold,feature,200,0.05,191,0.0544072732363875,0.045382191902862495,0.0560663390548888,fire if value > threshold,-0.0011345593610651017
gate5a_id_unsw,12,qsvc_z_r1,integrity_ks_reject05_vs_clean_eval,feature,200,0.05,191,0.25,0.0,0.5833333333333334,fire if value > threshold,feature,200,0.05,191,0.25,0.0,0.5833333333333334,fire if value > threshold,0.0
gate5a_id_unsw,12,qsvc_z_r1,integrity_label_jsd,label_marginal,200,0.05,191,0.0030737268215652,0.0004888385244522,0.0079589979174945,fire if value > threshold,label_marginal,200,0.05,191,0.0030737268215652,0.0004888385244522,0.0079589979174945,fire if value > threshold,0.0
gate5a_id_unsw,12,qsvc_z_r1,integrity_label_prior_shift,label_marginal,200,0.05,191,0.078125,0.03125,0.125,fire if value > threshold,label_marginal,200,0.05,191,0.078125,0.03125,0.125,fire if value > threshold,0.0
gate5a_id_unsw,12,qsvc_z_r1,integrity_mmd_vs_clean_eval,feature,200,0.05,191,0.0856765565086219,0.0,0.1223230126649705,fire if value > threshold,feature,200,0.05,191,0.0856765565086219,0.0,0.1223230126649705,fire if value > threshold,0.0
gate5a_id_unsw,12,qsvc_z_r1,integrity_pred_disagreement,item_aligned_exact,200,0.0,0,0.0,0.0,0.0,exact item-aligned invariance: fire if |value| > 0; undefined on unaligned null draws,item_aligned_exact,200,0.0,0,0.0,0.0,0.0,exact item-aligned invariance: fire if |value| > 0; undefined on unaligned null draws,0.0
gate5a_id_unsw,12,qsvc_z_r1,integrity_pred_jsd,prediction,200,0.05,191,0.0048300815754956,0.0004920284380927,0.0094861996653792,fire if value > threshold,prediction,200,0.05,191,0.0048300815754956,0.0004920284380927,0.0094861996653792,fire if value > threshold,0.0
gate5a_id_unsw,12,qsvc_z_r1,integrity_pred_pos_rate_shift,prediction,200,0.05,191,0.09375,0.03125,0.1328125,fire if value > threshold,prediction,200,0.05,191,0.09375,0.03125,0.1328125,fire if value > threshold,0.0
gate5a_id_unsw,12,qsvc_z_r1,integrity_score_jsd_vs_clean_eval,prediction,200,0.05,191,0.1145899311488899,0.0844532006126645,0.1457081430792282,fire if value > threshold,prediction,200,0.05,191,0.114098766273766,0.08139442008334591,0.143475601661223,fire if value > threshold,-0.0004911648751239062
gate5a_id_unsw,12,qsvc_z_r1,label_flip_rate,item_aligned_exact,200,0.0,0,0.0,0.0,0.0,exact item-aligned invariance: fire if |value| > 0; undefined on unaligned null draws,item_aligned_exact,200,0.0,0,0.0,0.0,0.0,exact item-aligned invariance: fire if |value| > 0; undefined on unaligned null draws,0.0
gate5a_id_unsw,12,qsvc_zz_r1,integrity_confusion_profile_jsd,joint_outcome,200,0.05,191,0.0212359361012682,0.0044989125133484,0.0256408635269519,fire if value > threshold,joint_outcome,200,0.05,191,0.0212359361012682,0.0044989125133484,0.0256408635269519,fire if value > threshold,0.0
gate5a_id_unsw,12,qsvc_zz_r1,integrity_confusion_profile_jsd_delta,item_aligned_exact,200,0.0,0,0.0,0.0,0.0,exact item-aligned invariance: fire if |value| > 0; undefined on unaligned null draws,aggregate_exact,200,0.0,0,0.0,0.0,0.0,exact item-aligned invariance: fire if |value| > 0; undefined on unaligned null draws,0.0
gate5a_id_unsw,12,qsvc_zz_r1,integrity_confusion_profile_l1,joint_outcome,200,0.05,191,0.234375,0.125,0.3125,fire if value > threshold,joint_outcome,200,0.05,191,0.234375,0.125,0.3125,fire if value > threshold,0.0
gate5a_id_unsw,12,qsvc_zz_r1,integrity_confusion_profile_l1_delta,item_aligned_exact,200,0.0,0,0.0,0.0,0.0,exact item-aligned invariance: fire if |value| > 0; undefined on unaligned null draws,aggregate_exact,200,0.0,0,0.0,0.0,0.0,exact item-aligned invariance: fire if |value| > 0; undefined on unaligned null draws,0.0
gate5a_id_unsw,12,qsvc_zz_r1,integrity_jsd_vs_clean_eval,feature,200,0.05,191,0.0555418325974526,0.0464716911260238,0.0595455340787897,fire if value > threshold,feature,200,0.05,191,0.0544072732363875,0.045382191902862495,0.0560663390548888,fire if value > threshold,-0.0011345593610651017
gate5a_id_unsw,12,qsvc_zz_r1,integrity_ks_reject05_vs_clean_eval,feature,200,0.05,191,0.25,0.0,0.5833333333333334,fire if value > threshold,feature,200,0.05,191,0.25,0.0,0.5833333333333334,fire if value > threshold,0.0
gate5a_id_unsw,12,qsvc_zz_r1,integrity_label_jsd,label_marginal,200,0.05,191,0.0030737268215652,0.0004888385244522,0.0079589979174945,fire if value > threshold,label_marginal,200,0.05,191,0.0030737268215652,0.0004888385244522,0.0079589979174945,fire if value > threshold,0.0
gate5a_id_unsw,12,qsvc_zz_r1,integrity_label_prior_shift,label_marginal,200,0.05,191,0.078125,0.03125,0.125,fire if value > threshold,label_marginal,200,0.05,191,0.078125,0.03125,0.125,fire if value > threshold,0.0
gate5a_id_unsw,12,qsvc_zz_r1,integrity_mmd_vs_clean_eval,feature,200,0.05,191,0.0856765565086219,0.0,0.1223230126649705,fire if value > threshold,feature,200,0.05,191,0.0856765565086219,0.0,0.1223230126649705,fire if value > threshold,0.0
gate5a_id_unsw,12,qsvc_zz_r1,integrity_pred_disagreement,item_aligned_exact,200,0.0,0,0.0,0.0,0.0,exact item-aligned invariance: fire if |value| > 0; undefined on unaligned null draws,item_aligned_exact,200,0.0,0,0.0,0.0,0.0,exact item-aligned invariance: fire if |value| > 0; undefined on unaligned null draws,0.0
gate5a_id_unsw,12,qsvc_zz_r1,integrity_pred_jsd,prediction,200,0.05,191,0.005588048440298,0.0008508564126303,0.0137742601989484,fire if value > threshold,prediction,200,0.05,191,0.005588048440298,0.0008508564126303,0.0137742601989484,fire if value > threshold,0.0
gate5a_id_unsw,12,qsvc_zz_r1,integrity_pred_pos_rate_shift,prediction,200,0.05,191,0.1015625,0.0390625,0.15625,fire if value > threshold,prediction,200,0.05,191,0.1015625,0.0390625,0.15625,fire if value > threshold,0.0
gate5a_id_unsw,12,qsvc_zz_r1,integrity_score_jsd_vs_clean_eval,prediction,200,0.05,191,0.0921759289030761,0.0686701249815364,0.1042960721336079,fire if value > threshold,prediction,200,0.05,191,0.0914490696847827,0.067705450786767,0.1022734493725339,fire if value > threshold,-0.0007268592182934075
gate5a_id_unsw,12,qsvc_zz_r1,label_flip_rate,item_aligned_exact,200,0.0,0,0.0,0.0,0.0,exact item-aligned invariance: fire if |value| > 0; undefined on unaligned null draws,item_aligned_exact,200,0.0,0,0.0,0.0,0.0,exact item-aligned invariance: fire if |value| > 0; undefined on unaligned null draws,0.0
gate5a_id_unsw,12,svc_rbf,integrity_confusion_profile_jsd,joint_outcome,200,0.05,191,0.0161099518337413,0.0037503626059579,0.0274741352727362,fire if value > threshold,joint_outcome,200,0.05,191,0.0161099518337413,0.0037503626059579498,0.0274741352727362,fire if value > threshold,0.0
gate5a_id_unsw,12,svc_rbf,integrity_confusion_profile_jsd_delta,item_aligned_exact,200,0.0,0,0.0,0.0,0.0,exact item-aligned invariance: fire if |value| > 0; undefined on unaligned null draws,aggregate_exact,200,0.0,0,0.0,0.0,0.0,exact item-aligned invariance: fire if |value| > 0; undefined on unaligned null draws,0.0
gate5a_id_unsw,12,svc_rbf,integrity_confusion_profile_l1,joint_outcome,200,0.05,191,0.25,0.125,0.3125,fire if value > threshold,joint_outcome,200,0.05,191,0.25,0.125,0.3125,fire if value > threshold,0.0
gate5a_id_unsw,12,svc_rbf,integrity_confusion_profile_l1_delta,item_aligned_exact,200,0.0,0,0.0,0.0,0.0,exact item-aligned invariance: fire if |value| > 0; undefined on unaligned null draws,aggregate_exact,200,0.0,0,0.0,0.0,0.0,exact item-aligned invariance: fire if |value| > 0; undefined on unaligned null draws,0.0
gate5a_id_unsw,12,svc_rbf,integrity_jsd_vs_clean_eval,feature,200,0.05,191,0.0555418325968202,0.0464594583482584,0.0595455340775766,fire if value > threshold,feature,200,0.05,191,0.0544072732363875,0.045382191902862495,0.0560663390548888,fire if value > threshold,-0.0011345593604326978
gate5a_id_unsw,12,svc_rbf,integrity_ks_reject05_vs_clean_eval,feature,200,0.05,191,0.25,0.0,0.5833333333333334,fire if value > threshold,feature,200,0.05,191,0.25,0.0,0.5833333333333334,fire if value > threshold,0.0
gate5a_id_unsw,12,svc_rbf,integrity_label_jsd,label_marginal,200,0.05,191,0.0030737268215652,0.0004888385244522,0.0079589979174945,fire if value > threshold,label_marginal,200,0.05,191,0.0030737268215652,0.0004888385244522,0.0079589979174945,fire if value > threshold,0.0
gate5a_id_unsw,12,svc_rbf,integrity_label_prior_shift,label_marginal,200,0.05,191,0.078125,0.03125,0.125,fire if value > threshold,label_marginal,200,0.05,191,0.078125,0.03125,0.125,fire if value > threshold,0.0
gate5a_id_unsw,12,svc_rbf,integrity_mmd_vs_clean_eval,feature,200,0.05,191,0.0818425062288844,0.0192112183556999,0.104786054908758,fire if value > threshold,feature,200,0.05,191,0.0818425062288844,0.01921121835569995,0.104786054908758,fire if value > threshold,0.0
gate5a_id_unsw,12,svc_rbf,integrity_pred_disagreement,item_aligned_exact,200,0.0,0,0.0,0.0,0.0,exact item-aligned invariance: fire if |value| > 0; undefined on unaligned null draws,item_aligned_exact,200,0.0,0,0.0,0.0,0.0,exact item-aligned invariance: fire if |value| > 0; undefined on unaligned null draws,0.0
gate5a_id_unsw,12,svc_rbf,integrity_pred_jsd,prediction,200,0.05,191,0.0078407315376847,0.0010501016182682,0.012257193293292,fire if value > threshold,prediction,200,0.05,191,0.0078407315376847,0.00105010161826825,0.012257193293292,fire if value > threshold,0.0
gate5a_id_unsw,12,svc_rbf,integrity_pred_pos_rate_shift,prediction,200,0.05,191,0.125,0.04296875,0.15625,fire if value > threshold,prediction,200,0.05,191,0.125,0.04296875,0.15625,fire if value > threshold,0.0
gate5a_id_unsw,12,svc_rbf,integrity_score_jsd_vs_clean_eval,prediction,200,0.05,191,0.1177471410134708,0.0853498429933489,0.1332089478248354,fire if value > threshold,prediction,200,0.05,191,0.1198469331104849,0.08367371800037904,0.1309945143414165,fire if value > threshold,0.002099792097014108
gate5a_id_unsw,12,svc_rbf,label_flip_rate,item_aligned_exact,200,0.0,0,0.0,0.0,0.0,exact item-aligned invariance: fire if |value| > 0; undefined on unaligned null draws,item_aligned_exact,200,0.0,0,0.0,0.0,0.0,exact item-aligned invariance: fire if |value| > 0; undefined on unaligned null draws,0.0
gate5b_id_ton_iot,8,qsvc_pauli_xyz_r1,integrity_confusion_profile_jsd,joint_outcome,200,0.05,191,0.0099086140157213,0.003438053948863,0.0170454901959569,fire if value > threshold,joint_outcome,200,0.05,191,0.0099086140157213,0.0034380539488630497,0.0170454901959569,fire if value > threshold,0.0
gate5b_id_ton_iot,8,qsvc_pauli_xyz_r1,integrity_confusion_profile_jsd_delta,item_aligned_exact,200,0.0,0,0.0,0.0,0.0,exact item-aligned invariance: fire if |value| > 0; undefined on unaligned null draws,aggregate_exact,200,0.0,0,0.0,0.0,0.0,exact item-aligned invariance: fire if |value| > 0; undefined on unaligned null draws,0.0
gate5b_id_ton_iot,8,qsvc_pauli_xyz_r1,integrity_confusion_profile_l1,joint_outcome,200,0.05,191,0.203125,0.109375,0.25,fire if value > threshold,joint_outcome,200,0.05,191,0.203125,0.109375,0.25,fire if value > threshold,0.0
gate5b_id_ton_iot,8,qsvc_pauli_xyz_r1,integrity_confusion_profile_l1_delta,item_aligned_exact,200,0.0,0,0.0,0.0,0.0,exact item-aligned invariance: fire if |value| > 0; undefined on unaligned null draws,aggregate_exact,200,0.0,0,0.0,0.0,0.0,exact item-aligned invariance: fire if |value| > 0; undefined on unaligned null draws,0.0
gate5b_id_ton_iot,8,qsvc_pauli_xyz_r1,integrity_jsd_vs_clean_eval,feature,200,0.05,191,0.0425134605774624,0.0319637897756995,0.0469056034078152,fire if value > threshold,feature,200,0.05,191,0.0398715603913538,0.03062588540796765,0.0445742503726615,fire if value > threshold,-0.0026419001861086033
gate5b_id_ton_iot,8,qsvc_pauli_xyz_r1,integrity_ks_reject05_vs_clean_eval,feature,200,0.05,191,0.25,0.0,0.625,fire if value > threshold,feature,200,0.05,191,0.25,0.0,0.625,fire if value > threshold,0.0
gate5b_id_ton_iot,8,qsvc_pauli_xyz_r1,integrity_label_jsd,label_marginal,200,0.05,191,0.0030737268215652,0.0004888385244522,0.0079589979174945,fire if value > threshold,label_marginal,200,0.05,191,0.0030737268215652,0.0004888385244522,0.0079589979174945,fire if value > threshold,0.0
gate5b_id_ton_iot,8,qsvc_pauli_xyz_r1,integrity_label_prior_shift,label_marginal,200,0.05,191,0.078125,0.03125,0.125,fire if value > threshold,label_marginal,200,0.05,191,0.078125,0.03125,0.125,fire if value > threshold,0.0
gate5b_id_ton_iot,8,qsvc_pauli_xyz_r1,integrity_mmd_vs_clean_eval,feature,200,0.05,191,0.0991809554761005,0.0,0.2222601020998182,fire if value > threshold,feature,200,0.05,191,0.0991809554761005,0.0,0.2222601020998182,fire if value > threshold,0.0
gate5b_id_ton_iot,8,qsvc_pauli_xyz_r1,integrity_pred_disagreement,item_aligned_exact,200,0.0,0,0.0,0.0,0.0,exact item-aligned invariance: fire if |value| > 0; undefined on unaligned null draws,item_aligned_exact,200,0.0,0,0.0,0.0,0.0,exact item-aligned invariance: fire if |value| > 0; undefined on unaligned null draws,0.0
gate5b_id_ton_iot,8,qsvc_pauli_xyz_r1,integrity_pred_jsd,prediction,200,0.05,191,0.0078011020510851,0.0009362559573434,0.0149615510235919,fire if value > threshold,prediction,200,0.05,191,0.0078011020510851,0.0009362559573434,0.0149615510235919,fire if value > threshold,0.0
gate5b_id_ton_iot,8,qsvc_pauli_xyz_r1,integrity_pred_pos_rate_shift,prediction,200,0.05,191,0.09375,0.03125,0.125,fire if value > threshold,prediction,200,0.05,191,0.09375,0.03125,0.125,fire if value > threshold,0.0
gate5b_id_ton_iot,8,qsvc_pauli_xyz_r1,integrity_score_jsd_vs_clean_eval,prediction,200,0.05,191,0.0994821959263851,0.0688672061517414,0.1216761131157283,fire if value > threshold,prediction,200,0.05,191,0.0943598430823435,0.06815244667457525,0.121676113127656,fire if value > threshold,-0.005122352844041597
gate5b_id_ton_iot,8,qsvc_pauli_xyz_r1,label_flip_rate,item_aligned_exact,200,0.0,0,0.0,0.0,0.0,exact item-aligned invariance: fire if |value| > 0; undefined on unaligned null draws,item_aligned_exact,200,0.0,0,0.0,0.0,0.0,exact item-aligned invariance: fire if |value| > 0; undefined on unaligned null draws,0.0
gate5b_id_ton_iot,8,qsvc_z_r1,integrity_confusion_profile_jsd,joint_outcome,200,0.05,191,0.0097707647213151,0.0030896075446009,0.0189363249552743,fire if value > threshold,joint_outcome,200,0.05,191,0.0097707647213151,0.00308960754460095,0.0189363249552743,fire if value > threshold,0.0
gate5b_id_ton_iot,8,qsvc_z_r1,integrity_confusion_profile_jsd_delta,item_aligned_exact,200,0.0,0,0.0,0.0,0.0,exact item-aligned invariance: fire if |value| > 0; undefined on unaligned null draws,aggregate_exact,200,0.0,0,0.0,0.0,0.0,exact item-aligned invariance: fire if |value| > 0; undefined on unaligned null draws,0.0
gate5b_id_ton_iot,8,qsvc_z_r1,integrity_confusion_profile_l1,joint_outcome,200,0.05,191,0.203125,0.109375,0.2968749999999902,fire if value > threshold,joint_outcome,200,0.05,191,0.203125,0.109375,0.2968749999999902,fire if value > threshold,0.0
gate5b_id_ton_iot,8,qsvc_z_r1,integrity_confusion_profile_l1_delta,item_aligned_exact,200,0.0,0,0.0,0.0,0.0,exact item-aligned invariance: fire if |value| > 0; undefined on unaligned null draws,aggregate_exact,200,0.0,0,0.0,0.0,0.0,exact item-aligned invariance: fire if |value| > 0; undefined on unaligned null draws,0.0
gate5b_id_ton_iot,8,qsvc_z_r1,integrity_jsd_vs_clean_eval,feature,200,0.05,191,0.0425134605774624,0.0319637897756995,0.0469056034078152,fire if value > threshold,feature,200,0.05,191,0.0398715603913538,0.03062588540796765,0.0445742503726615,fire if value > threshold,-0.0026419001861086033
gate5b_id_ton_iot,8,qsvc_z_r1,integrity_ks_reject05_vs_clean_eval,feature,200,0.05,191,0.25,0.0,0.625,fire if value > threshold,feature,200,0.05,191,0.25,0.0,0.625,fire if value > threshold,0.0
gate5b_id_ton_iot,8,qsvc_z_r1,integrity_label_jsd,label_marginal,200,0.05,191,0.0030737268215652,0.0004888385244522,0.0079589979174945,fire if value > threshold,label_marginal,200,0.05,191,0.0030737268215652,0.0004888385244522,0.0079589979174945,fire if value > threshold,0.0
gate5b_id_ton_iot,8,qsvc_z_r1,integrity_label_prior_shift,label_marginal,200,0.05,191,0.078125,0.03125,0.125,fire if value > threshold,label_marginal,200,0.05,191,0.078125,0.03125,0.125,fire if value > threshold,0.0
gate5b_id_ton_iot,8,qsvc_z_r1,integrity_mmd_vs_clean_eval,feature,200,0.05,191,0.0991809554761005,0.0,0.2222601020998182,fire if value > threshold,feature,200,0.05,191,0.0991809554761005,0.0,0.2222601020998182,fire if value > threshold,0.0
gate5b_id_ton_iot,8,qsvc_z_r1,integrity_pred_disagreement,item_aligned_exact,200,0.0,0,0.0,0.0,0.0,exact item-aligned invariance: fire if |value| > 0; undefined on unaligned null draws,item_aligned_exact,200,0.0,0,0.0,0.0,0.0,exact item-aligned invariance: fire if |value| > 0; undefined on unaligned null draws,0.0
gate5b_id_ton_iot,8,qsvc_z_r1,integrity_pred_jsd,prediction,200,0.05,191,0.0068938459069075,0.0008020469344114,0.0105031747526797,fire if value > threshold,prediction,200,0.05,191,0.0068938459069075,0.0008020469344114,0.0105031747526797,fire if value > threshold,0.0
gate5b_id_ton_iot,8,qsvc_z_r1,integrity_pred_pos_rate_shift,prediction,200,0.05,191,0.09375,0.03125,0.125,fire if value > threshold,prediction,200,0.05,191,0.09375,0.03125,0.125,fire if value > threshold,0.0
gate5b_id_ton_iot,8,qsvc_z_r1,integrity_score_jsd_vs_clean_eval,prediction,200,0.05,191,0.0925956381708792,0.0599432161602438,0.1062158920071687,fire if value > threshold,prediction,200,0.05,191,0.089454496323877,0.0574687096344003,0.1003979395304364,fire if value > threshold,-0.0031411418470021907
gate5b_id_ton_iot,8,qsvc_z_r1,label_flip_rate,item_aligned_exact,200,0.0,0,0.0,0.0,0.0,exact item-aligned invariance: fire if |value| > 0; undefined on unaligned null draws,item_aligned_exact,200,0.0,0,0.0,0.0,0.0,exact item-aligned invariance: fire if |value| > 0; undefined on unaligned null draws,0.0
gate5b_id_ton_iot,8,qsvc_zz_r1,integrity_confusion_profile_jsd,joint_outcome,200,0.05,191,0.0145989638643348,0.0027511260825154,0.0243633923379209,fire if value > threshold,joint_outcome,200,0.05,191,0.0145989638643348,0.0027511260825154498,0.0243633923379209,fire if value > threshold,0.0
gate5b_id_ton_iot,8,qsvc_zz_r1,integrity_confusion_profile_jsd_delta,item_aligned_exact,200,0.0,0,0.0,0.0,0.0,exact item-aligned invariance: fire if |value| > 0; undefined on unaligned null draws,aggregate_exact,200,0.0,0,0.0,0.0,0.0,exact item-aligned invariance: fire if |value| > 0; undefined on unaligned null draws,0.0
gate5b_id_ton_iot,8,qsvc_zz_r1,integrity_confusion_profile_l1,joint_outcome,200,0.05,191,0.265625,0.109375,0.3437499999999872,fire if value > threshold,joint_outcome,200,0.05,191,0.265625,0.109375,0.3437499999999872,fire if value > threshold,0.0
gate5b_id_ton_iot,8,qsvc_zz_r1,integrity_confusion_profile_l1_delta,item_aligned_exact,200,0.0,0,0.0,0.0,0.0,exact item-aligned invariance: fire if |value| > 0; undefined on unaligned null draws,aggregate_exact,200,0.0,0,0.0,0.0,0.0,exact item-aligned invariance: fire if |value| > 0; undefined on unaligned null draws,0.0
gate5b_id_ton_iot,8,qsvc_zz_r1,integrity_jsd_vs_clean_eval,feature,200,0.05,191,0.0425134605774624,0.0319637897756995,0.0469056034078152,fire if value > threshold,feature,200,0.05,191,0.0398715603913538,0.03062588540796765,0.0445742503726615,fire if value > threshold,-0.0026419001861086033
gate5b_id_ton_iot,8,qsvc_zz_r1,integrity_ks_reject05_vs_clean_eval,feature,200,0.05,191,0.25,0.0,0.625,fire if value > threshold,feature,200,0.05,191,0.25,0.0,0.625,fire if value > threshold,0.0
gate5b_id_ton_iot,8,qsvc_zz_r1,integrity_label_jsd,label_marginal,200,0.05,191,0.0030737268215652,0.0004888385244522,0.0079589979174945,fire if value > threshold,label_marginal,200,0.05,191,0.0030737268215652,0.0004888385244522,0.0079589979174945,fire if value > threshold,0.0
gate5b_id_ton_iot,8,qsvc_zz_r1,integrity_label_prior_shift,label_marginal,200,0.05,191,0.078125,0.03125,0.125,fire if value > threshold,label_marginal,200,0.05,191,0.078125,0.03125,0.125,fire if value > threshold,0.0
gate5b_id_ton_iot,8,qsvc_zz_r1,integrity_mmd_vs_clean_eval,feature,200,0.05,191,0.0991809554761005,0.0,0.2222601020998182,fire if value > threshold,feature,200,0.05,191,0.0991809554761005,0.0,0.2222601020998182,fire if value > threshold,0.0
gate5b_id_ton_iot,8,qsvc_zz_r1,integrity_pred_disagreement,item_aligned_exact,200,0.0,0,0.0,0.0,0.0,exact item-aligned invariance: fire if |value| > 0; undefined on unaligned null draws,item_aligned_exact,200,0.0,0,0.0,0.0,0.0,exact item-aligned invariance: fire if |value| > 0; undefined on unaligned null draws,0.0
gate5b_id_ton_iot,8,qsvc_zz_r1,integrity_pred_jsd,prediction,200,0.05,191,0.0061529658296982,0.0005167720932959,0.0191947323399714,fire if value > threshold,prediction,200,0.05,191,0.0061529658296982,0.0005167720932959,0.0191947323399714,fire if value > threshold,0.0
gate5b_id_ton_iot,8,qsvc_zz_r1,integrity_pred_pos_rate_shift,prediction,200,0.05,191,0.109375,0.03125,0.171875,fire if value > threshold,prediction,200,0.05,191,0.109375,0.03125,0.171875,fire if value > threshold,0.0
gate5b_id_ton_iot,8,qsvc_zz_r1,integrity_score_jsd_vs_clean_eval,prediction,200,0.05,191,0.0965575092085974,0.069477628895051,0.1063013546939169,fire if value > threshold,prediction,200,0.05,191,0.0965575092192934,0.06753841667056505,0.1101398682479024,fire if value > threshold,1.069599964154122e-11
gate5b_id_ton_iot,8,qsvc_zz_r1,label_flip_rate,item_aligned_exact,200,0.0,0,0.0,0.0,0.0,exact item-aligned invariance: fire if |value| > 0; undefined on unaligned null draws,item_aligned_exact,200,0.0,0,0.0,0.0,0.0,exact item-aligned invariance: fire if |value| > 0; undefined on unaligned null draws,0.0
gate5b_id_ton_iot,8,svc_rbf,integrity_confusion_profile_jsd,joint_outcome,200,0.05,191,0.0120756309262233,0.0034133728596046,0.0153644155926614,fire if value > threshold,joint_outcome,200,0.05,191,0.0120756309262233,0.00341337285960465,0.0153644155926614,fire if value > threshold,0.0
gate5b_id_ton_iot,8,svc_rbf,integrity_confusion_profile_jsd_delta,item_aligned_exact,200,0.0,0,0.0,0.0,0.0,exact item-aligned invariance: fire if |value| > 0; undefined on unaligned null draws,aggregate_exact,200,0.0,0,0.0,0.0,0.0,exact item-aligned invariance: fire if |value| > 0; undefined on unaligned null draws,0.0
gate5b_id_ton_iot,8,svc_rbf,integrity_confusion_profile_l1,joint_outcome,200,0.05,191,0.2187499999999858,0.09375,0.28125,fire if value > threshold,joint_outcome,200,0.05,191,0.2187499999999858,0.09375,0.28125,fire if value > threshold,0.0
gate5b_id_ton_iot,8,svc_rbf,integrity_confusion_profile_l1_delta,item_aligned_exact,200,0.0,0,0.0,0.0,0.0,exact item-aligned invariance: fire if |value| > 0; undefined on unaligned null draws,aggregate_exact,200,0.0,0,0.0,0.0,0.0,exact item-aligned invariance: fire if |value| > 0; undefined on unaligned null draws,0.0
gate5b_id_ton_iot,8,svc_rbf,integrity_jsd_vs_clean_eval,feature,200,0.05,191,0.0425134605749237,0.0319637897750079,0.0469056034054691,fire if value > threshold,feature,200,0.05,191,0.0398715603913538,0.03062588540796765,0.0445742503726615,fire if value > threshold,-0.002641900183569905
gate5b_id_ton_iot,8,svc_rbf,integrity_ks_reject05_vs_clean_eval,feature,200,0.05,191,0.25,0.0,0.625,fire if value > threshold,feature,200,0.05,191,0.25,0.0,0.625,fire if value > threshold,0.0
gate5b_id_ton_iot,8,svc_rbf,integrity_label_jsd,label_marginal,200,0.05,191,0.0030737268215652,0.0004888385244522,0.0079589979174945,fire if value > threshold,label_marginal,200,0.05,191,0.0030737268215652,0.0004888385244522,0.0079589979174945,fire if value > threshold,0.0
gate5b_id_ton_iot,8,svc_rbf,integrity_label_prior_shift,label_marginal,200,0.05,191,0.078125,0.03125,0.125,fire if value > threshold,label_marginal,200,0.05,191,0.078125,0.03125,0.125,fire if value > threshold,0.0
gate5b_id_ton_iot,8,svc_rbf,integrity_mmd_vs_clean_eval,feature,200,0.05,191,0.0984776058009185,0.0,0.2204996901741355,fire if value > threshold,feature,200,0.05,191,0.0984776058009185,0.0,0.2204996901741355,fire if value > threshold,0.0
gate5b_id_ton_iot,8,svc_rbf,integrity_pred_disagreement,item_aligned_exact,200,0.0,0,0.0,0.0,0.0,exact item-aligned invariance: fire if |value| > 0; undefined on unaligned null draws,item_aligned_exact,200,0.0,0,0.0,0.0,0.0,exact item-aligned invariance: fire if |value| > 0; undefined on unaligned null draws,0.0
gate5b_id_ton_iot,8,svc_rbf,integrity_pred_jsd,prediction,200,0.05,191,0.0067103965871361,0.0008620742889063,0.0120724975588688,fire if value > threshold,prediction,200,0.05,191,0.0067103965871361,0.0008620742889063,0.0120724975588688,fire if value > threshold,0.0
gate5b_id_ton_iot,8,svc_rbf,integrity_pred_pos_rate_shift,prediction,200,0.05,191,0.078125,0.03125,0.1328125,fire if value > threshold,prediction,200,0.05,191,0.078125,0.03125,0.1328125,fire if value > threshold,0.0
gate5b_id_ton_iot,8,svc_rbf,integrity_score_jsd_vs_clean_eval,prediction,200,0.05,191,0.0720338539797996,0.0467740043743753,0.079178505341534,fire if value > threshold,prediction,200,0.05,191,0.072372278198888,0.0468475124055835,0.0761082637025217,fire if value > threshold,0.00033842421908840403
gate5b_id_ton_iot,8,svc_rbf,label_flip_rate,item_aligned_exact,200,0.0,0,0.0,0.0,0.0,exact item-aligned invariance: fire if |value| > 0; undefined on unaligned null draws,item_aligned_exact,200,0.0,0,0.0,0.0,0.0,exact item-aligned invariance: fire if |value| > 0; undefined on unaligned null draws,0.0
gate5b_id_ton_iot,10,qsvc_pauli_xyz_r1,integrity_confusion_profile_jsd,joint_outcome,200,0.05,191,0.0111523837971235,0.0038986313522813,0.0237972571469445,fire if value > threshold,joint_outcome,200,0.05,191,0.0111523837971235,0.0038986313522813504,0.0237972571469445,fire if value > threshold,0.0
gate5b_id_ton_iot,10,qsvc_pauli_xyz_r1,integrity_confusion_profile_jsd_delta,item_aligned_exact,200,0.0,0,0.0,0.0,0.0,exact item-aligned invariance: fire if |value| > 0; undefined on unaligned null draws,aggregate_exact,200,0.0,0,0.0,0.0,0.0,exact item-aligned invariance: fire if |value| > 0; undefined on unaligned null draws,0.0
gate5b_id_ton_iot,10,qsvc_pauli_xyz_r1,integrity_confusion_profile_l1,joint_outcome,200,0.05,191,0.203125,0.109375,0.28125,fire if value > threshold,joint_outcome,200,0.05,191,0.203125,0.109375,0.28125,fire if value > threshold,0.0
gate5b_id_ton_iot,10,qsvc_pauli_xyz_r1,integrity_confusion_profile_l1_delta,item_aligned_exact,200,0.0,0,0.0,0.0,0.0,exact item-aligned invariance: fire if |value| > 0; undefined on unaligned null draws,aggregate_exact,200,0.0,0,0.0,0.0,0.0,exact item-aligned invariance: fire if |value| > 0; undefined on unaligned null draws,0.0
gate5b_id_ton_iot,10,qsvc_pauli_xyz_r1,integrity_jsd_vs_clean_eval,feature,200,0.05,191,0.0399231908800861,0.0318692134702753,0.0458390023753854,fire if value > threshold,feature,200,0.05,191,0.0381481747402973,0.03032524018659875,0.0460083727113008,fire if value > threshold,-0.001775016139788796
gate5b_id_ton_iot,10,qsvc_pauli_xyz_r1,integrity_ks_reject05_vs_clean_eval,feature,200,0.05,191,0.2,0.0,0.5,fire if value > threshold,feature,200,0.05,191,0.2,0.0,0.5,fire if value > threshold,0.0
gate5b_id_ton_iot,10,qsvc_pauli_xyz_r1,integrity_label_jsd,label_marginal,200,0.05,191,0.0030737268215652,0.0004888385244522,0.0079589979174945,fire if value > threshold,label_marginal,200,0.05,191,0.0030737268215652,0.0004888385244522,0.0079589979174945,fire if value > threshold,0.0
gate5b_id_ton_iot,10,qsvc_pauli_xyz_r1,integrity_label_prior_shift,label_marginal,200,0.05,191,0.078125,0.03125,0.125,fire if value > threshold,label_marginal,200,0.05,191,0.078125,0.03125,0.125,fire if value > threshold,0.0
gate5b_id_ton_iot,10,qsvc_pauli_xyz_r1,integrity_mmd_vs_clean_eval,feature,200,0.05,191,0.1033853752076668,0.0,0.2221083644055888,fire if value > threshold,feature,200,0.05,191,0.1033853752076668,0.0,0.2221083644055888,fire if value > threshold,0.0
gate5b_id_ton_iot,10,qsvc_pauli_xyz_r1,integrity_pred_disagreement,item_aligned_exact,200,0.0,0,0.0,0.0,0.0,exact item-aligned invariance: fire if |value| > 0; undefined on unaligned null draws,item_aligned_exact,200,0.0,0,0.0,0.0,0.0,exact item-aligned invariance: fire if |value| > 0; undefined on unaligned null draws,0.0
gate5b_id_ton_iot,10,qsvc_pauli_xyz_r1,integrity_pred_jsd,prediction,200,0.05,191,0.0052104269421515,0.0007547517017965,0.0128948894451869,fire if value > threshold,prediction,200,0.05,191,0.0052104269421515,0.0007547517017965,0.0128948894451869,fire if value > threshold,0.0
gate5b_id_ton_iot,10,qsvc_pauli_xyz_r1,integrity_pred_pos_rate_shift,prediction,200,0.05,191,0.0859375,0.03125,0.1328125,fire if value > threshold,prediction,200,0.05,191,0.0859375,0.03125,0.1328125,fire if value > threshold,0.0
gate5b_id_ton_iot,10,qsvc_pauli_xyz_r1,integrity_score_jsd_vs_clean_eval,prediction,200,0.05,191,0.0991370147331898,0.0723392398287126,0.1215123959818676,fire if value > threshold,prediction,200,0.05,191,0.0968558965209926,0.06989974363116594,0.1186303037478894,fire if value > threshold,-0.002281118212197203
gate5b_id_ton_iot,10,qsvc_pauli_xyz_r1,label_flip_rate,item_aligned_exact,200,0.0,0,0.0,0.0,0.0,exact item-aligned invariance: fire if |value| > 0; undefined on unaligned null draws,item_aligned_exact,200,0.0,0,0.0,0.0,0.0,exact item-aligned invariance: fire if |value| > 0; undefined on unaligned null draws,0.0
gate5b_id_ton_iot,10,qsvc_z_r1,integrity_confusion_profile_jsd,joint_outcome,200,0.05,191,0.010656061953106,0.0031967279726752,0.0206462089204528,fire if value > threshold,joint_outcome,200,0.05,191,0.010656061953106,0.0031967279726752,0.0206462089204528,fire if value > threshold,0.0
gate5b_id_ton_iot,10,qsvc_z_r1,integrity_confusion_profile_jsd_delta,item_aligned_exact,200,0.0,0,0.0,0.0,0.0,exact item-aligned invariance: fire if |value| > 0; undefined on unaligned null draws,aggregate_exact,200,0.0,0,0.0,0.0,0.0,exact item-aligned invariance: fire if |value| > 0; undefined on unaligned null draws,0.0
gate5b_id_ton_iot,10,qsvc_z_r1,integrity_confusion_profile_l1,joint_outcome,200,0.05,191,0.203125,0.1093749999999918,0.296875,fire if value > threshold,joint_outcome,200,0.05,191,0.203125,0.10937499999999181,0.296875,fire if value > threshold,0.0
gate5b_id_ton_iot,10,qsvc_z_r1,integrity_confusion_profile_l1_delta,item_aligned_exact,200,0.0,0,0.0,0.0,0.0,exact item-aligned invariance: fire if |value| > 0; undefined on unaligned null draws,aggregate_exact,200,0.0,0,0.0,0.0,0.0,exact item-aligned invariance: fire if |value| > 0; undefined on unaligned null draws,0.0
gate5b_id_ton_iot,10,qsvc_z_r1,integrity_jsd_vs_clean_eval,feature,200,0.05,191,0.0399231908800861,0.0318692134702753,0.0458390023753854,fire if value > threshold,feature,200,0.05,191,0.0381481747402973,0.03032524018659875,0.0460083727113008,fire if value > threshold,-0.001775016139788796
gate5b_id_ton_iot,10,qsvc_z_r1,integrity_ks_reject05_vs_clean_eval,feature,200,0.05,191,0.2,0.0,0.5,fire if value > threshold,feature,200,0.05,191,0.2,0.0,0.5,fire if value > threshold,0.0
gate5b_id_ton_iot,10,qsvc_z_r1,integrity_label_jsd,label_marginal,200,0.05,191,0.0030737268215652,0.0004888385244522,0.0079589979174945,fire if value > threshold,label_marginal,200,0.05,191,0.0030737268215652,0.0004888385244522,0.0079589979174945,fire if value > threshold,0.0
gate5b_id_ton_iot,10,qsvc_z_r1,integrity_label_prior_shift,label_marginal,200,0.05,191,0.078125,0.03125,0.125,fire if value > threshold,label_marginal,200,0.05,191,0.078125,0.03125,0.125,fire if value > threshold,0.0
gate5b_id_ton_iot,10,qsvc_z_r1,integrity_mmd_vs_clean_eval,feature,200,0.05,191,0.1033853752076668,0.0,0.2221083644055888,fire if value > threshold,feature,200,0.05,191,0.1033853752076668,0.0,0.2221083644055888,fire if value > threshold,0.0
gate5b_id_ton_iot,10,qsvc_z_r1,integrity_pred_disagreement,item_aligned_exact,200,0.0,0,0.0,0.0,0.0,exact item-aligned invariance: fire if |value| > 0; undefined on unaligned null draws,item_aligned_exact,200,0.0,0,0.0,0.0,0.0,exact item-aligned invariance: fire if |value| > 0; undefined on unaligned null draws,0.0
gate5b_id_ton_iot,10,qsvc_z_r1,integrity_pred_jsd,prediction,200,0.05,191,0.0052293551795334,0.0006888648557507,0.011142386895801,fire if value > threshold,prediction,200,0.05,191,0.0052293551795334,0.00068886485575075,0.011142386895801,fire if value > threshold,0.0
gate5b_id_ton_iot,10,qsvc_z_r1,integrity_pred_pos_rate_shift,prediction,200,0.05,191,0.0859375,0.03125,0.140625,fire if value > threshold,prediction,200,0.05,191,0.0859375,0.03125,0.140625,fire if value > threshold,0.0
gate5b_id_ton_iot,10,qsvc_z_r1,integrity_score_jsd_vs_clean_eval,prediction,200,0.05,191,0.0864625060918694,0.0627751336598042,0.1074363159907455,fire if value > threshold,prediction,200,0.05,191,0.0809860527236519,0.059300605052697006,0.0944754051267733,fire if value > threshold,-0.00547645336821749
gate5b_id_ton_iot,10,qsvc_z_r1,label_flip_rate,item_aligned_exact,200,0.0,0,0.0,0.0,0.0,exact item-aligned invariance: fire if |value| > 0; undefined on unaligned null draws,item_aligned_exact,200,0.0,0,0.0,0.0,0.0,exact item-aligned invariance: fire if |value| > 0; undefined on unaligned null draws,0.0
gate5b_id_ton_iot,10,qsvc_zz_r1,integrity_confusion_profile_jsd,joint_outcome,200,0.05,191,0.0126877592348204,0.0030239038585592,0.0205405240651723,fire if value > threshold,joint_outcome,200,0.05,191,0.0126877592348204,0.0030239038585592,0.0205405240651723,fire if value > threshold,0.0
gate5b_id_ton_iot,10,qsvc_zz_r1,integrity_confusion_profile_jsd_delta,item_aligned_exact,200,0.0,0,0.0,0.0,0.0,exact item-aligned invariance: fire if |value| > 0; undefined on unaligned null draws,aggregate_exact,200,0.0,0,0.0,0.0,0.0,exact item-aligned invariance: fire if |value| > 0; undefined on unaligned null draws,0.0
gate5b_id_ton_iot,10,qsvc_zz_r1,integrity_confusion_profile_l1,joint_outcome,200,0.05,191,0.234375,0.109375,0.265625,fire if value > threshold,joint_outcome,200,0.05,191,0.234375,0.109375,0.265625,fire if value > threshold,0.0
gate5b_id_ton_iot,10,qsvc_zz_r1,integrity_confusion_profile_l1_delta,item_aligned_exact,200,0.0,0,0.0,0.0,0.0,exact item-aligned invariance: fire if |value| > 0; undefined on unaligned null draws,aggregate_exact,200,0.0,0,0.0,0.0,0.0,exact item-aligned invariance: fire if |value| > 0; undefined on unaligned null draws,0.0
gate5b_id_ton_iot,10,qsvc_zz_r1,integrity_jsd_vs_clean_eval,feature,200,0.05,191,0.0399231908800861,0.0318692134702753,0.0458390023753854,fire if value > threshold,feature,200,0.05,191,0.0381481747402973,0.03032524018659875,0.0460083727113008,fire if value > threshold,-0.001775016139788796
gate5b_id_ton_iot,10,qsvc_zz_r1,integrity_ks_reject05_vs_clean_eval,feature,200,0.05,191,0.2,0.0,0.5,fire if value > threshold,feature,200,0.05,191,0.2,0.0,0.5,fire if value > threshold,0.0
gate5b_id_ton_iot,10,qsvc_zz_r1,integrity_label_jsd,label_marginal,200,0.05,191,0.0030737268215652,0.0004888385244522,0.0079589979174945,fire if value > threshold,label_marginal,200,0.05,191,0.0030737268215652,0.0004888385244522,0.0079589979174945,fire if value > threshold,0.0
gate5b_id_ton_iot,10,qsvc_zz_r1,integrity_label_prior_shift,label_marginal,200,0.05,191,0.078125,0.03125,0.125,fire if value > threshold,label_marginal,200,0.05,191,0.078125,0.03125,0.125,fire if value > threshold,0.0
gate5b_id_ton_iot,10,qsvc_zz_r1,integrity_mmd_vs_clean_eval,feature,200,0.05,191,0.1033853752076668,0.0,0.2221083644055888,fire if value > threshold,feature,200,0.05,191,0.1033853752076668,0.0,0.2221083644055888,fire if value > threshold,0.0
gate5b_id_ton_iot,10,qsvc_zz_r1,integrity_pred_disagreement,item_aligned_exact,200,0.0,0,0.0,0.0,0.0,exact item-aligned invariance: fire if |value| > 0; undefined on unaligned null draws,item_aligned_exact,200,0.0,0,0.0,0.0,0.0,exact item-aligned invariance: fire if |value| > 0; undefined on unaligned null draws,0.0
gate5b_id_ton_iot,10,qsvc_zz_r1,integrity_pred_jsd,prediction,200,0.05,191,0.0038213533661727,0.0005005924029725,0.0072067821544651,fire if value > threshold,prediction,200,0.05,191,0.0038213533661727,0.0005005924029725,0.0072067821544651,fire if value > threshold,0.0
gate5b_id_ton_iot,10,qsvc_zz_r1,integrity_pred_pos_rate_shift,prediction,200,0.05,191,0.0859375,0.03125,0.1171875,fire if value > threshold,prediction,200,0.05,191,0.0859375,0.03125,0.1171875,fire if value > threshold,0.0
gate5b_id_ton_iot,10,qsvc_zz_r1,integrity_score_jsd_vs_clean_eval,prediction,200,0.05,191,0.1017310181895403,0.0736651610825121,0.1228710869777003,fire if value > threshold,prediction,200,0.05,191,0.099513126733855,0.07271368705475695,0.1209423459615487,fire if value > threshold,-0.0022178914556853085
gate5b_id_ton_iot,10,qsvc_zz_r1,label_flip_rate,item_aligned_exact,200,0.0,0,0.0,0.0,0.0,exact item-aligned invariance: fire if |value| > 0; undefined on unaligned null draws,item_aligned_exact,200,0.0,0,0.0,0.0,0.0,exact item-aligned invariance: fire if |value| > 0; undefined on unaligned null draws,0.0
gate5b_id_ton_iot,10,svc_rbf,integrity_confusion_profile_jsd,joint_outcome,200,0.05,191,0.0122480807434969,0.0041272621614494,0.0182664580200478,fire if value > threshold,joint_outcome,200,0.05,191,0.0122480807434969,0.0041272621614494,0.0182664580200478,fire if value > threshold,0.0
gate5b_id_ton_iot,10,svc_rbf,integrity_confusion_profile_jsd_delta,item_aligned_exact,200,0.0,0,0.0,0.0,0.0,exact item-aligned invariance: fire if |value| > 0; undefined on unaligned null draws,aggregate_exact,200,0.0,0,0.0,0.0,0.0,exact item-aligned invariance: fire if |value| > 0; undefined on unaligned null draws,0.0
gate5b_id_ton_iot,10,svc_rbf,integrity_confusion_profile_l1,joint_outcome,200,0.05,191,0.234375,0.109375,0.28125,fire if value > threshold,joint_outcome,200,0.05,191,0.234375,0.109375,0.28125,fire if value > threshold,0.0
gate5b_id_ton_iot,10,svc_rbf,integrity_confusion_profile_l1_delta,item_aligned_exact,200,0.0,0,0.0,0.0,0.0,exact item-aligned invariance: fire if |value| > 0; undefined on unaligned null draws,aggregate_exact,200,0.0,0,0.0,0.0,0.0,exact item-aligned invariance: fire if |value| > 0; undefined on unaligned null draws,0.0
gate5b_id_ton_iot,10,svc_rbf,integrity_jsd_vs_clean_eval,feature,200,0.05,191,0.0399231908781199,0.0318692134703599,0.0458390023731936,fire if value > threshold,feature,200,0.05,191,0.0381481747402973,0.03032524018659875,0.0460083727113008,fire if value > threshold,-0.0017750161378225979
gate5b_id_ton_iot,10,svc_rbf,integrity_ks_reject05_vs_clean_eval,feature,200,0.05,191,0.2,0.0,0.5,fire if value > threshold,feature,200,0.05,191,0.2,0.0,0.5,fire if value > threshold,0.0
gate5b_id_ton_iot,10,svc_rbf,integrity_label_jsd,label_marginal,200,0.05,191,0.0030737268215652,0.0004888385244522,0.0079589979174945,fire if value > threshold,label_marginal,200,0.05,191,0.0030737268215652,0.0004888385244522,0.0079589979174945,fire if value > threshold,0.0
gate5b_id_ton_iot,10,svc_rbf,integrity_label_prior_shift,label_marginal,200,0.05,191,0.078125,0.03125,0.125,fire if value > threshold,label_marginal,200,0.05,191,0.078125,0.03125,0.125,fire if value > threshold,0.0
gate5b_id_ton_iot,10,svc_rbf,integrity_mmd_vs_clean_eval,feature,200,0.05,191,0.1117862774159558,0.0,0.2194989368323009,fire if value > threshold,feature,200,0.05,191,0.1117862774159558,0.0,0.2194989368323009,fire if value > threshold,0.0
gate5b_id_ton_iot,10,svc_rbf,integrity_pred_disagreement,item_aligned_exact,200,0.0,0,0.0,0.0,0.0,exact item-aligned invariance: fire if |value| > 0; undefined on unaligned null draws,item_aligned_exact,200,0.0,0,0.0,0.0,0.0,exact item-aligned invariance: fire if |value| > 0; undefined on unaligned null draws,0.0
gate5b_id_ton_iot,10,svc_rbf,integrity_pred_jsd,prediction,200,0.05,191,0.0071468042529941,0.0009367926693835,0.0127890954890542,fire if value > threshold,prediction,200,0.05,191,0.0071468042529941,0.00093679266938355,0.0127890954890542,fire if value > threshold,0.0
gate5b_id_ton_iot,10,svc_rbf,integrity_pred_pos_rate_shift,prediction,200,0.05,191,0.1015625,0.0390625,0.140625,fire if value > threshold,prediction,200,0.05,191,0.1015625,0.0390625,0.140625,fire if value > threshold,0.0
gate5b_id_ton_iot,10,svc_rbf,integrity_score_jsd_vs_clean_eval,prediction,200,0.05,191,0.0738906422554441,0.0471911823915037,0.0848554269057557,fire if value > threshold,prediction,200,0.05,191,0.0740402443297314,0.0457843426492688,0.0827992974963508,fire if value > threshold,0.00014960207428729722
gate5b_id_ton_iot,10,svc_rbf,label_flip_rate,item_aligned_exact,200,0.0,0,0.0,0.0,0.0,exact item-aligned invariance: fire if |value| > 0; undefined on unaligned null draws,item_aligned_exact,200,0.0,0,0.0,0.0,0.0,exact item-aligned invariance: fire if |value| > 0; undefined on unaligned null draws,0.0
gate5b_id_ton_iot,12,qsvc_pauli_xyz_r1,integrity_confusion_profile_jsd,joint_outcome,200,0.05,191,0.0124181314468989,0.0041783322010148,0.0220585885694623,fire if value > threshold,joint_outcome,200,0.05,191,0.0124181314468989,0.0041783322010148,0.0220585885694623,fire if value > threshold,0.0
gate5b_id_ton_iot,12,qsvc_pauli_xyz_r1,integrity_confusion_profile_jsd_delta,item_aligned_exact,200,0.0,0,0.0,0.0,0.0,exact item-aligned invariance: fire if |value| > 0; undefined on unaligned null draws,aggregate_exact,200,0.0,0,0.0,0.0,0.0,exact item-aligned invariance: fire if |value| > 0; undefined on unaligned null draws,0.0
gate5b_id_ton_iot,12,qsvc_pauli_xyz_r1,integrity_confusion_profile_l1,joint_outcome,200,0.05,191,0.234375,0.109375,0.34375,fire if value > threshold,joint_outcome,200,0.05,191,0.234375,0.109375,0.34375,fire if value > threshold,0.0
gate5b_id_ton_iot,12,qsvc_pauli_xyz_r1,integrity_confusion_profile_l1_delta,item_aligned_exact,200,0.0,0,0.0,0.0,0.0,exact item-aligned invariance: fire if |value| > 0; undefined on unaligned null draws,aggregate_exact,200,0.0,0,0.0,0.0,0.0,exact item-aligned invariance: fire if |value| > 0; undefined on unaligned null draws,0.0
gate5b_id_ton_iot,12,qsvc_pauli_xyz_r1,integrity_jsd_vs_clean_eval,feature,200,0.05,191,0.0421893849070693,0.0316297770855434,0.0471189322491872,fire if value > threshold,feature,200,0.05,191,0.0409288005967085,0.031061411304672548,0.0462205988116818,fire if value > threshold,-0.0012605843103607947
gate5b_id_ton_iot,12,qsvc_pauli_xyz_r1,integrity_ks_reject05_vs_clean_eval,feature,200,0.05,191,0.25,0.0,0.5,fire if value > threshold,feature,200,0.05,191,0.25,0.0,0.5,fire if value > threshold,0.0
gate5b_id_ton_iot,12,qsvc_pauli_xyz_r1,integrity_label_jsd,label_marginal,200,0.05,191,0.0030737268215652,0.0004888385244522,0.0079589979174945,fire if value > threshold,label_marginal,200,0.05,191,0.0030737268215652,0.0004888385244522,0.0079589979174945,fire if value > threshold,0.0
gate5b_id_ton_iot,12,qsvc_pauli_xyz_r1,integrity_label_prior_shift,label_marginal,200,0.05,191,0.078125,0.03125,0.125,fire if value > threshold,label_marginal,200,0.05,191,0.078125,0.03125,0.125,fire if value > threshold,0.0
gate5b_id_ton_iot,12,qsvc_pauli_xyz_r1,integrity_mmd_vs_clean_eval,feature,200,0.05,191,0.0920165500745955,0.0,0.2172242535717773,fire if value > threshold,feature,200,0.05,191,0.0920165500745955,0.0,0.2172242535717773,fire if value > threshold,0.0
gate5b_id_ton_iot,12,qsvc_pauli_xyz_r1,integrity_pred_disagreement,item_aligned_exact,200,0.0,0,0.0,0.0,0.0,exact item-aligned invariance: fire if |value| > 0; undefined on unaligned null draws,item_aligned_exact,200,0.0,0,0.0,0.0,0.0,exact item-aligned invariance: fire if |value| > 0; undefined on unaligned null draws,0.0
gate5b_id_ton_iot,12,qsvc_pauli_xyz_r1,integrity_pred_jsd,prediction,200,0.05,191,0.0050598894866084,0.0006041016554415,0.013406916959232,fire if value > threshold,prediction,200,0.05,191,0.0050598894866084,0.0006041016554415,0.013406916959232,fire if value > threshold,0.0
gate5b_id_ton_iot,12,qsvc_pauli_xyz_r1,integrity_pred_pos_rate_shift,prediction,200,0.05,191,0.09375,0.03125,0.1484375,fire if value > threshold,prediction,200,0.05,191,0.09375,0.03125,0.1484375,fire if value > threshold,0.0
gate5b_id_ton_iot,12,qsvc_pauli_xyz_r1,integrity_score_jsd_vs_clean_eval,prediction,200,0.05,191,0.0924847347450427,0.0705610103688572,0.1297639696519641,fire if value > threshold,prediction,200,0.05,191,0.0926752186227005,0.0687140577346954,0.1274846299384061,fire if value > threshold,0.00019048387765781272
gate5b_id_ton_iot,12,qsvc_pauli_xyz_r1,label_flip_rate,item_aligned_exact,200,0.0,0,0.0,0.0,0.0,exact item-aligned invariance: fire if |value| > 0; undefined on unaligned null draws,item_aligned_exact,200,0.0,0,0.0,0.0,0.0,exact item-aligned invariance: fire if |value| > 0; undefined on unaligned null draws,0.0
gate5b_id_ton_iot,12,qsvc_z_r1,integrity_confusion_profile_jsd,joint_outcome,200,0.05,191,0.0150396536516789,0.0029182188827612,0.0206662917830179,fire if value > threshold,joint_outcome,200,0.05,191,0.0150396536516789,0.0029182188827612003,0.0206662917830179,fire if value > threshold,0.0
gate5b_id_ton_iot,12,qsvc_z_r1,integrity_confusion_profile_jsd_delta,item_aligned_exact,200,0.0,0,0.0,0.0,0.0,exact item-aligned invariance: fire if |value| > 0; undefined on unaligned null draws,aggregate_exact,200,0.0,0,0.0,0.0,0.0,exact item-aligned invariance: fire if |value| > 0; undefined on unaligned null draws,0.0
gate5b_id_ton_iot,12,qsvc_z_r1,integrity_confusion_profile_l1,joint_outcome,200,0.05,191,0.25,0.109375,0.3125,fire if value > threshold,joint_outcome,200,0.05,191,0.25,0.109375,0.3125,fire if value > threshold,0.0
gate5b_id_ton_iot,12,qsvc_z_r1,integrity_confusion_profile_l1_delta,item_aligned_exact,200,0.0,0,0.0,0.0,0.0,exact item-aligned invariance: fire if |value| > 0; undefined on unaligned null draws,aggregate_exact,200,0.0,0,0.0,0.0,0.0,exact item-aligned invariance: fire if |value| > 0; undefined on unaligned null draws,0.0
gate5b_id_ton_iot,12,qsvc_z_r1,integrity_jsd_vs_clean_eval,feature,200,0.05,191,0.0421893849070693,0.0316297770855434,0.0471189322491872,fire if value > threshold,feature,200,0.05,191,0.0409288005967085,0.031061411304672548,0.0462205988116818,fire if value > threshold,-0.0012605843103607947
gate5b_id_ton_iot,12,qsvc_z_r1,integrity_ks_reject05_vs_clean_eval,feature,200,0.05,191,0.25,0.0,0.5,fire if value > threshold,feature,200,0.05,191,0.25,0.0,0.5,fire if value > threshold,0.0
gate5b_id_ton_iot,12,qsvc_z_r1,integrity_label_jsd,label_marginal,200,0.05,191,0.0030737268215652,0.0004888385244522,0.0079589979174945,fire if value > threshold,label_marginal,200,0.05,191,0.0030737268215652,0.0004888385244522,0.0079589979174945,fire if value > threshold,0.0
gate5b_id_ton_iot,12,qsvc_z_r1,integrity_label_prior_shift,label_marginal,200,0.05,191,0.078125,0.03125,0.125,fire if value > threshold,label_marginal,200,0.05,191,0.078125,0.03125,0.125,fire if value > threshold,0.0
gate5b_id_ton_iot,12,qsvc_z_r1,integrity_mmd_vs_clean_eval,feature,200,0.05,191,0.0920165500745955,0.0,0.2172242535717773,fire if value > threshold,feature,200,0.05,191,0.0920165500745955,0.0,0.2172242535717773,fire if value > threshold,0.0
gate5b_id_ton_iot,12,qsvc_z_r1,integrity_pred_disagreement,item_aligned_exact,200,0.0,0,0.0,0.0,0.0,exact item-aligned invariance: fire if |value| > 0; undefined on unaligned null draws,item_aligned_exact,200,0.0,0,0.0,0.0,0.0,exact item-aligned invariance: fire if |value| > 0; undefined on unaligned null draws,0.0
gate5b_id_ton_iot,12,qsvc_z_r1,integrity_pred_jsd,prediction,200,0.05,191,0.0039980895094207,0.0005303486890503,0.0124973231177925,fire if value > threshold,prediction,200,0.05,191,0.0039980895094207,0.0005303486890503,0.0124973231177925,fire if value > threshold,0.0
gate5b_id_ton_iot,12,qsvc_z_r1,integrity_pred_pos_rate_shift,prediction,200,0.05,191,0.0859375,0.03125,0.1484375,fire if value > threshold,prediction,200,0.05,191,0.0859375,0.03125,0.1484375,fire if value > threshold,0.0
gate5b_id_ton_iot,12,qsvc_z_r1,integrity_score_jsd_vs_clean_eval,prediction,200,0.05,191,0.0914228835608598,0.069334179000797,0.1021138085084797,fire if value > threshold,prediction,200,0.05,191,0.0903817191875089,0.0666206163580566,0.096425347936113,fire if value > threshold,-0.001041164373350903
gate5b_id_ton_iot,12,qsvc_z_r1,label_flip_rate,item_aligned_exact,200,0.0,0,0.0,0.0,0.0,exact item-aligned invariance: fire if |value| > 0; undefined on unaligned null draws,item_aligned_exact,200,0.0,0,0.0,0.0,0.0,exact item-aligned invariance: fire if |value| > 0; undefined on unaligned null draws,0.0
gate5b_id_ton_iot,12,qsvc_zz_r1,integrity_confusion_profile_jsd,joint_outcome,200,0.05,191,0.0120582652205471,0.0031705739769726,0.0188095662131508,fire if value > threshold,joint_outcome,200,0.05,191,0.0120582652205471,0.0031705739769726,0.0188095662131508,fire if value > threshold,0.0
gate5b_id_ton_iot,12,qsvc_zz_r1,integrity_confusion_profile_jsd_delta,item_aligned_exact,200,0.0,0,0.0,0.0,0.0,exact item-aligned invariance: fire if |value| > 0; undefined on unaligned null draws,aggregate_exact,200,0.0,0,0.0,0.0,0.0,exact item-aligned invariance: fire if |value| > 0; undefined on unaligned null draws,0.0
gate5b_id_ton_iot,12,qsvc_zz_r1,integrity_confusion_profile_l1,joint_outcome,200,0.05,191,0.21875,0.109375,0.25,fire if value > threshold,joint_outcome,200,0.05,191,0.21875,0.109375,0.25,fire if value > threshold,0.0
gate5b_id_ton_iot,12,qsvc_zz_r1,integrity_confusion_profile_l1_delta,item_aligned_exact,200,0.0,0,0.0,0.0,0.0,exact item-aligned invariance: fire if |value| > 0; undefined on unaligned null draws,aggregate_exact,200,0.0,0,0.0,0.0,0.0,exact item-aligned invariance: fire if |value| > 0; undefined on unaligned null draws,0.0
gate5b_id_ton_iot,12,qsvc_zz_r1,integrity_jsd_vs_clean_eval,feature,200,0.05,191,0.0421893849070693,0.0316297770855434,0.0471189322491872,fire if value > threshold,feature,200,0.05,191,0.0409288005967085,0.031061411304672548,0.0462205988116818,fire if value > threshold,-0.0012605843103607947
gate5b_id_ton_iot,12,qsvc_zz_r1,integrity_ks_reject05_vs_clean_eval,feature,200,0.05,191,0.25,0.0,0.5,fire if value > threshold,feature,200,0.05,191,0.25,0.0,0.5,fire if value > threshold,0.0
gate5b_id_ton_iot,12,qsvc_zz_r1,integrity_label_jsd,label_marginal,200,0.05,191,0.0030737268215652,0.0004888385244522,0.0079589979174945,fire if value > threshold,label_marginal,200,0.05,191,0.0030737268215652,0.0004888385244522,0.0079589979174945,fire if value > threshold,0.0
gate5b_id_ton_iot,12,qsvc_zz_r1,integrity_label_prior_shift,label_marginal,200,0.05,191,0.078125,0.03125,0.125,fire if value > threshold,label_marginal,200,0.05,191,0.078125,0.03125,0.125,fire if value > threshold,0.0
gate5b_id_ton_iot,12,qsvc_zz_r1,integrity_mmd_vs_clean_eval,feature,200,0.05,191,0.0920165500745955,0.0,0.2172242535717773,fire if value > threshold,feature,200,0.05,191,0.0920165500745955,0.0,0.2172242535717773,fire if value > threshold,0.0
gate5b_id_ton_iot,12,qsvc_zz_r1,integrity_pred_disagreement,item_aligned_exact,200,0.0,0,0.0,0.0,0.0,exact item-aligned invariance: fire if |value| > 0; undefined on unaligned null draws,item_aligned_exact,200,0.0,0,0.0,0.0,0.0,exact item-aligned invariance: fire if |value| > 0; undefined on unaligned null draws,0.0
gate5b_id_ton_iot,12,qsvc_zz_r1,integrity_pred_jsd,prediction,200,0.05,191,0.0036992302461389,0.0004961190081177,0.0069168521343085,fire if value > threshold,prediction,200,0.05,191,0.0036992302461389,0.0004961190081177,0.0069168521343085,fire if value > threshold,0.0
gate5b_id_ton_iot,12,qsvc_zz_r1,integrity_pred_pos_rate_shift,prediction,200,0.05,191,0.0859375,0.03125,0.1171875,fire if value > threshold,prediction,200,0.05,191,0.0859375,0.03125,0.1171875,fire if value > threshold,0.0
gate5b_id_ton_iot,12,qsvc_zz_r1,integrity_score_jsd_vs_clean_eval,prediction,200,0.05,191,0.0940653575201891,0.0682179189783976,0.1030361885876954,fire if value > threshold,prediction,200,0.05,191,0.0933373021320921,0.0677181361900134,0.1022511409942251,fire if value > threshold,-0.0007280553880970042
gate5b_id_ton_iot,12,qsvc_zz_r1,label_flip_rate,item_aligned_exact,200,0.0,0,0.0,0.0,0.0,exact item-aligned invariance: fire if |value| > 0; undefined on unaligned null draws,item_aligned_exact,200,0.0,0,0.0,0.0,0.0,exact item-aligned invariance: fire if |value| > 0; undefined on unaligned null draws,0.0
gate5b_id_ton_iot,12,svc_rbf,integrity_confusion_profile_jsd,joint_outcome,200,0.05,191,0.0140305356217192,0.0035507510360545,0.0233852018788625,fire if value > threshold,joint_outcome,200,0.05,191,0.0140305356217192,0.00355075103605455,0.0233852018788625,fire if value > threshold,0.0
gate5b_id_ton_iot,12,svc_rbf,integrity_confusion_profile_jsd_delta,item_aligned_exact,200,0.0,0,0.0,0.0,0.0,exact item-aligned invariance: fire if |value| > 0; undefined on unaligned null draws,aggregate_exact,200,0.0,0,0.0,0.0,0.0,exact item-aligned invariance: fire if |value| > 0; undefined on unaligned null draws,0.0
gate5b_id_ton_iot,12,svc_rbf,integrity_confusion_profile_l1,joint_outcome,200,0.05,191,0.21875,0.109375,0.28125,fire if value > threshold,joint_outcome,200,0.05,191,0.21875,0.109375,0.28125,fire if value > threshold,0.0
gate5b_id_ton_iot,12,svc_rbf,integrity_confusion_profile_l1_delta,item_aligned_exact,200,0.0,0,0.0,0.0,0.0,exact item-aligned invariance: fire if |value| > 0; undefined on unaligned null draws,aggregate_exact,200,0.0,0,0.0,0.0,0.0,exact item-aligned invariance: fire if |value| > 0; undefined on unaligned null draws,0.0
gate5b_id_ton_iot,12,svc_rbf,integrity_jsd_vs_clean_eval,feature,200,0.05,191,0.0421893849071147,0.0316297770829658,0.0471189322465251,fire if value > threshold,feature,200,0.05,191,0.0409288005967085,0.031061411304672548,0.0462205988116818,fire if value > threshold,-0.001260584310406196
gate5b_id_ton_iot,12,svc_rbf,integrity_ks_reject05_vs_clean_eval,feature,200,0.05,191,0.25,0.0,0.5,fire if value > threshold,feature,200,0.05,191,0.25,0.0,0.5,fire if value > threshold,0.0
gate5b_id_ton_iot,12,svc_rbf,integrity_label_jsd,label_marginal,200,0.05,191,0.0030737268215652,0.0004888385244522,0.0079589979174945,fire if value > threshold,label_marginal,200,0.05,191,0.0030737268215652,0.0004888385244522,0.0079589979174945,fire if value > threshold,0.0
gate5b_id_ton_iot,12,svc_rbf,integrity_label_prior_shift,label_marginal,200,0.05,191,0.078125,0.03125,0.125,fire if value > threshold,label_marginal,200,0.05,191,0.078125,0.03125,0.125,fire if value > threshold,0.0
gate5b_id_ton_iot,12,svc_rbf,integrity_mmd_vs_clean_eval,feature,200,0.05,191,0.0920783002022315,0.0,0.2080780525619421,fire if value > threshold,feature,200,0.05,191,0.0920783002022315,0.0,0.2080780525619421,fire if value > threshold,0.0
gate5b_id_ton_iot,12,svc_rbf,integrity_pred_disagreement,item_aligned_exact,200,0.0,0,0.0,0.0,0.0,exact item-aligned invariance: fire if |value| > 0; undefined on unaligned null draws,item_aligned_exact,200,0.0,0,0.0,0.0,0.0,exact item-aligned invariance: fire if |value| > 0; undefined on unaligned null draws,0.0
gate5b_id_ton_iot,12,svc_rbf,integrity_pred_jsd,prediction,200,0.05,191,0.006837185093323,0.0006806696681912,0.0127890954890542,fire if value > threshold,prediction,200,0.05,191,0.006837185093323,0.0006806696681912,0.0127890954890542,fire if value > threshold,0.0
gate5b_id_ton_iot,12,svc_rbf,integrity_pred_pos_rate_shift,prediction,200,0.05,191,0.09375,0.03125,0.140625,fire if value > threshold,prediction,200,0.05,191,0.09375,0.03125,0.140625,fire if value > threshold,0.0
gate5b_id_ton_iot,12,svc_rbf,integrity_score_jsd_vs_clean_eval,prediction,200,0.05,191,0.0885659049093029,0.0660115965051003,0.1117119161817073,fire if value > threshold,prediction,200,0.05,191,0.0852054392109207,0.06488767961404684,0.1089222456678521,fire if value > threshold,-0.0033604656983821923
gate5b_id_ton_iot,12,svc_rbf,label_flip_rate,item_aligned_exact,200,0.0,0,0.0,0.0,0.0,exact item-aligned invariance: fire if |value| > 0; undefined on unaligned null draws,item_aligned_exact,200,0.0,0,0.0,0.0,0.0,exact item-aligned invariance: fire if |value| > 0; undefined on unaligned null draws,0.0
gate6_ood_unsw,8,qsvc_zz_r1,integrity_confusion_profile_jsd,joint_outcome,200,0.05,191,0.012876018188763,0.0032508639697081,0.0232582773344248,fire if value > threshold,joint_outcome,200,0.05,191,0.012876018188763,0.0032508639697081,0.0232582773344248,fire if value > threshold,0.0
gate6_ood_unsw,8,qsvc_zz_r1,integrity_confusion_profile_jsd_delta,item_aligned_exact,200,0.0,0,0.0,0.0,0.0,exact item-aligned invariance: fire if |value| > 0; undefined on unaligned null draws,aggregate_exact,200,0.0,0,0.0,0.0,0.0,exact item-aligned invariance: fire if |value| > 0; undefined on unaligned null draws,0.0
gate6_ood_unsw,8,qsvc_zz_r1,integrity_confusion_profile_l1,joint_outcome,200,0.05,191,0.25,0.1171875,0.40625,fire if value > threshold,joint_outcome,200,0.05,191,0.25,0.1171875,0.40625,fire if value > threshold,0.0
gate6_ood_unsw,8,qsvc_zz_r1,integrity_confusion_profile_l1_delta,item_aligned_exact,200,0.0,0,0.0,0.0,0.0,exact item-aligned invariance: fire if |value| > 0; undefined on unaligned null draws,aggregate_exact,200,0.0,0,0.0,0.0,0.0,exact item-aligned invariance: fire if |value| > 0; undefined on unaligned null draws,0.0
gate6_ood_unsw,8,qsvc_zz_r1,integrity_jsd_vs_clean_eval,feature,200,0.05,191,0.0724479505734017,0.0548942654271993,0.0893230908484874,fire if value > threshold,feature,200,0.05,191,0.0687068483554861,0.05294217910095075,0.087614019080635,fire if value > threshold,-0.0037411022179155984
gate6_ood_unsw,8,qsvc_zz_r1,integrity_ks_reject05_vs_clean_eval,feature,200,0.05,191,0.5,0.0,1.0,fire if value > threshold,feature,200,0.05,191,0.5,0.0,1.0,fire if value > threshold,0.0
gate6_ood_unsw,8,qsvc_zz_r1,integrity_label_jsd,label_marginal,200,0.05,191,0.0030737268215652,0.0002748343945789,0.0060667435555779,fire if value > threshold,label_marginal,200,0.05,191,0.0030737268215652,0.0002748343945789,0.0060667435555779,fire if value > threshold,0.0
gate6_ood_unsw,8,qsvc_zz_r1,integrity_label_prior_shift,label_marginal,200,0.05,191,0.078125,0.0234375,0.109375,fire if value > threshold,label_marginal,200,0.05,191,0.078125,0.0234375,0.109375,fire if value > threshold,0.0
gate6_ood_unsw,8,qsvc_zz_r1,integrity_mmd_vs_clean_eval,feature,200,0.05,191,0.104952319939495,0.0,0.1714119314738213,fire if value > threshold,feature,200,0.05,191,0.104952319939495,0.0,0.1714119314738213,fire if value > threshold,0.0
gate6_ood_unsw,8,qsvc_zz_r1,integrity_pred_disagreement,item_aligned_exact,200,0.0,0,0.0,0.0,0.0,exact item-aligned invariance: fire if |value| > 0; undefined on unaligned null draws,item_aligned_exact,200,0.0,0,0.0,0.0,0.0,exact item-aligned invariance: fire if |value| > 0; undefined on unaligned null draws,0.0
gate6_ood_unsw,8,qsvc_zz_r1,integrity_pred_jsd,prediction,200,0.05,191,0.0049368330475972,0.0005167720932959,0.020821532349747,fire if value > threshold,prediction,200,0.05,191,0.0049368330475972,0.0005167720932959,0.020821532349747,fire if value > threshold,0.0
gate6_ood_unsw,8,qsvc_zz_r1,integrity_pred_pos_rate_shift,prediction,200,0.05,191,0.09375,0.03125,0.203125,fire if value > threshold,prediction,200,0.05,191,0.09375,0.03125,0.203125,fire if value > threshold,0.0
gate6_ood_unsw,8,qsvc_zz_r1,integrity_score_jsd_vs_clean_eval,prediction,200,0.05,191,0.0943189971039954,0.0700015181307688,0.106107225016672,fire if value > threshold,prediction,200,0.05,191,0.093284296950883,0.0693414197695066,0.1062632581000398,fire if value > threshold,-0.0010347001531123973
gate6_ood_unsw,8,qsvc_zz_r1,label_flip_rate,item_aligned_exact,200,0.0,0,0.0,0.0,0.0,exact item-aligned invariance: fire if |value| > 0; undefined on unaligned null draws,item_aligned_exact,200,0.0,0,0.0,0.0,0.0,exact item-aligned invariance: fire if |value| > 0; undefined on unaligned null draws,0.0
gate6_ood_unsw,8,svc_rbf,integrity_confusion_profile_jsd,joint_outcome,200,0.05,191,0.0127282766432054,0.0033974541436834,0.0290643665828321,fire if value > threshold,joint_outcome,200,0.05,191,0.0127282766432054,0.0033974541436834,0.0290643665828321,fire if value > threshold,0.0
gate6_ood_unsw,8,svc_rbf,integrity_confusion_profile_jsd_delta,item_aligned_exact,200,0.0,0,0.0,0.0,0.0,exact item-aligned invariance: fire if |value| > 0; undefined on unaligned null draws,aggregate_exact,200,0.0,0,0.0,0.0,0.0,exact item-aligned invariance: fire if |value| > 0; undefined on unaligned null draws,0.0
gate6_ood_unsw,8,svc_rbf,integrity_confusion_profile_l1,joint_outcome,200,0.05,191,0.234375,0.125,0.40625,fire if value > threshold,joint_outcome,200,0.05,191,0.234375,0.125,0.40625,fire if value > threshold,0.0
gate6_ood_unsw,8,svc_rbf,integrity_confusion_profile_l1_delta,item_aligned_exact,200,0.0,0,0.0,0.0,0.0,exact item-aligned invariance: fire if |value| > 0; undefined on unaligned null draws,aggregate_exact,200,0.0,0,0.0,0.0,0.0,exact item-aligned invariance: fire if |value| > 0; undefined on unaligned null draws,0.0
gate6_ood_unsw,8,svc_rbf,integrity_jsd_vs_clean_eval,feature,200,0.05,191,0.0724479505742241,0.0548942654269985,0.08932309084969,fire if value > threshold,feature,200,0.05,191,0.0687068483554861,0.05294217910095075,0.087614019080635,fire if value > threshold,-0.003741102218737996
gate6_ood_unsw,8,svc_rbf,integrity_ks_reject05_vs_clean_eval,feature,200,0.05,191,0.5,0.0,1.0,fire if value > threshold,feature,200,0.05,191,0.5,0.0,1.0,fire if value > threshold,0.0
gate6_ood_unsw,8,svc_rbf,integrity_label_jsd,label_marginal,200,0.05,191,0.0030737268215652,0.0002748343945789,0.0060667435555779,fire if value > threshold,label_marginal,200,0.05,191,0.0030737268215652,0.0002748343945789,0.0060667435555779,fire if value > threshold,0.0
gate6_ood_unsw,8,svc_rbf,integrity_label_prior_shift,label_marginal,200,0.05,191,0.078125,0.0234375,0.109375,fire if value > threshold,label_marginal,200,0.05,191,0.078125,0.0234375,0.109375,fire if value > threshold,0.0
gate6_ood_unsw,8,svc_rbf,integrity_mmd_vs_clean_eval,feature,200,0.05,191,0.0988275461073216,0.0,0.1489679147293272,fire if value > threshold,feature,200,0.05,191,0.0988275461073216,0.0,0.1489679147293272,fire if value > threshold,0.0
gate6_ood_unsw,8,svc_rbf,integrity_pred_disagreement,item_aligned_exact,200,0.0,0,0.0,0.0,0.0,exact item-aligned invariance: fire if |value| > 0; undefined on unaligned null draws,item_aligned_exact,200,0.0,0,0.0,0.0,0.0,exact item-aligned invariance: fire if |value| > 0; undefined on unaligned null draws,0.0
gate6_ood_unsw,8,svc_rbf,integrity_pred_jsd,prediction,200,0.05,191,0.0070391892940435,0.0007886298537749,0.0220297883392212,fire if value > threshold,prediction,200,0.05,191,0.0070391892940435,0.0007886298537749,0.0220297883392212,fire if value > threshold,0.0
gate6_ood_unsw,8,svc_rbf,integrity_pred_pos_rate_shift,prediction,200,0.05,191,0.1171875,0.0390625,0.203125,fire if value > threshold,prediction,200,0.05,191,0.1171875,0.0390625,0.203125,fire if value > threshold,0.0
gate6_ood_unsw,8,svc_rbf,integrity_score_jsd_vs_clean_eval,prediction,200,0.05,191,0.1030079115169564,0.0755716998353517,0.1235276835237691,fire if value > threshold,prediction,200,0.05,191,0.1012965104375124,0.07306729707331736,0.1172699577986161,fire if value > threshold,-0.0017114010794440082
gate6_ood_unsw,8,svc_rbf,label_flip_rate,item_aligned_exact,200,0.0,0,0.0,0.0,0.0,exact item-aligned invariance: fire if |value| > 0; undefined on unaligned null draws,item_aligned_exact,200,0.0,0,0.0,0.0,0.0,exact item-aligned invariance: fire if |value| > 0; undefined on unaligned null draws,0.0
gate6_ood_unsw,10,qsvc_zz_r1,integrity_confusion_profile_jsd,joint_outcome,200,0.05,191,0.0140940879738159,0.0031569623194115,0.0226431634927509,fire if value > threshold,joint_outcome,200,0.05,191,0.0140940879738159,0.0031569623194115,0.0226431634927509,fire if value > threshold,0.0
gate6_ood_unsw,10,qsvc_zz_r1,integrity_confusion_profile_jsd_delta,item_aligned_exact,200,0.0,0,0.0,0.0,0.0,exact item-aligned invariance: fire if |value| > 0; undefined on unaligned null draws,aggregate_exact,200,0.0,0,0.0,0.0,0.0,exact item-aligned invariance: fire if |value| > 0; undefined on unaligned null draws,0.0
gate6_ood_unsw,10,qsvc_zz_r1,integrity_confusion_profile_l1,joint_outcome,200,0.05,191,0.25,0.109375,0.390625,fire if value > threshold,joint_outcome,200,0.05,191,0.25,0.109375,0.390625,fire if value > threshold,0.0
gate6_ood_unsw,10,qsvc_zz_r1,integrity_confusion_profile_l1_delta,item_aligned_exact,200,0.0,0,0.0,0.0,0.0,exact item-aligned invariance: fire if |value| > 0; undefined on unaligned null draws,aggregate_exact,200,0.0,0,0.0,0.0,0.0,exact item-aligned invariance: fire if |value| > 0; undefined on unaligned null draws,0.0
gate6_ood_unsw,10,qsvc_zz_r1,integrity_jsd_vs_clean_eval,feature,200,0.05,191,0.0655324523306895,0.0475466398109962,0.0822581822128526,fire if value > threshold,feature,200,0.05,191,0.0620060970012096,0.04561758789435995,0.0809334338187317,fire if value > threshold,-0.0035263553294798966
gate6_ood_unsw,10,qsvc_zz_r1,integrity_ks_reject05_vs_clean_eval,feature,200,0.05,191,0.4,0.0,1.0,fire if value > threshold,feature,200,0.05,191,0.4,0.0,1.0,fire if value > threshold,0.0
gate6_ood_unsw,10,qsvc_zz_r1,integrity_label_jsd,label_marginal,200,0.05,191,0.0030737268215652,0.0002748343945789,0.0060667435555779,fire if value > threshold,label_marginal,200,0.05,191,0.0030737268215652,0.0002748343945789,0.0060667435555779,fire if value > threshold,0.0
gate6_ood_unsw,10,qsvc_zz_r1,integrity_label_prior_shift,label_marginal,200,0.05,191,0.078125,0.0234375,0.109375,fire if value > threshold,label_marginal,200,0.05,191,0.078125,0.0234375,0.109375,fire if value > threshold,0.0
gate6_ood_unsw,10,qsvc_zz_r1,integrity_mmd_vs_clean_eval,feature,200,0.05,191,0.1027055452961916,0.0,0.1751376848680039,fire if value > threshold,feature,200,0.05,191,0.1027055452961916,0.0,0.1751376848680039,fire if value > threshold,0.0
gate6_ood_unsw,10,qsvc_zz_r1,integrity_pred_disagreement,item_aligned_exact,200,0.0,0,0.0,0.0,0.0,exact item-aligned invariance: fire if |value| > 0; undefined on unaligned null draws,item_aligned_exact,200,0.0,0,0.0,0.0,0.0,exact item-aligned invariance: fire if |value| > 0; undefined on unaligned null draws,0.0
gate6_ood_unsw,10,qsvc_zz_r1,integrity_pred_jsd,prediction,200,0.05,191,0.0059030321913444,0.0005303486890503,0.0199850243668185,fire if value > threshold,prediction,200,0.05,191,0.0059030321913444,0.0005303486890503,0.0199850243668185,fire if value > threshold,0.0
gate6_ood_unsw,10,qsvc_zz_r1,integrity_pred_pos_rate_shift,prediction,200,0.05,191,0.1015625,0.03125,0.1953125,fire if value > threshold,prediction,200,0.05,191,0.1015625,0.03125,0.1953125,fire if value > threshold,0.0
gate6_ood_unsw,10,qsvc_zz_r1,integrity_score_jsd_vs_clean_eval,prediction,200,0.05,191,0.0918032811194936,0.0700949193648682,0.1105592115324212,fire if value > threshold,prediction,200,0.05,191,0.0915547127399314,0.0696993587549926,0.1105592115401391,fire if value > threshold,-0.0002485683795621918
gate6_ood_unsw,10,qsvc_zz_r1,label_flip_rate,item_aligned_exact,200,0.0,0,0.0,0.0,0.0,exact item-aligned invariance: fire if |value| > 0; undefined on unaligned null draws,item_aligned_exact,200,0.0,0,0.0,0.0,0.0,exact item-aligned invariance: fire if |value| > 0; undefined on unaligned null draws,0.0
gate6_ood_unsw,10,svc_rbf,integrity_confusion_profile_jsd,joint_outcome,200,0.05,191,0.0127973555916539,0.0037415302406572,0.0249802443367099,fire if value > threshold,joint_outcome,200,0.05,191,0.0127973555916539,0.00374153024065725,0.0249802443367099,fire if value > threshold,0.0
gate6_ood_unsw,10,svc_rbf,integrity_confusion_profile_jsd_delta,item_aligned_exact,200,0.0,0,0.0,0.0,0.0,exact item-aligned invariance: fire if |value| > 0; undefined on unaligned null draws,aggregate_exact,200,0.0,0,0.0,0.0,0.0,exact item-aligned invariance: fire if |value| > 0; undefined on unaligned null draws,0.0
gate6_ood_unsw,10,svc_rbf,integrity_confusion_profile_l1,joint_outcome,200,0.05,191,0.234375,0.1328125,0.4375,fire if value > threshold,joint_outcome,200,0.05,191,0.234375,0.1328125,0.4375,fire if value > threshold,0.0
gate6_ood_unsw,10,svc_rbf,integrity_confusion_profile_l1_delta,item_aligned_exact,200,0.0,0,0.0,0.0,0.0,exact item-aligned invariance: fire if |value| > 0; undefined on unaligned null draws,aggregate_exact,200,0.0,0,0.0,0.0,0.0,exact item-aligned invariance: fire if |value| > 0; undefined on unaligned null draws,0.0
gate6_ood_unsw,10,svc_rbf,integrity_jsd_vs_clean_eval,feature,200,0.05,191,0.065532452316414,0.0475466398006431,0.0822581821958953,fire if value > threshold,feature,200,0.05,191,0.0620060970012096,0.04561758789435995,0.0809334338187317,fire if value > threshold,-0.003526355315204399
gate6_ood_unsw,10,svc_rbf,integrity_ks_reject05_vs_clean_eval,feature,200,0.05,191,0.4,0.0,1.0,fire if value > threshold,feature,200,0.05,191,0.4,0.0,1.0,fire if value > threshold,0.0
gate6_ood_unsw,10,svc_rbf,integrity_label_jsd,label_marginal,200,0.05,191,0.0030737268215652,0.0002748343945789,0.0060667435555779,fire if value > threshold,label_marginal,200,0.05,191,0.0030737268215652,0.0002748343945789,0.0060667435555779,fire if value > threshold,0.0
gate6_ood_unsw,10,svc_rbf,integrity_label_prior_shift,label_marginal,200,0.05,191,0.078125,0.0234375,0.109375,fire if value > threshold,label_marginal,200,0.05,191,0.078125,0.0234375,0.109375,fire if value > threshold,0.0
gate6_ood_unsw,10,svc_rbf,integrity_mmd_vs_clean_eval,feature,200,0.05,191,0.0960910596392899,0.0,0.1516832856427292,fire if value > threshold,feature,200,0.05,191,0.0960910596392899,0.0,0.1516832856427292,fire if value > threshold,0.0
gate6_ood_unsw,10,svc_rbf,integrity_pred_disagreement,item_aligned_exact,200,0.0,0,0.0,0.0,0.0,exact item-aligned invariance: fire if |value| > 0; undefined on unaligned null draws,item_aligned_exact,200,0.0,0,0.0,0.0,0.0,exact item-aligned invariance: fire if |value| > 0; undefined on unaligned null draws,0.0
gate6_ood_unsw,10,svc_rbf,integrity_pred_jsd,prediction,200,0.05,191,0.0068938459069075,0.0008348245301594,0.0244248759374895,fire if value > threshold,prediction,200,0.05,191,0.0068938459069075,0.0008348245301594999,0.0244248759374895,fire if value > threshold,0.0
gate6_ood_unsw,10,svc_rbf,integrity_pred_pos_rate_shift,prediction,200,0.05,191,0.109375,0.0390625,0.21875,fire if value > threshold,prediction,200,0.05,191,0.109375,0.0390625,0.21875,fire if value > threshold,0.0
gate6_ood_unsw,10,svc_rbf,integrity_score_jsd_vs_clean_eval,prediction,200,0.05,191,0.1154362450216105,0.077530444274735,0.1247051061754213,fire if value > threshold,prediction,200,0.05,191,0.1097954806219304,0.07656653776539474,0.1228511812962517,fire if value > threshold,-0.005640764399680101
gate6_ood_unsw,10,svc_rbf,label_flip_rate,item_aligned_exact,200,0.0,0,0.0,0.0,0.0,exact item-aligned invariance: fire if |value| > 0; undefined on unaligned null draws,item_aligned_exact,200,0.0,0,0.0,0.0,0.0,exact item-aligned invariance: fire if |value| > 0; undefined on unaligned null draws,0.0
gate6_ood_unsw,12,qsvc_zz_r1,integrity_confusion_profile_jsd,joint_outcome,200,0.05,191,0.014341934807021,0.0032070101068135,0.0277641804434334,fire if value > threshold,joint_outcome,200,0.05,191,0.014341934807021,0.00320701010681355,0.0277641804434334,fire if value > threshold,0.0
gate6_ood_unsw,12,qsvc_zz_r1,integrity_confusion_profile_jsd_delta,item_aligned_exact,200,0.0,0,0.0,0.0,0.0,exact item-aligned invariance: fire if |value| > 0; undefined on unaligned null draws,aggregate_exact,200,0.0,0,0.0,0.0,0.0,exact item-aligned invariance: fire if |value| > 0; undefined on unaligned null draws,0.0
gate6_ood_unsw,12,qsvc_zz_r1,integrity_confusion_profile_l1,joint_outcome,200,0.05,191,0.234375,0.109375,0.359375,fire if value > threshold,joint_outcome,200,0.05,191,0.234375,0.109375,0.359375,fire if value > threshold,0.0
gate6_ood_unsw,12,qsvc_zz_r1,integrity_confusion_profile_l1_delta,item_aligned_exact,200,0.0,0,0.0,0.0,0.0,exact item-aligned invariance: fire if |value| > 0; undefined on unaligned null draws,aggregate_exact,200,0.0,0,0.0,0.0,0.0,exact item-aligned invariance: fire if |value| > 0; undefined on unaligned null draws,0.0
gate6_ood_unsw,12,qsvc_zz_r1,integrity_jsd_vs_clean_eval,feature,200,0.05,191,0.0594598971455333,0.0455900372151556,0.0779333003012537,fire if value > threshold,feature,200,0.05,191,0.0576306416726922,0.044473749844173946,0.0758655660037926,fire if value > threshold,-0.0018292554728411015
gate6_ood_unsw,12,qsvc_zz_r1,integrity_ks_reject05_vs_clean_eval,feature,200,0.05,191,0.3333333333333333,0.0,1.0,fire if value > threshold,feature,200,0.05,191,0.3333333333333333,0.0,1.0,fire if value > threshold,0.0
gate6_ood_unsw,12,qsvc_zz_r1,integrity_label_jsd,label_marginal,200,0.05,191,0.0030737268215652,0.0002748343945789,0.0060667435555779,fire if value > threshold,label_marginal,200,0.05,191,0.0030737268215652,0.0002748343945789,0.0060667435555779,fire if value > threshold,0.0
gate6_ood_unsw,12,qsvc_zz_r1,integrity_label_prior_shift,label_marginal,200,0.05,191,0.078125,0.0234375,0.109375,fire if value > threshold,label_marginal,200,0.05,191,0.078125,0.0234375,0.109375,fire if value > threshold,0.0
gate6_ood_unsw,12,qsvc_zz_r1,integrity_mmd_vs_clean_eval,feature,200,0.05,191,0.0893634445576297,0.0,0.1612032584841742,fire if value > threshold,feature,200,0.05,191,0.0893634445576297,0.0,0.1612032584841742,fire if value > threshold,0.0
gate6_ood_unsw,12,qsvc_zz_r1,integrity_pred_disagreement,item_aligned_exact,200,0.0,0,0.0,0.0,0.0,exact item-aligned invariance: fire if |value| > 0; undefined on unaligned null draws,item_aligned_exact,200,0.0,0,0.0,0.0,0.0,exact item-aligned invariance: fire if |value| > 0; undefined on unaligned null draws,0.0
gate6_ood_unsw,12,qsvc_zz_r1,integrity_pred_jsd,prediction,200,0.05,191,0.0057005616976103,0.0005167720932959,0.0171370204430877,fire if value > threshold,prediction,200,0.05,191,0.0057005616976103,0.0005167720932959,0.0171370204430877,fire if value > threshold,0.0
gate6_ood_unsw,12,qsvc_zz_r1,integrity_pred_pos_rate_shift,prediction,200,0.05,191,0.1015625,0.03125,0.1796875,fire if value > threshold,prediction,200,0.05,191,0.1015625,0.03125,0.1796875,fire if value > threshold,0.0
gate6_ood_unsw,12,qsvc_zz_r1,integrity_score_jsd_vs_clean_eval,prediction,200,0.05,191,0.0892888513310955,0.0629904095879097,0.1101901909368162,fire if value > threshold,prediction,200,0.05,191,0.0892888513405255,0.06304310694235776,0.1066015113193332,fire if value > threshold,9.429998448773347e-12
gate6_ood_unsw,12,qsvc_zz_r1,label_flip_rate,item_aligned_exact,200,0.0,0,0.0,0.0,0.0,exact item-aligned invariance: fire if |value| > 0; undefined on unaligned null draws,item_aligned_exact,200,0.0,0,0.0,0.0,0.0,exact item-aligned invariance: fire if |value| > 0; undefined on unaligned null draws,0.0
gate6_ood_unsw,12,svc_rbf,integrity_confusion_profile_jsd,joint_outcome,200,0.05,191,0.0114340913957178,0.0030870201486327,0.0215174044701198,fire if value > threshold,joint_outcome,200,0.05,191,0.0114340913957178,0.00308702014863275,0.0215174044701198,fire if value > threshold,0.0
gate6_ood_unsw,12,svc_rbf,integrity_confusion_profile_jsd_delta,item_aligned_exact,200,0.0,0,0.0,0.0,0.0,exact item-aligned invariance: fire if |value| > 0; undefined on unaligned null draws,aggregate_exact,200,0.0,0,0.0,0.0,0.0,exact item-aligned invariance: fire if |value| > 0; undefined on unaligned null draws,0.0
gate6_ood_unsw,12,svc_rbf,integrity_confusion_profile_l1,joint_outcome,200,0.05,191,0.21875,0.125,0.40625,fire if value > threshold,joint_outcome,200,0.05,191,0.21875,0.125,0.40625,fire if value > threshold,0.0
gate6_ood_unsw,12,svc_rbf,integrity_confusion_profile_l1_delta,item_aligned_exact,200,0.0,0,0.0,0.0,0.0,exact item-aligned invariance: fire if |value| > 0; undefined on unaligned null draws,aggregate_exact,200,0.0,0,0.0,0.0,0.0,exact item-aligned invariance: fire if |value| > 0; undefined on unaligned null draws,0.0
gate6_ood_unsw,12,svc_rbf,integrity_jsd_vs_clean_eval,feature,200,0.05,191,0.0594598971359577,0.0455368686858844,0.0779333002862571,fire if value > threshold,feature,200,0.05,191,0.0576306416726922,0.044473749844173946,0.0758655660037926,fire if value > threshold,-0.0018292554632655042
gate6_ood_unsw,12,svc_rbf,integrity_ks_reject05_vs_clean_eval,feature,200,0.05,191,0.3333333333333333,0.0,1.0,fire if value > threshold,feature,200,0.05,191,0.3333333333333333,0.0,1.0,fire if value > threshold,0.0
gate6_ood_unsw,12,svc_rbf,integrity_label_jsd,label_marginal,200,0.05,191,0.0030737268215652,0.0002748343945789,0.0060667435555779,fire if value > threshold,label_marginal,200,0.05,191,0.0030737268215652,0.0002748343945789,0.0060667435555779,fire if value > threshold,0.0
gate6_ood_unsw,12,svc_rbf,integrity_label_prior_shift,label_marginal,200,0.05,191,0.078125,0.0234375,0.109375,fire if value > threshold,label_marginal,200,0.05,191,0.078125,0.0234375,0.109375,fire if value > threshold,0.0
gate6_ood_unsw,12,svc_rbf,integrity_mmd_vs_clean_eval,feature,200,0.05,191,0.0779946628182558,0.0,0.1380935271403498,fire if value > threshold,feature,200,0.05,191,0.0779946628182558,0.0,0.1380935271403498,fire if value > threshold,0.0
gate6_ood_unsw,12,svc_rbf,integrity_pred_disagreement,item_aligned_exact,200,0.0,0,0.0,0.0,0.0,exact item-aligned invariance: fire if |value| > 0; undefined on unaligned null draws,item_aligned_exact,200,0.0,0,0.0,0.0,0.0,exact item-aligned invariance: fire if |value| > 0; undefined on unaligned null draws,0.0
gate6_ood_unsw,12,svc_rbf,integrity_pred_jsd,prediction,200,0.05,191,0.0068928979620043,0.0007643013153583,0.0211160518886709,fire if value > threshold,prediction,200,0.05,191,0.0068928979620043,0.0007643013153583,0.0211160518886709,fire if value > threshold,0.0
gate6_ood_unsw,12,svc_rbf,integrity_pred_pos_rate_shift,prediction,200,0.05,191,0.109375,0.0390625,0.203125,fire if value > threshold,prediction,200,0.05,191,0.109375,0.0390625,0.203125,fire if value > threshold,0.0
gate6_ood_unsw,12,svc_rbf,integrity_score_jsd_vs_clean_eval,prediction,200,0.05,191,0.1039345776166299,0.0776420796875708,0.1402400522288429,fire if value > threshold,prediction,200,0.05,191,0.1021388179027547,0.0746118251496039,0.1335828420408785,fire if value > threshold,-0.001795759713875203
gate6_ood_unsw,12,svc_rbf,label_flip_rate,item_aligned_exact,200,0.0,0,0.0,0.0,0.0,exact item-aligned invariance: fire if |value| > 0; undefined on unaligned null draws,item_aligned_exact,200,0.0,0,0.0,0.0,0.0,exact item-aligned invariance: fire if |value| > 0; undefined on unaligned null draws,0.0
