gate,svd_dim,model,sensor,sensor_family,n_cal,alpha,order_statistic_rank,threshold,null_median,null_max,rule
gate2_id_256,8,qsvc_zz_r1,integrity_jsd_vs_clean_eval,feature,200,0.05,191,0.0324678477582541,0.026214405745604602,0.0348605465514476,fire if value > threshold
gate2_id_256,8,qsvc_zz_r1,integrity_mmd_vs_clean_eval,feature,200,0.05,191,0.0980080142213633,0.0,0.1226928890940223,fire if value > threshold
gate2_id_256,8,qsvc_zz_r1,integrity_ks_reject05_vs_clean_eval,feature,200,0.05,191,0.375,0.0,0.625,fire if value > threshold
gate2_id_256,8,qsvc_zz_r1,integrity_score_jsd_vs_clean_eval,prediction,200,0.05,191,0.0698339243420495,0.0470679115391415,0.0734324307907141,fire if value > threshold
gate2_id_256,8,qsvc_zz_r1,integrity_pred_pos_rate_shift,prediction,200,0.05,191,0.08984375,0.03125,0.1015625,fire if value > threshold
gate2_id_256,8,qsvc_zz_r1,integrity_pred_jsd,prediction,200,0.05,191,0.0045200654275745,0.0005442505702463,0.0057313673244703,fire if value > threshold
gate2_id_256,8,qsvc_zz_r1,integrity_label_prior_shift,label_marginal,200,0.05,191,0.046875,0.01171875,0.06640625,fire if value > threshold
gate2_id_256,8,qsvc_zz_r1,integrity_label_jsd,label_marginal,200,0.05,191,0.0011014601470781,6.867555470620136e-05,0.0022163281438306,fire if value > threshold
gate2_id_256,8,qsvc_zz_r1,integrity_confusion_profile_l1,joint_outcome,200,0.05,191,0.1796875,0.09375,0.203125,fire if value > threshold
gate2_id_256,8,qsvc_zz_r1,integrity_confusion_profile_jsd,joint_outcome,200,0.05,191,0.0069156798428898,0.00220915488982325,0.0086928850122855,fire if value > threshold
gate2_id_256,8,qsvc_zz_r1,integrity_confusion_profile_l1_delta,aggregate_exact,200,0.0,0,0.0,0.0,0.0,exact item-aligned invariance: fire if |value| > 0; undefined on unaligned null draws
gate2_id_256,8,qsvc_zz_r1,integrity_confusion_profile_jsd_delta,aggregate_exact,200,0.0,0,0.0,0.0,0.0,exact item-aligned invariance: fire if |value| > 0; undefined on unaligned null draws
gate2_id_256,8,qsvc_zz_r1,integrity_pred_disagreement,item_aligned_exact,200,0.0,0,0.0,0.0,0.0,exact item-aligned invariance: fire if |value| > 0; undefined on unaligned null draws
gate2_id_256,8,qsvc_zz_r1,label_flip_rate,item_aligned_exact,200,0.0,0,0.0,0.0,0.0,exact item-aligned invariance: fire if |value| > 0; undefined on unaligned null draws
gate2_id_256,8,svc_rbf,integrity_jsd_vs_clean_eval,feature,200,0.05,191,0.0324678477582541,0.026214405745604602,0.0348605465514476,fire if value > threshold
gate2_id_256,8,svc_rbf,integrity_mmd_vs_clean_eval,feature,200,0.05,191,0.0743229564411485,0.0,0.1002939447245472,fire if value > threshold
gate2_id_256,8,svc_rbf,integrity_ks_reject05_vs_clean_eval,feature,200,0.05,191,0.375,0.0,0.625,fire if value > threshold
gate2_id_256,8,svc_rbf,integrity_score_jsd_vs_clean_eval,prediction,200,0.05,191,0.0360577944792396,0.029275975758595953,0.0407129459738646,fire if value > threshold
gate2_id_256,8,svc_rbf,integrity_pred_pos_rate_shift,prediction,200,0.05,191,0.09375,0.01953125,0.109375,fire if value > threshold
gate2_id_256,8,svc_rbf,integrity_pred_jsd,prediction,200,0.05,191,0.0055509189843475,0.0002480265631461,0.0074333760295659,fire if value > threshold
gate2_id_256,8,svc_rbf,integrity_label_prior_shift,label_marginal,200,0.05,191,0.046875,0.01171875,0.06640625,fire if value > threshold
gate2_id_256,8,svc_rbf,integrity_label_jsd,label_marginal,200,0.05,191,0.0011014601470781,6.867555470620136e-05,0.0022163281438306,fire if value > threshold
gate2_id_256,8,svc_rbf,integrity_confusion_profile_l1,joint_outcome,200,0.05,191,0.203125,0.0703124999999978,0.2421874999999974,fire if value > threshold
gate2_id_256,8,svc_rbf,integrity_confusion_profile_jsd,joint_outcome,200,0.05,191,0.0105042004488412,0.0019631993759043,0.015096451251069,fire if value > threshold
gate2_id_256,8,svc_rbf,integrity_confusion_profile_l1_delta,aggregate_exact,200,0.0,0,0.0,0.0,0.0,exact item-aligned invariance: fire if |value| > 0; undefined on unaligned null draws
gate2_id_256,8,svc_rbf,integrity_confusion_profile_jsd_delta,aggregate_exact,200,0.0,0,0.0,0.0,0.0,exact item-aligned invariance: fire if |value| > 0; undefined on unaligned null draws
gate2_id_256,8,svc_rbf,integrity_pred_disagreement,item_aligned_exact,200,0.0,0,0.0,0.0,0.0,exact item-aligned invariance: fire if |value| > 0; undefined on unaligned null draws
gate2_id_256,8,svc_rbf,label_flip_rate,item_aligned_exact,200,0.0,0,0.0,0.0,0.0,exact item-aligned invariance: fire if |value| > 0; undefined on unaligned null draws
gate2_id_256,10,qsvc_zz_r1,integrity_jsd_vs_clean_eval,feature,200,0.05,191,0.0320735656133154,0.0259916030673818,0.0333148421850792,fire if value > threshold
gate2_id_256,10,qsvc_zz_r1,integrity_mmd_vs_clean_eval,feature,200,0.05,191,0.0964832402080003,0.0,0.1223304954912004,fire if value > threshold
gate2_id_256,10,qsvc_zz_r1,integrity_ks_reject05_vs_clean_eval,feature,200,0.05,191,0.3,0.1,0.6,fire if value > threshold
gate2_id_256,10,qsvc_zz_r1,integrity_score_jsd_vs_clean_eval,prediction,200,0.05,191,0.0572328289359732,0.041652593394668744,0.0713554588583764,fire if value > threshold
gate2_id_256,10,qsvc_zz_r1,integrity_pred_pos_rate_shift,prediction,200,0.05,191,0.078125,0.02734375,0.08984375,fire if value > threshold
gate2_id_256,10,qsvc_zz_r1,integrity_pred_jsd,prediction,200,0.05,191,0.0033031891922233,0.0004111043140826,0.0043408683301804,fire if value > threshold
gate2_id_256,10,qsvc_zz_r1,integrity_label_prior_shift,label_marginal,200,0.05,191,0.046875,0.01171875,0.06640625,fire if value > threshold
gate2_id_256,10,qsvc_zz_r1,integrity_label_jsd,label_marginal,200,0.05,191,0.0011014601470781,6.867555470620136e-05,0.0022163281438306,fire if value > threshold
gate2_id_256,10,qsvc_zz_r1,integrity_confusion_profile_l1,joint_outcome,200,0.05,191,0.171875,0.078125,0.203125,fire if value > threshold
gate2_id_256,10,qsvc_zz_r1,integrity_confusion_profile_jsd,joint_outcome,200,0.05,191,0.0064570372296154,0.00173921073186555,0.00903829161566,fire if value > threshold
gate2_id_256,10,qsvc_zz_r1,integrity_confusion_profile_l1_delta,aggregate_exact,200,0.0,0,0.0,0.0,0.0,exact item-aligned invariance: fire if |value| > 0; undefined on unaligned null draws
gate2_id_256,10,qsvc_zz_r1,integrity_confusion_profile_jsd_delta,aggregate_exact,200,0.0,0,0.0,0.0,0.0,exact item-aligned invariance: fire if |value| > 0; undefined on unaligned null draws
gate2_id_256,10,qsvc_zz_r1,integrity_pred_disagreement,item_aligned_exact,200,0.0,0,0.0,0.0,0.0,exact item-aligned invariance: fire if |value| > 0; undefined on unaligned null draws
gate2_id_256,10,qsvc_zz_r1,label_flip_rate,item_aligned_exact,200,0.0,0,0.0,0.0,0.0,exact item-aligned invariance: fire if |value| > 0; undefined on unaligned null draws
gate2_id_256,10,svc_rbf,integrity_jsd_vs_clean_eval,feature,200,0.05,191,0.0320735656133154,0.0259916030673818,0.0333148421850792,fire if value > threshold
gate2_id_256,10,svc_rbf,integrity_mmd_vs_clean_eval,feature,200,0.05,191,0.0663457695066032,0.0,0.0896804881421136,fire if value > threshold
gate2_id_256,10,svc_rbf,integrity_ks_reject05_vs_clean_eval,feature,200,0.05,191,0.3,0.1,0.6,fire if value > threshold
gate2_id_256,10,svc_rbf,integrity_score_jsd_vs_clean_eval,prediction,200,0.05,191,0.0416099332389572,0.029575811687377752,0.0511963436122999,fire if value > threshold
gate2_id_256,10,svc_rbf,integrity_pred_pos_rate_shift,prediction,200,0.05,191,0.09375,0.0234375,0.11328125,fire if value > threshold
gate2_id_256,10,svc_rbf,integrity_pred_jsd,prediction,200,0.05,191,0.0055016840394679,0.0003290119927284,0.0078762970669125,fire if value > threshold
gate2_id_256,10,svc_rbf,integrity_label_prior_shift,label_marginal,200,0.05,191,0.046875,0.01171875,0.06640625,fire if value > threshold
gate2_id_256,10,svc_rbf,integrity_label_jsd,label_marginal,200,0.05,191,0.0011014601470781,6.867555470620136e-05,0.0022163281438306,fire if value > threshold
gate2_id_256,10,svc_rbf,integrity_confusion_profile_l1,joint_outcome,200,0.05,191,0.203125,0.0703125,0.2421875,fire if value > threshold
gate2_id_256,10,svc_rbf,integrity_confusion_profile_jsd,joint_outcome,200,0.05,191,0.0094358306542922,0.003330325616338,0.0131903537817795,fire if value > threshold
gate2_id_256,10,svc_rbf,integrity_confusion_profile_l1_delta,aggregate_exact,200,0.0,0,0.0,0.0,0.0,exact item-aligned invariance: fire if |value| > 0; undefined on unaligned null draws
gate2_id_256,10,svc_rbf,integrity_confusion_profile_jsd_delta,aggregate_exact,200,0.0,0,0.0,0.0,0.0,exact item-aligned invariance: fire if |value| > 0; undefined on unaligned null draws
gate2_id_256,10,svc_rbf,integrity_pred_disagreement,item_aligned_exact,200,0.0,0,0.0,0.0,0.0,exact item-aligned invariance: fire if |value| > 0; undefined on unaligned null draws
gate2_id_256,10,svc_rbf,label_flip_rate,item_aligned_exact,200,0.0,0,0.0,0.0,0.0,exact item-aligned invariance: fire if |value| > 0; undefined on unaligned null draws
gate2_id_256,12,qsvc_zz_r1,integrity_jsd_vs_clean_eval,feature,200,0.05,191,0.0332254576933257,0.02621924794014075,0.0345400289200761,fire if value > threshold
gate2_id_256,12,qsvc_zz_r1,integrity_mmd_vs_clean_eval,feature,200,0.05,191,0.0820056694007721,0.0,0.09959722988639,fire if value > threshold
gate2_id_256,12,qsvc_zz_r1,integrity_ks_reject05_vs_clean_eval,feature,200,0.05,191,0.3333333333333333,0.0833333333333333,0.5,fire if value > threshold
gate2_id_256,12,qsvc_zz_r1,integrity_score_jsd_vs_clean_eval,prediction,200,0.05,191,0.0491337599737155,0.04130892260390915,0.0551019339886826,fire if value > threshold
gate2_id_256,12,qsvc_zz_r1,integrity_pred_pos_rate_shift,prediction,200,0.05,191,0.078125,0.03125,0.09375,fire if value > threshold
gate2_id_256,12,qsvc_zz_r1,integrity_pred_jsd,prediction,200,0.05,191,0.0031870635200895,0.0005077460056951,0.0046588916542489,fire if value > threshold
gate2_id_256,12,qsvc_zz_r1,integrity_label_prior_shift,label_marginal,200,0.05,191,0.046875,0.01171875,0.06640625,fire if value > threshold
gate2_id_256,12,qsvc_zz_r1,integrity_label_jsd,label_marginal,200,0.05,191,0.0011014601470781,6.867555470620136e-05,0.0022163281438306,fire if value > threshold
gate2_id_256,12,qsvc_zz_r1,integrity_confusion_profile_l1,joint_outcome,200,0.05,191,0.1796875,0.078125,0.2109375,fire if value > threshold
gate2_id_256,12,qsvc_zz_r1,integrity_confusion_profile_jsd,joint_outcome,200,0.05,191,0.0067112591219447,0.0014559182327621499,0.0094766676148339,fire if value > threshold
gate2_id_256,12,qsvc_zz_r1,integrity_confusion_profile_l1_delta,aggregate_exact,200,0.0,0,0.0,0.0,0.0,exact item-aligned invariance: fire if |value| > 0; undefined on unaligned null draws
gate2_id_256,12,qsvc_zz_r1,integrity_confusion_profile_jsd_delta,aggregate_exact,200,0.0,0,0.0,0.0,0.0,exact item-aligned invariance: fire if |value| > 0; undefined on unaligned null draws
gate2_id_256,12,qsvc_zz_r1,integrity_pred_disagreement,item_aligned_exact,200,0.0,0,0.0,0.0,0.0,exact item-aligned invariance: fire if |value| > 0; undefined on unaligned null draws
gate2_id_256,12,qsvc_zz_r1,label_flip_rate,item_aligned_exact,200,0.0,0,0.0,0.0,0.0,exact item-aligned invariance: fire if |value| > 0; undefined on unaligned null draws
gate2_id_256,12,svc_rbf,integrity_jsd_vs_clean_eval,feature,200,0.05,191,0.0332254576933257,0.02621924794014075,0.0345400289200761,fire if value > threshold
gate2_id_256,12,svc_rbf,integrity_mmd_vs_clean_eval,feature,200,0.05,191,0.0430928656712423,0.0,0.0562738017810601,fire if value > threshold
gate2_id_256,12,svc_rbf,integrity_ks_reject05_vs_clean_eval,feature,200,0.05,191,0.3333333333333333,0.0833333333333333,0.5,fire if value > threshold
gate2_id_256,12,svc_rbf,integrity_score_jsd_vs_clean_eval,prediction,200,0.05,191,0.0587191092522017,0.0436162582380202,0.0630196075166985,fire if value > threshold
gate2_id_256,12,svc_rbf,integrity_pred_pos_rate_shift,prediction,200,0.05,191,0.08984375,0.0234375,0.1015625,fire if value > threshold
gate2_id_256,12,svc_rbf,integrity_pred_jsd,prediction,200,0.05,191,0.0046612435847818,0.0003254448050272,0.0059030321913444,fire if value > threshold
gate2_id_256,12,svc_rbf,integrity_label_prior_shift,label_marginal,200,0.05,191,0.046875,0.01171875,0.06640625,fire if value > threshold
gate2_id_256,12,svc_rbf,integrity_label_jsd,label_marginal,200,0.05,191,0.0011014601470781,6.867555470620136e-05,0.0022163281438306,fire if value > threshold
gate2_id_256,12,svc_rbf,integrity_confusion_profile_l1,joint_outcome,200,0.05,191,0.1796875,0.0859375,0.2109375,fire if value > threshold
gate2_id_256,12,svc_rbf,integrity_confusion_profile_jsd,joint_outcome,200,0.05,191,0.0074255582078892,0.00316669847075775,0.0087305530788278,fire if value > threshold
gate2_id_256,12,svc_rbf,integrity_confusion_profile_l1_delta,aggregate_exact,200,0.0,0,0.0,0.0,0.0,exact item-aligned invariance: fire if |value| > 0; undefined on unaligned null draws
gate2_id_256,12,svc_rbf,integrity_confusion_profile_jsd_delta,aggregate_exact,200,0.0,0,0.0,0.0,0.0,exact item-aligned invariance: fire if |value| > 0; undefined on unaligned null draws
gate2_id_256,12,svc_rbf,integrity_pred_disagreement,item_aligned_exact,200,0.0,0,0.0,0.0,0.0,exact item-aligned invariance: fire if |value| > 0; undefined on unaligned null draws
gate2_id_256,12,svc_rbf,label_flip_rate,item_aligned_exact,200,0.0,0,0.0,0.0,0.0,exact item-aligned invariance: fire if |value| > 0; undefined on unaligned null draws
gate3a_ood_tue_wed,8,qsvc_zz_r1,integrity_jsd_vs_clean_eval,feature,200,0.05,191,0.0549596941900329,0.0426978000962306,0.0629301004104709,fire if value > threshold
gate3a_ood_tue_wed,8,qsvc_zz_r1,integrity_mmd_vs_clean_eval,feature,200,0.05,191,0.0845019727006916,0.0,0.1546834490949412,fire if value > threshold
gate3a_ood_tue_wed,8,qsvc_zz_r1,integrity_ks_reject05_vs_clean_eval,feature,200,0.05,191,0.125,0.0,0.375,fire if value > threshold
gate3a_ood_tue_wed,8,qsvc_zz_r1,integrity_score_jsd_vs_clean_eval,prediction,200,0.05,191,0.0891881466957041,0.059999193323342456,0.1119805886920171,fire if value > threshold
gate3a_ood_tue_wed,8,qsvc_zz_r1,integrity_pred_pos_rate_shift,prediction,200,0.05,191,0.0390625,0.0078125,0.0546875,fire if value > threshold
gate3a_ood_tue_wed,8,qsvc_zz_r1,integrity_pred_jsd,prediction,200,0.05,191,0.0081922988933004,0.00075220526229195,0.0098011724703511,fire if value > threshold
gate3a_ood_tue_wed,8,qsvc_zz_r1,integrity_label_prior_shift,label_marginal,200,0.05,191,0.0859375,0.03125,0.109375,fire if value > threshold
gate3a_ood_tue_wed,8,qsvc_zz_r1,integrity_label_jsd,label_marginal,200,0.05,191,0.0037248662123676,0.0004888385244522,0.0060667435555779,fire if value > threshold
gate3a_ood_tue_wed,8,qsvc_zz_r1,integrity_confusion_profile_l1,joint_outcome,200,0.05,191,0.2187499999999888,0.0781249999999994,0.281249999999991,fire if value > threshold
gate3a_ood_tue_wed,8,qsvc_zz_r1,integrity_confusion_profile_jsd,joint_outcome,200,0.05,191,0.0122363886320894,0.0028092341640877,0.0209148620383508,fire if value > threshold
gate3a_ood_tue_wed,8,qsvc_zz_r1,integrity_confusion_profile_l1_delta,aggregate_exact,200,0.0,0,0.0,0.0,0.0,exact item-aligned invariance: fire if |value| > 0; undefined on unaligned null draws
gate3a_ood_tue_wed,8,qsvc_zz_r1,integrity_confusion_profile_jsd_delta,aggregate_exact,200,0.0,0,0.0,0.0,0.0,exact item-aligned invariance: fire if |value| > 0; undefined on unaligned null draws
gate3a_ood_tue_wed,8,qsvc_zz_r1,integrity_pred_disagreement,item_aligned_exact,200,0.0,0,0.0,0.0,0.0,exact item-aligned invariance: fire if |value| > 0; undefined on unaligned null draws
gate3a_ood_tue_wed,8,qsvc_zz_r1,label_flip_rate,item_aligned_exact,200,0.0,0,0.0,0.0,0.0,exact item-aligned invariance: fire if |value| > 0; undefined on unaligned null draws
gate3a_ood_tue_wed,8,svc_rbf,integrity_jsd_vs_clean_eval,feature,200,0.05,191,0.0549596941900329,0.0426978000962306,0.0629301004104709,fire if value > threshold
gate3a_ood_tue_wed,8,svc_rbf,integrity_mmd_vs_clean_eval,feature,200,0.05,191,0.0879434789380599,0.0,0.1568354437166419,fire if value > threshold
gate3a_ood_tue_wed,8,svc_rbf,integrity_ks_reject05_vs_clean_eval,feature,200,0.05,191,0.125,0.0,0.375,fire if value > threshold
gate3a_ood_tue_wed,8,svc_rbf,integrity_score_jsd_vs_clean_eval,prediction,200,0.05,191,0.0676463512032067,0.0477361260854233,0.0764218909647939,fire if value > threshold
gate3a_ood_tue_wed,8,svc_rbf,integrity_pred_pos_rate_shift,prediction,200,0.05,191,0.0390625,0.015625,0.0625,fire if value > threshold
gate3a_ood_tue_wed,8,svc_rbf,integrity_pred_jsd,prediction,200,0.05,191,0.0109544378283923,0.0011885435579841,0.0165269140381457,fire if value > threshold
gate3a_ood_tue_wed,8,svc_rbf,integrity_label_prior_shift,label_marginal,200,0.05,191,0.0859375,0.03125,0.109375,fire if value > threshold
gate3a_ood_tue_wed,8,svc_rbf,integrity_label_jsd,label_marginal,200,0.05,191,0.0037248662123676,0.0004888385244522,0.0060667435555779,fire if value > threshold
gate3a_ood_tue_wed,8,svc_rbf,integrity_confusion_profile_l1,joint_outcome,200,0.05,191,0.2187499999999921,0.07812499999999936,0.2656249999999824,fire if value > threshold
gate3a_ood_tue_wed,8,svc_rbf,integrity_confusion_profile_jsd,joint_outcome,200,0.05,191,0.0161019732243421,0.0038935363360195,0.0297278355217397,fire if value > threshold
gate3a_ood_tue_wed,8,svc_rbf,integrity_confusion_profile_l1_delta,aggregate_exact,200,0.0,0,0.0,0.0,0.0,exact item-aligned invariance: fire if |value| > 0; undefined on unaligned null draws
gate3a_ood_tue_wed,8,svc_rbf,integrity_confusion_profile_jsd_delta,aggregate_exact,200,0.0,0,0.0,0.0,0.0,exact item-aligned invariance: fire if |value| > 0; undefined on unaligned null draws
gate3a_ood_tue_wed,8,svc_rbf,integrity_pred_disagreement,item_aligned_exact,200,0.0,0,0.0,0.0,0.0,exact item-aligned invariance: fire if |value| > 0; undefined on unaligned null draws
gate3a_ood_tue_wed,8,svc_rbf,label_flip_rate,item_aligned_exact,200,0.0,0,0.0,0.0,0.0,exact item-aligned invariance: fire if |value| > 0; undefined on unaligned null draws
gate3a_ood_tue_wed,10,qsvc_zz_r1,integrity_jsd_vs_clean_eval,feature,200,0.05,191,0.0575416527397827,0.0453959629070992,0.0683605502489283,fire if value > threshold
gate3a_ood_tue_wed,10,qsvc_zz_r1,integrity_mmd_vs_clean_eval,feature,200,0.05,191,0.0872720259994517,0.0,0.153213343489505,fire if value > threshold
gate3a_ood_tue_wed,10,qsvc_zz_r1,integrity_ks_reject05_vs_clean_eval,feature,200,0.05,191,0.2,0.0,0.3,fire if value > threshold
gate3a_ood_tue_wed,10,qsvc_zz_r1,integrity_score_jsd_vs_clean_eval,prediction,200,0.05,191,0.1002505323962124,0.06419133585316755,0.1263079212092032,fire if value > threshold
gate3a_ood_tue_wed,10,qsvc_zz_r1,integrity_pred_pos_rate_shift,prediction,200,0.05,191,0.0625,0.015625,0.1171875,fire if value > threshold
gate3a_ood_tue_wed,10,qsvc_zz_r1,integrity_pred_jsd,prediction,200,0.05,191,0.0070318522937056,0.0012527554089398,0.0148857277757162,fire if value > threshold
gate3a_ood_tue_wed,10,qsvc_zz_r1,integrity_label_prior_shift,label_marginal,200,0.05,191,0.0859375,0.03125,0.109375,fire if value > threshold
gate3a_ood_tue_wed,10,qsvc_zz_r1,integrity_label_jsd,label_marginal,200,0.05,191,0.0037248662123676,0.0004888385244522,0.0060667435555779,fire if value > threshold
gate3a_ood_tue_wed,10,qsvc_zz_r1,integrity_confusion_profile_l1,joint_outcome,200,0.05,191,0.21875,0.09374999999999965,0.28125,fire if value > threshold
gate3a_ood_tue_wed,10,qsvc_zz_r1,integrity_confusion_profile_jsd,joint_outcome,200,0.05,191,0.0122457711714704,0.0035415650585132004,0.0181606283883713,fire if value > threshold
gate3a_ood_tue_wed,10,qsvc_zz_r1,integrity_confusion_profile_l1_delta,aggregate_exact,200,0.0,0,0.0,0.0,0.0,exact item-aligned invariance: fire if |value| > 0; undefined on unaligned null draws
gate3a_ood_tue_wed,10,qsvc_zz_r1,integrity_confusion_profile_jsd_delta,aggregate_exact,200,0.0,0,0.0,0.0,0.0,exact item-aligned invariance: fire if |value| > 0; undefined on unaligned null draws
gate3a_ood_tue_wed,10,qsvc_zz_r1,integrity_pred_disagreement,item_aligned_exact,200,0.0,0,0.0,0.0,0.0,exact item-aligned invariance: fire if |value| > 0; undefined on unaligned null draws
gate3a_ood_tue_wed,10,qsvc_zz_r1,label_flip_rate,item_aligned_exact,200,0.0,0,0.0,0.0,0.0,exact item-aligned invariance: fire if |value| > 0; undefined on unaligned null draws
gate3a_ood_tue_wed,10,svc_rbf,integrity_jsd_vs_clean_eval,feature,200,0.05,191,0.0575416527397827,0.0453959629070992,0.0683605502489283,fire if value > threshold
gate3a_ood_tue_wed,10,svc_rbf,integrity_mmd_vs_clean_eval,feature,200,0.05,191,0.0870415591188627,0.0,0.1550687498165081,fire if value > threshold
gate3a_ood_tue_wed,10,svc_rbf,integrity_ks_reject05_vs_clean_eval,feature,200,0.05,191,0.2,0.0,0.3,fire if value > threshold
gate3a_ood_tue_wed,10,svc_rbf,integrity_score_jsd_vs_clean_eval,prediction,200,0.05,191,0.0659384461768034,0.0454561632662151,0.0892416481325863,fire if value > threshold
gate3a_ood_tue_wed,10,svc_rbf,integrity_pred_pos_rate_shift,prediction,200,0.05,191,0.0390625,0.015625,0.0546875,fire if value > threshold
gate3a_ood_tue_wed,10,svc_rbf,integrity_pred_jsd,prediction,200,0.05,191,0.0101703276633815,0.0018761786348243,0.019337643747433,fire if value > threshold
gate3a_ood_tue_wed,10,svc_rbf,integrity_label_prior_shift,label_marginal,200,0.05,191,0.0859375,0.03125,0.109375,fire if value > threshold
gate3a_ood_tue_wed,10,svc_rbf,integrity_label_jsd,label_marginal,200,0.05,191,0.0037248662123676,0.0004888385244522,0.0060667435555779,fire if value > threshold
gate3a_ood_tue_wed,10,svc_rbf,integrity_confusion_profile_l1,joint_outcome,200,0.05,191,0.2187499999999925,0.0781249999999997,0.2499999999999825,fire if value > threshold
gate3a_ood_tue_wed,10,svc_rbf,integrity_confusion_profile_jsd,joint_outcome,200,0.05,191,0.0171139834013355,0.0042254837047257,0.026486257637088,fire if value > threshold
gate3a_ood_tue_wed,10,svc_rbf,integrity_confusion_profile_l1_delta,aggregate_exact,200,0.0,0,0.0,0.0,0.0,exact item-aligned invariance: fire if |value| > 0; undefined on unaligned null draws
gate3a_ood_tue_wed,10,svc_rbf,integrity_confusion_profile_jsd_delta,aggregate_exact,200,0.0,0,0.0,0.0,0.0,exact item-aligned invariance: fire if |value| > 0; undefined on unaligned null draws
gate3a_ood_tue_wed,10,svc_rbf,integrity_pred_disagreement,item_aligned_exact,200,0.0,0,0.0,0.0,0.0,exact item-aligned invariance: fire if |value| > 0; undefined on unaligned null draws
gate3a_ood_tue_wed,10,svc_rbf,label_flip_rate,item_aligned_exact,200,0.0,0,0.0,0.0,0.0,exact item-aligned invariance: fire if |value| > 0; undefined on unaligned null draws
gate3a_ood_tue_wed,12,qsvc_zz_r1,integrity_jsd_vs_clean_eval,feature,200,0.05,191,0.058285679483015,0.04698057614648355,0.0685849239062475,fire if value > threshold
gate3a_ood_tue_wed,12,qsvc_zz_r1,integrity_mmd_vs_clean_eval,feature,200,0.05,191,0.090775014071253,0.0,0.1494550726373547,fire if value > threshold
gate3a_ood_tue_wed,12,qsvc_zz_r1,integrity_ks_reject05_vs_clean_eval,feature,200,0.05,191,0.1666666666666666,0.0,0.25,fire if value > threshold
gate3a_ood_tue_wed,12,qsvc_zz_r1,integrity_score_jsd_vs_clean_eval,prediction,200,0.05,191,0.0926884158000356,0.06551187163732505,0.1104205305830724,fire if value > threshold
gate3a_ood_tue_wed,12,qsvc_zz_r1,integrity_pred_pos_rate_shift,prediction,200,0.05,191,0.09375,0.0234375,0.1328125,fire if value > threshold
gate3a_ood_tue_wed,12,qsvc_zz_r1,integrity_pred_jsd,prediction,200,0.05,191,0.0078149435872446,0.00130846376429815,0.0221649690889128,fire if value > threshold
gate3a_ood_tue_wed,12,qsvc_zz_r1,integrity_label_prior_shift,label_marginal,200,0.05,191,0.0859375,0.03125,0.109375,fire if value > threshold
gate3a_ood_tue_wed,12,qsvc_zz_r1,integrity_label_jsd,label_marginal,200,0.05,191,0.0037248662123676,0.0004888385244522,0.0060667435555779,fire if value > threshold
gate3a_ood_tue_wed,12,qsvc_zz_r1,integrity_confusion_profile_l1,joint_outcome,200,0.05,191,0.2343749999999926,0.10937499999999895,0.328125,fire if value > threshold
gate3a_ood_tue_wed,12,qsvc_zz_r1,integrity_confusion_profile_jsd,joint_outcome,200,0.05,191,0.0107896142410631,0.0034715799271408,0.0229849005653841,fire if value > threshold
gate3a_ood_tue_wed,12,qsvc_zz_r1,integrity_confusion_profile_l1_delta,aggregate_exact,200,0.0,0,0.0,0.0,0.0,exact item-aligned invariance: fire if |value| > 0; undefined on unaligned null draws
gate3a_ood_tue_wed,12,qsvc_zz_r1,integrity_confusion_profile_jsd_delta,aggregate_exact,200,0.0,0,0.0,0.0,0.0,exact item-aligned invariance: fire if |value| > 0; undefined on unaligned null draws
gate3a_ood_tue_wed,12,qsvc_zz_r1,integrity_pred_disagreement,item_aligned_exact,200,0.0,0,0.0,0.0,0.0,exact item-aligned invariance: fire if |value| > 0; undefined on unaligned null draws
gate3a_ood_tue_wed,12,qsvc_zz_r1,label_flip_rate,item_aligned_exact,200,0.0,0,0.0,0.0,0.0,exact item-aligned invariance: fire if |value| > 0; undefined on unaligned null draws
gate3a_ood_tue_wed,12,svc_rbf,integrity_jsd_vs_clean_eval,feature,200,0.05,191,0.058285679483015,0.04698057614648355,0.0685849239062475,fire if value > threshold
gate3a_ood_tue_wed,12,svc_rbf,integrity_mmd_vs_clean_eval,feature,200,0.05,191,0.0907856970133748,0.0,0.1509191941819111,fire if value > threshold
gate3a_ood_tue_wed,12,svc_rbf,integrity_ks_reject05_vs_clean_eval,feature,200,0.05,191,0.1666666666666666,0.0,0.25,fire if value > threshold
gate3a_ood_tue_wed,12,svc_rbf,integrity_score_jsd_vs_clean_eval,prediction,200,0.05,191,0.0783780255225617,0.04949262079927435,0.0989754106471495,fire if value > threshold
gate3a_ood_tue_wed,12,svc_rbf,integrity_pred_pos_rate_shift,prediction,200,0.05,191,0.0390625,0.0078125,0.0546875,fire if value > threshold
gate3a_ood_tue_wed,12,svc_rbf,integrity_pred_jsd,prediction,200,0.05,191,0.0109544378283923,0.0027152654958747,0.019337643747433,fire if value > threshold
gate3a_ood_tue_wed,12,svc_rbf,integrity_label_prior_shift,label_marginal,200,0.05,191,0.0859375,0.03125,0.109375,fire if value > threshold
gate3a_ood_tue_wed,12,svc_rbf,integrity_label_jsd,label_marginal,200,0.05,191,0.0037248662123676,0.0004888385244522,0.0060667435555779,fire if value > threshold
gate3a_ood_tue_wed,12,svc_rbf,integrity_confusion_profile_l1,joint_outcome,200,0.05,191,0.2031249999999984,0.07812499999999556,0.2343749999999906,fire if value > threshold
gate3a_ood_tue_wed,12,svc_rbf,integrity_confusion_profile_jsd,joint_outcome,200,0.05,191,0.0135625395117152,0.0038760276031924003,0.0206048632056964,fire if value > threshold
gate3a_ood_tue_wed,12,svc_rbf,integrity_confusion_profile_l1_delta,aggregate_exact,200,0.0,0,0.0,0.0,0.0,exact item-aligned invariance: fire if |value| > 0; undefined on unaligned null draws
gate3a_ood_tue_wed,12,svc_rbf,integrity_confusion_profile_jsd_delta,aggregate_exact,200,0.0,0,0.0,0.0,0.0,exact item-aligned invariance: fire if |value| > 0; undefined on unaligned null draws
gate3a_ood_tue_wed,12,svc_rbf,integrity_pred_disagreement,item_aligned_exact,200,0.0,0,0.0,0.0,0.0,exact item-aligned invariance: fire if |value| > 0; undefined on unaligned null draws
gate3a_ood_tue_wed,12,svc_rbf,label_flip_rate,item_aligned_exact,200,0.0,0,0.0,0.0,0.0,exact item-aligned invariance: fire if |value| > 0; undefined on unaligned null draws
gate3b_ood_tue_fri_portscan,8,qsvc_zz_r1,integrity_jsd_vs_clean_eval,feature,200,0.05,191,0.0469820219694573,0.0362657010417281,0.0521739927823805,fire if value > threshold
gate3b_ood_tue_fri_portscan,8,qsvc_zz_r1,integrity_mmd_vs_clean_eval,feature,200,0.05,191,0.1137148519254796,0.0,0.1951116655665379,fire if value > threshold
gate3b_ood_tue_fri_portscan,8,qsvc_zz_r1,integrity_ks_reject05_vs_clean_eval,feature,200,0.05,191,0.25,0.0,0.5,fire if value > threshold
gate3b_ood_tue_fri_portscan,8,qsvc_zz_r1,integrity_score_jsd_vs_clean_eval,prediction,200,0.05,191,0.1198509622428252,0.08487053807701775,0.1585811934339846,fire if value > threshold
gate3b_ood_tue_fri_portscan,8,qsvc_zz_r1,integrity_pred_pos_rate_shift,prediction,200,0.05,191,0.0546875,0.0078125,0.125,fire if value > threshold
gate3b_ood_tue_fri_portscan,8,qsvc_zz_r1,integrity_pred_jsd,prediction,200,0.05,191,0.0054459705280867,0.0002838525820551,0.0078817185552511,fire if value > threshold
gate3b_ood_tue_fri_portscan,8,qsvc_zz_r1,integrity_label_prior_shift,label_marginal,200,0.05,191,0.0859375,0.03125,0.109375,fire if value > threshold
gate3b_ood_tue_fri_portscan,8,qsvc_zz_r1,integrity_label_jsd,label_marginal,200,0.05,191,0.0037248662123676,0.0004888385244522,0.0060667435555779,fire if value > threshold
gate3b_ood_tue_fri_portscan,8,qsvc_zz_r1,integrity_confusion_profile_l1,joint_outcome,200,0.05,191,0.2187499999999966,0.0937499999999985,0.265625,fire if value > threshold
gate3b_ood_tue_fri_portscan,8,qsvc_zz_r1,integrity_confusion_profile_jsd,joint_outcome,200,0.05,191,0.0112188969011002,0.00292257993176375,0.0169552115445645,fire if value > threshold
gate3b_ood_tue_fri_portscan,8,qsvc_zz_r1,integrity_confusion_profile_l1_delta,aggregate_exact,200,0.0,0,0.0,0.0,0.0,exact item-aligned invariance: fire if |value| > 0; undefined on unaligned null draws
gate3b_ood_tue_fri_portscan,8,qsvc_zz_r1,integrity_confusion_profile_jsd_delta,aggregate_exact,200,0.0,0,0.0,0.0,0.0,exact item-aligned invariance: fire if |value| > 0; undefined on unaligned null draws
gate3b_ood_tue_fri_portscan,8,qsvc_zz_r1,integrity_pred_disagreement,item_aligned_exact,200,0.0,0,0.0,0.0,0.0,exact item-aligned invariance: fire if |value| > 0; undefined on unaligned null draws
gate3b_ood_tue_fri_portscan,8,qsvc_zz_r1,label_flip_rate,item_aligned_exact,200,0.0,0,0.0,0.0,0.0,exact item-aligned invariance: fire if |value| > 0; undefined on unaligned null draws
gate3b_ood_tue_fri_portscan,8,svc_rbf,integrity_jsd_vs_clean_eval,feature,200,0.05,191,0.0469820219694573,0.0362657010417281,0.0521739927823805,fire if value > threshold
gate3b_ood_tue_fri_portscan,8,svc_rbf,integrity_mmd_vs_clean_eval,feature,200,0.05,191,0.1129377819588548,0.0,0.200889049126764,fire if value > threshold
gate3b_ood_tue_fri_portscan,8,svc_rbf,integrity_ks_reject05_vs_clean_eval,feature,200,0.05,191,0.25,0.0,0.5,fire if value > threshold
gate3b_ood_tue_fri_portscan,8,svc_rbf,integrity_score_jsd_vs_clean_eval,prediction,200,0.05,191,0.0669277916630261,0.0439665269753437,0.0772851470233445,fire if value > threshold
gate3b_ood_tue_fri_portscan,8,svc_rbf,integrity_pred_pos_rate_shift,prediction,200,0.05,191,0.03125,0.0078125,0.0390625,fire if value > threshold
gate3b_ood_tue_fri_portscan,8,svc_rbf,integrity_pred_jsd,prediction,200,0.05,191,0.0058106140454492,0.0010185005576623,0.0137325780883713,fire if value > threshold
gate3b_ood_tue_fri_portscan,8,svc_rbf,integrity_label_prior_shift,label_marginal,200,0.05,191,0.0859375,0.03125,0.109375,fire if value > threshold
gate3b_ood_tue_fri_portscan,8,svc_rbf,integrity_label_jsd,label_marginal,200,0.05,191,0.0037248662123676,0.0004888385244522,0.0060667435555779,fire if value > threshold
gate3b_ood_tue_fri_portscan,8,svc_rbf,integrity_confusion_profile_l1,joint_outcome,200,0.05,191,0.2031249999999969,0.0781249999999916,0.2343749999999981,fire if value > threshold
gate3b_ood_tue_fri_portscan,8,svc_rbf,integrity_confusion_profile_jsd,joint_outcome,200,0.05,191,0.0095401493473484,0.00292787134926675,0.0174904279855154,fire if value > threshold
gate3b_ood_tue_fri_portscan,8,svc_rbf,integrity_confusion_profile_l1_delta,aggregate_exact,200,0.0,0,0.0,0.0,0.0,exact item-aligned invariance: fire if |value| > 0; undefined on unaligned null draws
gate3b_ood_tue_fri_portscan,8,svc_rbf,integrity_confusion_profile_jsd_delta,aggregate_exact,200,0.0,0,0.0,0.0,0.0,exact item-aligned invariance: fire if |value| > 0; undefined on unaligned null draws
gate3b_ood_tue_fri_portscan,8,svc_rbf,integrity_pred_disagreement,item_aligned_exact,200,0.0,0,0.0,0.0,0.0,exact item-aligned invariance: fire if |value| > 0; undefined on unaligned null draws
gate3b_ood_tue_fri_portscan,8,svc_rbf,label_flip_rate,item_aligned_exact,200,0.0,0,0.0,0.0,0.0,exact item-aligned invariance: fire if |value| > 0; undefined on unaligned null draws
gate3b_ood_tue_fri_portscan,10,qsvc_zz_r1,integrity_jsd_vs_clean_eval,feature,200,0.05,191,0.046789933532872,0.0366558419169365,0.0527843882775811,fire if value > threshold
gate3b_ood_tue_fri_portscan,10,qsvc_zz_r1,integrity_mmd_vs_clean_eval,feature,200,0.05,191,0.1131749019314342,0.0,0.2065628862807048,fire if value > threshold
gate3b_ood_tue_fri_portscan,10,qsvc_zz_r1,integrity_ks_reject05_vs_clean_eval,feature,200,0.05,191,0.2,0.0,0.5,fire if value > threshold
gate3b_ood_tue_fri_portscan,10,qsvc_zz_r1,integrity_score_jsd_vs_clean_eval,prediction,200,0.05,191,0.1087619811007459,0.0773644752424061,0.1334957019603272,fire if value > threshold
gate3b_ood_tue_fri_portscan,10,qsvc_zz_r1,integrity_pred_pos_rate_shift,prediction,200,0.05,191,0.1328125,0.03125,0.2265625,fire if value > threshold
gate3b_ood_tue_fri_portscan,10,qsvc_zz_r1,integrity_pred_jsd,prediction,200,0.05,191,0.0095728571075621,0.0005032393606298,0.0283758823276789,fire if value > threshold
gate3b_ood_tue_fri_portscan,10,qsvc_zz_r1,integrity_label_prior_shift,label_marginal,200,0.05,191,0.0859375,0.03125,0.109375,fire if value > threshold
gate3b_ood_tue_fri_portscan,10,qsvc_zz_r1,integrity_label_jsd,label_marginal,200,0.05,191,0.0037248662123676,0.0004888385244522,0.0060667435555779,fire if value > threshold
gate3b_ood_tue_fri_portscan,10,qsvc_zz_r1,integrity_confusion_profile_l1,joint_outcome,200,0.05,191,0.265625,0.125,0.453125,fire if value > threshold
gate3b_ood_tue_fri_portscan,10,qsvc_zz_r1,integrity_confusion_profile_jsd,joint_outcome,200,0.05,191,0.0178737075037869,0.0041736606839309,0.0411398918724773,fire if value > threshold
gate3b_ood_tue_fri_portscan,10,qsvc_zz_r1,integrity_confusion_profile_l1_delta,aggregate_exact,200,0.0,0,0.0,0.0,0.0,exact item-aligned invariance: fire if |value| > 0; undefined on unaligned null draws
gate3b_ood_tue_fri_portscan,10,qsvc_zz_r1,integrity_confusion_profile_jsd_delta,aggregate_exact,200,0.0,0,0.0,0.0,0.0,exact item-aligned invariance: fire if |value| > 0; undefined on unaligned null draws
gate3b_ood_tue_fri_portscan,10,qsvc_zz_r1,integrity_pred_disagreement,item_aligned_exact,200,0.0,0,0.0,0.0,0.0,exact item-aligned invariance: fire if |value| > 0; undefined on unaligned null draws
gate3b_ood_tue_fri_portscan,10,qsvc_zz_r1,label_flip_rate,item_aligned_exact,200,0.0,0,0.0,0.0,0.0,exact item-aligned invariance: fire if |value| > 0; undefined on unaligned null draws
gate3b_ood_tue_fri_portscan,10,svc_rbf,integrity_jsd_vs_clean_eval,feature,200,0.05,191,0.046789933532872,0.0366558419169365,0.0527843882775811,fire if value > threshold
gate3b_ood_tue_fri_portscan,10,svc_rbf,integrity_mmd_vs_clean_eval,feature,200,0.05,191,0.1110118721665893,0.0,0.2071782539474455,fire if value > threshold
gate3b_ood_tue_fri_portscan,10,svc_rbf,integrity_ks_reject05_vs_clean_eval,feature,200,0.05,191,0.2,0.0,0.5,fire if value > threshold
gate3b_ood_tue_fri_portscan,10,svc_rbf,integrity_score_jsd_vs_clean_eval,prediction,200,0.05,191,0.0672985199240317,0.0450681673037506,0.0793129930237614,fire if value > threshold
gate3b_ood_tue_fri_portscan,10,svc_rbf,integrity_pred_pos_rate_shift,prediction,200,0.05,191,0.03125,0.0078125,0.0390625,fire if value > threshold
gate3b_ood_tue_fri_portscan,10,svc_rbf,integrity_pred_jsd,prediction,200,0.05,191,0.0058106140454492,0.0010185005576623,0.0137325780883713,fire if value > threshold
gate3b_ood_tue_fri_portscan,10,svc_rbf,integrity_label_prior_shift,label_marginal,200,0.05,191,0.0859375,0.03125,0.109375,fire if value > threshold
gate3b_ood_tue_fri_portscan,10,svc_rbf,integrity_label_jsd,label_marginal,200,0.05,191,0.0037248662123676,0.0004888385244522,0.0060667435555779,fire if value > threshold
gate3b_ood_tue_fri_portscan,10,svc_rbf,integrity_confusion_profile_l1,joint_outcome,200,0.05,191,0.2031249999999969,0.0781249999999922,0.2343749999999886,fire if value > threshold
gate3b_ood_tue_fri_portscan,10,svc_rbf,integrity_confusion_profile_jsd,joint_outcome,200,0.05,191,0.0091509738680562,0.0029071163726631,0.0177742956077319,fire if value > threshold
gate3b_ood_tue_fri_portscan,10,svc_rbf,integrity_confusion_profile_l1_delta,aggregate_exact,200,0.0,0,0.0,0.0,0.0,exact item-aligned invariance: fire if |value| > 0; undefined on unaligned null draws
gate3b_ood_tue_fri_portscan,10,svc_rbf,integrity_confusion_profile_jsd_delta,aggregate_exact,200,0.0,0,0.0,0.0,0.0,exact item-aligned invariance: fire if |value| > 0; undefined on unaligned null draws
gate3b_ood_tue_fri_portscan,10,svc_rbf,integrity_pred_disagreement,item_aligned_exact,200,0.0,0,0.0,0.0,0.0,exact item-aligned invariance: fire if |value| > 0; undefined on unaligned null draws
gate3b_ood_tue_fri_portscan,10,svc_rbf,label_flip_rate,item_aligned_exact,200,0.0,0,0.0,0.0,0.0,exact item-aligned invariance: fire if |value| > 0; undefined on unaligned null draws
gate3b_ood_tue_fri_portscan,12,qsvc_zz_r1,integrity_jsd_vs_clean_eval,feature,200,0.05,191,0.0477660848625546,0.0362019542827184,0.0556118367666492,fire if value > threshold
gate3b_ood_tue_fri_portscan,12,qsvc_zz_r1,integrity_mmd_vs_clean_eval,feature,200,0.05,191,0.1119599849839319,0.0,0.1913323783828903,fire if value > threshold
gate3b_ood_tue_fri_portscan,12,qsvc_zz_r1,integrity_ks_reject05_vs_clean_eval,feature,200,0.05,191,0.25,0.0,0.5,fire if value > threshold
gate3b_ood_tue_fri_portscan,12,qsvc_zz_r1,integrity_score_jsd_vs_clean_eval,prediction,200,0.05,191,0.1163209564544547,0.0830924144600188,0.1368080986517878,fire if value > threshold
gate3b_ood_tue_fri_portscan,12,qsvc_zz_r1,integrity_pred_pos_rate_shift,prediction,200,0.05,191,0.109375,0.0390625,0.203125,fire if value > threshold
gate3b_ood_tue_fri_portscan,12,qsvc_zz_r1,integrity_pred_jsd,prediction,200,0.05,191,0.0062541681525028,0.0007682616663145,0.0228678587972146,fire if value > threshold
gate3b_ood_tue_fri_portscan,12,qsvc_zz_r1,integrity_label_prior_shift,label_marginal,200,0.05,191,0.0859375,0.03125,0.109375,fire if value > threshold
gate3b_ood_tue_fri_portscan,12,qsvc_zz_r1,integrity_label_jsd,label_marginal,200,0.05,191,0.0037248662123676,0.0004888385244522,0.0060667435555779,fire if value > threshold
gate3b_ood_tue_fri_portscan,12,qsvc_zz_r1,integrity_confusion_profile_l1,joint_outcome,200,0.05,191,0.25,0.14062499999999561,0.40625,fire if value > threshold
gate3b_ood_tue_fri_portscan,12,qsvc_zz_r1,integrity_confusion_profile_jsd,joint_outcome,200,0.05,191,0.0158607003784281,0.00412481805937935,0.0314749293980348,fire if value > threshold
gate3b_ood_tue_fri_portscan,12,qsvc_zz_r1,integrity_confusion_profile_l1_delta,aggregate_exact,200,0.0,0,0.0,0.0,0.0,exact item-aligned invariance: fire if |value| > 0; undefined on unaligned null draws
gate3b_ood_tue_fri_portscan,12,qsvc_zz_r1,integrity_confusion_profile_jsd_delta,aggregate_exact,200,0.0,0,0.0,0.0,0.0,exact item-aligned invariance: fire if |value| > 0; undefined on unaligned null draws
gate3b_ood_tue_fri_portscan,12,qsvc_zz_r1,integrity_pred_disagreement,item_aligned_exact,200,0.0,0,0.0,0.0,0.0,exact item-aligned invariance: fire if |value| > 0; undefined on unaligned null draws
gate3b_ood_tue_fri_portscan,12,qsvc_zz_r1,label_flip_rate,item_aligned_exact,200,0.0,0,0.0,0.0,0.0,exact item-aligned invariance: fire if |value| > 0; undefined on unaligned null draws
gate3b_ood_tue_fri_portscan,12,svc_rbf,integrity_jsd_vs_clean_eval,feature,200,0.05,191,0.0477660848625546,0.0362019542827184,0.0556118367666492,fire if value > threshold
gate3b_ood_tue_fri_portscan,12,svc_rbf,integrity_mmd_vs_clean_eval,feature,200,0.05,191,0.109822467898781,0.0,0.1821486352131036,fire if value > threshold
gate3b_ood_tue_fri_portscan,12,svc_rbf,integrity_ks_reject05_vs_clean_eval,feature,200,0.05,191,0.25,0.0,0.5,fire if value > threshold
gate3b_ood_tue_fri_portscan,12,svc_rbf,integrity_score_jsd_vs_clean_eval,prediction,200,0.05,191,0.0759635723178679,0.048538182148780654,0.0948043342309041,fire if value > threshold
gate3b_ood_tue_fri_portscan,12,svc_rbf,integrity_pred_pos_rate_shift,prediction,200,0.05,191,0.0234375,0.0078125,0.0390625,fire if value > threshold
gate3b_ood_tue_fri_portscan,12,svc_rbf,integrity_pred_jsd,prediction,200,0.05,191,0.0058106140454492,0.0006713879942432,0.0137325780883713,fire if value > threshold
gate3b_ood_tue_fri_portscan,12,svc_rbf,integrity_label_prior_shift,label_marginal,200,0.05,191,0.0859375,0.03125,0.109375,fire if value > threshold
gate3b_ood_tue_fri_portscan,12,svc_rbf,integrity_label_jsd,label_marginal,200,0.05,191,0.0037248662123676,0.0004888385244522,0.0060667435555779,fire if value > threshold
gate3b_ood_tue_fri_portscan,12,svc_rbf,integrity_confusion_profile_l1,joint_outcome,200,0.05,191,0.2031249999999895,0.0781249999999915,0.2187499999999984,fire if value > threshold
gate3b_ood_tue_fri_portscan,12,svc_rbf,integrity_confusion_profile_jsd,joint_outcome,200,0.05,191,0.0095324734426748,0.0026983566318723503,0.0146468904156467,fire if value > threshold
gate3b_ood_tue_fri_portscan,12,svc_rbf,integrity_confusion_profile_l1_delta,aggregate_exact,200,0.0,0,0.0,0.0,0.0,exact item-aligned invariance: fire if |value| > 0; undefined on unaligned null draws
gate3b_ood_tue_fri_portscan,12,svc_rbf,integrity_confusion_profile_jsd_delta,aggregate_exact,200,0.0,0,0.0,0.0,0.0,exact item-aligned invariance: fire if |value| > 0; undefined on unaligned null draws
gate3b_ood_tue_fri_portscan,12,svc_rbf,integrity_pred_disagreement,item_aligned_exact,200,0.0,0,0.0,0.0,0.0,exact item-aligned invariance: fire if |value| > 0; undefined on unaligned null draws
gate3b_ood_tue_fri_portscan,12,svc_rbf,label_flip_rate,item_aligned_exact,200,0.0,0,0.0,0.0,0.0,exact item-aligned invariance: fire if |value| > 0; undefined on unaligned null draws
gate3c_ood_wed_thu_webattacks,8,qsvc_zz_r1,integrity_jsd_vs_clean_eval,feature,200,0.05,191,0.0465685405054954,0.035958354619307104,0.0570518186042687,fire if value > threshold
gate3c_ood_wed_thu_webattacks,8,qsvc_zz_r1,integrity_mmd_vs_clean_eval,feature,200,0.05,191,0.0580863349393282,0.0,0.1066284252460671,fire if value > threshold
gate3c_ood_wed_thu_webattacks,8,qsvc_zz_r1,integrity_ks_reject05_vs_clean_eval,feature,200,0.05,191,0.125,0.0,0.5,fire if value > threshold
gate3c_ood_wed_thu_webattacks,8,qsvc_zz_r1,integrity_score_jsd_vs_clean_eval,prediction,200,0.05,191,0.100965396317908,0.07046535184071709,0.1265739986515782,fire if value > threshold
gate3c_ood_wed_thu_webattacks,8,qsvc_zz_r1,integrity_pred_pos_rate_shift,prediction,200,0.05,191,0.0859375,0.0234375,0.125,fire if value > threshold
gate3c_ood_wed_thu_webattacks,8,qsvc_zz_r1,integrity_pred_jsd,prediction,200,0.05,191,0.005943670225815,0.00113018688061495,0.0100851314398343,fire if value > threshold
gate3c_ood_wed_thu_webattacks,8,qsvc_zz_r1,integrity_label_prior_shift,label_marginal,200,0.05,191,0.0859375,0.03125,0.109375,fire if value > threshold
gate3c_ood_wed_thu_webattacks,8,qsvc_zz_r1,integrity_label_jsd,label_marginal,200,0.05,191,0.0037248662123676,0.0004888385244522,0.0060667435555779,fire if value > threshold
gate3c_ood_wed_thu_webattacks,8,qsvc_zz_r1,integrity_confusion_profile_l1,joint_outcome,200,0.05,191,0.21875,0.109375,0.34375,fire if value > threshold
gate3c_ood_wed_thu_webattacks,8,qsvc_zz_r1,integrity_confusion_profile_jsd,joint_outcome,200,0.05,191,0.0129007179982133,0.0040300765272191005,0.0187577963649774,fire if value > threshold
gate3c_ood_wed_thu_webattacks,8,qsvc_zz_r1,integrity_confusion_profile_l1_delta,aggregate_exact,200,0.0,0,0.0,0.0,0.0,exact item-aligned invariance: fire if |value| > 0; undefined on unaligned null draws
gate3c_ood_wed_thu_webattacks,8,qsvc_zz_r1,integrity_confusion_profile_jsd_delta,aggregate_exact,200,0.0,0,0.0,0.0,0.0,exact item-aligned invariance: fire if |value| > 0; undefined on unaligned null draws
gate3c_ood_wed_thu_webattacks,8,qsvc_zz_r1,integrity_pred_disagreement,item_aligned_exact,200,0.0,0,0.0,0.0,0.0,exact item-aligned invariance: fire if |value| > 0; undefined on unaligned null draws
gate3c_ood_wed_thu_webattacks,8,qsvc_zz_r1,label_flip_rate,item_aligned_exact,200,0.0,0,0.0,0.0,0.0,exact item-aligned invariance: fire if |value| > 0; undefined on unaligned null draws
gate3c_ood_wed_thu_webattacks,8,svc_rbf,integrity_jsd_vs_clean_eval,feature,200,0.05,191,0.0465685405054954,0.035958354619307104,0.0570518186042687,fire if value > threshold
gate3c_ood_wed_thu_webattacks,8,svc_rbf,integrity_mmd_vs_clean_eval,feature,200,0.05,191,0.0529215200874456,0.0,0.105827957151951,fire if value > threshold
gate3c_ood_wed_thu_webattacks,8,svc_rbf,integrity_ks_reject05_vs_clean_eval,feature,200,0.05,191,0.125,0.0,0.5,fire if value > threshold
gate3c_ood_wed_thu_webattacks,8,svc_rbf,integrity_score_jsd_vs_clean_eval,prediction,200,0.05,191,0.0732631378406206,0.03667439486878205,0.0975547664331043,fire if value > threshold
gate3c_ood_wed_thu_webattacks,8,svc_rbf,integrity_pred_pos_rate_shift,prediction,200,0.05,191,0.03125,0.0078125,0.046875,fire if value > threshold
gate3c_ood_wed_thu_webattacks,8,svc_rbf,integrity_pred_jsd,prediction,200,0.05,191,0.0081922988933004,0.0004010531441243,0.0137325780883713,fire if value > threshold
gate3c_ood_wed_thu_webattacks,8,svc_rbf,integrity_label_prior_shift,label_marginal,200,0.05,191,0.0859375,0.03125,0.109375,fire if value > threshold
gate3c_ood_wed_thu_webattacks,8,svc_rbf,integrity_label_jsd,label_marginal,200,0.05,191,0.0037248662123676,0.0004888385244522,0.0060667435555779,fire if value > threshold
gate3c_ood_wed_thu_webattacks,8,svc_rbf,integrity_confusion_profile_l1,joint_outcome,200,0.05,191,0.2031249999999984,0.0781249999999916,0.2187499999999983,fire if value > threshold
gate3c_ood_wed_thu_webattacks,8,svc_rbf,integrity_confusion_profile_jsd,joint_outcome,200,0.05,191,0.0085800030641917,0.0016790858860129,0.0180601266016779,fire if value > threshold
gate3c_ood_wed_thu_webattacks,8,svc_rbf,integrity_confusion_profile_l1_delta,aggregate_exact,200,0.0,0,0.0,0.0,0.0,exact item-aligned invariance: fire if |value| > 0; undefined on unaligned null draws
gate3c_ood_wed_thu_webattacks,8,svc_rbf,integrity_confusion_profile_jsd_delta,aggregate_exact,200,0.0,0,0.0,0.0,0.0,exact item-aligned invariance: fire if |value| > 0; undefined on unaligned null draws
gate3c_ood_wed_thu_webattacks,8,svc_rbf,integrity_pred_disagreement,item_aligned_exact,200,0.0,0,0.0,0.0,0.0,exact item-aligned invariance: fire if |value| > 0; undefined on unaligned null draws
gate3c_ood_wed_thu_webattacks,8,svc_rbf,label_flip_rate,item_aligned_exact,200,0.0,0,0.0,0.0,0.0,exact item-aligned invariance: fire if |value| > 0; undefined on unaligned null draws
gate3c_ood_wed_thu_webattacks,10,qsvc_zz_r1,integrity_jsd_vs_clean_eval,feature,200,0.05,191,0.0516963353280648,0.0389398590426568,0.06039419946821,fire if value > threshold
gate3c_ood_wed_thu_webattacks,10,qsvc_zz_r1,integrity_mmd_vs_clean_eval,feature,200,0.05,191,0.0499195377402973,0.0,0.1058911607176572,fire if value > threshold
gate3c_ood_wed_thu_webattacks,10,qsvc_zz_r1,integrity_ks_reject05_vs_clean_eval,feature,200,0.05,191,0.1,0.0,0.5,fire if value > threshold
gate3c_ood_wed_thu_webattacks,10,qsvc_zz_r1,integrity_score_jsd_vs_clean_eval,prediction,200,0.05,191,0.1195750242297111,0.0763638393727831,0.1545693811777214,fire if value > threshold
gate3c_ood_wed_thu_webattacks,10,qsvc_zz_r1,integrity_pred_pos_rate_shift,prediction,200,0.05,191,0.078125,0.0234375,0.09375,fire if value > threshold
gate3c_ood_wed_thu_webattacks,10,qsvc_zz_r1,integrity_pred_jsd,prediction,200,0.05,191,0.0053995737429091,0.0005558743000637,0.0081055904487501,fire if value > threshold
gate3c_ood_wed_thu_webattacks,10,qsvc_zz_r1,integrity_label_prior_shift,label_marginal,200,0.05,191,0.0859375,0.03125,0.109375,fire if value > threshold
gate3c_ood_wed_thu_webattacks,10,qsvc_zz_r1,integrity_label_jsd,label_marginal,200,0.05,191,0.0037248662123676,0.0004888385244522,0.0060667435555779,fire if value > threshold
gate3c_ood_wed_thu_webattacks,10,qsvc_zz_r1,integrity_confusion_profile_l1,joint_outcome,200,0.05,191,0.234375,0.109375,0.296875,fire if value > threshold
gate3c_ood_wed_thu_webattacks,10,qsvc_zz_r1,integrity_confusion_profile_jsd,joint_outcome,200,0.05,191,0.010640147197807,0.0028629733832339,0.0158398806226344,fire if value > threshold
gate3c_ood_wed_thu_webattacks,10,qsvc_zz_r1,integrity_confusion_profile_l1_delta,aggregate_exact,200,0.0,0,0.0,0.0,0.0,exact item-aligned invariance: fire if |value| > 0; undefined on unaligned null draws
gate3c_ood_wed_thu_webattacks,10,qsvc_zz_r1,integrity_confusion_profile_jsd_delta,aggregate_exact,200,0.0,0,0.0,0.0,0.0,exact item-aligned invariance: fire if |value| > 0; undefined on unaligned null draws
gate3c_ood_wed_thu_webattacks,10,qsvc_zz_r1,integrity_pred_disagreement,item_aligned_exact,200,0.0,0,0.0,0.0,0.0,exact item-aligned invariance: fire if |value| > 0; undefined on unaligned null draws
gate3c_ood_wed_thu_webattacks,10,qsvc_zz_r1,label_flip_rate,item_aligned_exact,200,0.0,0,0.0,0.0,0.0,exact item-aligned invariance: fire if |value| > 0; undefined on unaligned null draws
gate3c_ood_wed_thu_webattacks,10,svc_rbf,integrity_jsd_vs_clean_eval,feature,200,0.05,191,0.0516963353280648,0.0389398590426568,0.06039419946821,fire if value > threshold
gate3c_ood_wed_thu_webattacks,10,svc_rbf,integrity_mmd_vs_clean_eval,feature,200,0.05,191,0.0541102442252613,0.0,0.1040374752299732,fire if value > threshold
gate3c_ood_wed_thu_webattacks,10,svc_rbf,integrity_ks_reject05_vs_clean_eval,feature,200,0.05,191,0.1,0.0,0.5,fire if value > threshold
gate3c_ood_wed_thu_webattacks,10,svc_rbf,integrity_score_jsd_vs_clean_eval,prediction,200,0.05,191,0.0672951372402281,0.04137719720047,0.0877930942981414,fire if value > threshold
gate3c_ood_wed_thu_webattacks,10,svc_rbf,integrity_pred_pos_rate_shift,prediction,200,0.05,191,0.03125,0.0078125,0.046875,fire if value > threshold
gate3c_ood_wed_thu_webattacks,10,svc_rbf,integrity_pred_jsd,prediction,200,0.05,191,0.0054459705280867,0.0004010531441243,0.0109544378283923,fire if value > threshold
gate3c_ood_wed_thu_webattacks,10,svc_rbf,integrity_label_prior_shift,label_marginal,200,0.05,191,0.0859375,0.03125,0.109375,fire if value > threshold
gate3c_ood_wed_thu_webattacks,10,svc_rbf,integrity_label_jsd,label_marginal,200,0.05,191,0.0037248662123676,0.0004888385244522,0.0060667435555779,fire if value > threshold
gate3c_ood_wed_thu_webattacks,10,svc_rbf,integrity_confusion_profile_l1,joint_outcome,200,0.05,191,0.2031249999999983,0.07031249999999531,0.2343749999999886,fire if value > threshold
gate3c_ood_wed_thu_webattacks,10,svc_rbf,integrity_confusion_profile_jsd,joint_outcome,200,0.05,191,0.0082634570131917,0.0015717627350926,0.0156134702738051,fire if value > threshold
gate3c_ood_wed_thu_webattacks,10,svc_rbf,integrity_confusion_profile_l1_delta,aggregate_exact,200,0.0,0,0.0,0.0,0.0,exact item-aligned invariance: fire if |value| > 0; undefined on unaligned null draws
gate3c_ood_wed_thu_webattacks,10,svc_rbf,integrity_confusion_profile_jsd_delta,aggregate_exact,200,0.0,0,0.0,0.0,0.0,exact item-aligned invariance: fire if |value| > 0; undefined on unaligned null draws
gate3c_ood_wed_thu_webattacks,10,svc_rbf,integrity_pred_disagreement,item_aligned_exact,200,0.0,0,0.0,0.0,0.0,exact item-aligned invariance: fire if |value| > 0; undefined on unaligned null draws
gate3c_ood_wed_thu_webattacks,10,svc_rbf,label_flip_rate,item_aligned_exact,200,0.0,0,0.0,0.0,0.0,exact item-aligned invariance: fire if |value| > 0; undefined on unaligned null draws
gate3c_ood_wed_thu_webattacks,12,qsvc_zz_r1,integrity_jsd_vs_clean_eval,feature,200,0.05,191,0.0564428609961381,0.04082566149023415,0.0675039550759086,fire if value > threshold
gate3c_ood_wed_thu_webattacks,12,qsvc_zz_r1,integrity_mmd_vs_clean_eval,feature,200,0.05,191,0.0510168472528062,0.0,0.1061457244955795,fire if value > threshold
gate3c_ood_wed_thu_webattacks,12,qsvc_zz_r1,integrity_ks_reject05_vs_clean_eval,feature,200,0.05,191,0.0833333333333333,0.0,0.5833333333333334,fire if value > threshold
gate3c_ood_wed_thu_webattacks,12,qsvc_zz_r1,integrity_score_jsd_vs_clean_eval,prediction,200,0.05,191,0.1107642400368287,0.07703433112080885,0.1267193145027922,fire if value > threshold
gate3c_ood_wed_thu_webattacks,12,qsvc_zz_r1,integrity_pred_pos_rate_shift,prediction,200,0.05,191,0.09375,0.0234375,0.125,fire if value > threshold
gate3c_ood_wed_thu_webattacks,12,qsvc_zz_r1,integrity_pred_jsd,prediction,200,0.05,191,0.0055378407351596,0.0003872953480754,0.009006005445511,fire if value > threshold
gate3c_ood_wed_thu_webattacks,12,qsvc_zz_r1,integrity_label_prior_shift,label_marginal,200,0.05,191,0.0859375,0.03125,0.109375,fire if value > threshold
gate3c_ood_wed_thu_webattacks,12,qsvc_zz_r1,integrity_label_jsd,label_marginal,200,0.05,191,0.0037248662123676,0.0004888385244522,0.0060667435555779,fire if value > threshold
gate3c_ood_wed_thu_webattacks,12,qsvc_zz_r1,integrity_confusion_profile_l1,joint_outcome,200,0.05,191,0.25,0.109375,0.296875,fire if value > threshold
gate3c_ood_wed_thu_webattacks,12,qsvc_zz_r1,integrity_confusion_profile_jsd,joint_outcome,200,0.05,191,0.0097675910958234,0.00261520270981085,0.0145824595646698,fire if value > threshold
gate3c_ood_wed_thu_webattacks,12,qsvc_zz_r1,integrity_confusion_profile_l1_delta,aggregate_exact,200,0.0,0,0.0,0.0,0.0,exact item-aligned invariance: fire if |value| > 0; undefined on unaligned null draws
gate3c_ood_wed_thu_webattacks,12,qsvc_zz_r1,integrity_confusion_profile_jsd_delta,aggregate_exact,200,0.0,0,0.0,0.0,0.0,exact item-aligned invariance: fire if |value| > 0; undefined on unaligned null draws
gate3c_ood_wed_thu_webattacks,12,qsvc_zz_r1,integrity_pred_disagreement,item_aligned_exact,200,0.0,0,0.0,0.0,0.0,exact item-aligned invariance: fire if |value| > 0; undefined on unaligned null draws
gate3c_ood_wed_thu_webattacks,12,qsvc_zz_r1,label_flip_rate,item_aligned_exact,200,0.0,0,0.0,0.0,0.0,exact item-aligned invariance: fire if |value| > 0; undefined on unaligned null draws
gate3c_ood_wed_thu_webattacks,12,svc_rbf,integrity_jsd_vs_clean_eval,feature,200,0.05,191,0.0564428609961381,0.04082566149023415,0.0675039550759086,fire if value > threshold
gate3c_ood_wed_thu_webattacks,12,svc_rbf,integrity_mmd_vs_clean_eval,feature,200,0.05,191,0.0527465645837094,0.0,0.1033852688235961,fire if value > threshold
gate3c_ood_wed_thu_webattacks,12,svc_rbf,integrity_ks_reject05_vs_clean_eval,feature,200,0.05,191,0.0833333333333333,0.0,0.5833333333333334,fire if value > threshold
gate3c_ood_wed_thu_webattacks,12,svc_rbf,integrity_score_jsd_vs_clean_eval,prediction,200,0.05,191,0.0633399087305138,0.0417650920173398,0.0714861659221348,fire if value > threshold
gate3c_ood_wed_thu_webattacks,12,svc_rbf,integrity_pred_pos_rate_shift,prediction,200,0.05,191,0.0234375,0.0078125,0.0390625,fire if value > threshold
gate3c_ood_wed_thu_webattacks,12,svc_rbf,integrity_pred_jsd,prediction,200,0.05,191,0.0038345800736053,0.0006713879942432,0.0081922988933004,fire if value > threshold
gate3c_ood_wed_thu_webattacks,12,svc_rbf,integrity_label_prior_shift,label_marginal,200,0.05,191,0.0859375,0.03125,0.109375,fire if value > threshold
gate3c_ood_wed_thu_webattacks,12,svc_rbf,integrity_label_jsd,label_marginal,200,0.05,191,0.0037248662123676,0.0004888385244522,0.0060667435555779,fire if value > threshold
gate3c_ood_wed_thu_webattacks,12,svc_rbf,integrity_confusion_profile_l1,joint_outcome,200,0.05,191,0.2031249999999969,0.0624999999999995,0.2343749999999981,fire if value > threshold
gate3c_ood_wed_thu_webattacks,12,svc_rbf,integrity_confusion_profile_jsd,joint_outcome,200,0.05,191,0.0064921441134033,0.0017022162393335,0.0098848306822819,fire if value > threshold
gate3c_ood_wed_thu_webattacks,12,svc_rbf,integrity_confusion_profile_l1_delta,aggregate_exact,200,0.0,0,0.0,0.0,0.0,exact item-aligned invariance: fire if |value| > 0; undefined on unaligned null draws
gate3c_ood_wed_thu_webattacks,12,svc_rbf,integrity_confusion_profile_jsd_delta,aggregate_exact,200,0.0,0,0.0,0.0,0.0,exact item-aligned invariance: fire if |value| > 0; undefined on unaligned null draws
gate3c_ood_wed_thu_webattacks,12,svc_rbf,integrity_pred_disagreement,item_aligned_exact,200,0.0,0,0.0,0.0,0.0,exact item-aligned invariance: fire if |value| > 0; undefined on unaligned null draws
gate3c_ood_wed_thu_webattacks,12,svc_rbf,label_flip_rate,item_aligned_exact,200,0.0,0,0.0,0.0,0.0,exact item-aligned invariance: fire if |value| > 0; undefined on unaligned null draws
gate3d_ood_wed_fri_morning,8,qsvc_zz_r1,integrity_jsd_vs_clean_eval,feature,200,0.05,191,0.0428051263300482,0.0347488925981959,0.0509685787284019,fire if value > threshold
gate3d_ood_wed_fri_morning,8,qsvc_zz_r1,integrity_mmd_vs_clean_eval,feature,200,0.05,191,0.0924629380894784,0.0,0.1422292717517725,fire if value > threshold
gate3d_ood_wed_fri_morning,8,qsvc_zz_r1,integrity_ks_reject05_vs_clean_eval,feature,200,0.05,191,0.125,0.0,0.375,fire if value > threshold
gate3d_ood_wed_fri_morning,8,qsvc_zz_r1,integrity_score_jsd_vs_clean_eval,prediction,200,0.05,191,0.1042206133041379,0.055016842255509096,0.1343575324944876,fire if value > threshold
gate3d_ood_wed_fri_morning,8,qsvc_zz_r1,integrity_pred_pos_rate_shift,prediction,200,0.05,191,0.0625,0.015625,0.0859375,fire if value > threshold
gate3d_ood_wed_fri_morning,8,qsvc_zz_r1,integrity_pred_jsd,prediction,200,0.05,191,0.0104605095743638,0.0008183019780236,0.0142451260964426,fire if value > threshold
gate3d_ood_wed_fri_morning,8,qsvc_zz_r1,integrity_label_prior_shift,label_marginal,200,0.05,191,0.0859375,0.03125,0.109375,fire if value > threshold
gate3d_ood_wed_fri_morning,8,qsvc_zz_r1,integrity_label_jsd,label_marginal,200,0.05,191,0.0037248662123676,0.0004888385244522,0.0060667435555779,fire if value > threshold
gate3d_ood_wed_fri_morning,8,qsvc_zz_r1,integrity_confusion_profile_l1,joint_outcome,200,0.05,191,0.2187499999999983,0.0937499999999992,0.296875,fire if value > threshold
gate3d_ood_wed_fri_morning,8,qsvc_zz_r1,integrity_confusion_profile_jsd,joint_outcome,200,0.05,191,0.0138240045785967,0.00324182287476785,0.0230595602690795,fire if value > threshold
gate3d_ood_wed_fri_morning,8,qsvc_zz_r1,integrity_confusion_profile_l1_delta,aggregate_exact,200,0.0,0,0.0,0.0,0.0,exact item-aligned invariance: fire if |value| > 0; undefined on unaligned null draws
gate3d_ood_wed_fri_morning,8,qsvc_zz_r1,integrity_confusion_profile_jsd_delta,aggregate_exact,200,0.0,0,0.0,0.0,0.0,exact item-aligned invariance: fire if |value| > 0; undefined on unaligned null draws
gate3d_ood_wed_fri_morning,8,qsvc_zz_r1,integrity_pred_disagreement,item_aligned_exact,200,0.0,0,0.0,0.0,0.0,exact item-aligned invariance: fire if |value| > 0; undefined on unaligned null draws
gate3d_ood_wed_fri_morning,8,qsvc_zz_r1,label_flip_rate,item_aligned_exact,200,0.0,0,0.0,0.0,0.0,exact item-aligned invariance: fire if |value| > 0; undefined on unaligned null draws
gate3d_ood_wed_fri_morning,8,svc_rbf,integrity_jsd_vs_clean_eval,feature,200,0.05,191,0.0428051263300482,0.0347488925981959,0.0509685787284019,fire if value > threshold
gate3d_ood_wed_fri_morning,8,svc_rbf,integrity_mmd_vs_clean_eval,feature,200,0.05,191,0.0879293702418646,0.0,0.1370009276578634,fire if value > threshold
gate3d_ood_wed_fri_morning,8,svc_rbf,integrity_ks_reject05_vs_clean_eval,feature,200,0.05,191,0.125,0.0,0.375,fire if value > threshold
gate3d_ood_wed_fri_morning,8,svc_rbf,integrity_score_jsd_vs_clean_eval,prediction,200,0.05,191,0.0548272566114857,0.03676751172391215,0.0614110900914944,fire if value > threshold
gate3d_ood_wed_fri_morning,8,svc_rbf,integrity_pred_pos_rate_shift,prediction,200,0.05,191,0.03125,0.0078125,0.0546875,fire if value > threshold
gate3d_ood_wed_fri_morning,8,svc_rbf,integrity_pred_jsd,prediction,200,0.05,191,0.0081922988933004,0.0002878186271199,0.0137325780883713,fire if value > threshold
gate3d_ood_wed_fri_morning,8,svc_rbf,integrity_label_prior_shift,label_marginal,200,0.05,191,0.0859375,0.03125,0.109375,fire if value > threshold
gate3d_ood_wed_fri_morning,8,svc_rbf,integrity_label_jsd,label_marginal,200,0.05,191,0.0037248662123676,0.0004888385244522,0.0060667435555779,fire if value > threshold
gate3d_ood_wed_fri_morning,8,svc_rbf,integrity_confusion_profile_l1,joint_outcome,200,0.05,191,0.2031249999999969,0.0781249999999952,0.249999999999998,fire if value > threshold
gate3d_ood_wed_fri_morning,8,svc_rbf,integrity_confusion_profile_jsd,joint_outcome,200,0.05,191,0.0088335789232947,0.0017112805157761001,0.0156134702738051,fire if value > threshold
gate3d_ood_wed_fri_morning,8,svc_rbf,integrity_confusion_profile_l1_delta,aggregate_exact,200,0.0,0,0.0,0.0,0.0,exact item-aligned invariance: fire if |value| > 0; undefined on unaligned null draws
gate3d_ood_wed_fri_morning,8,svc_rbf,integrity_confusion_profile_jsd_delta,aggregate_exact,200,0.0,0,0.0,0.0,0.0,exact item-aligned invariance: fire if |value| > 0; undefined on unaligned null draws
gate3d_ood_wed_fri_morning,8,svc_rbf,integrity_pred_disagreement,item_aligned_exact,200,0.0,0,0.0,0.0,0.0,exact item-aligned invariance: fire if |value| > 0; undefined on unaligned null draws
gate3d_ood_wed_fri_morning,8,svc_rbf,label_flip_rate,item_aligned_exact,200,0.0,0,0.0,0.0,0.0,exact item-aligned invariance: fire if |value| > 0; undefined on unaligned null draws
gate3d_ood_wed_fri_morning,10,qsvc_zz_r1,integrity_jsd_vs_clean_eval,feature,200,0.05,191,0.0431272141948228,0.03509995094345145,0.0495976656775426,fire if value > threshold
gate3d_ood_wed_fri_morning,10,qsvc_zz_r1,integrity_mmd_vs_clean_eval,feature,200,0.05,191,0.0848171906547018,0.0,0.148764890561401,fire if value > threshold
gate3d_ood_wed_fri_morning,10,qsvc_zz_r1,integrity_ks_reject05_vs_clean_eval,feature,200,0.05,191,0.1,0.0,0.3,fire if value > threshold
gate3d_ood_wed_fri_morning,10,qsvc_zz_r1,integrity_score_jsd_vs_clean_eval,prediction,200,0.05,191,0.0958504697928699,0.057159210942288305,0.1126338020678184,fire if value > threshold
gate3d_ood_wed_fri_morning,10,qsvc_zz_r1,integrity_pred_pos_rate_shift,prediction,200,0.05,191,0.0625,0.0234375,0.1171875,fire if value > threshold
gate3d_ood_wed_fri_morning,10,qsvc_zz_r1,integrity_pred_jsd,prediction,200,0.05,191,0.0051743380311138,0.0006460520098547,0.0183229764898658,fire if value > threshold
gate3d_ood_wed_fri_morning,10,qsvc_zz_r1,integrity_label_prior_shift,label_marginal,200,0.05,191,0.0859375,0.03125,0.109375,fire if value > threshold
gate3d_ood_wed_fri_morning,10,qsvc_zz_r1,integrity_label_jsd,label_marginal,200,0.05,191,0.0037248662123676,0.0004888385244522,0.0060667435555779,fire if value > threshold
gate3d_ood_wed_fri_morning,10,qsvc_zz_r1,integrity_confusion_profile_l1,joint_outcome,200,0.05,191,0.2187499999999922,0.0937499999999993,0.359375,fire if value > threshold
gate3d_ood_wed_fri_morning,10,qsvc_zz_r1,integrity_confusion_profile_jsd,joint_outcome,200,0.05,191,0.0119491096257542,0.00301048906316335,0.0245435818155724,fire if value > threshold
gate3d_ood_wed_fri_morning,10,qsvc_zz_r1,integrity_confusion_profile_l1_delta,aggregate_exact,200,0.0,0,0.0,0.0,0.0,exact item-aligned invariance: fire if |value| > 0; undefined on unaligned null draws
gate3d_ood_wed_fri_morning,10,qsvc_zz_r1,integrity_confusion_profile_jsd_delta,aggregate_exact,200,0.0,0,0.0,0.0,0.0,exact item-aligned invariance: fire if |value| > 0; undefined on unaligned null draws
gate3d_ood_wed_fri_morning,10,qsvc_zz_r1,integrity_pred_disagreement,item_aligned_exact,200,0.0,0,0.0,0.0,0.0,exact item-aligned invariance: fire if |value| > 0; undefined on unaligned null draws
gate3d_ood_wed_fri_morning,10,qsvc_zz_r1,label_flip_rate,item_aligned_exact,200,0.0,0,0.0,0.0,0.0,exact item-aligned invariance: fire if |value| > 0; undefined on unaligned null draws
gate3d_ood_wed_fri_morning,10,svc_rbf,integrity_jsd_vs_clean_eval,feature,200,0.05,191,0.0431272141948228,0.03509995094345145,0.0495976656775426,fire if value > threshold
gate3d_ood_wed_fri_morning,10,svc_rbf,integrity_mmd_vs_clean_eval,feature,200,0.05,191,0.0855998548524918,0.0,0.143414909148131,fire if value > threshold
gate3d_ood_wed_fri_morning,10,svc_rbf,integrity_ks_reject05_vs_clean_eval,feature,200,0.05,191,0.1,0.0,0.3,fire if value > threshold
gate3d_ood_wed_fri_morning,10,svc_rbf,integrity_score_jsd_vs_clean_eval,prediction,200,0.05,191,0.0565055123481728,0.04029838147854255,0.0714414517459791,fire if value > threshold
gate3d_ood_wed_fri_morning,10,svc_rbf,integrity_pred_pos_rate_shift,prediction,200,0.05,191,0.03125,0.0078125,0.046875,fire if value > threshold
gate3d_ood_wed_fri_morning,10,svc_rbf,integrity_pred_jsd,prediction,200,0.05,191,0.0054459705280867,0.0002878186271199,0.0137325780883713,fire if value > threshold
gate3d_ood_wed_fri_morning,10,svc_rbf,integrity_label_prior_shift,label_marginal,200,0.05,191,0.0859375,0.03125,0.109375,fire if value > threshold
gate3d_ood_wed_fri_morning,10,svc_rbf,integrity_label_jsd,label_marginal,200,0.05,191,0.0037248662123676,0.0004888385244522,0.0060667435555779,fire if value > threshold
gate3d_ood_wed_fri_morning,10,svc_rbf,integrity_confusion_profile_l1,joint_outcome,200,0.05,191,0.2031249999999969,0.0781249999999952,0.2187499999999984,fire if value > threshold
gate3d_ood_wed_fri_morning,10,svc_rbf,integrity_confusion_profile_jsd,joint_outcome,200,0.05,191,0.0074063241198548,0.0019690767804475496,0.0143660630996135,fire if value > threshold
gate3d_ood_wed_fri_morning,10,svc_rbf,integrity_confusion_profile_l1_delta,aggregate_exact,200,0.0,0,0.0,0.0,0.0,exact item-aligned invariance: fire if |value| > 0; undefined on unaligned null draws
gate3d_ood_wed_fri_morning,10,svc_rbf,integrity_confusion_profile_jsd_delta,aggregate_exact,200,0.0,0,0.0,0.0,0.0,exact item-aligned invariance: fire if |value| > 0; undefined on unaligned null draws
gate3d_ood_wed_fri_morning,10,svc_rbf,integrity_pred_disagreement,item_aligned_exact,200,0.0,0,0.0,0.0,0.0,exact item-aligned invariance: fire if |value| > 0; undefined on unaligned null draws
gate3d_ood_wed_fri_morning,10,svc_rbf,label_flip_rate,item_aligned_exact,200,0.0,0,0.0,0.0,0.0,exact item-aligned invariance: fire if |value| > 0; undefined on unaligned null draws
gate3d_ood_wed_fri_morning,12,qsvc_zz_r1,integrity_jsd_vs_clean_eval,feature,200,0.05,191,0.0441582634567591,0.03582787079095205,0.0501946783028869,fire if value > threshold
gate3d_ood_wed_fri_morning,12,qsvc_zz_r1,integrity_mmd_vs_clean_eval,feature,200,0.05,191,0.0770348460107398,0.0,0.1438391754685749,fire if value > threshold
gate3d_ood_wed_fri_morning,12,qsvc_zz_r1,integrity_ks_reject05_vs_clean_eval,feature,200,0.05,191,0.0833333333333333,0.0,0.25,fire if value > threshold
gate3d_ood_wed_fri_morning,12,qsvc_zz_r1,integrity_score_jsd_vs_clean_eval,prediction,200,0.05,191,0.1095239710521798,0.0648389257702352,0.1349720366756814,fire if value > threshold
gate3d_ood_wed_fri_morning,12,qsvc_zz_r1,integrity_pred_pos_rate_shift,prediction,200,0.05,191,0.0625,0.015625,0.1015625,fire if value > threshold
gate3d_ood_wed_fri_morning,12,qsvc_zz_r1,integrity_pred_jsd,prediction,200,0.05,191,0.0062010535216071,0.0006122346471486,0.0128408969575847,fire if value > threshold
gate3d_ood_wed_fri_morning,12,qsvc_zz_r1,integrity_label_prior_shift,label_marginal,200,0.05,191,0.0859375,0.03125,0.109375,fire if value > threshold
gate3d_ood_wed_fri_morning,12,qsvc_zz_r1,integrity_label_jsd,label_marginal,200,0.05,191,0.0037248662123676,0.0004888385244522,0.0060667435555779,fire if value > threshold
gate3d_ood_wed_fri_morning,12,qsvc_zz_r1,integrity_confusion_profile_l1,joint_outcome,200,0.05,191,0.203125,0.10937499999999001,0.328125,fire if value > threshold
gate3d_ood_wed_fri_morning,12,qsvc_zz_r1,integrity_confusion_profile_jsd,joint_outcome,200,0.05,191,0.0131145552220904,0.0031397153112453,0.0203523420868661,fire if value > threshold
gate3d_ood_wed_fri_morning,12,qsvc_zz_r1,integrity_confusion_profile_l1_delta,aggregate_exact,200,0.0,0,0.0,0.0,0.0,exact item-aligned invariance: fire if |value| > 0; undefined on unaligned null draws
gate3d_ood_wed_fri_morning,12,qsvc_zz_r1,integrity_confusion_profile_jsd_delta,aggregate_exact,200,0.0,0,0.0,0.0,0.0,exact item-aligned invariance: fire if |value| > 0; undefined on unaligned null draws
gate3d_ood_wed_fri_morning,12,qsvc_zz_r1,integrity_pred_disagreement,item_aligned_exact,200,0.0,0,0.0,0.0,0.0,exact item-aligned invariance: fire if |value| > 0; undefined on unaligned null draws
gate3d_ood_wed_fri_morning,12,qsvc_zz_r1,label_flip_rate,item_aligned_exact,200,0.0,0,0.0,0.0,0.0,exact item-aligned invariance: fire if |value| > 0; undefined on unaligned null draws
gate3d_ood_wed_fri_morning,12,svc_rbf,integrity_jsd_vs_clean_eval,feature,200,0.05,191,0.0441582634567591,0.03582787079095205,0.0501946783028869,fire if value > threshold
gate3d_ood_wed_fri_morning,12,svc_rbf,integrity_mmd_vs_clean_eval,feature,200,0.05,191,0.0805942114891078,0.0,0.1406574446895308,fire if value > threshold
gate3d_ood_wed_fri_morning,12,svc_rbf,integrity_ks_reject05_vs_clean_eval,feature,200,0.05,191,0.0833333333333333,0.0,0.25,fire if value > threshold
gate3d_ood_wed_fri_morning,12,svc_rbf,integrity_score_jsd_vs_clean_eval,prediction,200,0.05,191,0.0687694835101063,0.04417663461185605,0.090412670076287,fire if value > threshold
gate3d_ood_wed_fri_morning,12,svc_rbf,integrity_pred_pos_rate_shift,prediction,200,0.05,191,0.03125,0.0078125,0.0546875,fire if value > threshold
gate3d_ood_wed_fri_morning,12,svc_rbf,integrity_pred_jsd,prediction,200,0.05,191,0.0109544378283923,0.00075220526229195,0.0137325780883713,fire if value > threshold
gate3d_ood_wed_fri_morning,12,svc_rbf,integrity_label_prior_shift,label_marginal,200,0.05,191,0.0859375,0.03125,0.109375,fire if value > threshold
gate3d_ood_wed_fri_morning,12,svc_rbf,integrity_label_jsd,label_marginal,200,0.05,191,0.0037248662123676,0.0004888385244522,0.0060667435555779,fire if value > threshold
gate3d_ood_wed_fri_morning,12,svc_rbf,integrity_confusion_profile_l1,joint_outcome,200,0.05,191,0.2031249999999969,0.0781249999999988,0.2187499999999984,fire if value > threshold
gate3d_ood_wed_fri_morning,12,svc_rbf,integrity_confusion_profile_jsd,joint_outcome,200,0.05,191,0.0109864422830333,0.00240844704653895,0.0156134702738051,fire if value > threshold
gate3d_ood_wed_fri_morning,12,svc_rbf,integrity_confusion_profile_l1_delta,aggregate_exact,200,0.0,0,0.0,0.0,0.0,exact item-aligned invariance: fire if |value| > 0; undefined on unaligned null draws
gate3d_ood_wed_fri_morning,12,svc_rbf,integrity_confusion_profile_jsd_delta,aggregate_exact,200,0.0,0,0.0,0.0,0.0,exact item-aligned invariance: fire if |value| > 0; undefined on unaligned null draws
gate3d_ood_wed_fri_morning,12,svc_rbf,integrity_pred_disagreement,item_aligned_exact,200,0.0,0,0.0,0.0,0.0,exact item-aligned invariance: fire if |value| > 0; undefined on unaligned null draws
gate3d_ood_wed_fri_morning,12,svc_rbf,label_flip_rate,item_aligned_exact,200,0.0,0,0.0,0.0,0.0,exact item-aligned invariance: fire if |value| > 0; undefined on unaligned null draws
gate5a_id_unsw,8,qsvc_pauli_xyz_r1,integrity_jsd_vs_clean_eval,feature,200,0.05,191,0.062119604103346,0.051846972192186896,0.0675176669820785,fire if value > threshold
gate5a_id_unsw,8,qsvc_pauli_xyz_r1,integrity_mmd_vs_clean_eval,feature,200,0.05,191,0.091268379993211,0.0,0.133523652759689,fire if value > threshold
gate5a_id_unsw,8,qsvc_pauli_xyz_r1,integrity_ks_reject05_vs_clean_eval,feature,200,0.05,191,0.375,0.0,0.75,fire if value > threshold
gate5a_id_unsw,8,qsvc_pauli_xyz_r1,integrity_score_jsd_vs_clean_eval,prediction,200,0.05,191,0.1096249591005652,0.07944185252538136,0.1194447195256087,fire if value > threshold
gate5a_id_unsw,8,qsvc_pauli_xyz_r1,integrity_pred_pos_rate_shift,prediction,200,0.05,191,0.109375,0.03125,0.1640625,fire if value > threshold
gate5a_id_unsw,8,qsvc_pauli_xyz_r1,integrity_pred_jsd,prediction,200,0.05,191,0.0062141642126546,0.0005303486890503,0.0143833889159215,fire if value > threshold
gate5a_id_unsw,8,qsvc_pauli_xyz_r1,integrity_label_prior_shift,label_marginal,200,0.05,191,0.078125,0.03125,0.125,fire if value > threshold
gate5a_id_unsw,8,qsvc_pauli_xyz_r1,integrity_label_jsd,label_marginal,200,0.05,191,0.0030737268215652,0.0004888385244522,0.0079589979174945,fire if value > threshold
gate5a_id_unsw,8,qsvc_pauli_xyz_r1,integrity_confusion_profile_l1,joint_outcome,200,0.05,191,0.25,0.140625,0.328125,fire if value > threshold
gate5a_id_unsw,8,qsvc_pauli_xyz_r1,integrity_confusion_profile_jsd,joint_outcome,200,0.05,191,0.0166735752703312,0.00438782409468075,0.028334345870659,fire if value > threshold
gate5a_id_unsw,8,qsvc_pauli_xyz_r1,integrity_confusion_profile_l1_delta,aggregate_exact,200,0.0,0,0.0,0.0,0.0,exact item-aligned invariance: fire if |value| > 0; undefined on unaligned null draws
gate5a_id_unsw,8,qsvc_pauli_xyz_r1,integrity_confusion_profile_jsd_delta,aggregate_exact,200,0.0,0,0.0,0.0,0.0,exact item-aligned invariance: fire if |value| > 0; undefined on unaligned null draws
gate5a_id_unsw,8,qsvc_pauli_xyz_r1,integrity_pred_disagreement,item_aligned_exact,200,0.0,0,0.0,0.0,0.0,exact item-aligned invariance: fire if |value| > 0; undefined on unaligned null draws
gate5a_id_unsw,8,qsvc_pauli_xyz_r1,label_flip_rate,item_aligned_exact,200,0.0,0,0.0,0.0,0.0,exact item-aligned invariance: fire if |value| > 0; undefined on unaligned null draws
gate5a_id_unsw,8,qsvc_z_r1,integrity_jsd_vs_clean_eval,feature,200,0.05,191,0.062119604103346,0.051846972192186896,0.0675176669820785,fire if value > threshold
gate5a_id_unsw,8,qsvc_z_r1,integrity_mmd_vs_clean_eval,feature,200,0.05,191,0.091268379993211,0.0,0.133523652759689,fire if value > threshold
gate5a_id_unsw,8,qsvc_z_r1,integrity_ks_reject05_vs_clean_eval,feature,200,0.05,191,0.375,0.0,0.75,fire if value > threshold
gate5a_id_unsw,8,qsvc_z_r1,integrity_score_jsd_vs_clean_eval,prediction,200,0.05,191,0.1053821506320574,0.08132921071261895,0.1242482509324919,fire if value > threshold
gate5a_id_unsw,8,qsvc_z_r1,integrity_pred_pos_rate_shift,prediction,200,0.05,191,0.0859375,0.0234375,0.125,fire if value > threshold
gate5a_id_unsw,8,qsvc_z_r1,integrity_pred_jsd,prediction,200,0.05,191,0.0037156696175126,0.000311544640691,0.0083629472421304,fire if value > threshold
gate5a_id_unsw,8,qsvc_z_r1,integrity_label_prior_shift,label_marginal,200,0.05,191,0.078125,0.03125,0.125,fire if value > threshold
gate5a_id_unsw,8,qsvc_z_r1,integrity_label_jsd,label_marginal,200,0.05,191,0.0030737268215652,0.0004888385244522,0.0079589979174945,fire if value > threshold
gate5a_id_unsw,8,qsvc_z_r1,integrity_confusion_profile_l1,joint_outcome,200,0.05,191,0.203125,0.109375,0.25,fire if value > threshold
gate5a_id_unsw,8,qsvc_z_r1,integrity_confusion_profile_jsd,joint_outcome,200,0.05,191,0.0101881589210521,0.0026166144028845,0.0176518422784577,fire if value > threshold
gate5a_id_unsw,8,qsvc_z_r1,integrity_confusion_profile_l1_delta,aggregate_exact,200,0.0,0,0.0,0.0,0.0,exact item-aligned invariance: fire if |value| > 0; undefined on unaligned null draws
gate5a_id_unsw,8,qsvc_z_r1,integrity_confusion_profile_jsd_delta,aggregate_exact,200,0.0,0,0.0,0.0,0.0,exact item-aligned invariance: fire if |value| > 0; undefined on unaligned null draws
gate5a_id_unsw,8,qsvc_z_r1,integrity_pred_disagreement,item_aligned_exact,200,0.0,0,0.0,0.0,0.0,exact item-aligned invariance: fire if |value| > 0; undefined on unaligned null draws
gate5a_id_unsw,8,qsvc_z_r1,label_flip_rate,item_aligned_exact,200,0.0,0,0.0,0.0,0.0,exact item-aligned invariance: fire if |value| > 0; undefined on unaligned null draws
gate5a_id_unsw,8,qsvc_zz_r1,integrity_jsd_vs_clean_eval,feature,200,0.05,191,0.062119604103346,0.051846972192186896,0.0675176669820785,fire if value > threshold
gate5a_id_unsw,8,qsvc_zz_r1,integrity_mmd_vs_clean_eval,feature,200,0.05,191,0.091268379993211,0.0,0.133523652759689,fire if value > threshold
gate5a_id_unsw,8,qsvc_zz_r1,integrity_ks_reject05_vs_clean_eval,feature,200,0.05,191,0.375,0.0,0.75,fire if value > threshold
gate5a_id_unsw,8,qsvc_zz_r1,integrity_score_jsd_vs_clean_eval,prediction,200,0.05,191,0.0968535967534621,0.0673984724230833,0.1165420563695654,fire if value > threshold
gate5a_id_unsw,8,qsvc_zz_r1,integrity_pred_pos_rate_shift,prediction,200,0.05,191,0.0859375,0.0390625,0.125,fire if value > threshold
gate5a_id_unsw,8,qsvc_zz_r1,integrity_pred_jsd,prediction,200,0.05,191,0.0041230798048426,0.00079149508382385,0.0084365932779473,fire if value > threshold
gate5a_id_unsw,8,qsvc_zz_r1,integrity_label_prior_shift,label_marginal,200,0.05,191,0.078125,0.03125,0.125,fire if value > threshold
gate5a_id_unsw,8,qsvc_zz_r1,integrity_label_jsd,label_marginal,200,0.05,191,0.0030737268215652,0.0004888385244522,0.0079589979174945,fire if value > threshold
gate5a_id_unsw,8,qsvc_zz_r1,integrity_confusion_profile_l1,joint_outcome,200,0.05,191,0.21875,0.125,0.296875,fire if value > threshold
gate5a_id_unsw,8,qsvc_zz_r1,integrity_confusion_profile_jsd,joint_outcome,200,0.05,191,0.0158369072008455,0.00401975239771365,0.0257538529125429,fire if value > threshold
gate5a_id_unsw,8,qsvc_zz_r1,integrity_confusion_profile_l1_delta,aggregate_exact,200,0.0,0,0.0,0.0,0.0,exact item-aligned invariance: fire if |value| > 0; undefined on unaligned null draws
gate5a_id_unsw,8,qsvc_zz_r1,integrity_confusion_profile_jsd_delta,aggregate_exact,200,0.0,0,0.0,0.0,0.0,exact item-aligned invariance: fire if |value| > 0; undefined on unaligned null draws
gate5a_id_unsw,8,qsvc_zz_r1,integrity_pred_disagreement,item_aligned_exact,200,0.0,0,0.0,0.0,0.0,exact item-aligned invariance: fire if |value| > 0; undefined on unaligned null draws
gate5a_id_unsw,8,qsvc_zz_r1,label_flip_rate,item_aligned_exact,200,0.0,0,0.0,0.0,0.0,exact item-aligned invariance: fire if |value| > 0; undefined on unaligned null draws
gate5a_id_unsw,8,svc_rbf,integrity_jsd_vs_clean_eval,feature,200,0.05,191,0.062119604103346,0.051846972192186896,0.0675176669820785,fire if value > threshold
gate5a_id_unsw,8,svc_rbf,integrity_mmd_vs_clean_eval,feature,200,0.05,191,0.0861213021325543,0.0010395153164523,0.1180058343043557,fire if value > threshold
gate5a_id_unsw,8,svc_rbf,integrity_ks_reject05_vs_clean_eval,feature,200,0.05,191,0.375,0.0,0.75,fire if value > threshold
gate5a_id_unsw,8,svc_rbf,integrity_score_jsd_vs_clean_eval,prediction,200,0.05,191,0.1044760737783628,0.0773969190862919,0.1273587663684525,fire if value > threshold
gate5a_id_unsw,8,svc_rbf,integrity_pred_pos_rate_shift,prediction,200,0.05,191,0.1171875,0.046875,0.15625,fire if value > threshold
gate5a_id_unsw,8,svc_rbf,integrity_pred_jsd,prediction,200,0.05,191,0.006882683075298,0.0011724556385848,0.0122694249423445,fire if value > threshold
gate5a_id_unsw,8,svc_rbf,integrity_label_prior_shift,label_marginal,200,0.05,191,0.078125,0.03125,0.125,fire if value > threshold
gate5a_id_unsw,8,svc_rbf,integrity_label_jsd,label_marginal,200,0.05,191,0.0030737268215652,0.0004888385244522,0.0079589979174945,fire if value > threshold
gate5a_id_unsw,8,svc_rbf,integrity_confusion_profile_l1,joint_outcome,200,0.05,191,0.265625,0.15625,0.328125,fire if value > threshold
gate5a_id_unsw,8,svc_rbf,integrity_confusion_profile_jsd,joint_outcome,200,0.05,191,0.0159572397317561,0.005962358629385199,0.0288620884622989,fire if value > threshold
gate5a_id_unsw,8,svc_rbf,integrity_confusion_profile_l1_delta,aggregate_exact,200,0.0,0,0.0,0.0,0.0,exact item-aligned invariance: fire if |value| > 0; undefined on unaligned null draws
gate5a_id_unsw,8,svc_rbf,integrity_confusion_profile_jsd_delta,aggregate_exact,200,0.0,0,0.0,0.0,0.0,exact item-aligned invariance: fire if |value| > 0; undefined on unaligned null draws
gate5a_id_unsw,8,svc_rbf,integrity_pred_disagreement,item_aligned_exact,200,0.0,0,0.0,0.0,0.0,exact item-aligned invariance: fire if |value| > 0; undefined on unaligned null draws
gate5a_id_unsw,8,svc_rbf,label_flip_rate,item_aligned_exact,200,0.0,0,0.0,0.0,0.0,exact item-aligned invariance: fire if |value| > 0; undefined on unaligned null draws
gate5a_id_unsw,10,qsvc_pauli_xyz_r1,integrity_jsd_vs_clean_eval,feature,200,0.05,191,0.0565989356226655,0.045710154771386596,0.0603401840894444,fire if value > threshold
gate5a_id_unsw,10,qsvc_pauli_xyz_r1,integrity_mmd_vs_clean_eval,feature,200,0.05,191,0.0871633190799839,0.0,0.1279513132609132,fire if value > threshold
gate5a_id_unsw,10,qsvc_pauli_xyz_r1,integrity_ks_reject05_vs_clean_eval,feature,200,0.05,191,0.3,0.0,0.7,fire if value > threshold
gate5a_id_unsw,10,qsvc_pauli_xyz_r1,integrity_score_jsd_vs_clean_eval,prediction,200,0.05,191,0.1115258231969181,0.08352125141880934,0.1439843108674116,fire if value > threshold
gate5a_id_unsw,10,qsvc_pauli_xyz_r1,integrity_pred_pos_rate_shift,prediction,200,0.05,191,0.109375,0.0390625,0.1640625,fire if value > threshold
gate5a_id_unsw,10,qsvc_pauli_xyz_r1,integrity_pred_jsd,prediction,200,0.05,191,0.0062141642126546,0.000780349876536,0.0143833889159215,fire if value > threshold
gate5a_id_unsw,10,qsvc_pauli_xyz_r1,integrity_label_prior_shift,label_marginal,200,0.05,191,0.078125,0.03125,0.125,fire if value > threshold
gate5a_id_unsw,10,qsvc_pauli_xyz_r1,integrity_label_jsd,label_marginal,200,0.05,191,0.0030737268215652,0.0004888385244522,0.0079589979174945,fire if value > threshold
gate5a_id_unsw,10,qsvc_pauli_xyz_r1,integrity_confusion_profile_l1,joint_outcome,200,0.05,191,0.28125,0.140625,0.34375,fire if value > threshold
gate5a_id_unsw,10,qsvc_pauli_xyz_r1,integrity_confusion_profile_jsd,joint_outcome,200,0.05,191,0.0186968670719877,0.0044860454384656,0.0311487700301694,fire if value > threshold
gate5a_id_unsw,10,qsvc_pauli_xyz_r1,integrity_confusion_profile_l1_delta,aggregate_exact,200,0.0,0,0.0,0.0,0.0,exact item-aligned invariance: fire if |value| > 0; undefined on unaligned null draws
gate5a_id_unsw,10,qsvc_pauli_xyz_r1,integrity_confusion_profile_jsd_delta,aggregate_exact,200,0.0,0,0.0,0.0,0.0,exact item-aligned invariance: fire if |value| > 0; undefined on unaligned null draws
gate5a_id_unsw,10,qsvc_pauli_xyz_r1,integrity_pred_disagreement,item_aligned_exact,200,0.0,0,0.0,0.0,0.0,exact item-aligned invariance: fire if |value| > 0; undefined on unaligned null draws
gate5a_id_unsw,10,qsvc_pauli_xyz_r1,label_flip_rate,item_aligned_exact,200,0.0,0,0.0,0.0,0.0,exact item-aligned invariance: fire if |value| > 0; undefined on unaligned null draws
gate5a_id_unsw,10,qsvc_z_r1,integrity_jsd_vs_clean_eval,feature,200,0.05,191,0.0565989356226655,0.045710154771386596,0.0603401840894444,fire if value > threshold
gate5a_id_unsw,10,qsvc_z_r1,integrity_mmd_vs_clean_eval,feature,200,0.05,191,0.0871633190799839,0.0,0.1279513132609132,fire if value > threshold
gate5a_id_unsw,10,qsvc_z_r1,integrity_ks_reject05_vs_clean_eval,feature,200,0.05,191,0.3,0.0,0.7,fire if value > threshold
gate5a_id_unsw,10,qsvc_z_r1,integrity_score_jsd_vs_clean_eval,prediction,200,0.05,191,0.1139201691275137,0.0837284658308861,0.1323908450961519,fire if value > threshold
gate5a_id_unsw,10,qsvc_z_r1,integrity_pred_pos_rate_shift,prediction,200,0.05,191,0.0859375,0.03125,0.1171875,fire if value > threshold
gate5a_id_unsw,10,qsvc_z_r1,integrity_pred_jsd,prediction,200,0.05,191,0.0040783378984358,0.0004894370546792,0.0073166463423858,fire if value > threshold
gate5a_id_unsw,10,qsvc_z_r1,integrity_label_prior_shift,label_marginal,200,0.05,191,0.078125,0.03125,0.125,fire if value > threshold
gate5a_id_unsw,10,qsvc_z_r1,integrity_label_jsd,label_marginal,200,0.05,191,0.0030737268215652,0.0004888385244522,0.0079589979174945,fire if value > threshold
gate5a_id_unsw,10,qsvc_z_r1,integrity_confusion_profile_l1,joint_outcome,200,0.05,191,0.203125,0.109375,0.265625,fire if value > threshold
gate5a_id_unsw,10,qsvc_z_r1,integrity_confusion_profile_jsd,joint_outcome,200,0.05,191,0.0152385579494042,0.0028798242206656997,0.0262205898321223,fire if value > threshold
gate5a_id_unsw,10,qsvc_z_r1,integrity_confusion_profile_l1_delta,aggregate_exact,200,0.0,0,0.0,0.0,0.0,exact item-aligned invariance: fire if |value| > 0; undefined on unaligned null draws
gate5a_id_unsw,10,qsvc_z_r1,integrity_confusion_profile_jsd_delta,aggregate_exact,200,0.0,0,0.0,0.0,0.0,exact item-aligned invariance: fire if |value| > 0; undefined on unaligned null draws
gate5a_id_unsw,10,qsvc_z_r1,integrity_pred_disagreement,item_aligned_exact,200,0.0,0,0.0,0.0,0.0,exact item-aligned invariance: fire if |value| > 0; undefined on unaligned null draws
gate5a_id_unsw,10,qsvc_z_r1,label_flip_rate,item_aligned_exact,200,0.0,0,0.0,0.0,0.0,exact item-aligned invariance: fire if |value| > 0; undefined on unaligned null draws
gate5a_id_unsw,10,qsvc_zz_r1,integrity_jsd_vs_clean_eval,feature,200,0.05,191,0.0565989356226655,0.045710154771386596,0.0603401840894444,fire if value > threshold
gate5a_id_unsw,10,qsvc_zz_r1,integrity_mmd_vs_clean_eval,feature,200,0.05,191,0.0871633190799839,0.0,0.1279513132609132,fire if value > threshold
gate5a_id_unsw,10,qsvc_zz_r1,integrity_ks_reject05_vs_clean_eval,feature,200,0.05,191,0.3,0.0,0.7,fire if value > threshold
gate5a_id_unsw,10,qsvc_zz_r1,integrity_score_jsd_vs_clean_eval,prediction,200,0.05,191,0.0901007514692798,0.06777196535980085,0.1117564465144552,fire if value > threshold
gate5a_id_unsw,10,qsvc_zz_r1,integrity_pred_pos_rate_shift,prediction,200,0.05,191,0.1015625,0.0390625,0.1640625,fire if value > threshold
gate5a_id_unsw,10,qsvc_zz_r1,integrity_pred_jsd,prediction,200,0.05,191,0.0056422198044097,0.0008413472583236,0.014269376604903,fire if value > threshold
gate5a_id_unsw,10,qsvc_zz_r1,integrity_label_prior_shift,label_marginal,200,0.05,191,0.078125,0.03125,0.125,fire if value > threshold
gate5a_id_unsw,10,qsvc_zz_r1,integrity_label_jsd,label_marginal,200,0.05,191,0.0030737268215652,0.0004888385244522,0.0079589979174945,fire if value > threshold
gate5a_id_unsw,10,qsvc_zz_r1,integrity_confusion_profile_l1,joint_outcome,200,0.05,191,0.234375,0.1328124999999922,0.328125,fire if value > threshold
gate5a_id_unsw,10,qsvc_zz_r1,integrity_confusion_profile_jsd,joint_outcome,200,0.05,191,0.0226505999944771,0.004566272783215799,0.0257464646466786,fire if value > threshold
gate5a_id_unsw,10,qsvc_zz_r1,integrity_confusion_profile_l1_delta,aggregate_exact,200,0.0,0,0.0,0.0,0.0,exact item-aligned invariance: fire if |value| > 0; undefined on unaligned null draws
gate5a_id_unsw,10,qsvc_zz_r1,integrity_confusion_profile_jsd_delta,aggregate_exact,200,0.0,0,0.0,0.0,0.0,exact item-aligned invariance: fire if |value| > 0; undefined on unaligned null draws
gate5a_id_unsw,10,qsvc_zz_r1,integrity_pred_disagreement,item_aligned_exact,200,0.0,0,0.0,0.0,0.0,exact item-aligned invariance: fire if |value| > 0; undefined on unaligned null draws
gate5a_id_unsw,10,qsvc_zz_r1,label_flip_rate,item_aligned_exact,200,0.0,0,0.0,0.0,0.0,exact item-aligned invariance: fire if |value| > 0; undefined on unaligned null draws
gate5a_id_unsw,10,svc_rbf,integrity_jsd_vs_clean_eval,feature,200,0.05,191,0.0565989356226655,0.045710154771386596,0.0603401840894444,fire if value > threshold
gate5a_id_unsw,10,svc_rbf,integrity_mmd_vs_clean_eval,feature,200,0.05,191,0.0861383596472802,0.0144421048283008,0.1106765278220871,fire if value > threshold
gate5a_id_unsw,10,svc_rbf,integrity_ks_reject05_vs_clean_eval,feature,200,0.05,191,0.3,0.0,0.7,fire if value > threshold
gate5a_id_unsw,10,svc_rbf,integrity_score_jsd_vs_clean_eval,prediction,200,0.05,191,0.1135300793398449,0.08196346285270831,0.126152180699267,fire if value > threshold
gate5a_id_unsw,10,svc_rbf,integrity_pred_pos_rate_shift,prediction,200,0.05,191,0.1171875,0.0390625,0.1484375,fire if value > threshold
gate5a_id_unsw,10,svc_rbf,integrity_pred_jsd,prediction,200,0.05,191,0.007518297927848,0.0009384074444821,0.0117611242807232,fire if value > threshold
gate5a_id_unsw,10,svc_rbf,integrity_label_prior_shift,label_marginal,200,0.05,191,0.078125,0.03125,0.125,fire if value > threshold
gate5a_id_unsw,10,svc_rbf,integrity_label_jsd,label_marginal,200,0.05,191,0.0030737268215652,0.0004888385244522,0.0079589979174945,fire if value > threshold
gate5a_id_unsw,10,svc_rbf,integrity_confusion_profile_l1,joint_outcome,200,0.05,191,0.234375,0.125,0.296875,fire if value > threshold
gate5a_id_unsw,10,svc_rbf,integrity_confusion_profile_jsd,joint_outcome,200,0.05,191,0.012902106523353,0.004355226662156051,0.0206792429068554,fire if value > threshold
gate5a_id_unsw,10,svc_rbf,integrity_confusion_profile_l1_delta,aggregate_exact,200,0.0,0,0.0,0.0,0.0,exact item-aligned invariance: fire if |value| > 0; undefined on unaligned null draws
gate5a_id_unsw,10,svc_rbf,integrity_confusion_profile_jsd_delta,aggregate_exact,200,0.0,0,0.0,0.0,0.0,exact item-aligned invariance: fire if |value| > 0; undefined on unaligned null draws
gate5a_id_unsw,10,svc_rbf,integrity_pred_disagreement,item_aligned_exact,200,0.0,0,0.0,0.0,0.0,exact item-aligned invariance: fire if |value| > 0; undefined on unaligned null draws
gate5a_id_unsw,10,svc_rbf,label_flip_rate,item_aligned_exact,200,0.0,0,0.0,0.0,0.0,exact item-aligned invariance: fire if |value| > 0; undefined on unaligned null draws
gate5a_id_unsw,12,qsvc_pauli_xyz_r1,integrity_jsd_vs_clean_eval,feature,200,0.05,191,0.0544072732363875,0.045382191902862495,0.0560663390548888,fire if value > threshold
gate5a_id_unsw,12,qsvc_pauli_xyz_r1,integrity_mmd_vs_clean_eval,feature,200,0.05,191,0.0856765565086219,0.0,0.1223230126649705,fire if value > threshold
gate5a_id_unsw,12,qsvc_pauli_xyz_r1,integrity_ks_reject05_vs_clean_eval,feature,200,0.05,191,0.25,0.0,0.5833333333333334,fire if value > threshold
gate5a_id_unsw,12,qsvc_pauli_xyz_r1,integrity_score_jsd_vs_clean_eval,prediction,200,0.05,191,0.1056059393533819,0.07705279722805375,0.1162024128086688,fire if value > threshold
gate5a_id_unsw,12,qsvc_pauli_xyz_r1,integrity_pred_pos_rate_shift,prediction,200,0.05,191,0.0859375,0.03125,0.1328125,fire if value > threshold
gate5a_id_unsw,12,qsvc_pauli_xyz_r1,integrity_pred_jsd,prediction,200,0.05,191,0.0038213533661727,0.0005005924029725,0.0093322040363675,fire if value > threshold
gate5a_id_unsw,12,qsvc_pauli_xyz_r1,integrity_label_prior_shift,label_marginal,200,0.05,191,0.078125,0.03125,0.125,fire if value > threshold
gate5a_id_unsw,12,qsvc_pauli_xyz_r1,integrity_label_jsd,label_marginal,200,0.05,191,0.0030737268215652,0.0004888385244522,0.0079589979174945,fire if value > threshold
gate5a_id_unsw,12,qsvc_pauli_xyz_r1,integrity_confusion_profile_l1,joint_outcome,200,0.05,191,0.265624999999987,0.140625,0.328125,fire if value > threshold
gate5a_id_unsw,12,qsvc_pauli_xyz_r1,integrity_confusion_profile_jsd,joint_outcome,200,0.05,191,0.0155174031556585,0.0045114642211199,0.0311487700301694,fire if value > threshold
gate5a_id_unsw,12,qsvc_pauli_xyz_r1,integrity_confusion_profile_l1_delta,aggregate_exact,200,0.0,0,0.0,0.0,0.0,exact item-aligned invariance: fire if |value| > 0; undefined on unaligned null draws
gate5a_id_unsw,12,qsvc_pauli_xyz_r1,integrity_confusion_profile_jsd_delta,aggregate_exact,200,0.0,0,0.0,0.0,0.0,exact item-aligned invariance: fire if |value| > 0; undefined on unaligned null draws
gate5a_id_unsw,12,qsvc_pauli_xyz_r1,integrity_pred_disagreement,item_aligned_exact,200,0.0,0,0.0,0.0,0.0,exact item-aligned invariance: fire if |value| > 0; undefined on unaligned null draws
gate5a_id_unsw,12,qsvc_pauli_xyz_r1,label_flip_rate,item_aligned_exact,200,0.0,0,0.0,0.0,0.0,exact item-aligned invariance: fire if |value| > 0; undefined on unaligned null draws
gate5a_id_unsw,12,qsvc_z_r1,integrity_jsd_vs_clean_eval,feature,200,0.05,191,0.0544072732363875,0.045382191902862495,0.0560663390548888,fire if value > threshold
gate5a_id_unsw,12,qsvc_z_r1,integrity_mmd_vs_clean_eval,feature,200,0.05,191,0.0856765565086219,0.0,0.1223230126649705,fire if value > threshold
gate5a_id_unsw,12,qsvc_z_r1,integrity_ks_reject05_vs_clean_eval,feature,200,0.05,191,0.25,0.0,0.5833333333333334,fire if value > threshold
gate5a_id_unsw,12,qsvc_z_r1,integrity_score_jsd_vs_clean_eval,prediction,200,0.05,191,0.114098766273766,0.08139442008334591,0.143475601661223,fire if value > threshold
gate5a_id_unsw,12,qsvc_z_r1,integrity_pred_pos_rate_shift,prediction,200,0.05,191,0.09375,0.03125,0.1328125,fire if value > threshold
gate5a_id_unsw,12,qsvc_z_r1,integrity_pred_jsd,prediction,200,0.05,191,0.0048300815754956,0.0004920284380927,0.0094861996653792,fire if value > threshold
gate5a_id_unsw,12,qsvc_z_r1,integrity_label_prior_shift,label_marginal,200,0.05,191,0.078125,0.03125,0.125,fire if value > threshold
gate5a_id_unsw,12,qsvc_z_r1,integrity_label_jsd,label_marginal,200,0.05,191,0.0030737268215652,0.0004888385244522,0.0079589979174945,fire if value > threshold
gate5a_id_unsw,12,qsvc_z_r1,integrity_confusion_profile_l1,joint_outcome,200,0.05,191,0.21875,0.125,0.265625,fire if value > threshold
gate5a_id_unsw,12,qsvc_z_r1,integrity_confusion_profile_jsd,joint_outcome,200,0.05,191,0.0181683164658819,0.0030781828494724,0.0252503716694572,fire if value > threshold
gate5a_id_unsw,12,qsvc_z_r1,integrity_confusion_profile_l1_delta,aggregate_exact,200,0.0,0,0.0,0.0,0.0,exact item-aligned invariance: fire if |value| > 0; undefined on unaligned null draws
gate5a_id_unsw,12,qsvc_z_r1,integrity_confusion_profile_jsd_delta,aggregate_exact,200,0.0,0,0.0,0.0,0.0,exact item-aligned invariance: fire if |value| > 0; undefined on unaligned null draws
gate5a_id_unsw,12,qsvc_z_r1,integrity_pred_disagreement,item_aligned_exact,200,0.0,0,0.0,0.0,0.0,exact item-aligned invariance: fire if |value| > 0; undefined on unaligned null draws
gate5a_id_unsw,12,qsvc_z_r1,label_flip_rate,item_aligned_exact,200,0.0,0,0.0,0.0,0.0,exact item-aligned invariance: fire if |value| > 0; undefined on unaligned null draws
gate5a_id_unsw,12,qsvc_zz_r1,integrity_jsd_vs_clean_eval,feature,200,0.05,191,0.0544072732363875,0.045382191902862495,0.0560663390548888,fire if value > threshold
gate5a_id_unsw,12,qsvc_zz_r1,integrity_mmd_vs_clean_eval,feature,200,0.05,191,0.0856765565086219,0.0,0.1223230126649705,fire if value > threshold
gate5a_id_unsw,12,qsvc_zz_r1,integrity_ks_reject05_vs_clean_eval,feature,200,0.05,191,0.25,0.0,0.5833333333333334,fire if value > threshold
gate5a_id_unsw,12,qsvc_zz_r1,integrity_score_jsd_vs_clean_eval,prediction,200,0.05,191,0.0914490696847827,0.067705450786767,0.1022734493725339,fire if value > threshold
gate5a_id_unsw,12,qsvc_zz_r1,integrity_pred_pos_rate_shift,prediction,200,0.05,191,0.1015625,0.0390625,0.15625,fire if value > threshold
gate5a_id_unsw,12,qsvc_zz_r1,integrity_pred_jsd,prediction,200,0.05,191,0.005588048440298,0.0008508564126303,0.0137742601989484,fire if value > threshold
gate5a_id_unsw,12,qsvc_zz_r1,integrity_label_prior_shift,label_marginal,200,0.05,191,0.078125,0.03125,0.125,fire if value > threshold
gate5a_id_unsw,12,qsvc_zz_r1,integrity_label_jsd,label_marginal,200,0.05,191,0.0030737268215652,0.0004888385244522,0.0079589979174945,fire if value > threshold
gate5a_id_unsw,12,qsvc_zz_r1,integrity_confusion_profile_l1,joint_outcome,200,0.05,191,0.234375,0.125,0.3125,fire if value > threshold
gate5a_id_unsw,12,qsvc_zz_r1,integrity_confusion_profile_jsd,joint_outcome,200,0.05,191,0.0212359361012682,0.0044989125133484,0.0256408635269519,fire if value > threshold
gate5a_id_unsw,12,qsvc_zz_r1,integrity_confusion_profile_l1_delta,aggregate_exact,200,0.0,0,0.0,0.0,0.0,exact item-aligned invariance: fire if |value| > 0; undefined on unaligned null draws
gate5a_id_unsw,12,qsvc_zz_r1,integrity_confusion_profile_jsd_delta,aggregate_exact,200,0.0,0,0.0,0.0,0.0,exact item-aligned invariance: fire if |value| > 0; undefined on unaligned null draws
gate5a_id_unsw,12,qsvc_zz_r1,integrity_pred_disagreement,item_aligned_exact,200,0.0,0,0.0,0.0,0.0,exact item-aligned invariance: fire if |value| > 0; undefined on unaligned null draws
gate5a_id_unsw,12,qsvc_zz_r1,label_flip_rate,item_aligned_exact,200,0.0,0,0.0,0.0,0.0,exact item-aligned invariance: fire if |value| > 0; undefined on unaligned null draws
gate5a_id_unsw,12,svc_rbf,integrity_jsd_vs_clean_eval,feature,200,0.05,191,0.0544072732363875,0.045382191902862495,0.0560663390548888,fire if value > threshold
gate5a_id_unsw,12,svc_rbf,integrity_mmd_vs_clean_eval,feature,200,0.05,191,0.0818425062288844,0.01921121835569995,0.104786054908758,fire if value > threshold
gate5a_id_unsw,12,svc_rbf,integrity_ks_reject05_vs_clean_eval,feature,200,0.05,191,0.25,0.0,0.5833333333333334,fire if value > threshold
gate5a_id_unsw,12,svc_rbf,integrity_score_jsd_vs_clean_eval,prediction,200,0.05,191,0.1198469331104849,0.08367371800037904,0.1309945143414165,fire if value > threshold
gate5a_id_unsw,12,svc_rbf,integrity_pred_pos_rate_shift,prediction,200,0.05,191,0.125,0.04296875,0.15625,fire if value > threshold
gate5a_id_unsw,12,svc_rbf,integrity_pred_jsd,prediction,200,0.05,191,0.0078407315376847,0.00105010161826825,0.012257193293292,fire if value > threshold
gate5a_id_unsw,12,svc_rbf,integrity_label_prior_shift,label_marginal,200,0.05,191,0.078125,0.03125,0.125,fire if value > threshold
gate5a_id_unsw,12,svc_rbf,integrity_label_jsd,label_marginal,200,0.05,191,0.0030737268215652,0.0004888385244522,0.0079589979174945,fire if value > threshold
gate5a_id_unsw,12,svc_rbf,integrity_confusion_profile_l1,joint_outcome,200,0.05,191,0.25,0.125,0.3125,fire if value > threshold
gate5a_id_unsw,12,svc_rbf,integrity_confusion_profile_jsd,joint_outcome,200,0.05,191,0.0161099518337413,0.0037503626059579498,0.0274741352727362,fire if value > threshold
gate5a_id_unsw,12,svc_rbf,integrity_confusion_profile_l1_delta,aggregate_exact,200,0.0,0,0.0,0.0,0.0,exact item-aligned invariance: fire if |value| > 0; undefined on unaligned null draws
gate5a_id_unsw,12,svc_rbf,integrity_confusion_profile_jsd_delta,aggregate_exact,200,0.0,0,0.0,0.0,0.0,exact item-aligned invariance: fire if |value| > 0; undefined on unaligned null draws
gate5a_id_unsw,12,svc_rbf,integrity_pred_disagreement,item_aligned_exact,200,0.0,0,0.0,0.0,0.0,exact item-aligned invariance: fire if |value| > 0; undefined on unaligned null draws
gate5a_id_unsw,12,svc_rbf,label_flip_rate,item_aligned_exact,200,0.0,0,0.0,0.0,0.0,exact item-aligned invariance: fire if |value| > 0; undefined on unaligned null draws
gate5b_id_ton_iot,8,qsvc_pauli_xyz_r1,integrity_jsd_vs_clean_eval,feature,200,0.05,191,0.0398715603913538,0.03062588540796765,0.0445742503726615,fire if value > threshold
gate5b_id_ton_iot,8,qsvc_pauli_xyz_r1,integrity_mmd_vs_clean_eval,feature,200,0.05,191,0.0991809554761005,0.0,0.2222601020998182,fire if value > threshold
gate5b_id_ton_iot,8,qsvc_pauli_xyz_r1,integrity_ks_reject05_vs_clean_eval,feature,200,0.05,191,0.25,0.0,0.625,fire if value > threshold
gate5b_id_ton_iot,8,qsvc_pauli_xyz_r1,integrity_score_jsd_vs_clean_eval,prediction,200,0.05,191,0.0943598430823435,0.06815244667457525,0.121676113127656,fire if value > threshold
gate5b_id_ton_iot,8,qsvc_pauli_xyz_r1,integrity_pred_pos_rate_shift,prediction,200,0.05,191,0.09375,0.03125,0.125,fire if value > threshold
gate5b_id_ton_iot,8,qsvc_pauli_xyz_r1,integrity_pred_jsd,prediction,200,0.05,191,0.0078011020510851,0.0009362559573434,0.0149615510235919,fire if value > threshold
gate5b_id_ton_iot,8,qsvc_pauli_xyz_r1,integrity_label_prior_shift,label_marginal,200,0.05,191,0.078125,0.03125,0.125,fire if value > threshold
gate5b_id_ton_iot,8,qsvc_pauli_xyz_r1,integrity_label_jsd,label_marginal,200,0.05,191,0.0030737268215652,0.0004888385244522,0.0079589979174945,fire if value > threshold
gate5b_id_ton_iot,8,qsvc_pauli_xyz_r1,integrity_confusion_profile_l1,joint_outcome,200,0.05,191,0.203125,0.109375,0.25,fire if value > threshold
gate5b_id_ton_iot,8,qsvc_pauli_xyz_r1,integrity_confusion_profile_jsd,joint_outcome,200,0.05,191,0.0099086140157213,0.0034380539488630497,0.0170454901959569,fire if value > threshold
gate5b_id_ton_iot,8,qsvc_pauli_xyz_r1,integrity_confusion_profile_l1_delta,aggregate_exact,200,0.0,0,0.0,0.0,0.0,exact item-aligned invariance: fire if |value| > 0; undefined on unaligned null draws
gate5b_id_ton_iot,8,qsvc_pauli_xyz_r1,integrity_confusion_profile_jsd_delta,aggregate_exact,200,0.0,0,0.0,0.0,0.0,exact item-aligned invariance: fire if |value| > 0; undefined on unaligned null draws
gate5b_id_ton_iot,8,qsvc_pauli_xyz_r1,integrity_pred_disagreement,item_aligned_exact,200,0.0,0,0.0,0.0,0.0,exact item-aligned invariance: fire if |value| > 0; undefined on unaligned null draws
gate5b_id_ton_iot,8,qsvc_pauli_xyz_r1,label_flip_rate,item_aligned_exact,200,0.0,0,0.0,0.0,0.0,exact item-aligned invariance: fire if |value| > 0; undefined on unaligned null draws
gate5b_id_ton_iot,8,qsvc_z_r1,integrity_jsd_vs_clean_eval,feature,200,0.05,191,0.0398715603913538,0.03062588540796765,0.0445742503726615,fire if value > threshold
gate5b_id_ton_iot,8,qsvc_z_r1,integrity_mmd_vs_clean_eval,feature,200,0.05,191,0.0991809554761005,0.0,0.2222601020998182,fire if value > threshold
gate5b_id_ton_iot,8,qsvc_z_r1,integrity_ks_reject05_vs_clean_eval,feature,200,0.05,191,0.25,0.0,0.625,fire if value > threshold
gate5b_id_ton_iot,8,qsvc_z_r1,integrity_score_jsd_vs_clean_eval,prediction,200,0.05,191,0.089454496323877,0.0574687096344003,0.1003979395304364,fire if value > threshold
gate5b_id_ton_iot,8,qsvc_z_r1,integrity_pred_pos_rate_shift,prediction,200,0.05,191,0.09375,0.03125,0.125,fire if value > threshold
gate5b_id_ton_iot,8,qsvc_z_r1,integrity_pred_jsd,prediction,200,0.05,191,0.0068938459069075,0.0008020469344114,0.0105031747526797,fire if value > threshold
gate5b_id_ton_iot,8,qsvc_z_r1,integrity_label_prior_shift,label_marginal,200,0.05,191,0.078125,0.03125,0.125,fire if value > threshold
gate5b_id_ton_iot,8,qsvc_z_r1,integrity_label_jsd,label_marginal,200,0.05,191,0.0030737268215652,0.0004888385244522,0.0079589979174945,fire if value > threshold
gate5b_id_ton_iot,8,qsvc_z_r1,integrity_confusion_profile_l1,joint_outcome,200,0.05,191,0.203125,0.109375,0.2968749999999902,fire if value > threshold
gate5b_id_ton_iot,8,qsvc_z_r1,integrity_confusion_profile_jsd,joint_outcome,200,0.05,191,0.0097707647213151,0.00308960754460095,0.0189363249552743,fire if value > threshold
gate5b_id_ton_iot,8,qsvc_z_r1,integrity_confusion_profile_l1_delta,aggregate_exact,200,0.0,0,0.0,0.0,0.0,exact item-aligned invariance: fire if |value| > 0; undefined on unaligned null draws
gate5b_id_ton_iot,8,qsvc_z_r1,integrity_confusion_profile_jsd_delta,aggregate_exact,200,0.0,0,0.0,0.0,0.0,exact item-aligned invariance: fire if |value| > 0; undefined on unaligned null draws
gate5b_id_ton_iot,8,qsvc_z_r1,integrity_pred_disagreement,item_aligned_exact,200,0.0,0,0.0,0.0,0.0,exact item-aligned invariance: fire if |value| > 0; undefined on unaligned null draws
gate5b_id_ton_iot,8,qsvc_z_r1,label_flip_rate,item_aligned_exact,200,0.0,0,0.0,0.0,0.0,exact item-aligned invariance: fire if |value| > 0; undefined on unaligned null draws
gate5b_id_ton_iot,8,qsvc_zz_r1,integrity_jsd_vs_clean_eval,feature,200,0.05,191,0.0398715603913538,0.03062588540796765,0.0445742503726615,fire if value > threshold
gate5b_id_ton_iot,8,qsvc_zz_r1,integrity_mmd_vs_clean_eval,feature,200,0.05,191,0.0991809554761005,0.0,0.2222601020998182,fire if value > threshold
gate5b_id_ton_iot,8,qsvc_zz_r1,integrity_ks_reject05_vs_clean_eval,feature,200,0.05,191,0.25,0.0,0.625,fire if value > threshold
gate5b_id_ton_iot,8,qsvc_zz_r1,integrity_score_jsd_vs_clean_eval,prediction,200,0.05,191,0.0965575092192934,0.06753841667056505,0.1101398682479024,fire if value > threshold
gate5b_id_ton_iot,8,qsvc_zz_r1,integrity_pred_pos_rate_shift,prediction,200,0.05,191,0.109375,0.03125,0.171875,fire if value > threshold
gate5b_id_ton_iot,8,qsvc_zz_r1,integrity_pred_jsd,prediction,200,0.05,191,0.0061529658296982,0.0005167720932959,0.0191947323399714,fire if value > threshold
gate5b_id_ton_iot,8,qsvc_zz_r1,integrity_label_prior_shift,label_marginal,200,0.05,191,0.078125,0.03125,0.125,fire if value > threshold
gate5b_id_ton_iot,8,qsvc_zz_r1,integrity_label_jsd,label_marginal,200,0.05,191,0.0030737268215652,0.0004888385244522,0.0079589979174945,fire if value > threshold
gate5b_id_ton_iot,8,qsvc_zz_r1,integrity_confusion_profile_l1,joint_outcome,200,0.05,191,0.265625,0.109375,0.3437499999999872,fire if value > threshold
gate5b_id_ton_iot,8,qsvc_zz_r1,integrity_confusion_profile_jsd,joint_outcome,200,0.05,191,0.0145989638643348,0.0027511260825154498,0.0243633923379209,fire if value > threshold
gate5b_id_ton_iot,8,qsvc_zz_r1,integrity_confusion_profile_l1_delta,aggregate_exact,200,0.0,0,0.0,0.0,0.0,exact item-aligned invariance: fire if |value| > 0; undefined on unaligned null draws
gate5b_id_ton_iot,8,qsvc_zz_r1,integrity_confusion_profile_jsd_delta,aggregate_exact,200,0.0,0,0.0,0.0,0.0,exact item-aligned invariance: fire if |value| > 0; undefined on unaligned null draws
gate5b_id_ton_iot,8,qsvc_zz_r1,integrity_pred_disagreement,item_aligned_exact,200,0.0,0,0.0,0.0,0.0,exact item-aligned invariance: fire if |value| > 0; undefined on unaligned null draws
gate5b_id_ton_iot,8,qsvc_zz_r1,label_flip_rate,item_aligned_exact,200,0.0,0,0.0,0.0,0.0,exact item-aligned invariance: fire if |value| > 0; undefined on unaligned null draws
gate5b_id_ton_iot,8,svc_rbf,integrity_jsd_vs_clean_eval,feature,200,0.05,191,0.0398715603913538,0.03062588540796765,0.0445742503726615,fire if value > threshold
gate5b_id_ton_iot,8,svc_rbf,integrity_mmd_vs_clean_eval,feature,200,0.05,191,0.0984776058009185,0.0,0.2204996901741355,fire if value > threshold
gate5b_id_ton_iot,8,svc_rbf,integrity_ks_reject05_vs_clean_eval,feature,200,0.05,191,0.25,0.0,0.625,fire if value > threshold
gate5b_id_ton_iot,8,svc_rbf,integrity_score_jsd_vs_clean_eval,prediction,200,0.05,191,0.072372278198888,0.0468475124055835,0.0761082637025217,fire if value > threshold
gate5b_id_ton_iot,8,svc_rbf,integrity_pred_pos_rate_shift,prediction,200,0.05,191,0.078125,0.03125,0.1328125,fire if value > threshold
gate5b_id_ton_iot,8,svc_rbf,integrity_pred_jsd,prediction,200,0.05,191,0.0067103965871361,0.0008620742889063,0.0120724975588688,fire if value > threshold
gate5b_id_ton_iot,8,svc_rbf,integrity_label_prior_shift,label_marginal,200,0.05,191,0.078125,0.03125,0.125,fire if value > threshold
gate5b_id_ton_iot,8,svc_rbf,integrity_label_jsd,label_marginal,200,0.05,191,0.0030737268215652,0.0004888385244522,0.0079589979174945,fire if value > threshold
gate5b_id_ton_iot,8,svc_rbf,integrity_confusion_profile_l1,joint_outcome,200,0.05,191,0.2187499999999858,0.09375,0.28125,fire if value > threshold
gate5b_id_ton_iot,8,svc_rbf,integrity_confusion_profile_jsd,joint_outcome,200,0.05,191,0.0120756309262233,0.00341337285960465,0.0153644155926614,fire if value > threshold
gate5b_id_ton_iot,8,svc_rbf,integrity_confusion_profile_l1_delta,aggregate_exact,200,0.0,0,0.0,0.0,0.0,exact item-aligned invariance: fire if |value| > 0; undefined on unaligned null draws
gate5b_id_ton_iot,8,svc_rbf,integrity_confusion_profile_jsd_delta,aggregate_exact,200,0.0,0,0.0,0.0,0.0,exact item-aligned invariance: fire if |value| > 0; undefined on unaligned null draws
gate5b_id_ton_iot,8,svc_rbf,integrity_pred_disagreement,item_aligned_exact,200,0.0,0,0.0,0.0,0.0,exact item-aligned invariance: fire if |value| > 0; undefined on unaligned null draws
gate5b_id_ton_iot,8,svc_rbf,label_flip_rate,item_aligned_exact,200,0.0,0,0.0,0.0,0.0,exact item-aligned invariance: fire if |value| > 0; undefined on unaligned null draws
gate5b_id_ton_iot,10,qsvc_pauli_xyz_r1,integrity_jsd_vs_clean_eval,feature,200,0.05,191,0.0381481747402973,0.03032524018659875,0.0460083727113008,fire if value > threshold
gate5b_id_ton_iot,10,qsvc_pauli_xyz_r1,integrity_mmd_vs_clean_eval,feature,200,0.05,191,0.1033853752076668,0.0,0.2221083644055888,fire if value > threshold
gate5b_id_ton_iot,10,qsvc_pauli_xyz_r1,integrity_ks_reject05_vs_clean_eval,feature,200,0.05,191,0.2,0.0,0.5,fire if value > threshold
gate5b_id_ton_iot,10,qsvc_pauli_xyz_r1,integrity_score_jsd_vs_clean_eval,prediction,200,0.05,191,0.0968558965209926,0.06989974363116594,0.1186303037478894,fire if value > threshold
gate5b_id_ton_iot,10,qsvc_pauli_xyz_r1,integrity_pred_pos_rate_shift,prediction,200,0.05,191,0.0859375,0.03125,0.1328125,fire if value > threshold
gate5b_id_ton_iot,10,qsvc_pauli_xyz_r1,integrity_pred_jsd,prediction,200,0.05,191,0.0052104269421515,0.0007547517017965,0.0128948894451869,fire if value > threshold
gate5b_id_ton_iot,10,qsvc_pauli_xyz_r1,integrity_label_prior_shift,label_marginal,200,0.05,191,0.078125,0.03125,0.125,fire if value > threshold
gate5b_id_ton_iot,10,qsvc_pauli_xyz_r1,integrity_label_jsd,label_marginal,200,0.05,191,0.0030737268215652,0.0004888385244522,0.0079589979174945,fire if value > threshold
gate5b_id_ton_iot,10,qsvc_pauli_xyz_r1,integrity_confusion_profile_l1,joint_outcome,200,0.05,191,0.203125,0.109375,0.28125,fire if value > threshold
gate5b_id_ton_iot,10,qsvc_pauli_xyz_r1,integrity_confusion_profile_jsd,joint_outcome,200,0.05,191,0.0111523837971235,0.0038986313522813504,0.0237972571469445,fire if value > threshold
gate5b_id_ton_iot,10,qsvc_pauli_xyz_r1,integrity_confusion_profile_l1_delta,aggregate_exact,200,0.0,0,0.0,0.0,0.0,exact item-aligned invariance: fire if |value| > 0; undefined on unaligned null draws
gate5b_id_ton_iot,10,qsvc_pauli_xyz_r1,integrity_confusion_profile_jsd_delta,aggregate_exact,200,0.0,0,0.0,0.0,0.0,exact item-aligned invariance: fire if |value| > 0; undefined on unaligned null draws
gate5b_id_ton_iot,10,qsvc_pauli_xyz_r1,integrity_pred_disagreement,item_aligned_exact,200,0.0,0,0.0,0.0,0.0,exact item-aligned invariance: fire if |value| > 0; undefined on unaligned null draws
gate5b_id_ton_iot,10,qsvc_pauli_xyz_r1,label_flip_rate,item_aligned_exact,200,0.0,0,0.0,0.0,0.0,exact item-aligned invariance: fire if |value| > 0; undefined on unaligned null draws
gate5b_id_ton_iot,10,qsvc_z_r1,integrity_jsd_vs_clean_eval,feature,200,0.05,191,0.0381481747402973,0.03032524018659875,0.0460083727113008,fire if value > threshold
gate5b_id_ton_iot,10,qsvc_z_r1,integrity_mmd_vs_clean_eval,feature,200,0.05,191,0.1033853752076668,0.0,0.2221083644055888,fire if value > threshold
gate5b_id_ton_iot,10,qsvc_z_r1,integrity_ks_reject05_vs_clean_eval,feature,200,0.05,191,0.2,0.0,0.5,fire if value > threshold
gate5b_id_ton_iot,10,qsvc_z_r1,integrity_score_jsd_vs_clean_eval,prediction,200,0.05,191,0.0809860527236519,0.059300605052697006,0.0944754051267733,fire if value > threshold
gate5b_id_ton_iot,10,qsvc_z_r1,integrity_pred_pos_rate_shift,prediction,200,0.05,191,0.0859375,0.03125,0.140625,fire if value > threshold
gate5b_id_ton_iot,10,qsvc_z_r1,integrity_pred_jsd,prediction,200,0.05,191,0.0052293551795334,0.00068886485575075,0.011142386895801,fire if value > threshold
gate5b_id_ton_iot,10,qsvc_z_r1,integrity_label_prior_shift,label_marginal,200,0.05,191,0.078125,0.03125,0.125,fire if value > threshold
gate5b_id_ton_iot,10,qsvc_z_r1,integrity_label_jsd,label_marginal,200,0.05,191,0.0030737268215652,0.0004888385244522,0.0079589979174945,fire if value > threshold
gate5b_id_ton_iot,10,qsvc_z_r1,integrity_confusion_profile_l1,joint_outcome,200,0.05,191,0.203125,0.10937499999999181,0.296875,fire if value > threshold
gate5b_id_ton_iot,10,qsvc_z_r1,integrity_confusion_profile_jsd,joint_outcome,200,0.05,191,0.010656061953106,0.0031967279726752,0.0206462089204528,fire if value > threshold
gate5b_id_ton_iot,10,qsvc_z_r1,integrity_confusion_profile_l1_delta,aggregate_exact,200,0.0,0,0.0,0.0,0.0,exact item-aligned invariance: fire if |value| > 0; undefined on unaligned null draws
gate5b_id_ton_iot,10,qsvc_z_r1,integrity_confusion_profile_jsd_delta,aggregate_exact,200,0.0,0,0.0,0.0,0.0,exact item-aligned invariance: fire if |value| > 0; undefined on unaligned null draws
gate5b_id_ton_iot,10,qsvc_z_r1,integrity_pred_disagreement,item_aligned_exact,200,0.0,0,0.0,0.0,0.0,exact item-aligned invariance: fire if |value| > 0; undefined on unaligned null draws
gate5b_id_ton_iot,10,qsvc_z_r1,label_flip_rate,item_aligned_exact,200,0.0,0,0.0,0.0,0.0,exact item-aligned invariance: fire if |value| > 0; undefined on unaligned null draws
gate5b_id_ton_iot,10,qsvc_zz_r1,integrity_jsd_vs_clean_eval,feature,200,0.05,191,0.0381481747402973,0.03032524018659875,0.0460083727113008,fire if value > threshold
gate5b_id_ton_iot,10,qsvc_zz_r1,integrity_mmd_vs_clean_eval,feature,200,0.05,191,0.1033853752076668,0.0,0.2221083644055888,fire if value > threshold
gate5b_id_ton_iot,10,qsvc_zz_r1,integrity_ks_reject05_vs_clean_eval,feature,200,0.05,191,0.2,0.0,0.5,fire if value > threshold
gate5b_id_ton_iot,10,qsvc_zz_r1,integrity_score_jsd_vs_clean_eval,prediction,200,0.05,191,0.099513126733855,0.07271368705475695,0.1209423459615487,fire if value > threshold
gate5b_id_ton_iot,10,qsvc_zz_r1,integrity_pred_pos_rate_shift,prediction,200,0.05,191,0.0859375,0.03125,0.1171875,fire if value > threshold
gate5b_id_ton_iot,10,qsvc_zz_r1,integrity_pred_jsd,prediction,200,0.05,191,0.0038213533661727,0.0005005924029725,0.0072067821544651,fire if value > threshold
gate5b_id_ton_iot,10,qsvc_zz_r1,integrity_label_prior_shift,label_marginal,200,0.05,191,0.078125,0.03125,0.125,fire if value > threshold
gate5b_id_ton_iot,10,qsvc_zz_r1,integrity_label_jsd,label_marginal,200,0.05,191,0.0030737268215652,0.0004888385244522,0.0079589979174945,fire if value > threshold
gate5b_id_ton_iot,10,qsvc_zz_r1,integrity_confusion_profile_l1,joint_outcome,200,0.05,191,0.234375,0.109375,0.265625,fire if value > threshold
gate5b_id_ton_iot,10,qsvc_zz_r1,integrity_confusion_profile_jsd,joint_outcome,200,0.05,191,0.0126877592348204,0.0030239038585592,0.0205405240651723,fire if value > threshold
gate5b_id_ton_iot,10,qsvc_zz_r1,integrity_confusion_profile_l1_delta,aggregate_exact,200,0.0,0,0.0,0.0,0.0,exact item-aligned invariance: fire if |value| > 0; undefined on unaligned null draws
gate5b_id_ton_iot,10,qsvc_zz_r1,integrity_confusion_profile_jsd_delta,aggregate_exact,200,0.0,0,0.0,0.0,0.0,exact item-aligned invariance: fire if |value| > 0; undefined on unaligned null draws
gate5b_id_ton_iot,10,qsvc_zz_r1,integrity_pred_disagreement,item_aligned_exact,200,0.0,0,0.0,0.0,0.0,exact item-aligned invariance: fire if |value| > 0; undefined on unaligned null draws
gate5b_id_ton_iot,10,qsvc_zz_r1,label_flip_rate,item_aligned_exact,200,0.0,0,0.0,0.0,0.0,exact item-aligned invariance: fire if |value| > 0; undefined on unaligned null draws
gate5b_id_ton_iot,10,svc_rbf,integrity_jsd_vs_clean_eval,feature,200,0.05,191,0.0381481747402973,0.03032524018659875,0.0460083727113008,fire if value > threshold
gate5b_id_ton_iot,10,svc_rbf,integrity_mmd_vs_clean_eval,feature,200,0.05,191,0.1117862774159558,0.0,0.2194989368323009,fire if value > threshold
gate5b_id_ton_iot,10,svc_rbf,integrity_ks_reject05_vs_clean_eval,feature,200,0.05,191,0.2,0.0,0.5,fire if value > threshold
gate5b_id_ton_iot,10,svc_rbf,integrity_score_jsd_vs_clean_eval,prediction,200,0.05,191,0.0740402443297314,0.0457843426492688,0.0827992974963508,fire if value > threshold
gate5b_id_ton_iot,10,svc_rbf,integrity_pred_pos_rate_shift,prediction,200,0.05,191,0.1015625,0.0390625,0.140625,fire if value > threshold
gate5b_id_ton_iot,10,svc_rbf,integrity_pred_jsd,prediction,200,0.05,191,0.0071468042529941,0.00093679266938355,0.0127890954890542,fire if value > threshold
gate5b_id_ton_iot,10,svc_rbf,integrity_label_prior_shift,label_marginal,200,0.05,191,0.078125,0.03125,0.125,fire if value > threshold
gate5b_id_ton_iot,10,svc_rbf,integrity_label_jsd,label_marginal,200,0.05,191,0.0030737268215652,0.0004888385244522,0.0079589979174945,fire if value > threshold
gate5b_id_ton_iot,10,svc_rbf,integrity_confusion_profile_l1,joint_outcome,200,0.05,191,0.234375,0.109375,0.28125,fire if value > threshold
gate5b_id_ton_iot,10,svc_rbf,integrity_confusion_profile_jsd,joint_outcome,200,0.05,191,0.0122480807434969,0.0041272621614494,0.0182664580200478,fire if value > threshold
gate5b_id_ton_iot,10,svc_rbf,integrity_confusion_profile_l1_delta,aggregate_exact,200,0.0,0,0.0,0.0,0.0,exact item-aligned invariance: fire if |value| > 0; undefined on unaligned null draws
gate5b_id_ton_iot,10,svc_rbf,integrity_confusion_profile_jsd_delta,aggregate_exact,200,0.0,0,0.0,0.0,0.0,exact item-aligned invariance: fire if |value| > 0; undefined on unaligned null draws
gate5b_id_ton_iot,10,svc_rbf,integrity_pred_disagreement,item_aligned_exact,200,0.0,0,0.0,0.0,0.0,exact item-aligned invariance: fire if |value| > 0; undefined on unaligned null draws
gate5b_id_ton_iot,10,svc_rbf,label_flip_rate,item_aligned_exact,200,0.0,0,0.0,0.0,0.0,exact item-aligned invariance: fire if |value| > 0; undefined on unaligned null draws
gate5b_id_ton_iot,12,qsvc_pauli_xyz_r1,integrity_jsd_vs_clean_eval,feature,200,0.05,191,0.0409288005967085,0.031061411304672548,0.0462205988116818,fire if value > threshold
gate5b_id_ton_iot,12,qsvc_pauli_xyz_r1,integrity_mmd_vs_clean_eval,feature,200,0.05,191,0.0920165500745955,0.0,0.2172242535717773,fire if value > threshold
gate5b_id_ton_iot,12,qsvc_pauli_xyz_r1,integrity_ks_reject05_vs_clean_eval,feature,200,0.05,191,0.25,0.0,0.5,fire if value > threshold
gate5b_id_ton_iot,12,qsvc_pauli_xyz_r1,integrity_score_jsd_vs_clean_eval,prediction,200,0.05,191,0.0926752186227005,0.0687140577346954,0.1274846299384061,fire if value > threshold
gate5b_id_ton_iot,12,qsvc_pauli_xyz_r1,integrity_pred_pos_rate_shift,prediction,200,0.05,191,0.09375,0.03125,0.1484375,fire if value > threshold
gate5b_id_ton_iot,12,qsvc_pauli_xyz_r1,integrity_pred_jsd,prediction,200,0.05,191,0.0050598894866084,0.0006041016554415,0.013406916959232,fire if value > threshold
gate5b_id_ton_iot,12,qsvc_pauli_xyz_r1,integrity_label_prior_shift,label_marginal,200,0.05,191,0.078125,0.03125,0.125,fire if value > threshold
gate5b_id_ton_iot,12,qsvc_pauli_xyz_r1,integrity_label_jsd,label_marginal,200,0.05,191,0.0030737268215652,0.0004888385244522,0.0079589979174945,fire if value > threshold
gate5b_id_ton_iot,12,qsvc_pauli_xyz_r1,integrity_confusion_profile_l1,joint_outcome,200,0.05,191,0.234375,0.109375,0.34375,fire if value > threshold
gate5b_id_ton_iot,12,qsvc_pauli_xyz_r1,integrity_confusion_profile_jsd,joint_outcome,200,0.05,191,0.0124181314468989,0.0041783322010148,0.0220585885694623,fire if value > threshold
gate5b_id_ton_iot,12,qsvc_pauli_xyz_r1,integrity_confusion_profile_l1_delta,aggregate_exact,200,0.0,0,0.0,0.0,0.0,exact item-aligned invariance: fire if |value| > 0; undefined on unaligned null draws
gate5b_id_ton_iot,12,qsvc_pauli_xyz_r1,integrity_confusion_profile_jsd_delta,aggregate_exact,200,0.0,0,0.0,0.0,0.0,exact item-aligned invariance: fire if |value| > 0; undefined on unaligned null draws
gate5b_id_ton_iot,12,qsvc_pauli_xyz_r1,integrity_pred_disagreement,item_aligned_exact,200,0.0,0,0.0,0.0,0.0,exact item-aligned invariance: fire if |value| > 0; undefined on unaligned null draws
gate5b_id_ton_iot,12,qsvc_pauli_xyz_r1,label_flip_rate,item_aligned_exact,200,0.0,0,0.0,0.0,0.0,exact item-aligned invariance: fire if |value| > 0; undefined on unaligned null draws
gate5b_id_ton_iot,12,qsvc_z_r1,integrity_jsd_vs_clean_eval,feature,200,0.05,191,0.0409288005967085,0.031061411304672548,0.0462205988116818,fire if value > threshold
gate5b_id_ton_iot,12,qsvc_z_r1,integrity_mmd_vs_clean_eval,feature,200,0.05,191,0.0920165500745955,0.0,0.2172242535717773,fire if value > threshold
gate5b_id_ton_iot,12,qsvc_z_r1,integrity_ks_reject05_vs_clean_eval,feature,200,0.05,191,0.25,0.0,0.5,fire if value > threshold
gate5b_id_ton_iot,12,qsvc_z_r1,integrity_score_jsd_vs_clean_eval,prediction,200,0.05,191,0.0903817191875089,0.0666206163580566,0.096425347936113,fire if value > threshold
gate5b_id_ton_iot,12,qsvc_z_r1,integrity_pred_pos_rate_shift,prediction,200,0.05,191,0.0859375,0.03125,0.1484375,fire if value > threshold
gate5b_id_ton_iot,12,qsvc_z_r1,integrity_pred_jsd,prediction,200,0.05,191,0.0039980895094207,0.0005303486890503,0.0124973231177925,fire if value > threshold
gate5b_id_ton_iot,12,qsvc_z_r1,integrity_label_prior_shift,label_marginal,200,0.05,191,0.078125,0.03125,0.125,fire if value > threshold
gate5b_id_ton_iot,12,qsvc_z_r1,integrity_label_jsd,label_marginal,200,0.05,191,0.0030737268215652,0.0004888385244522,0.0079589979174945,fire if value > threshold
gate5b_id_ton_iot,12,qsvc_z_r1,integrity_confusion_profile_l1,joint_outcome,200,0.05,191,0.25,0.109375,0.3125,fire if value > threshold
gate5b_id_ton_iot,12,qsvc_z_r1,integrity_confusion_profile_jsd,joint_outcome,200,0.05,191,0.0150396536516789,0.0029182188827612003,0.0206662917830179,fire if value > threshold
gate5b_id_ton_iot,12,qsvc_z_r1,integrity_confusion_profile_l1_delta,aggregate_exact,200,0.0,0,0.0,0.0,0.0,exact item-aligned invariance: fire if |value| > 0; undefined on unaligned null draws
gate5b_id_ton_iot,12,qsvc_z_r1,integrity_confusion_profile_jsd_delta,aggregate_exact,200,0.0,0,0.0,0.0,0.0,exact item-aligned invariance: fire if |value| > 0; undefined on unaligned null draws
gate5b_id_ton_iot,12,qsvc_z_r1,integrity_pred_disagreement,item_aligned_exact,200,0.0,0,0.0,0.0,0.0,exact item-aligned invariance: fire if |value| > 0; undefined on unaligned null draws
gate5b_id_ton_iot,12,qsvc_z_r1,label_flip_rate,item_aligned_exact,200,0.0,0,0.0,0.0,0.0,exact item-aligned invariance: fire if |value| > 0; undefined on unaligned null draws
gate5b_id_ton_iot,12,qsvc_zz_r1,integrity_jsd_vs_clean_eval,feature,200,0.05,191,0.0409288005967085,0.031061411304672548,0.0462205988116818,fire if value > threshold
gate5b_id_ton_iot,12,qsvc_zz_r1,integrity_mmd_vs_clean_eval,feature,200,0.05,191,0.0920165500745955,0.0,0.2172242535717773,fire if value > threshold
gate5b_id_ton_iot,12,qsvc_zz_r1,integrity_ks_reject05_vs_clean_eval,feature,200,0.05,191,0.25,0.0,0.5,fire if value > threshold
gate5b_id_ton_iot,12,qsvc_zz_r1,integrity_score_jsd_vs_clean_eval,prediction,200,0.05,191,0.0933373021320921,0.0677181361900134,0.1022511409942251,fire if value > threshold
gate5b_id_ton_iot,12,qsvc_zz_r1,integrity_pred_pos_rate_shift,prediction,200,0.05,191,0.0859375,0.03125,0.1171875,fire if value > threshold
gate5b_id_ton_iot,12,qsvc_zz_r1,integrity_pred_jsd,prediction,200,0.05,191,0.0036992302461389,0.0004961190081177,0.0069168521343085,fire if value > threshold
gate5b_id_ton_iot,12,qsvc_zz_r1,integrity_label_prior_shift,label_marginal,200,0.05,191,0.078125,0.03125,0.125,fire if value > threshold
gate5b_id_ton_iot,12,qsvc_zz_r1,integrity_label_jsd,label_marginal,200,0.05,191,0.0030737268215652,0.0004888385244522,0.0079589979174945,fire if value > threshold
gate5b_id_ton_iot,12,qsvc_zz_r1,integrity_confusion_profile_l1,joint_outcome,200,0.05,191,0.21875,0.109375,0.25,fire if value > threshold
gate5b_id_ton_iot,12,qsvc_zz_r1,integrity_confusion_profile_jsd,joint_outcome,200,0.05,191,0.0120582652205471,0.0031705739769726,0.0188095662131508,fire if value > threshold
gate5b_id_ton_iot,12,qsvc_zz_r1,integrity_confusion_profile_l1_delta,aggregate_exact,200,0.0,0,0.0,0.0,0.0,exact item-aligned invariance: fire if |value| > 0; undefined on unaligned null draws
gate5b_id_ton_iot,12,qsvc_zz_r1,integrity_confusion_profile_jsd_delta,aggregate_exact,200,0.0,0,0.0,0.0,0.0,exact item-aligned invariance: fire if |value| > 0; undefined on unaligned null draws
gate5b_id_ton_iot,12,qsvc_zz_r1,integrity_pred_disagreement,item_aligned_exact,200,0.0,0,0.0,0.0,0.0,exact item-aligned invariance: fire if |value| > 0; undefined on unaligned null draws
gate5b_id_ton_iot,12,qsvc_zz_r1,label_flip_rate,item_aligned_exact,200,0.0,0,0.0,0.0,0.0,exact item-aligned invariance: fire if |value| > 0; undefined on unaligned null draws
gate5b_id_ton_iot,12,svc_rbf,integrity_jsd_vs_clean_eval,feature,200,0.05,191,0.0409288005967085,0.031061411304672548,0.0462205988116818,fire if value > threshold
gate5b_id_ton_iot,12,svc_rbf,integrity_mmd_vs_clean_eval,feature,200,0.05,191,0.0920783002022315,0.0,0.2080780525619421,fire if value > threshold
gate5b_id_ton_iot,12,svc_rbf,integrity_ks_reject05_vs_clean_eval,feature,200,0.05,191,0.25,0.0,0.5,fire if value > threshold
gate5b_id_ton_iot,12,svc_rbf,integrity_score_jsd_vs_clean_eval,prediction,200,0.05,191,0.0852054392109207,0.06488767961404684,0.1089222456678521,fire if value > threshold
gate5b_id_ton_iot,12,svc_rbf,integrity_pred_pos_rate_shift,prediction,200,0.05,191,0.09375,0.03125,0.140625,fire if value > threshold
gate5b_id_ton_iot,12,svc_rbf,integrity_pred_jsd,prediction,200,0.05,191,0.006837185093323,0.0006806696681912,0.0127890954890542,fire if value > threshold
gate5b_id_ton_iot,12,svc_rbf,integrity_label_prior_shift,label_marginal,200,0.05,191,0.078125,0.03125,0.125,fire if value > threshold
gate5b_id_ton_iot,12,svc_rbf,integrity_label_jsd,label_marginal,200,0.05,191,0.0030737268215652,0.0004888385244522,0.0079589979174945,fire if value > threshold
gate5b_id_ton_iot,12,svc_rbf,integrity_confusion_profile_l1,joint_outcome,200,0.05,191,0.21875,0.109375,0.28125,fire if value > threshold
gate5b_id_ton_iot,12,svc_rbf,integrity_confusion_profile_jsd,joint_outcome,200,0.05,191,0.0140305356217192,0.00355075103605455,0.0233852018788625,fire if value > threshold
gate5b_id_ton_iot,12,svc_rbf,integrity_confusion_profile_l1_delta,aggregate_exact,200,0.0,0,0.0,0.0,0.0,exact item-aligned invariance: fire if |value| > 0; undefined on unaligned null draws
gate5b_id_ton_iot,12,svc_rbf,integrity_confusion_profile_jsd_delta,aggregate_exact,200,0.0,0,0.0,0.0,0.0,exact item-aligned invariance: fire if |value| > 0; undefined on unaligned null draws
gate5b_id_ton_iot,12,svc_rbf,integrity_pred_disagreement,item_aligned_exact,200,0.0,0,0.0,0.0,0.0,exact item-aligned invariance: fire if |value| > 0; undefined on unaligned null draws
gate5b_id_ton_iot,12,svc_rbf,label_flip_rate,item_aligned_exact,200,0.0,0,0.0,0.0,0.0,exact item-aligned invariance: fire if |value| > 0; undefined on unaligned null draws
gate6_ood_unsw,8,qsvc_zz_r1,integrity_jsd_vs_clean_eval,feature,200,0.05,191,0.0687068483554861,0.05294217910095075,0.087614019080635,fire if value > threshold
gate6_ood_unsw,8,qsvc_zz_r1,integrity_mmd_vs_clean_eval,feature,200,0.05,191,0.104952319939495,0.0,0.1714119314738213,fire if value > threshold
gate6_ood_unsw,8,qsvc_zz_r1,integrity_ks_reject05_vs_clean_eval,feature,200,0.05,191,0.5,0.0,1.0,fire if value > threshold
gate6_ood_unsw,8,qsvc_zz_r1,integrity_score_jsd_vs_clean_eval,prediction,200,0.05,191,0.093284296950883,0.0693414197695066,0.1062632581000398,fire if value > threshold
gate6_ood_unsw,8,qsvc_zz_r1,integrity_pred_pos_rate_shift,prediction,200,0.05,191,0.09375,0.03125,0.203125,fire if value > threshold
gate6_ood_unsw,8,qsvc_zz_r1,integrity_pred_jsd,prediction,200,0.05,191,0.0049368330475972,0.0005167720932959,0.020821532349747,fire if value > threshold
gate6_ood_unsw,8,qsvc_zz_r1,integrity_label_prior_shift,label_marginal,200,0.05,191,0.078125,0.0234375,0.109375,fire if value > threshold
gate6_ood_unsw,8,qsvc_zz_r1,integrity_label_jsd,label_marginal,200,0.05,191,0.0030737268215652,0.0002748343945789,0.0060667435555779,fire if value > threshold
gate6_ood_unsw,8,qsvc_zz_r1,integrity_confusion_profile_l1,joint_outcome,200,0.05,191,0.25,0.1171875,0.40625,fire if value > threshold
gate6_ood_unsw,8,qsvc_zz_r1,integrity_confusion_profile_jsd,joint_outcome,200,0.05,191,0.012876018188763,0.0032508639697081,0.0232582773344248,fire if value > threshold
gate6_ood_unsw,8,qsvc_zz_r1,integrity_confusion_profile_l1_delta,aggregate_exact,200,0.0,0,0.0,0.0,0.0,exact item-aligned invariance: fire if |value| > 0; undefined on unaligned null draws
gate6_ood_unsw,8,qsvc_zz_r1,integrity_confusion_profile_jsd_delta,aggregate_exact,200,0.0,0,0.0,0.0,0.0,exact item-aligned invariance: fire if |value| > 0; undefined on unaligned null draws
gate6_ood_unsw,8,qsvc_zz_r1,integrity_pred_disagreement,item_aligned_exact,200,0.0,0,0.0,0.0,0.0,exact item-aligned invariance: fire if |value| > 0; undefined on unaligned null draws
gate6_ood_unsw,8,qsvc_zz_r1,label_flip_rate,item_aligned_exact,200,0.0,0,0.0,0.0,0.0,exact item-aligned invariance: fire if |value| > 0; undefined on unaligned null draws
gate6_ood_unsw,8,svc_rbf,integrity_jsd_vs_clean_eval,feature,200,0.05,191,0.0687068483554861,0.05294217910095075,0.087614019080635,fire if value > threshold
gate6_ood_unsw,8,svc_rbf,integrity_mmd_vs_clean_eval,feature,200,0.05,191,0.0988275461073216,0.0,0.1489679147293272,fire if value > threshold
gate6_ood_unsw,8,svc_rbf,integrity_ks_reject05_vs_clean_eval,feature,200,0.05,191,0.5,0.0,1.0,fire if value > threshold
gate6_ood_unsw,8,svc_rbf,integrity_score_jsd_vs_clean_eval,prediction,200,0.05,191,0.1012965104375124,0.07306729707331736,0.1172699577986161,fire if value > threshold
gate6_ood_unsw,8,svc_rbf,integrity_pred_pos_rate_shift,prediction,200,0.05,191,0.1171875,0.0390625,0.203125,fire if value > threshold
gate6_ood_unsw,8,svc_rbf,integrity_pred_jsd,prediction,200,0.05,191,0.0070391892940435,0.0007886298537749,0.0220297883392212,fire if value > threshold
gate6_ood_unsw,8,svc_rbf,integrity_label_prior_shift,label_marginal,200,0.05,191,0.078125,0.0234375,0.109375,fire if value > threshold
gate6_ood_unsw,8,svc_rbf,integrity_label_jsd,label_marginal,200,0.05,191,0.0030737268215652,0.0002748343945789,0.0060667435555779,fire if value > threshold
gate6_ood_unsw,8,svc_rbf,integrity_confusion_profile_l1,joint_outcome,200,0.05,191,0.234375,0.125,0.40625,fire if value > threshold
gate6_ood_unsw,8,svc_rbf,integrity_confusion_profile_jsd,joint_outcome,200,0.05,191,0.0127282766432054,0.0033974541436834,0.0290643665828321,fire if value > threshold
gate6_ood_unsw,8,svc_rbf,integrity_confusion_profile_l1_delta,aggregate_exact,200,0.0,0,0.0,0.0,0.0,exact item-aligned invariance: fire if |value| > 0; undefined on unaligned null draws
gate6_ood_unsw,8,svc_rbf,integrity_confusion_profile_jsd_delta,aggregate_exact,200,0.0,0,0.0,0.0,0.0,exact item-aligned invariance: fire if |value| > 0; undefined on unaligned null draws
gate6_ood_unsw,8,svc_rbf,integrity_pred_disagreement,item_aligned_exact,200,0.0,0,0.0,0.0,0.0,exact item-aligned invariance: fire if |value| > 0; undefined on unaligned null draws
gate6_ood_unsw,8,svc_rbf,label_flip_rate,item_aligned_exact,200,0.0,0,0.0,0.0,0.0,exact item-aligned invariance: fire if |value| > 0; undefined on unaligned null draws
gate6_ood_unsw,10,qsvc_zz_r1,integrity_jsd_vs_clean_eval,feature,200,0.05,191,0.0620060970012096,0.04561758789435995,0.0809334338187317,fire if value > threshold
gate6_ood_unsw,10,qsvc_zz_r1,integrity_mmd_vs_clean_eval,feature,200,0.05,191,0.1027055452961916,0.0,0.1751376848680039,fire if value > threshold
gate6_ood_unsw,10,qsvc_zz_r1,integrity_ks_reject05_vs_clean_eval,feature,200,0.05,191,0.4,0.0,1.0,fire if value > threshold
gate6_ood_unsw,10,qsvc_zz_r1,integrity_score_jsd_vs_clean_eval,prediction,200,0.05,191,0.0915547127399314,0.0696993587549926,0.1105592115401391,fire if value > threshold
gate6_ood_unsw,10,qsvc_zz_r1,integrity_pred_pos_rate_shift,prediction,200,0.05,191,0.1015625,0.03125,0.1953125,fire if value > threshold
gate6_ood_unsw,10,qsvc_zz_r1,integrity_pred_jsd,prediction,200,0.05,191,0.0059030321913444,0.0005303486890503,0.0199850243668185,fire if value > threshold
gate6_ood_unsw,10,qsvc_zz_r1,integrity_label_prior_shift,label_marginal,200,0.05,191,0.078125,0.0234375,0.109375,fire if value > threshold
gate6_ood_unsw,10,qsvc_zz_r1,integrity_label_jsd,label_marginal,200,0.05,191,0.0030737268215652,0.0002748343945789,0.0060667435555779,fire if value > threshold
gate6_ood_unsw,10,qsvc_zz_r1,integrity_confusion_profile_l1,joint_outcome,200,0.05,191,0.25,0.109375,0.390625,fire if value > threshold
gate6_ood_unsw,10,qsvc_zz_r1,integrity_confusion_profile_jsd,joint_outcome,200,0.05,191,0.0140940879738159,0.0031569623194115,0.0226431634927509,fire if value > threshold
gate6_ood_unsw,10,qsvc_zz_r1,integrity_confusion_profile_l1_delta,aggregate_exact,200,0.0,0,0.0,0.0,0.0,exact item-aligned invariance: fire if |value| > 0; undefined on unaligned null draws
gate6_ood_unsw,10,qsvc_zz_r1,integrity_confusion_profile_jsd_delta,aggregate_exact,200,0.0,0,0.0,0.0,0.0,exact item-aligned invariance: fire if |value| > 0; undefined on unaligned null draws
gate6_ood_unsw,10,qsvc_zz_r1,integrity_pred_disagreement,item_aligned_exact,200,0.0,0,0.0,0.0,0.0,exact item-aligned invariance: fire if |value| > 0; undefined on unaligned null draws
gate6_ood_unsw,10,qsvc_zz_r1,label_flip_rate,item_aligned_exact,200,0.0,0,0.0,0.0,0.0,exact item-aligned invariance: fire if |value| > 0; undefined on unaligned null draws
gate6_ood_unsw,10,svc_rbf,integrity_jsd_vs_clean_eval,feature,200,0.05,191,0.0620060970012096,0.04561758789435995,0.0809334338187317,fire if value > threshold
gate6_ood_unsw,10,svc_rbf,integrity_mmd_vs_clean_eval,feature,200,0.05,191,0.0960910596392899,0.0,0.1516832856427292,fire if value > threshold
gate6_ood_unsw,10,svc_rbf,integrity_ks_reject05_vs_clean_eval,feature,200,0.05,191,0.4,0.0,1.0,fire if value > threshold
gate6_ood_unsw,10,svc_rbf,integrity_score_jsd_vs_clean_eval,prediction,200,0.05,191,0.1097954806219304,0.07656653776539474,0.1228511812962517,fire if value > threshold
gate6_ood_unsw,10,svc_rbf,integrity_pred_pos_rate_shift,prediction,200,0.05,191,0.109375,0.0390625,0.21875,fire if value > threshold
gate6_ood_unsw,10,svc_rbf,integrity_pred_jsd,prediction,200,0.05,191,0.0068938459069075,0.0008348245301594999,0.0244248759374895,fire if value > threshold
gate6_ood_unsw,10,svc_rbf,integrity_label_prior_shift,label_marginal,200,0.05,191,0.078125,0.0234375,0.109375,fire if value > threshold
gate6_ood_unsw,10,svc_rbf,integrity_label_jsd,label_marginal,200,0.05,191,0.0030737268215652,0.0002748343945789,0.0060667435555779,fire if value > threshold
gate6_ood_unsw,10,svc_rbf,integrity_confusion_profile_l1,joint_outcome,200,0.05,191,0.234375,0.1328125,0.4375,fire if value > threshold
gate6_ood_unsw,10,svc_rbf,integrity_confusion_profile_jsd,joint_outcome,200,0.05,191,0.0127973555916539,0.00374153024065725,0.0249802443367099,fire if value > threshold
gate6_ood_unsw,10,svc_rbf,integrity_confusion_profile_l1_delta,aggregate_exact,200,0.0,0,0.0,0.0,0.0,exact item-aligned invariance: fire if |value| > 0; undefined on unaligned null draws
gate6_ood_unsw,10,svc_rbf,integrity_confusion_profile_jsd_delta,aggregate_exact,200,0.0,0,0.0,0.0,0.0,exact item-aligned invariance: fire if |value| > 0; undefined on unaligned null draws
gate6_ood_unsw,10,svc_rbf,integrity_pred_disagreement,item_aligned_exact,200,0.0,0,0.0,0.0,0.0,exact item-aligned invariance: fire if |value| > 0; undefined on unaligned null draws
gate6_ood_unsw,10,svc_rbf,label_flip_rate,item_aligned_exact,200,0.0,0,0.0,0.0,0.0,exact item-aligned invariance: fire if |value| > 0; undefined on unaligned null draws
gate6_ood_unsw,12,qsvc_zz_r1,integrity_jsd_vs_clean_eval,feature,200,0.05,191,0.0576306416726922,0.044473749844173946,0.0758655660037926,fire if value > threshold
gate6_ood_unsw,12,qsvc_zz_r1,integrity_mmd_vs_clean_eval,feature,200,0.05,191,0.0893634445576297,0.0,0.1612032584841742,fire if value > threshold
gate6_ood_unsw,12,qsvc_zz_r1,integrity_ks_reject05_vs_clean_eval,feature,200,0.05,191,0.3333333333333333,0.0,1.0,fire if value > threshold
gate6_ood_unsw,12,qsvc_zz_r1,integrity_score_jsd_vs_clean_eval,prediction,200,0.05,191,0.0892888513405255,0.06304310694235776,0.1066015113193332,fire if value > threshold
gate6_ood_unsw,12,qsvc_zz_r1,integrity_pred_pos_rate_shift,prediction,200,0.05,191,0.1015625,0.03125,0.1796875,fire if value > threshold
gate6_ood_unsw,12,qsvc_zz_r1,integrity_pred_jsd,prediction,200,0.05,191,0.0057005616976103,0.0005167720932959,0.0171370204430877,fire if value > threshold
gate6_ood_unsw,12,qsvc_zz_r1,integrity_label_prior_shift,label_marginal,200,0.05,191,0.078125,0.0234375,0.109375,fire if value > threshold
gate6_ood_unsw,12,qsvc_zz_r1,integrity_label_jsd,label_marginal,200,0.05,191,0.0030737268215652,0.0002748343945789,0.0060667435555779,fire if value > threshold
gate6_ood_unsw,12,qsvc_zz_r1,integrity_confusion_profile_l1,joint_outcome,200,0.05,191,0.234375,0.109375,0.359375,fire if value > threshold
gate6_ood_unsw,12,qsvc_zz_r1,integrity_confusion_profile_jsd,joint_outcome,200,0.05,191,0.014341934807021,0.00320701010681355,0.0277641804434334,fire if value > threshold
gate6_ood_unsw,12,qsvc_zz_r1,integrity_confusion_profile_l1_delta,aggregate_exact,200,0.0,0,0.0,0.0,0.0,exact item-aligned invariance: fire if |value| > 0; undefined on unaligned null draws
gate6_ood_unsw,12,qsvc_zz_r1,integrity_confusion_profile_jsd_delta,aggregate_exact,200,0.0,0,0.0,0.0,0.0,exact item-aligned invariance: fire if |value| > 0; undefined on unaligned null draws
gate6_ood_unsw,12,qsvc_zz_r1,integrity_pred_disagreement,item_aligned_exact,200,0.0,0,0.0,0.0,0.0,exact item-aligned invariance: fire if |value| > 0; undefined on unaligned null draws
gate6_ood_unsw,12,qsvc_zz_r1,label_flip_rate,item_aligned_exact,200,0.0,0,0.0,0.0,0.0,exact item-aligned invariance: fire if |value| > 0; undefined on unaligned null draws
gate6_ood_unsw,12,svc_rbf,integrity_jsd_vs_clean_eval,feature,200,0.05,191,0.0576306416726922,0.044473749844173946,0.0758655660037926,fire if value > threshold
gate6_ood_unsw,12,svc_rbf,integrity_mmd_vs_clean_eval,feature,200,0.05,191,0.0779946628182558,0.0,0.1380935271403498,fire if value > threshold
gate6_ood_unsw,12,svc_rbf,integrity_ks_reject05_vs_clean_eval,feature,200,0.05,191,0.3333333333333333,0.0,1.0,fire if value > threshold
gate6_ood_unsw,12,svc_rbf,integrity_score_jsd_vs_clean_eval,prediction,200,0.05,191,0.1021388179027547,0.0746118251496039,0.1335828420408785,fire if value > threshold
gate6_ood_unsw,12,svc_rbf,integrity_pred_pos_rate_shift,prediction,200,0.05,191,0.109375,0.0390625,0.203125,fire if value > threshold
gate6_ood_unsw,12,svc_rbf,integrity_pred_jsd,prediction,200,0.05,191,0.0068928979620043,0.0007643013153583,0.0211160518886709,fire if value > threshold
gate6_ood_unsw,12,svc_rbf,integrity_label_prior_shift,label_marginal,200,0.05,191,0.078125,0.0234375,0.109375,fire if value > threshold
gate6_ood_unsw,12,svc_rbf,integrity_label_jsd,label_marginal,200,0.05,191,0.0030737268215652,0.0002748343945789,0.0060667435555779,fire if value > threshold
gate6_ood_unsw,12,svc_rbf,integrity_confusion_profile_l1,joint_outcome,200,0.05,191,0.21875,0.125,0.40625,fire if value > threshold
gate6_ood_unsw,12,svc_rbf,integrity_confusion_profile_jsd,joint_outcome,200,0.05,191,0.0114340913957178,0.00308702014863275,0.0215174044701198,fire if value > threshold
gate6_ood_unsw,12,svc_rbf,integrity_confusion_profile_l1_delta,aggregate_exact,200,0.0,0,0.0,0.0,0.0,exact item-aligned invariance: fire if |value| > 0; undefined on unaligned null draws
gate6_ood_unsw,12,svc_rbf,integrity_confusion_profile_jsd_delta,aggregate_exact,200,0.0,0,0.0,0.0,0.0,exact item-aligned invariance: fire if |value| > 0; undefined on unaligned null draws
gate6_ood_unsw,12,svc_rbf,integrity_pred_disagreement,item_aligned_exact,200,0.0,0,0.0,0.0,0.0,exact item-aligned invariance: fire if |value| > 0; undefined on unaligned null draws
gate6_ood_unsw,12,svc_rbf,label_flip_rate,item_aligned_exact,200,0.0,0,0.0,0.0,0.0,exact item-aligned invariance: fire if |value| > 0; undefined on unaligned null draws
