gate,attack_family,attack,target,target_kind,n,n_fire,detection_rate,ci95_low,ci95_high
gate2_id_256,corruption,feature_sign_flip_p_0.020,integrity_jsd_vs_clean_eval,sensor,60,0,0.0,0.0,0.059629492286166916
gate2_id_256,corruption,feature_sign_flip_p_0.020,integrity_mmd_vs_clean_eval,sensor,60,5,0.08333333333333333,0.027613310337426412,0.1838577833765858
gate2_id_256,corruption,feature_sign_flip_p_0.020,integrity_ks_reject05_vs_clean_eval,sensor,60,0,0.0,0.0,0.059629492286166916
gate2_id_256,corruption,feature_sign_flip_p_0.020,integrity_score_jsd_vs_clean_eval,sensor,60,0,0.0,0.0,0.059629492286166916
gate2_id_256,corruption,feature_sign_flip_p_0.020,integrity_pred_pos_rate_shift,sensor,60,19,0.31666666666666665,0.20257550711897182,0.4495596877640524
gate2_id_256,corruption,feature_sign_flip_p_0.020,integrity_pred_jsd,sensor,60,19,0.31666666666666665,0.20257550711897182,0.4495596877640524
gate2_id_256,corruption,feature_sign_flip_p_0.020,integrity_label_prior_shift,sensor,60,0,0.0,0.0,0.059629492286166916
gate2_id_256,corruption,feature_sign_flip_p_0.020,integrity_label_jsd,sensor,60,0,0.0,0.0,0.059629492286166916
gate2_id_256,corruption,feature_sign_flip_p_0.020,integrity_confusion_profile_l1,sensor,60,18,0.3,0.18845144541972264,0.43208313387606156
gate2_id_256,corruption,feature_sign_flip_p_0.020,integrity_confusion_profile_jsd,sensor,60,23,0.38333333333333336,0.26070705801599925,0.5178850485688385
gate2_id_256,corruption,feature_sign_flip_p_0.020,I_X,regime,60,5,0.08333333333333333,0.027613310337426412,0.1838577833765858
gate2_id_256,corruption,feature_sign_flip_p_0.020,I_XF,regime,60,19,0.31666666666666665,0.20257550711897182,0.4495596877640524
gate2_id_256,corruption,feature_sign_flip_p_0.020,I_Ym,regime,60,0,0.0,0.0,0.059629492286166916
gate2_id_256,corruption,feature_sign_flip_p_0.020,I_XFY,regime,60,23,0.38333333333333336,0.26070705801599925,0.5178850485688385
gate2_id_256,corruption,feature_sign_flip_p_0.020,integrity_pred_disagreement,sensor_exact,60,59,0.9833333333333333,0.910600949942513,0.999578125547658
gate2_id_256,corruption,feature_sign_flip_p_0.020,integrity_confusion_profile_l1_delta,sensor_exact,60,58,0.9666666666666667,0.8847189555807483,0.9959373753579065
gate2_id_256,corruption,feature_sign_flip_p_0.020,integrity_confusion_profile_jsd_delta,sensor_exact,60,58,0.9666666666666667,0.8847189555807483,0.9959373753579065
gate2_id_256,corruption,feature_sign_flip_p_0.020,label_flip_rate,sensor_exact,60,0,0.0,0.0,0.059629492286166916
gate2_id_256,corruption,feature_sign_flip_p_0.020,I_XF_item_aligned,regime_exact,60,59,0.9833333333333333,0.910600949942513,0.999578125547658
gate2_id_256,corruption,feature_sign_flip_p_0.020,I_XFY_item_aligned,regime_exact,60,59,0.9833333333333333,0.910600949942513,0.999578125547658
gate2_id_256,corruption,feature_sign_flip_p_0.050,integrity_jsd_vs_clean_eval,sensor,60,0,0.0,0.0,0.059629492286166916
gate2_id_256,corruption,feature_sign_flip_p_0.050,integrity_mmd_vs_clean_eval,sensor,60,30,0.5,0.368062031942437,0.631937968057563
gate2_id_256,corruption,feature_sign_flip_p_0.050,integrity_ks_reject05_vs_clean_eval,sensor,60,0,0.0,0.0,0.059629492286166916
gate2_id_256,corruption,feature_sign_flip_p_0.050,integrity_score_jsd_vs_clean_eval,sensor,60,37,0.6166666666666667,0.48211495143116145,0.7392929419840008
gate2_id_256,corruption,feature_sign_flip_p_0.050,integrity_pred_pos_rate_shift,sensor,60,30,0.5,0.368062031942437,0.631937968057563
gate2_id_256,corruption,feature_sign_flip_p_0.050,integrity_pred_jsd,sensor,60,30,0.5,0.368062031942437,0.631937968057563
gate2_id_256,corruption,feature_sign_flip_p_0.050,integrity_label_prior_shift,sensor,60,0,0.0,0.0,0.059629492286166916
gate2_id_256,corruption,feature_sign_flip_p_0.050,integrity_label_jsd,sensor,60,0,0.0,0.0,0.059629492286166916
gate2_id_256,corruption,feature_sign_flip_p_0.050,integrity_confusion_profile_l1,sensor,60,30,0.5,0.368062031942437,0.631937968057563
gate2_id_256,corruption,feature_sign_flip_p_0.050,integrity_confusion_profile_jsd,sensor,60,33,0.55,0.416119145633216,0.6787784765366431
gate2_id_256,corruption,feature_sign_flip_p_0.050,I_X,regime,60,30,0.5,0.368062031942437,0.631937968057563
gate2_id_256,corruption,feature_sign_flip_p_0.050,I_XF,regime,60,40,0.6666666666666666,0.5331273252571693,0.7831305545688299
gate2_id_256,corruption,feature_sign_flip_p_0.050,I_Ym,regime,60,0,0.0,0.0,0.059629492286166916
gate2_id_256,corruption,feature_sign_flip_p_0.050,I_XFY,regime,60,42,0.7,0.5679168661239384,0.8115485545802774
gate2_id_256,corruption,feature_sign_flip_p_0.050,integrity_pred_disagreement,sensor_exact,60,60,1.0,0.9403705077138331,1.0
gate2_id_256,corruption,feature_sign_flip_p_0.050,integrity_confusion_profile_l1_delta,sensor_exact,60,60,1.0,0.9403705077138331,1.0
gate2_id_256,corruption,feature_sign_flip_p_0.050,integrity_confusion_profile_jsd_delta,sensor_exact,60,60,1.0,0.9403705077138331,1.0
gate2_id_256,corruption,feature_sign_flip_p_0.050,label_flip_rate,sensor_exact,60,0,0.0,0.0,0.059629492286166916
gate2_id_256,corruption,feature_sign_flip_p_0.050,I_XF_item_aligned,regime_exact,60,60,1.0,0.9403705077138331,1.0
gate2_id_256,corruption,feature_sign_flip_p_0.050,I_XFY_item_aligned,regime_exact,60,60,1.0,0.9403705077138331,1.0
gate2_id_256,corruption,feature_sign_flip_p_0.100,integrity_jsd_vs_clean_eval,sensor,60,0,0.0,0.0,0.059629492286166916
gate2_id_256,corruption,feature_sign_flip_p_0.100,integrity_mmd_vs_clean_eval,sensor,60,30,0.5,0.368062031942437,0.631937968057563
gate2_id_256,corruption,feature_sign_flip_p_0.100,integrity_ks_reject05_vs_clean_eval,sensor,60,0,0.0,0.0,0.059629492286166916
gate2_id_256,corruption,feature_sign_flip_p_0.100,integrity_score_jsd_vs_clean_eval,sensor,60,58,0.9666666666666667,0.8847189555807483,0.9959373753579065
gate2_id_256,corruption,feature_sign_flip_p_0.100,integrity_pred_pos_rate_shift,sensor,60,30,0.5,0.368062031942437,0.631937968057563
gate2_id_256,corruption,feature_sign_flip_p_0.100,integrity_pred_jsd,sensor,60,30,0.5,0.368062031942437,0.631937968057563
gate2_id_256,corruption,feature_sign_flip_p_0.100,integrity_label_prior_shift,sensor,60,0,0.0,0.0,0.059629492286166916
gate2_id_256,corruption,feature_sign_flip_p_0.100,integrity_label_jsd,sensor,60,0,0.0,0.0,0.059629492286166916
gate2_id_256,corruption,feature_sign_flip_p_0.100,integrity_confusion_profile_l1,sensor,60,30,0.5,0.368062031942437,0.631937968057563
gate2_id_256,corruption,feature_sign_flip_p_0.100,integrity_confusion_profile_jsd,sensor,60,46,0.7666666666666667,0.6396172128942423,0.866162656111152
gate2_id_256,corruption,feature_sign_flip_p_0.100,I_X,regime,60,30,0.5,0.368062031942437,0.631937968057563
gate2_id_256,corruption,feature_sign_flip_p_0.100,I_XF,regime,60,58,0.9666666666666667,0.8847189555807483,0.9959373753579065
gate2_id_256,corruption,feature_sign_flip_p_0.100,I_Ym,regime,60,0,0.0,0.0,0.059629492286166916
gate2_id_256,corruption,feature_sign_flip_p_0.100,I_XFY,regime,60,59,0.9833333333333333,0.910600949942513,0.999578125547658
gate2_id_256,corruption,feature_sign_flip_p_0.100,integrity_pred_disagreement,sensor_exact,60,60,1.0,0.9403705077138331,1.0
gate2_id_256,corruption,feature_sign_flip_p_0.100,integrity_confusion_profile_l1_delta,sensor_exact,60,60,1.0,0.9403705077138331,1.0
gate2_id_256,corruption,feature_sign_flip_p_0.100,integrity_confusion_profile_jsd_delta,sensor_exact,60,60,1.0,0.9403705077138331,1.0
gate2_id_256,corruption,feature_sign_flip_p_0.100,label_flip_rate,sensor_exact,60,0,0.0,0.0,0.059629492286166916
gate2_id_256,corruption,feature_sign_flip_p_0.100,I_XF_item_aligned,regime_exact,60,60,1.0,0.9403705077138331,1.0
gate2_id_256,corruption,feature_sign_flip_p_0.100,I_XFY_item_aligned,regime_exact,60,60,1.0,0.9403705077138331,1.0
gate2_id_256,covariate_shift,mean_shift_pf_delta_0.020,integrity_jsd_vs_clean_eval,sensor,60,48,0.8,0.6766995761987094,0.892158877475638
gate2_id_256,covariate_shift,mean_shift_pf_delta_0.020,integrity_mmd_vs_clean_eval,sensor,60,0,0.0,0.0,0.059629492286166916
gate2_id_256,covariate_shift,mean_shift_pf_delta_0.020,integrity_ks_reject05_vs_clean_eval,sensor,60,60,1.0,0.9403705077138331,1.0
gate2_id_256,covariate_shift,mean_shift_pf_delta_0.020,integrity_score_jsd_vs_clean_eval,sensor,60,34,0.5666666666666667,0.4324096535546157,0.6941185731578272
gate2_id_256,covariate_shift,mean_shift_pf_delta_0.020,integrity_pred_pos_rate_shift,sensor,60,0,0.0,0.0,0.059629492286166916
gate2_id_256,covariate_shift,mean_shift_pf_delta_0.020,integrity_pred_jsd,sensor,60,0,0.0,0.0,0.059629492286166916
gate2_id_256,covariate_shift,mean_shift_pf_delta_0.020,integrity_label_prior_shift,sensor,60,0,0.0,0.0,0.059629492286166916
gate2_id_256,covariate_shift,mean_shift_pf_delta_0.020,integrity_label_jsd,sensor,60,0,0.0,0.0,0.059629492286166916
gate2_id_256,covariate_shift,mean_shift_pf_delta_0.020,integrity_confusion_profile_l1,sensor,60,0,0.0,0.0,0.059629492286166916
gate2_id_256,covariate_shift,mean_shift_pf_delta_0.020,integrity_confusion_profile_jsd,sensor,60,0,0.0,0.0,0.059629492286166916
gate2_id_256,covariate_shift,mean_shift_pf_delta_0.020,I_X,regime,60,60,1.0,0.9403705077138331,1.0
gate2_id_256,covariate_shift,mean_shift_pf_delta_0.020,I_XF,regime,60,60,1.0,0.9403705077138331,1.0
gate2_id_256,covariate_shift,mean_shift_pf_delta_0.020,I_Ym,regime,60,0,0.0,0.0,0.059629492286166916
gate2_id_256,covariate_shift,mean_shift_pf_delta_0.020,I_XFY,regime,60,60,1.0,0.9403705077138331,1.0
gate2_id_256,covariate_shift,mean_shift_pf_delta_0.020,integrity_pred_disagreement,sensor_exact,60,14,0.23333333333333334,0.13383734388884805,0.3603827871057576
gate2_id_256,covariate_shift,mean_shift_pf_delta_0.020,integrity_confusion_profile_l1_delta,sensor_exact,60,14,0.23333333333333334,0.13383734388884805,0.3603827871057576
gate2_id_256,covariate_shift,mean_shift_pf_delta_0.020,integrity_confusion_profile_jsd_delta,sensor_exact,60,14,0.23333333333333334,0.13383734388884805,0.3603827871057576
gate2_id_256,covariate_shift,mean_shift_pf_delta_0.020,label_flip_rate,sensor_exact,60,0,0.0,0.0,0.059629492286166916
gate2_id_256,covariate_shift,mean_shift_pf_delta_0.020,I_XF_item_aligned,regime_exact,60,14,0.23333333333333334,0.13383734388884805,0.3603827871057576
gate2_id_256,covariate_shift,mean_shift_pf_delta_0.020,I_XFY_item_aligned,regime_exact,60,14,0.23333333333333334,0.13383734388884805,0.3603827871057576
gate2_id_256,covariate_shift,mean_shift_pf_delta_0.050,integrity_jsd_vs_clean_eval,sensor,60,60,1.0,0.9403705077138331,1.0
gate2_id_256,covariate_shift,mean_shift_pf_delta_0.050,integrity_mmd_vs_clean_eval,sensor,60,4,0.06666666666666667,0.01846177757588151,0.1619867551977289
gate2_id_256,covariate_shift,mean_shift_pf_delta_0.050,integrity_ks_reject05_vs_clean_eval,sensor,60,60,1.0,0.9403705077138331,1.0
gate2_id_256,covariate_shift,mean_shift_pf_delta_0.050,integrity_score_jsd_vs_clean_eval,sensor,60,43,0.7166666666666667,0.58556393105017,0.8254947164856248
gate2_id_256,covariate_shift,mean_shift_pf_delta_0.050,integrity_pred_pos_rate_shift,sensor,60,5,0.08333333333333333,0.027613310337426412,0.1838577833765858
gate2_id_256,covariate_shift,mean_shift_pf_delta_0.050,integrity_pred_jsd,sensor,60,5,0.08333333333333333,0.027613310337426412,0.1838577833765858
gate2_id_256,covariate_shift,mean_shift_pf_delta_0.050,integrity_label_prior_shift,sensor,60,0,0.0,0.0,0.059629492286166916
gate2_id_256,covariate_shift,mean_shift_pf_delta_0.050,integrity_label_jsd,sensor,60,0,0.0,0.0,0.059629492286166916
gate2_id_256,covariate_shift,mean_shift_pf_delta_0.050,integrity_confusion_profile_l1,sensor,60,5,0.08333333333333333,0.027613310337426412,0.1838577833765858
gate2_id_256,covariate_shift,mean_shift_pf_delta_0.050,integrity_confusion_profile_jsd,sensor,60,5,0.08333333333333333,0.027613310337426412,0.1838577833765858
gate2_id_256,covariate_shift,mean_shift_pf_delta_0.050,I_X,regime,60,60,1.0,0.9403705077138331,1.0
gate2_id_256,covariate_shift,mean_shift_pf_delta_0.050,I_XF,regime,60,60,1.0,0.9403705077138331,1.0
gate2_id_256,covariate_shift,mean_shift_pf_delta_0.050,I_Ym,regime,60,0,0.0,0.0,0.059629492286166916
gate2_id_256,covariate_shift,mean_shift_pf_delta_0.050,I_XFY,regime,60,60,1.0,0.9403705077138331,1.0
gate2_id_256,covariate_shift,mean_shift_pf_delta_0.050,integrity_pred_disagreement,sensor_exact,60,26,0.43333333333333335,0.3058814268421728,0.5675903464453843
gate2_id_256,covariate_shift,mean_shift_pf_delta_0.050,integrity_confusion_profile_l1_delta,sensor_exact,60,26,0.43333333333333335,0.3058814268421728,0.5675903464453843
gate2_id_256,covariate_shift,mean_shift_pf_delta_0.050,integrity_confusion_profile_jsd_delta,sensor_exact,60,26,0.43333333333333335,0.3058814268421728,0.5675903464453843
gate2_id_256,covariate_shift,mean_shift_pf_delta_0.050,label_flip_rate,sensor_exact,60,0,0.0,0.0,0.059629492286166916
gate2_id_256,covariate_shift,mean_shift_pf_delta_0.050,I_XF_item_aligned,regime_exact,60,26,0.43333333333333335,0.3058814268421728,0.5675903464453843
gate2_id_256,covariate_shift,mean_shift_pf_delta_0.050,I_XFY_item_aligned,regime_exact,60,26,0.43333333333333335,0.3058814268421728,0.5675903464453843
gate2_id_256,covariate_shift,mean_shift_pf_delta_0.100,integrity_jsd_vs_clean_eval,sensor,60,60,1.0,0.9403705077138331,1.0
gate2_id_256,covariate_shift,mean_shift_pf_delta_0.100,integrity_mmd_vs_clean_eval,sensor,60,19,0.31666666666666665,0.20257550711897182,0.4495596877640524
gate2_id_256,covariate_shift,mean_shift_pf_delta_0.100,integrity_ks_reject05_vs_clean_eval,sensor,60,60,1.0,0.9403705077138331,1.0
gate2_id_256,covariate_shift,mean_shift_pf_delta_0.100,integrity_score_jsd_vs_clean_eval,sensor,60,47,0.7833333333333333,0.6580438212653477,0.8792839755373032
gate2_id_256,covariate_shift,mean_shift_pf_delta_0.100,integrity_pred_pos_rate_shift,sensor,60,8,0.13333333333333333,0.0593644227053572,0.24592222113041992
gate2_id_256,covariate_shift,mean_shift_pf_delta_0.100,integrity_pred_jsd,sensor,60,8,0.13333333333333333,0.0593644227053572,0.24592222113041992
gate2_id_256,covariate_shift,mean_shift_pf_delta_0.100,integrity_label_prior_shift,sensor,60,0,0.0,0.0,0.059629492286166916
gate2_id_256,covariate_shift,mean_shift_pf_delta_0.100,integrity_label_jsd,sensor,60,0,0.0,0.0,0.059629492286166916
gate2_id_256,covariate_shift,mean_shift_pf_delta_0.100,integrity_confusion_profile_l1,sensor,60,8,0.13333333333333333,0.0593644227053572,0.24592222113041992
gate2_id_256,covariate_shift,mean_shift_pf_delta_0.100,integrity_confusion_profile_jsd,sensor,60,8,0.13333333333333333,0.0593644227053572,0.24592222113041992
gate2_id_256,covariate_shift,mean_shift_pf_delta_0.100,I_X,regime,60,60,1.0,0.9403705077138331,1.0
gate2_id_256,covariate_shift,mean_shift_pf_delta_0.100,I_XF,regime,60,60,1.0,0.9403705077138331,1.0
gate2_id_256,covariate_shift,mean_shift_pf_delta_0.100,I_Ym,regime,60,0,0.0,0.0,0.059629492286166916
gate2_id_256,covariate_shift,mean_shift_pf_delta_0.100,I_XFY,regime,60,60,1.0,0.9403705077138331,1.0
gate2_id_256,covariate_shift,mean_shift_pf_delta_0.100,integrity_pred_disagreement,sensor_exact,60,33,0.55,0.416119145633216,0.6787784765366431
gate2_id_256,covariate_shift,mean_shift_pf_delta_0.100,integrity_confusion_profile_l1_delta,sensor_exact,60,33,0.55,0.416119145633216,0.6787784765366431
gate2_id_256,covariate_shift,mean_shift_pf_delta_0.100,integrity_confusion_profile_jsd_delta,sensor_exact,60,33,0.55,0.416119145633216,0.6787784765366431
gate2_id_256,covariate_shift,mean_shift_pf_delta_0.100,label_flip_rate,sensor_exact,60,0,0.0,0.0,0.059629492286166916
gate2_id_256,covariate_shift,mean_shift_pf_delta_0.100,I_XF_item_aligned,regime_exact,60,33,0.55,0.416119145633216,0.6787784765366431
gate2_id_256,covariate_shift,mean_shift_pf_delta_0.100,I_XFY_item_aligned,regime_exact,60,33,0.55,0.416119145633216,0.6787784765366431
gate2_id_256,covariate_shift,scaling_drift_alpha_0.020,integrity_jsd_vs_clean_eval,sensor,60,52,0.8666666666666667,0.75407777886958,0.9406355772946428
gate2_id_256,covariate_shift,scaling_drift_alpha_0.020,integrity_mmd_vs_clean_eval,sensor,60,2,0.03333333333333333,0.004062624642093498,0.11528104441925167
gate2_id_256,covariate_shift,scaling_drift_alpha_0.020,integrity_ks_reject05_vs_clean_eval,sensor,60,60,1.0,0.9403705077138331,1.0
gate2_id_256,covariate_shift,scaling_drift_alpha_0.020,integrity_score_jsd_vs_clean_eval,sensor,60,34,0.5666666666666667,0.4324096535546157,0.6941185731578272
gate2_id_256,covariate_shift,scaling_drift_alpha_0.020,integrity_pred_pos_rate_shift,sensor,60,6,0.1,0.037591269108566035,0.2050577367080639
gate2_id_256,covariate_shift,scaling_drift_alpha_0.020,integrity_pred_jsd,sensor,60,6,0.1,0.037591269108566035,0.2050577367080639
gate2_id_256,covariate_shift,scaling_drift_alpha_0.020,integrity_label_prior_shift,sensor,60,0,0.0,0.0,0.059629492286166916
gate2_id_256,covariate_shift,scaling_drift_alpha_0.020,integrity_label_jsd,sensor,60,0,0.0,0.0,0.059629492286166916
gate2_id_256,covariate_shift,scaling_drift_alpha_0.020,integrity_confusion_profile_l1,sensor,60,6,0.1,0.037591269108566035,0.2050577367080639
gate2_id_256,covariate_shift,scaling_drift_alpha_0.020,integrity_confusion_profile_jsd,sensor,60,6,0.1,0.037591269108566035,0.2050577367080639
gate2_id_256,covariate_shift,scaling_drift_alpha_0.020,I_X,regime,60,60,1.0,0.9403705077138331,1.0
gate2_id_256,covariate_shift,scaling_drift_alpha_0.020,I_XF,regime,60,60,1.0,0.9403705077138331,1.0
gate2_id_256,covariate_shift,scaling_drift_alpha_0.020,I_Ym,regime,60,0,0.0,0.0,0.059629492286166916
gate2_id_256,covariate_shift,scaling_drift_alpha_0.020,I_XFY,regime,60,60,1.0,0.9403705077138331,1.0
gate2_id_256,covariate_shift,scaling_drift_alpha_0.020,integrity_pred_disagreement,sensor_exact,60,31,0.5166666666666667,0.3839460173315969,0.6476870699978736
gate2_id_256,covariate_shift,scaling_drift_alpha_0.020,integrity_confusion_profile_l1_delta,sensor_exact,60,30,0.5,0.368062031942437,0.631937968057563
gate2_id_256,covariate_shift,scaling_drift_alpha_0.020,integrity_confusion_profile_jsd_delta,sensor_exact,60,30,0.5,0.368062031942437,0.631937968057563
gate2_id_256,covariate_shift,scaling_drift_alpha_0.020,label_flip_rate,sensor_exact,60,0,0.0,0.0,0.059629492286166916
gate2_id_256,covariate_shift,scaling_drift_alpha_0.020,I_XF_item_aligned,regime_exact,60,31,0.5166666666666667,0.3839460173315969,0.6476870699978736
gate2_id_256,covariate_shift,scaling_drift_alpha_0.020,I_XFY_item_aligned,regime_exact,60,31,0.5166666666666667,0.3839460173315969,0.6476870699978736
gate2_id_256,covariate_shift,scaling_drift_alpha_0.050,integrity_jsd_vs_clean_eval,sensor,60,60,1.0,0.9403705077138331,1.0
gate2_id_256,covariate_shift,scaling_drift_alpha_0.050,integrity_mmd_vs_clean_eval,sensor,60,14,0.23333333333333334,0.13383734388884805,0.3603827871057576
gate2_id_256,covariate_shift,scaling_drift_alpha_0.050,integrity_ks_reject05_vs_clean_eval,sensor,60,60,1.0,0.9403705077138331,1.0
gate2_id_256,covariate_shift,scaling_drift_alpha_0.050,integrity_score_jsd_vs_clean_eval,sensor,60,42,0.7,0.5679168661239384,0.8115485545802774
gate2_id_256,covariate_shift,scaling_drift_alpha_0.050,integrity_pred_pos_rate_shift,sensor,60,22,0.36666666666666664,0.24594061043728702,0.5010307176437072
gate2_id_256,covariate_shift,scaling_drift_alpha_0.050,integrity_pred_jsd,sensor,60,22,0.36666666666666664,0.24594061043728702,0.5010307176437072
gate2_id_256,covariate_shift,scaling_drift_alpha_0.050,integrity_label_prior_shift,sensor,60,0,0.0,0.0,0.059629492286166916
gate2_id_256,covariate_shift,scaling_drift_alpha_0.050,integrity_label_jsd,sensor,60,0,0.0,0.0,0.059629492286166916
gate2_id_256,covariate_shift,scaling_drift_alpha_0.050,integrity_confusion_profile_l1,sensor,60,21,0.35,0.23132642214846,0.48402800937056706
gate2_id_256,covariate_shift,scaling_drift_alpha_0.050,integrity_confusion_profile_jsd,sensor,60,25,0.4166666666666667,0.2906806664704227,0.5511622022459879
gate2_id_256,covariate_shift,scaling_drift_alpha_0.050,I_X,regime,60,60,1.0,0.9403705077138331,1.0
gate2_id_256,covariate_shift,scaling_drift_alpha_0.050,I_XF,regime,60,60,1.0,0.9403705077138331,1.0
gate2_id_256,covariate_shift,scaling_drift_alpha_0.050,I_Ym,regime,60,0,0.0,0.0,0.059629492286166916
gate2_id_256,covariate_shift,scaling_drift_alpha_0.050,I_XFY,regime,60,60,1.0,0.9403705077138331,1.0
gate2_id_256,covariate_shift,scaling_drift_alpha_0.050,integrity_pred_disagreement,sensor_exact,60,33,0.55,0.416119145633216,0.6787784765366431
gate2_id_256,covariate_shift,scaling_drift_alpha_0.050,integrity_confusion_profile_l1_delta,sensor_exact,60,33,0.55,0.416119145633216,0.6787784765366431
gate2_id_256,covariate_shift,scaling_drift_alpha_0.050,integrity_confusion_profile_jsd_delta,sensor_exact,60,33,0.55,0.416119145633216,0.6787784765366431
gate2_id_256,covariate_shift,scaling_drift_alpha_0.050,label_flip_rate,sensor_exact,60,0,0.0,0.0,0.059629492286166916
gate2_id_256,covariate_shift,scaling_drift_alpha_0.050,I_XF_item_aligned,regime_exact,60,33,0.55,0.416119145633216,0.6787784765366431
gate2_id_256,covariate_shift,scaling_drift_alpha_0.050,I_XFY_item_aligned,regime_exact,60,33,0.55,0.416119145633216,0.6787784765366431
gate2_id_256,covariate_shift,scaling_drift_alpha_0.100,integrity_jsd_vs_clean_eval,sensor,60,60,1.0,0.9403705077138331,1.0
gate2_id_256,covariate_shift,scaling_drift_alpha_0.100,integrity_mmd_vs_clean_eval,sensor,60,30,0.5,0.368062031942437,0.631937968057563
gate2_id_256,covariate_shift,scaling_drift_alpha_0.100,integrity_ks_reject05_vs_clean_eval,sensor,60,60,1.0,0.9403705077138331,1.0
gate2_id_256,covariate_shift,scaling_drift_alpha_0.100,integrity_score_jsd_vs_clean_eval,sensor,60,58,0.9666666666666667,0.8847189555807483,0.9959373753579065
gate2_id_256,covariate_shift,scaling_drift_alpha_0.100,integrity_pred_pos_rate_shift,sensor,60,30,0.5,0.368062031942437,0.631937968057563
gate2_id_256,covariate_shift,scaling_drift_alpha_0.100,integrity_pred_jsd,sensor,60,30,0.5,0.368062031942437,0.631937968057563
gate2_id_256,covariate_shift,scaling_drift_alpha_0.100,integrity_label_prior_shift,sensor,60,0,0.0,0.0,0.059629492286166916
gate2_id_256,covariate_shift,scaling_drift_alpha_0.100,integrity_label_jsd,sensor,60,0,0.0,0.0,0.059629492286166916
gate2_id_256,covariate_shift,scaling_drift_alpha_0.100,integrity_confusion_profile_l1,sensor,60,30,0.5,0.368062031942437,0.631937968057563
gate2_id_256,covariate_shift,scaling_drift_alpha_0.100,integrity_confusion_profile_jsd,sensor,60,30,0.5,0.368062031942437,0.631937968057563
gate2_id_256,covariate_shift,scaling_drift_alpha_0.100,I_X,regime,60,60,1.0,0.9403705077138331,1.0
gate2_id_256,covariate_shift,scaling_drift_alpha_0.100,I_XF,regime,60,60,1.0,0.9403705077138331,1.0
gate2_id_256,covariate_shift,scaling_drift_alpha_0.100,I_Ym,regime,60,0,0.0,0.0,0.059629492286166916
gate2_id_256,covariate_shift,scaling_drift_alpha_0.100,I_XFY,regime,60,60,1.0,0.9403705077138331,1.0
gate2_id_256,covariate_shift,scaling_drift_alpha_0.100,integrity_pred_disagreement,sensor_exact,60,37,0.6166666666666667,0.48211495143116145,0.7392929419840008
gate2_id_256,covariate_shift,scaling_drift_alpha_0.100,integrity_confusion_profile_l1_delta,sensor_exact,60,37,0.6166666666666667,0.48211495143116145,0.7392929419840008
gate2_id_256,covariate_shift,scaling_drift_alpha_0.100,integrity_confusion_profile_jsd_delta,sensor_exact,60,37,0.6166666666666667,0.48211495143116145,0.7392929419840008
gate2_id_256,covariate_shift,scaling_drift_alpha_0.100,label_flip_rate,sensor_exact,60,0,0.0,0.0,0.059629492286166916
gate2_id_256,covariate_shift,scaling_drift_alpha_0.100,I_XF_item_aligned,regime_exact,60,37,0.6166666666666667,0.48211495143116145,0.7392929419840008
gate2_id_256,covariate_shift,scaling_drift_alpha_0.100,I_XFY_item_aligned,regime_exact,60,37,0.6166666666666667,0.48211495143116145,0.7392929419840008
gate2_id_256,pipeline,feature_dropout_p_0.020,integrity_jsd_vs_clean_eval,sensor,60,0,0.0,0.0,0.059629492286166916
gate2_id_256,pipeline,feature_dropout_p_0.020,integrity_mmd_vs_clean_eval,sensor,60,0,0.0,0.0,0.059629492286166916
gate2_id_256,pipeline,feature_dropout_p_0.020,integrity_ks_reject05_vs_clean_eval,sensor,60,0,0.0,0.0,0.059629492286166916
gate2_id_256,pipeline,feature_dropout_p_0.020,integrity_score_jsd_vs_clean_eval,sensor,60,0,0.0,0.0,0.059629492286166916
gate2_id_256,pipeline,feature_dropout_p_0.020,integrity_pred_pos_rate_shift,sensor,60,0,0.0,0.0,0.059629492286166916
gate2_id_256,pipeline,feature_dropout_p_0.020,integrity_pred_jsd,sensor,60,0,0.0,0.0,0.059629492286166916
gate2_id_256,pipeline,feature_dropout_p_0.020,integrity_label_prior_shift,sensor,60,0,0.0,0.0,0.059629492286166916
gate2_id_256,pipeline,feature_dropout_p_0.020,integrity_label_jsd,sensor,60,0,0.0,0.0,0.059629492286166916
gate2_id_256,pipeline,feature_dropout_p_0.020,integrity_confusion_profile_l1,sensor,60,0,0.0,0.0,0.059629492286166916
gate2_id_256,pipeline,feature_dropout_p_0.020,integrity_confusion_profile_jsd,sensor,60,0,0.0,0.0,0.059629492286166916
gate2_id_256,pipeline,feature_dropout_p_0.020,I_X,regime,60,0,0.0,0.0,0.059629492286166916
gate2_id_256,pipeline,feature_dropout_p_0.020,I_XF,regime,60,0,0.0,0.0,0.059629492286166916
gate2_id_256,pipeline,feature_dropout_p_0.020,I_Ym,regime,60,0,0.0,0.0,0.059629492286166916
gate2_id_256,pipeline,feature_dropout_p_0.020,I_XFY,regime,60,0,0.0,0.0,0.059629492286166916
gate2_id_256,pipeline,feature_dropout_p_0.020,integrity_pred_disagreement,sensor_exact,60,36,0.6,0.4654054373114277,0.7243784212644651
gate2_id_256,pipeline,feature_dropout_p_0.020,integrity_confusion_profile_l1_delta,sensor_exact,60,35,0.5833333333333334,0.44883779775401206,0.7093193335295773
gate2_id_256,pipeline,feature_dropout_p_0.020,integrity_confusion_profile_jsd_delta,sensor_exact,60,35,0.5833333333333334,0.44883779775401206,0.7093193335295773
gate2_id_256,pipeline,feature_dropout_p_0.020,label_flip_rate,sensor_exact,60,0,0.0,0.0,0.059629492286166916
gate2_id_256,pipeline,feature_dropout_p_0.020,I_XF_item_aligned,regime_exact,60,36,0.6,0.4654054373114277,0.7243784212644651
gate2_id_256,pipeline,feature_dropout_p_0.020,I_XFY_item_aligned,regime_exact,60,36,0.6,0.4654054373114277,0.7243784212644651
gate2_id_256,pipeline,feature_dropout_p_0.050,integrity_jsd_vs_clean_eval,sensor,60,0,0.0,0.0,0.059629492286166916
gate2_id_256,pipeline,feature_dropout_p_0.050,integrity_mmd_vs_clean_eval,sensor,60,0,0.0,0.0,0.059629492286166916
gate2_id_256,pipeline,feature_dropout_p_0.050,integrity_ks_reject05_vs_clean_eval,sensor,60,0,0.0,0.0,0.059629492286166916
gate2_id_256,pipeline,feature_dropout_p_0.050,integrity_score_jsd_vs_clean_eval,sensor,60,0,0.0,0.0,0.059629492286166916
gate2_id_256,pipeline,feature_dropout_p_0.050,integrity_pred_pos_rate_shift,sensor,60,0,0.0,0.0,0.059629492286166916
gate2_id_256,pipeline,feature_dropout_p_0.050,integrity_pred_jsd,sensor,60,0,0.0,0.0,0.059629492286166916
gate2_id_256,pipeline,feature_dropout_p_0.050,integrity_label_prior_shift,sensor,60,0,0.0,0.0,0.059629492286166916
gate2_id_256,pipeline,feature_dropout_p_0.050,integrity_label_jsd,sensor,60,0,0.0,0.0,0.059629492286166916
gate2_id_256,pipeline,feature_dropout_p_0.050,integrity_confusion_profile_l1,sensor,60,0,0.0,0.0,0.059629492286166916
gate2_id_256,pipeline,feature_dropout_p_0.050,integrity_confusion_profile_jsd,sensor,60,0,0.0,0.0,0.059629492286166916
gate2_id_256,pipeline,feature_dropout_p_0.050,I_X,regime,60,0,0.0,0.0,0.059629492286166916
gate2_id_256,pipeline,feature_dropout_p_0.050,I_XF,regime,60,0,0.0,0.0,0.059629492286166916
gate2_id_256,pipeline,feature_dropout_p_0.050,I_Ym,regime,60,0,0.0,0.0,0.059629492286166916
gate2_id_256,pipeline,feature_dropout_p_0.050,I_XFY,regime,60,0,0.0,0.0,0.059629492286166916
gate2_id_256,pipeline,feature_dropout_p_0.050,integrity_pred_disagreement,sensor_exact,60,56,0.9333333333333333,0.8380132448022711,0.9815382224241185
gate2_id_256,pipeline,feature_dropout_p_0.050,integrity_confusion_profile_l1_delta,sensor_exact,60,56,0.9333333333333333,0.8380132448022711,0.9815382224241185
gate2_id_256,pipeline,feature_dropout_p_0.050,integrity_confusion_profile_jsd_delta,sensor_exact,60,56,0.9333333333333333,0.8380132448022711,0.9815382224241185
gate2_id_256,pipeline,feature_dropout_p_0.050,label_flip_rate,sensor_exact,60,0,0.0,0.0,0.059629492286166916
gate2_id_256,pipeline,feature_dropout_p_0.050,I_XF_item_aligned,regime_exact,60,56,0.9333333333333333,0.8380132448022711,0.9815382224241185
gate2_id_256,pipeline,feature_dropout_p_0.050,I_XFY_item_aligned,regime_exact,60,56,0.9333333333333333,0.8380132448022711,0.9815382224241185
gate2_id_256,pipeline,feature_dropout_p_0.100,integrity_jsd_vs_clean_eval,sensor,60,0,0.0,0.0,0.059629492286166916
gate2_id_256,pipeline,feature_dropout_p_0.100,integrity_mmd_vs_clean_eval,sensor,60,0,0.0,0.0,0.059629492286166916
gate2_id_256,pipeline,feature_dropout_p_0.100,integrity_ks_reject05_vs_clean_eval,sensor,60,0,0.0,0.0,0.059629492286166916
gate2_id_256,pipeline,feature_dropout_p_0.100,integrity_score_jsd_vs_clean_eval,sensor,60,2,0.03333333333333333,0.004062624642093498,0.11528104441925167
gate2_id_256,pipeline,feature_dropout_p_0.100,integrity_pred_pos_rate_shift,sensor,60,0,0.0,0.0,0.059629492286166916
gate2_id_256,pipeline,feature_dropout_p_0.100,integrity_pred_jsd,sensor,60,0,0.0,0.0,0.059629492286166916
gate2_id_256,pipeline,feature_dropout_p_0.100,integrity_label_prior_shift,sensor,60,0,0.0,0.0,0.059629492286166916
gate2_id_256,pipeline,feature_dropout_p_0.100,integrity_label_jsd,sensor,60,0,0.0,0.0,0.059629492286166916
gate2_id_256,pipeline,feature_dropout_p_0.100,integrity_confusion_profile_l1,sensor,60,0,0.0,0.0,0.059629492286166916
gate2_id_256,pipeline,feature_dropout_p_0.100,integrity_confusion_profile_jsd,sensor,60,0,0.0,0.0,0.059629492286166916
gate2_id_256,pipeline,feature_dropout_p_0.100,I_X,regime,60,0,0.0,0.0,0.059629492286166916
gate2_id_256,pipeline,feature_dropout_p_0.100,I_XF,regime,60,2,0.03333333333333333,0.004062624642093498,0.11528104441925167
gate2_id_256,pipeline,feature_dropout_p_0.100,I_Ym,regime,60,0,0.0,0.0,0.059629492286166916
gate2_id_256,pipeline,feature_dropout_p_0.100,I_XFY,regime,60,2,0.03333333333333333,0.004062624642093498,0.11528104441925167
gate2_id_256,pipeline,feature_dropout_p_0.100,integrity_pred_disagreement,sensor_exact,60,60,1.0,0.9403705077138331,1.0
gate2_id_256,pipeline,feature_dropout_p_0.100,integrity_confusion_profile_l1_delta,sensor_exact,60,58,0.9666666666666667,0.8847189555807483,0.9959373753579065
gate2_id_256,pipeline,feature_dropout_p_0.100,integrity_confusion_profile_jsd_delta,sensor_exact,60,58,0.9666666666666667,0.8847189555807483,0.9959373753579065
gate2_id_256,pipeline,feature_dropout_p_0.100,label_flip_rate,sensor_exact,60,0,0.0,0.0,0.059629492286166916
gate2_id_256,pipeline,feature_dropout_p_0.100,I_XF_item_aligned,regime_exact,60,60,1.0,0.9403705077138331,1.0
gate2_id_256,pipeline,feature_dropout_p_0.100,I_XFY_item_aligned,regime_exact,60,60,1.0,0.9403705077138331,1.0
gate2_id_256,target_shift,label_flip_prior_preserving_r_0.020,integrity_jsd_vs_clean_eval,sensor,60,0,0.0,0.0,0.059629492286166916
gate2_id_256,target_shift,label_flip_prior_preserving_r_0.020,integrity_mmd_vs_clean_eval,sensor,60,0,0.0,0.0,0.059629492286166916
gate2_id_256,target_shift,label_flip_prior_preserving_r_0.020,integrity_ks_reject05_vs_clean_eval,sensor,60,0,0.0,0.0,0.059629492286166916
gate2_id_256,target_shift,label_flip_prior_preserving_r_0.020,integrity_score_jsd_vs_clean_eval,sensor,60,0,0.0,0.0,0.059629492286166916
gate2_id_256,target_shift,label_flip_prior_preserving_r_0.020,integrity_pred_pos_rate_shift,sensor,60,0,0.0,0.0,0.059629492286166916
gate2_id_256,target_shift,label_flip_prior_preserving_r_0.020,integrity_pred_jsd,sensor,60,0,0.0,0.0,0.059629492286166916
gate2_id_256,target_shift,label_flip_prior_preserving_r_0.020,integrity_label_prior_shift,sensor,60,0,0.0,0.0,0.059629492286166916
gate2_id_256,target_shift,label_flip_prior_preserving_r_0.020,integrity_label_jsd,sensor,60,0,0.0,0.0,0.059629492286166916
gate2_id_256,target_shift,label_flip_prior_preserving_r_0.020,integrity_confusion_profile_l1,sensor,60,0,0.0,0.0,0.059629492286166916
gate2_id_256,target_shift,label_flip_prior_preserving_r_0.020,integrity_confusion_profile_jsd,sensor,60,0,0.0,0.0,0.059629492286166916
gate2_id_256,target_shift,label_flip_prior_preserving_r_0.020,I_X,regime,60,0,0.0,0.0,0.059629492286166916
gate2_id_256,target_shift,label_flip_prior_preserving_r_0.020,I_XF,regime,60,0,0.0,0.0,0.059629492286166916
gate2_id_256,target_shift,label_flip_prior_preserving_r_0.020,I_Ym,regime,60,0,0.0,0.0,0.059629492286166916
gate2_id_256,target_shift,label_flip_prior_preserving_r_0.020,I_XFY,regime,60,0,0.0,0.0,0.059629492286166916
gate2_id_256,target_shift,label_flip_prior_preserving_r_0.020,integrity_pred_disagreement,sensor_exact,60,0,0.0,0.0,0.059629492286166916
gate2_id_256,target_shift,label_flip_prior_preserving_r_0.020,integrity_confusion_profile_l1_delta,sensor_exact,60,38,0.6333333333333333,0.4989692823562928,0.754059389562713
gate2_id_256,target_shift,label_flip_prior_preserving_r_0.020,integrity_confusion_profile_jsd_delta,sensor_exact,60,38,0.6333333333333333,0.4989692823562928,0.754059389562713
gate2_id_256,target_shift,label_flip_prior_preserving_r_0.020,label_flip_rate,sensor_exact,60,60,1.0,0.9403705077138331,1.0
gate2_id_256,target_shift,label_flip_prior_preserving_r_0.020,I_XF_item_aligned,regime_exact,60,0,0.0,0.0,0.059629492286166916
gate2_id_256,target_shift,label_flip_prior_preserving_r_0.020,I_XFY_item_aligned,regime_exact,60,60,1.0,0.9403705077138331,1.0
gate2_id_256,target_shift,label_flip_prior_preserving_r_0.050,integrity_jsd_vs_clean_eval,sensor,60,0,0.0,0.0,0.059629492286166916
gate2_id_256,target_shift,label_flip_prior_preserving_r_0.050,integrity_mmd_vs_clean_eval,sensor,60,0,0.0,0.0,0.059629492286166916
gate2_id_256,target_shift,label_flip_prior_preserving_r_0.050,integrity_ks_reject05_vs_clean_eval,sensor,60,0,0.0,0.0,0.059629492286166916
gate2_id_256,target_shift,label_flip_prior_preserving_r_0.050,integrity_score_jsd_vs_clean_eval,sensor,60,0,0.0,0.0,0.059629492286166916
gate2_id_256,target_shift,label_flip_prior_preserving_r_0.050,integrity_pred_pos_rate_shift,sensor,60,0,0.0,0.0,0.059629492286166916
gate2_id_256,target_shift,label_flip_prior_preserving_r_0.050,integrity_pred_jsd,sensor,60,0,0.0,0.0,0.059629492286166916
gate2_id_256,target_shift,label_flip_prior_preserving_r_0.050,integrity_label_prior_shift,sensor,60,0,0.0,0.0,0.059629492286166916
gate2_id_256,target_shift,label_flip_prior_preserving_r_0.050,integrity_label_jsd,sensor,60,0,0.0,0.0,0.059629492286166916
gate2_id_256,target_shift,label_flip_prior_preserving_r_0.050,integrity_confusion_profile_l1,sensor,60,0,0.0,0.0,0.059629492286166916
gate2_id_256,target_shift,label_flip_prior_preserving_r_0.050,integrity_confusion_profile_jsd,sensor,60,0,0.0,0.0,0.059629492286166916
gate2_id_256,target_shift,label_flip_prior_preserving_r_0.050,I_X,regime,60,0,0.0,0.0,0.059629492286166916
gate2_id_256,target_shift,label_flip_prior_preserving_r_0.050,I_XF,regime,60,0,0.0,0.0,0.059629492286166916
gate2_id_256,target_shift,label_flip_prior_preserving_r_0.050,I_Ym,regime,60,0,0.0,0.0,0.059629492286166916
gate2_id_256,target_shift,label_flip_prior_preserving_r_0.050,I_XFY,regime,60,0,0.0,0.0,0.059629492286166916
gate2_id_256,target_shift,label_flip_prior_preserving_r_0.050,integrity_pred_disagreement,sensor_exact,60,0,0.0,0.0,0.059629492286166916
gate2_id_256,target_shift,label_flip_prior_preserving_r_0.050,integrity_confusion_profile_l1_delta,sensor_exact,60,60,1.0,0.9403705077138331,1.0
gate2_id_256,target_shift,label_flip_prior_preserving_r_0.050,integrity_confusion_profile_jsd_delta,sensor_exact,60,60,1.0,0.9403705077138331,1.0
gate2_id_256,target_shift,label_flip_prior_preserving_r_0.050,label_flip_rate,sensor_exact,60,60,1.0,0.9403705077138331,1.0
gate2_id_256,target_shift,label_flip_prior_preserving_r_0.050,I_XF_item_aligned,regime_exact,60,0,0.0,0.0,0.059629492286166916
gate2_id_256,target_shift,label_flip_prior_preserving_r_0.050,I_XFY_item_aligned,regime_exact,60,60,1.0,0.9403705077138331,1.0
gate2_id_256,target_shift,label_flip_prior_preserving_r_0.100,integrity_jsd_vs_clean_eval,sensor,60,0,0.0,0.0,0.059629492286166916
gate2_id_256,target_shift,label_flip_prior_preserving_r_0.100,integrity_mmd_vs_clean_eval,sensor,60,0,0.0,0.0,0.059629492286166916
gate2_id_256,target_shift,label_flip_prior_preserving_r_0.100,integrity_ks_reject05_vs_clean_eval,sensor,60,0,0.0,0.0,0.059629492286166916
gate2_id_256,target_shift,label_flip_prior_preserving_r_0.100,integrity_score_jsd_vs_clean_eval,sensor,60,0,0.0,0.0,0.059629492286166916
gate2_id_256,target_shift,label_flip_prior_preserving_r_0.100,integrity_pred_pos_rate_shift,sensor,60,0,0.0,0.0,0.059629492286166916
gate2_id_256,target_shift,label_flip_prior_preserving_r_0.100,integrity_pred_jsd,sensor,60,0,0.0,0.0,0.059629492286166916
gate2_id_256,target_shift,label_flip_prior_preserving_r_0.100,integrity_label_prior_shift,sensor,60,0,0.0,0.0,0.059629492286166916
gate2_id_256,target_shift,label_flip_prior_preserving_r_0.100,integrity_label_jsd,sensor,60,0,0.0,0.0,0.059629492286166916
gate2_id_256,target_shift,label_flip_prior_preserving_r_0.100,integrity_confusion_profile_l1,sensor,60,1,0.016666666666666666,0.00042187445234200915,0.08939905005748702
gate2_id_256,target_shift,label_flip_prior_preserving_r_0.100,integrity_confusion_profile_jsd,sensor,60,9,0.15,0.07095619525709117,0.26574044775729516
gate2_id_256,target_shift,label_flip_prior_preserving_r_0.100,I_X,regime,60,0,0.0,0.0,0.059629492286166916
gate2_id_256,target_shift,label_flip_prior_preserving_r_0.100,I_XF,regime,60,0,0.0,0.0,0.059629492286166916
gate2_id_256,target_shift,label_flip_prior_preserving_r_0.100,I_Ym,regime,60,0,0.0,0.0,0.059629492286166916
gate2_id_256,target_shift,label_flip_prior_preserving_r_0.100,I_XFY,regime,60,9,0.15,0.07095619525709117,0.26574044775729516
gate2_id_256,target_shift,label_flip_prior_preserving_r_0.100,integrity_pred_disagreement,sensor_exact,60,0,0.0,0.0,0.059629492286166916
gate2_id_256,target_shift,label_flip_prior_preserving_r_0.100,integrity_confusion_profile_l1_delta,sensor_exact,60,60,1.0,0.9403705077138331,1.0
gate2_id_256,target_shift,label_flip_prior_preserving_r_0.100,integrity_confusion_profile_jsd_delta,sensor_exact,60,60,1.0,0.9403705077138331,1.0
gate2_id_256,target_shift,label_flip_prior_preserving_r_0.100,label_flip_rate,sensor_exact,60,60,1.0,0.9403705077138331,1.0
gate2_id_256,target_shift,label_flip_prior_preserving_r_0.100,I_XF_item_aligned,regime_exact,60,0,0.0,0.0,0.059629492286166916
gate2_id_256,target_shift,label_flip_prior_preserving_r_0.100,I_XFY_item_aligned,regime_exact,60,60,1.0,0.9403705077138331,1.0
gate2_id_256,target_shift,label_flip_r_0.020,integrity_jsd_vs_clean_eval,sensor,60,0,0.0,0.0,0.059629492286166916
gate2_id_256,target_shift,label_flip_r_0.020,integrity_mmd_vs_clean_eval,sensor,60,0,0.0,0.0,0.059629492286166916
gate2_id_256,target_shift,label_flip_r_0.020,integrity_ks_reject05_vs_clean_eval,sensor,60,0,0.0,0.0,0.059629492286166916
gate2_id_256,target_shift,label_flip_r_0.020,integrity_score_jsd_vs_clean_eval,sensor,60,0,0.0,0.0,0.059629492286166916
gate2_id_256,target_shift,label_flip_r_0.020,integrity_pred_pos_rate_shift,sensor,60,0,0.0,0.0,0.059629492286166916
gate2_id_256,target_shift,label_flip_r_0.020,integrity_pred_jsd,sensor,60,0,0.0,0.0,0.059629492286166916
gate2_id_256,target_shift,label_flip_r_0.020,integrity_label_prior_shift,sensor,60,0,0.0,0.0,0.059629492286166916
gate2_id_256,target_shift,label_flip_r_0.020,integrity_label_jsd,sensor,60,0,0.0,0.0,0.059629492286166916
gate2_id_256,target_shift,label_flip_r_0.020,integrity_confusion_profile_l1,sensor,60,0,0.0,0.0,0.059629492286166916
gate2_id_256,target_shift,label_flip_r_0.020,integrity_confusion_profile_jsd,sensor,60,0,0.0,0.0,0.059629492286166916
gate2_id_256,target_shift,label_flip_r_0.020,I_X,regime,60,0,0.0,0.0,0.059629492286166916
gate2_id_256,target_shift,label_flip_r_0.020,I_XF,regime,60,0,0.0,0.0,0.059629492286166916
gate2_id_256,target_shift,label_flip_r_0.020,I_Ym,regime,60,0,0.0,0.0,0.059629492286166916
gate2_id_256,target_shift,label_flip_r_0.020,I_XFY,regime,60,0,0.0,0.0,0.059629492286166916
gate2_id_256,target_shift,label_flip_r_0.020,integrity_pred_disagreement,sensor_exact,60,0,0.0,0.0,0.059629492286166916
gate2_id_256,target_shift,label_flip_r_0.020,integrity_confusion_profile_l1_delta,sensor_exact,60,56,0.9333333333333333,0.8380132448022711,0.9815382224241185
gate2_id_256,target_shift,label_flip_r_0.020,integrity_confusion_profile_jsd_delta,sensor_exact,60,56,0.9333333333333333,0.8380132448022711,0.9815382224241185
gate2_id_256,target_shift,label_flip_r_0.020,label_flip_rate,sensor_exact,60,60,1.0,0.9403705077138331,1.0
gate2_id_256,target_shift,label_flip_r_0.020,I_XF_item_aligned,regime_exact,60,0,0.0,0.0,0.059629492286166916
gate2_id_256,target_shift,label_flip_r_0.020,I_XFY_item_aligned,regime_exact,60,60,1.0,0.9403705077138331,1.0
gate2_id_256,target_shift,label_flip_r_0.050,integrity_jsd_vs_clean_eval,sensor,60,0,0.0,0.0,0.059629492286166916
gate2_id_256,target_shift,label_flip_r_0.050,integrity_mmd_vs_clean_eval,sensor,60,0,0.0,0.0,0.059629492286166916
gate2_id_256,target_shift,label_flip_r_0.050,integrity_ks_reject05_vs_clean_eval,sensor,60,0,0.0,0.0,0.059629492286166916
gate2_id_256,target_shift,label_flip_r_0.050,integrity_score_jsd_vs_clean_eval,sensor,60,0,0.0,0.0,0.059629492286166916
gate2_id_256,target_shift,label_flip_r_0.050,integrity_pred_pos_rate_shift,sensor,60,0,0.0,0.0,0.059629492286166916
gate2_id_256,target_shift,label_flip_r_0.050,integrity_pred_jsd,sensor,60,0,0.0,0.0,0.059629492286166916
gate2_id_256,target_shift,label_flip_r_0.050,integrity_label_prior_shift,sensor,60,0,0.0,0.0,0.059629492286166916
gate2_id_256,target_shift,label_flip_r_0.050,integrity_label_jsd,sensor,60,0,0.0,0.0,0.059629492286166916
gate2_id_256,target_shift,label_flip_r_0.050,integrity_confusion_profile_l1,sensor,60,0,0.0,0.0,0.059629492286166916
gate2_id_256,target_shift,label_flip_r_0.050,integrity_confusion_profile_jsd,sensor,60,0,0.0,0.0,0.059629492286166916
gate2_id_256,target_shift,label_flip_r_0.050,I_X,regime,60,0,0.0,0.0,0.059629492286166916
gate2_id_256,target_shift,label_flip_r_0.050,I_XF,regime,60,0,0.0,0.0,0.059629492286166916
gate2_id_256,target_shift,label_flip_r_0.050,I_Ym,regime,60,0,0.0,0.0,0.059629492286166916
gate2_id_256,target_shift,label_flip_r_0.050,I_XFY,regime,60,0,0.0,0.0,0.059629492286166916
gate2_id_256,target_shift,label_flip_r_0.050,integrity_pred_disagreement,sensor_exact,60,0,0.0,0.0,0.059629492286166916
gate2_id_256,target_shift,label_flip_r_0.050,integrity_confusion_profile_l1_delta,sensor_exact,60,60,1.0,0.9403705077138331,1.0
gate2_id_256,target_shift,label_flip_r_0.050,integrity_confusion_profile_jsd_delta,sensor_exact,60,60,1.0,0.9403705077138331,1.0
gate2_id_256,target_shift,label_flip_r_0.050,label_flip_rate,sensor_exact,60,60,1.0,0.9403705077138331,1.0
gate2_id_256,target_shift,label_flip_r_0.050,I_XF_item_aligned,regime_exact,60,0,0.0,0.0,0.059629492286166916
gate2_id_256,target_shift,label_flip_r_0.050,I_XFY_item_aligned,regime_exact,60,60,1.0,0.9403705077138331,1.0
gate2_id_256,target_shift,label_flip_r_0.100,integrity_jsd_vs_clean_eval,sensor,60,0,0.0,0.0,0.059629492286166916
gate2_id_256,target_shift,label_flip_r_0.100,integrity_mmd_vs_clean_eval,sensor,60,0,0.0,0.0,0.059629492286166916
gate2_id_256,target_shift,label_flip_r_0.100,integrity_ks_reject05_vs_clean_eval,sensor,60,0,0.0,0.0,0.059629492286166916
gate2_id_256,target_shift,label_flip_r_0.100,integrity_score_jsd_vs_clean_eval,sensor,60,0,0.0,0.0,0.059629492286166916
gate2_id_256,target_shift,label_flip_r_0.100,integrity_pred_pos_rate_shift,sensor,60,0,0.0,0.0,0.059629492286166916
gate2_id_256,target_shift,label_flip_r_0.100,integrity_pred_jsd,sensor,60,0,0.0,0.0,0.059629492286166916
gate2_id_256,target_shift,label_flip_r_0.100,integrity_label_prior_shift,sensor,60,0,0.0,0.0,0.059629492286166916
gate2_id_256,target_shift,label_flip_r_0.100,integrity_label_jsd,sensor,60,0,0.0,0.0,0.059629492286166916
gate2_id_256,target_shift,label_flip_r_0.100,integrity_confusion_profile_l1,sensor,60,1,0.016666666666666666,0.00042187445234200915,0.08939905005748702
gate2_id_256,target_shift,label_flip_r_0.100,integrity_confusion_profile_jsd,sensor,60,11,0.18333333333333332,0.09523582291656381,0.3043960547407762
gate2_id_256,target_shift,label_flip_r_0.100,I_X,regime,60,0,0.0,0.0,0.059629492286166916
gate2_id_256,target_shift,label_flip_r_0.100,I_XF,regime,60,0,0.0,0.0,0.059629492286166916
gate2_id_256,target_shift,label_flip_r_0.100,I_Ym,regime,60,0,0.0,0.0,0.059629492286166916
gate2_id_256,target_shift,label_flip_r_0.100,I_XFY,regime,60,11,0.18333333333333332,0.09523582291656381,0.3043960547407762
gate2_id_256,target_shift,label_flip_r_0.100,integrity_pred_disagreement,sensor_exact,60,0,0.0,0.0,0.059629492286166916
gate2_id_256,target_shift,label_flip_r_0.100,integrity_confusion_profile_l1_delta,sensor_exact,60,60,1.0,0.9403705077138331,1.0
gate2_id_256,target_shift,label_flip_r_0.100,integrity_confusion_profile_jsd_delta,sensor_exact,60,60,1.0,0.9403705077138331,1.0
gate2_id_256,target_shift,label_flip_r_0.100,label_flip_rate,sensor_exact,60,60,1.0,0.9403705077138331,1.0
gate2_id_256,target_shift,label_flip_r_0.100,I_XF_item_aligned,regime_exact,60,0,0.0,0.0,0.059629492286166916
gate2_id_256,target_shift,label_flip_r_0.100,I_XFY_item_aligned,regime_exact,60,60,1.0,0.9403705077138331,1.0
gate3a_ood_tue_wed,corruption,feature_sign_flip_p_0.020,integrity_jsd_vs_clean_eval,sensor,60,0,0.0,0.0,0.059629492286166916
gate3a_ood_tue_wed,corruption,feature_sign_flip_p_0.020,integrity_mmd_vs_clean_eval,sensor,60,0,0.0,0.0,0.059629492286166916
gate3a_ood_tue_wed,corruption,feature_sign_flip_p_0.020,integrity_ks_reject05_vs_clean_eval,sensor,60,0,0.0,0.0,0.059629492286166916
gate3a_ood_tue_wed,corruption,feature_sign_flip_p_0.020,integrity_score_jsd_vs_clean_eval,sensor,60,0,0.0,0.0,0.059629492286166916
gate3a_ood_tue_wed,corruption,feature_sign_flip_p_0.020,integrity_pred_pos_rate_shift,sensor,60,0,0.0,0.0,0.059629492286166916
gate3a_ood_tue_wed,corruption,feature_sign_flip_p_0.020,integrity_pred_jsd,sensor,60,0,0.0,0.0,0.059629492286166916
gate3a_ood_tue_wed,corruption,feature_sign_flip_p_0.020,integrity_label_prior_shift,sensor,60,0,0.0,0.0,0.059629492286166916
gate3a_ood_tue_wed,corruption,feature_sign_flip_p_0.020,integrity_label_jsd,sensor,60,0,0.0,0.0,0.059629492286166916
gate3a_ood_tue_wed,corruption,feature_sign_flip_p_0.020,integrity_confusion_profile_l1,sensor,60,0,0.0,0.0,0.059629492286166916
gate3a_ood_tue_wed,corruption,feature_sign_flip_p_0.020,integrity_confusion_profile_jsd,sensor,60,0,0.0,0.0,0.059629492286166916
gate3a_ood_tue_wed,corruption,feature_sign_flip_p_0.020,I_X,regime,60,0,0.0,0.0,0.059629492286166916
gate3a_ood_tue_wed,corruption,feature_sign_flip_p_0.020,I_XF,regime,60,0,0.0,0.0,0.059629492286166916
gate3a_ood_tue_wed,corruption,feature_sign_flip_p_0.020,I_Ym,regime,60,0,0.0,0.0,0.059629492286166916
gate3a_ood_tue_wed,corruption,feature_sign_flip_p_0.020,I_XFY,regime,60,0,0.0,0.0,0.059629492286166916
gate3a_ood_tue_wed,corruption,feature_sign_flip_p_0.020,integrity_pred_disagreement,sensor_exact,60,19,0.31666666666666665,0.20257550711897182,0.4495596877640524
gate3a_ood_tue_wed,corruption,feature_sign_flip_p_0.020,integrity_confusion_profile_l1_delta,sensor_exact,60,19,0.31666666666666665,0.20257550711897182,0.4495596877640524
gate3a_ood_tue_wed,corruption,feature_sign_flip_p_0.020,integrity_confusion_profile_jsd_delta,sensor_exact,60,19,0.31666666666666665,0.20257550711897182,0.4495596877640524
gate3a_ood_tue_wed,corruption,feature_sign_flip_p_0.020,label_flip_rate,sensor_exact,60,0,0.0,0.0,0.059629492286166916
gate3a_ood_tue_wed,corruption,feature_sign_flip_p_0.020,I_XF_item_aligned,regime_exact,60,19,0.31666666666666665,0.20257550711897182,0.4495596877640524
gate3a_ood_tue_wed,corruption,feature_sign_flip_p_0.020,I_XFY_item_aligned,regime_exact,60,19,0.31666666666666665,0.20257550711897182,0.4495596877640524
gate3a_ood_tue_wed,corruption,feature_sign_flip_p_0.050,integrity_jsd_vs_clean_eval,sensor,60,0,0.0,0.0,0.059629492286166916
gate3a_ood_tue_wed,corruption,feature_sign_flip_p_0.050,integrity_mmd_vs_clean_eval,sensor,60,0,0.0,0.0,0.059629492286166916
gate3a_ood_tue_wed,corruption,feature_sign_flip_p_0.050,integrity_ks_reject05_vs_clean_eval,sensor,60,0,0.0,0.0,0.059629492286166916
gate3a_ood_tue_wed,corruption,feature_sign_flip_p_0.050,integrity_score_jsd_vs_clean_eval,sensor,60,1,0.016666666666666666,0.00042187445234200915,0.08939905005748702
gate3a_ood_tue_wed,corruption,feature_sign_flip_p_0.050,integrity_pred_pos_rate_shift,sensor,60,3,0.05,0.010432329644348228,0.1392432467210728
gate3a_ood_tue_wed,corruption,feature_sign_flip_p_0.050,integrity_pred_jsd,sensor,60,3,0.05,0.010432329644348228,0.1392432467210728
gate3a_ood_tue_wed,corruption,feature_sign_flip_p_0.050,integrity_label_prior_shift,sensor,60,0,0.0,0.0,0.059629492286166916
gate3a_ood_tue_wed,corruption,feature_sign_flip_p_0.050,integrity_label_jsd,sensor,60,0,0.0,0.0,0.059629492286166916
gate3a_ood_tue_wed,corruption,feature_sign_flip_p_0.050,integrity_confusion_profile_l1,sensor,60,3,0.05,0.010432329644348228,0.1392432467210728
gate3a_ood_tue_wed,corruption,feature_sign_flip_p_0.050,integrity_confusion_profile_jsd,sensor,60,3,0.05,0.010432329644348228,0.1392432467210728
gate3a_ood_tue_wed,corruption,feature_sign_flip_p_0.050,I_X,regime,60,0,0.0,0.0,0.059629492286166916
gate3a_ood_tue_wed,corruption,feature_sign_flip_p_0.050,I_XF,regime,60,4,0.06666666666666667,0.01846177757588151,0.1619867551977289
gate3a_ood_tue_wed,corruption,feature_sign_flip_p_0.050,I_Ym,regime,60,0,0.0,0.0,0.059629492286166916
gate3a_ood_tue_wed,corruption,feature_sign_flip_p_0.050,I_XFY,regime,60,4,0.06666666666666667,0.01846177757588151,0.1619867551977289
gate3a_ood_tue_wed,corruption,feature_sign_flip_p_0.050,integrity_pred_disagreement,sensor_exact,60,26,0.43333333333333335,0.3058814268421728,0.5675903464453843
gate3a_ood_tue_wed,corruption,feature_sign_flip_p_0.050,integrity_confusion_profile_l1_delta,sensor_exact,60,26,0.43333333333333335,0.3058814268421728,0.5675903464453843
gate3a_ood_tue_wed,corruption,feature_sign_flip_p_0.050,integrity_confusion_profile_jsd_delta,sensor_exact,60,26,0.43333333333333335,0.3058814268421728,0.5675903464453843
gate3a_ood_tue_wed,corruption,feature_sign_flip_p_0.050,label_flip_rate,sensor_exact,60,0,0.0,0.0,0.059629492286166916
gate3a_ood_tue_wed,corruption,feature_sign_flip_p_0.050,I_XF_item_aligned,regime_exact,60,26,0.43333333333333335,0.3058814268421728,0.5675903464453843
gate3a_ood_tue_wed,corruption,feature_sign_flip_p_0.050,I_XFY_item_aligned,regime_exact,60,26,0.43333333333333335,0.3058814268421728,0.5675903464453843
gate3a_ood_tue_wed,corruption,feature_sign_flip_p_0.100,integrity_jsd_vs_clean_eval,sensor,60,0,0.0,0.0,0.059629492286166916
gate3a_ood_tue_wed,corruption,feature_sign_flip_p_0.100,integrity_mmd_vs_clean_eval,sensor,60,31,0.5166666666666667,0.3839460173315969,0.6476870699978736
gate3a_ood_tue_wed,corruption,feature_sign_flip_p_0.100,integrity_ks_reject05_vs_clean_eval,sensor,60,0,0.0,0.0,0.059629492286166916
gate3a_ood_tue_wed,corruption,feature_sign_flip_p_0.100,integrity_score_jsd_vs_clean_eval,sensor,60,41,0.6833333333333333,0.5504403122359476,0.7974244928810281
gate3a_ood_tue_wed,corruption,feature_sign_flip_p_0.100,integrity_pred_pos_rate_shift,sensor,60,7,0.11666666666666667,0.048214841871341944,0.22571615314564827
gate3a_ood_tue_wed,corruption,feature_sign_flip_p_0.100,integrity_pred_jsd,sensor,60,8,0.13333333333333333,0.0593644227053572,0.24592222113041992
gate3a_ood_tue_wed,corruption,feature_sign_flip_p_0.100,integrity_label_prior_shift,sensor,60,0,0.0,0.0,0.059629492286166916
gate3a_ood_tue_wed,corruption,feature_sign_flip_p_0.100,integrity_label_jsd,sensor,60,0,0.0,0.0,0.059629492286166916
gate3a_ood_tue_wed,corruption,feature_sign_flip_p_0.100,integrity_confusion_profile_l1,sensor,60,6,0.1,0.037591269108566035,0.2050577367080639
gate3a_ood_tue_wed,corruption,feature_sign_flip_p_0.100,integrity_confusion_profile_jsd,sensor,60,8,0.13333333333333333,0.0593644227053572,0.24592222113041992
gate3a_ood_tue_wed,corruption,feature_sign_flip_p_0.100,I_X,regime,60,31,0.5166666666666667,0.3839460173315969,0.6476870699978736
gate3a_ood_tue_wed,corruption,feature_sign_flip_p_0.100,I_XF,regime,60,52,0.8666666666666667,0.75407777886958,0.9406355772946428
gate3a_ood_tue_wed,corruption,feature_sign_flip_p_0.100,I_Ym,regime,60,0,0.0,0.0,0.059629492286166916
gate3a_ood_tue_wed,corruption,feature_sign_flip_p_0.100,I_XFY,regime,60,52,0.8666666666666667,0.75407777886958,0.9406355772946428
gate3a_ood_tue_wed,corruption,feature_sign_flip_p_0.100,integrity_pred_disagreement,sensor_exact,60,43,0.7166666666666667,0.58556393105017,0.8254947164856248
gate3a_ood_tue_wed,corruption,feature_sign_flip_p_0.100,integrity_confusion_profile_l1_delta,sensor_exact,60,40,0.6666666666666666,0.5331273252571693,0.7831305545688299
gate3a_ood_tue_wed,corruption,feature_sign_flip_p_0.100,integrity_confusion_profile_jsd_delta,sensor_exact,60,40,0.6666666666666666,0.5331273252571693,0.7831305545688299
gate3a_ood_tue_wed,corruption,feature_sign_flip_p_0.100,label_flip_rate,sensor_exact,60,0,0.0,0.0,0.059629492286166916
gate3a_ood_tue_wed,corruption,feature_sign_flip_p_0.100,I_XF_item_aligned,regime_exact,60,43,0.7166666666666667,0.58556393105017,0.8254947164856248
gate3a_ood_tue_wed,corruption,feature_sign_flip_p_0.100,I_XFY_item_aligned,regime_exact,60,43,0.7166666666666667,0.58556393105017,0.8254947164856248
gate3a_ood_tue_wed,covariate_shift,mean_shift_pf_delta_0.020,integrity_jsd_vs_clean_eval,sensor,60,1,0.016666666666666666,0.00042187445234200915,0.08939905005748702
gate3a_ood_tue_wed,covariate_shift,mean_shift_pf_delta_0.020,integrity_mmd_vs_clean_eval,sensor,60,0,0.0,0.0,0.059629492286166916
gate3a_ood_tue_wed,covariate_shift,mean_shift_pf_delta_0.020,integrity_ks_reject05_vs_clean_eval,sensor,60,60,1.0,0.9403705077138331,1.0
gate3a_ood_tue_wed,covariate_shift,mean_shift_pf_delta_0.020,integrity_score_jsd_vs_clean_eval,sensor,60,37,0.6166666666666667,0.48211495143116145,0.7392929419840008
gate3a_ood_tue_wed,covariate_shift,mean_shift_pf_delta_0.020,integrity_pred_pos_rate_shift,sensor,60,0,0.0,0.0,0.059629492286166916
gate3a_ood_tue_wed,covariate_shift,mean_shift_pf_delta_0.020,integrity_pred_jsd,sensor,60,0,0.0,0.0,0.059629492286166916
gate3a_ood_tue_wed,covariate_shift,mean_shift_pf_delta_0.020,integrity_label_prior_shift,sensor,60,0,0.0,0.0,0.059629492286166916
gate3a_ood_tue_wed,covariate_shift,mean_shift_pf_delta_0.020,integrity_label_jsd,sensor,60,0,0.0,0.0,0.059629492286166916
gate3a_ood_tue_wed,covariate_shift,mean_shift_pf_delta_0.020,integrity_confusion_profile_l1,sensor,60,0,0.0,0.0,0.059629492286166916
gate3a_ood_tue_wed,covariate_shift,mean_shift_pf_delta_0.020,integrity_confusion_profile_jsd,sensor,60,0,0.0,0.0,0.059629492286166916
gate3a_ood_tue_wed,covariate_shift,mean_shift_pf_delta_0.020,I_X,regime,60,60,1.0,0.9403705077138331,1.0
gate3a_ood_tue_wed,covariate_shift,mean_shift_pf_delta_0.020,I_XF,regime,60,60,1.0,0.9403705077138331,1.0
gate3a_ood_tue_wed,covariate_shift,mean_shift_pf_delta_0.020,I_Ym,regime,60,0,0.0,0.0,0.059629492286166916
gate3a_ood_tue_wed,covariate_shift,mean_shift_pf_delta_0.020,I_XFY,regime,60,60,1.0,0.9403705077138331,1.0
gate3a_ood_tue_wed,covariate_shift,mean_shift_pf_delta_0.020,integrity_pred_disagreement,sensor_exact,60,15,0.25,0.1471860737990036,0.37859635547954423
gate3a_ood_tue_wed,covariate_shift,mean_shift_pf_delta_0.020,integrity_confusion_profile_l1_delta,sensor_exact,60,14,0.23333333333333334,0.13383734388884805,0.3603827871057576
gate3a_ood_tue_wed,covariate_shift,mean_shift_pf_delta_0.020,integrity_confusion_profile_jsd_delta,sensor_exact,60,14,0.23333333333333334,0.13383734388884805,0.3603827871057576
gate3a_ood_tue_wed,covariate_shift,mean_shift_pf_delta_0.020,label_flip_rate,sensor_exact,60,0,0.0,0.0,0.059629492286166916
gate3a_ood_tue_wed,covariate_shift,mean_shift_pf_delta_0.020,I_XF_item_aligned,regime_exact,60,15,0.25,0.1471860737990036,0.37859635547954423
gate3a_ood_tue_wed,covariate_shift,mean_shift_pf_delta_0.020,I_XFY_item_aligned,regime_exact,60,15,0.25,0.1471860737990036,0.37859635547954423
gate3a_ood_tue_wed,covariate_shift,mean_shift_pf_delta_0.050,integrity_jsd_vs_clean_eval,sensor,60,19,0.31666666666666665,0.20257550711897182,0.4495596877640524
gate3a_ood_tue_wed,covariate_shift,mean_shift_pf_delta_0.050,integrity_mmd_vs_clean_eval,sensor,60,0,0.0,0.0,0.059629492286166916
gate3a_ood_tue_wed,covariate_shift,mean_shift_pf_delta_0.050,integrity_ks_reject05_vs_clean_eval,sensor,60,60,1.0,0.9403705077138331,1.0
gate3a_ood_tue_wed,covariate_shift,mean_shift_pf_delta_0.050,integrity_score_jsd_vs_clean_eval,sensor,60,46,0.7666666666666667,0.6396172128942423,0.866162656111152
gate3a_ood_tue_wed,covariate_shift,mean_shift_pf_delta_0.050,integrity_pred_pos_rate_shift,sensor,60,6,0.1,0.037591269108566035,0.2050577367080639
gate3a_ood_tue_wed,covariate_shift,mean_shift_pf_delta_0.050,integrity_pred_jsd,sensor,60,11,0.18333333333333332,0.09523582291656381,0.3043960547407762
gate3a_ood_tue_wed,covariate_shift,mean_shift_pf_delta_0.050,integrity_label_prior_shift,sensor,60,0,0.0,0.0,0.059629492286166916
gate3a_ood_tue_wed,covariate_shift,mean_shift_pf_delta_0.050,integrity_label_jsd,sensor,60,0,0.0,0.0,0.059629492286166916
gate3a_ood_tue_wed,covariate_shift,mean_shift_pf_delta_0.050,integrity_confusion_profile_l1,sensor,60,4,0.06666666666666667,0.01846177757588151,0.1619867551977289
gate3a_ood_tue_wed,covariate_shift,mean_shift_pf_delta_0.050,integrity_confusion_profile_jsd,sensor,60,10,0.16666666666666666,0.08292881015906373,0.28521925482870264
gate3a_ood_tue_wed,covariate_shift,mean_shift_pf_delta_0.050,I_X,regime,60,60,1.0,0.9403705077138331,1.0
gate3a_ood_tue_wed,covariate_shift,mean_shift_pf_delta_0.050,I_XF,regime,60,60,1.0,0.9403705077138331,1.0
gate3a_ood_tue_wed,covariate_shift,mean_shift_pf_delta_0.050,I_Ym,regime,60,0,0.0,0.0,0.059629492286166916
gate3a_ood_tue_wed,covariate_shift,mean_shift_pf_delta_0.050,I_XFY,regime,60,60,1.0,0.9403705077138331,1.0
gate3a_ood_tue_wed,covariate_shift,mean_shift_pf_delta_0.050,integrity_pred_disagreement,sensor_exact,60,17,0.2833333333333333,0.17450528351437516,0.41443606894983
gate3a_ood_tue_wed,covariate_shift,mean_shift_pf_delta_0.050,integrity_confusion_profile_l1_delta,sensor_exact,60,17,0.2833333333333333,0.17450528351437516,0.41443606894983
gate3a_ood_tue_wed,covariate_shift,mean_shift_pf_delta_0.050,integrity_confusion_profile_jsd_delta,sensor_exact,60,17,0.2833333333333333,0.17450528351437516,0.41443606894983
gate3a_ood_tue_wed,covariate_shift,mean_shift_pf_delta_0.050,label_flip_rate,sensor_exact,60,0,0.0,0.0,0.059629492286166916
gate3a_ood_tue_wed,covariate_shift,mean_shift_pf_delta_0.050,I_XF_item_aligned,regime_exact,60,17,0.2833333333333333,0.17450528351437516,0.41443606894983
gate3a_ood_tue_wed,covariate_shift,mean_shift_pf_delta_0.050,I_XFY_item_aligned,regime_exact,60,17,0.2833333333333333,0.17450528351437516,0.41443606894983
gate3a_ood_tue_wed,covariate_shift,mean_shift_pf_delta_0.100,integrity_jsd_vs_clean_eval,sensor,60,43,0.7166666666666667,0.58556393105017,0.8254947164856248
gate3a_ood_tue_wed,covariate_shift,mean_shift_pf_delta_0.100,integrity_mmd_vs_clean_eval,sensor,60,0,0.0,0.0,0.059629492286166916
gate3a_ood_tue_wed,covariate_shift,mean_shift_pf_delta_0.100,integrity_ks_reject05_vs_clean_eval,sensor,60,60,1.0,0.9403705077138331,1.0
gate3a_ood_tue_wed,covariate_shift,mean_shift_pf_delta_0.100,integrity_score_jsd_vs_clean_eval,sensor,60,55,0.9166666666666666,0.8161422166234142,0.9723866896625736
gate3a_ood_tue_wed,covariate_shift,mean_shift_pf_delta_0.100,integrity_pred_pos_rate_shift,sensor,60,8,0.13333333333333333,0.0593644227053572,0.24592222113041992
gate3a_ood_tue_wed,covariate_shift,mean_shift_pf_delta_0.100,integrity_pred_jsd,sensor,60,14,0.23333333333333334,0.13383734388884805,0.3603827871057576
gate3a_ood_tue_wed,covariate_shift,mean_shift_pf_delta_0.100,integrity_label_prior_shift,sensor,60,0,0.0,0.0,0.059629492286166916
gate3a_ood_tue_wed,covariate_shift,mean_shift_pf_delta_0.100,integrity_label_jsd,sensor,60,0,0.0,0.0,0.059629492286166916
gate3a_ood_tue_wed,covariate_shift,mean_shift_pf_delta_0.100,integrity_confusion_profile_l1,sensor,60,4,0.06666666666666667,0.01846177757588151,0.1619867551977289
gate3a_ood_tue_wed,covariate_shift,mean_shift_pf_delta_0.100,integrity_confusion_profile_jsd,sensor,60,14,0.23333333333333334,0.13383734388884805,0.3603827871057576
gate3a_ood_tue_wed,covariate_shift,mean_shift_pf_delta_0.100,I_X,regime,60,60,1.0,0.9403705077138331,1.0
gate3a_ood_tue_wed,covariate_shift,mean_shift_pf_delta_0.100,I_XF,regime,60,60,1.0,0.9403705077138331,1.0
gate3a_ood_tue_wed,covariate_shift,mean_shift_pf_delta_0.100,I_Ym,regime,60,0,0.0,0.0,0.059629492286166916
gate3a_ood_tue_wed,covariate_shift,mean_shift_pf_delta_0.100,I_XFY,regime,60,60,1.0,0.9403705077138331,1.0
gate3a_ood_tue_wed,covariate_shift,mean_shift_pf_delta_0.100,integrity_pred_disagreement,sensor_exact,60,30,0.5,0.368062031942437,0.631937968057563
gate3a_ood_tue_wed,covariate_shift,mean_shift_pf_delta_0.100,integrity_confusion_profile_l1_delta,sensor_exact,60,30,0.5,0.368062031942437,0.631937968057563
gate3a_ood_tue_wed,covariate_shift,mean_shift_pf_delta_0.100,integrity_confusion_profile_jsd_delta,sensor_exact,60,30,0.5,0.368062031942437,0.631937968057563
gate3a_ood_tue_wed,covariate_shift,mean_shift_pf_delta_0.100,label_flip_rate,sensor_exact,60,0,0.0,0.0,0.059629492286166916
gate3a_ood_tue_wed,covariate_shift,mean_shift_pf_delta_0.100,I_XF_item_aligned,regime_exact,60,30,0.5,0.368062031942437,0.631937968057563
gate3a_ood_tue_wed,covariate_shift,mean_shift_pf_delta_0.100,I_XFY_item_aligned,regime_exact,60,30,0.5,0.368062031942437,0.631937968057563
gate3a_ood_tue_wed,covariate_shift,scaling_drift_alpha_0.020,integrity_jsd_vs_clean_eval,sensor,60,33,0.55,0.416119145633216,0.6787784765366431
gate3a_ood_tue_wed,covariate_shift,scaling_drift_alpha_0.020,integrity_mmd_vs_clean_eval,sensor,60,0,0.0,0.0,0.059629492286166916
gate3a_ood_tue_wed,covariate_shift,scaling_drift_alpha_0.020,integrity_ks_reject05_vs_clean_eval,sensor,60,60,1.0,0.9403705077138331,1.0
gate3a_ood_tue_wed,covariate_shift,scaling_drift_alpha_0.020,integrity_score_jsd_vs_clean_eval,sensor,60,39,0.65,0.5159719906294329,0.76867357785154
gate3a_ood_tue_wed,covariate_shift,scaling_drift_alpha_0.020,integrity_pred_pos_rate_shift,sensor,60,10,0.16666666666666666,0.08292881015906373,0.28521925482870264
gate3a_ood_tue_wed,covariate_shift,scaling_drift_alpha_0.020,integrity_pred_jsd,sensor,60,16,0.26666666666666666,0.16074645159041537,0.39661034002549556
gate3a_ood_tue_wed,covariate_shift,scaling_drift_alpha_0.020,integrity_label_prior_shift,sensor,60,0,0.0,0.0,0.059629492286166916
gate3a_ood_tue_wed,covariate_shift,scaling_drift_alpha_0.020,integrity_label_jsd,sensor,60,0,0.0,0.0,0.059629492286166916
gate3a_ood_tue_wed,covariate_shift,scaling_drift_alpha_0.020,integrity_confusion_profile_l1,sensor,60,5,0.08333333333333333,0.027613310337426412,0.1838577833765858
gate3a_ood_tue_wed,covariate_shift,scaling_drift_alpha_0.020,integrity_confusion_profile_jsd,sensor,60,15,0.25,0.1471860737990036,0.37859635547954423
gate3a_ood_tue_wed,covariate_shift,scaling_drift_alpha_0.020,I_X,regime,60,60,1.0,0.9403705077138331,1.0
gate3a_ood_tue_wed,covariate_shift,scaling_drift_alpha_0.020,I_XF,regime,60,60,1.0,0.9403705077138331,1.0
gate3a_ood_tue_wed,covariate_shift,scaling_drift_alpha_0.020,I_Ym,regime,60,0,0.0,0.0,0.059629492286166916
gate3a_ood_tue_wed,covariate_shift,scaling_drift_alpha_0.020,I_XFY,regime,60,60,1.0,0.9403705077138331,1.0
gate3a_ood_tue_wed,covariate_shift,scaling_drift_alpha_0.020,integrity_pred_disagreement,sensor_exact,60,24,0.4,0.2756215787355349,0.5345945626885723
gate3a_ood_tue_wed,covariate_shift,scaling_drift_alpha_0.020,integrity_confusion_profile_l1_delta,sensor_exact,60,24,0.4,0.2756215787355349,0.5345945626885723
gate3a_ood_tue_wed,covariate_shift,scaling_drift_alpha_0.020,integrity_confusion_profile_jsd_delta,sensor_exact,60,24,0.4,0.2756215787355349,0.5345945626885723
gate3a_ood_tue_wed,covariate_shift,scaling_drift_alpha_0.020,label_flip_rate,sensor_exact,60,0,0.0,0.0,0.059629492286166916
gate3a_ood_tue_wed,covariate_shift,scaling_drift_alpha_0.020,I_XF_item_aligned,regime_exact,60,24,0.4,0.2756215787355349,0.5345945626885723
gate3a_ood_tue_wed,covariate_shift,scaling_drift_alpha_0.020,I_XFY_item_aligned,regime_exact,60,24,0.4,0.2756215787355349,0.5345945626885723
gate3a_ood_tue_wed,covariate_shift,scaling_drift_alpha_0.050,integrity_jsd_vs_clean_eval,sensor,60,60,1.0,0.9403705077138331,1.0
gate3a_ood_tue_wed,covariate_shift,scaling_drift_alpha_0.050,integrity_mmd_vs_clean_eval,sensor,60,0,0.0,0.0,0.059629492286166916
gate3a_ood_tue_wed,covariate_shift,scaling_drift_alpha_0.050,integrity_ks_reject05_vs_clean_eval,sensor,60,60,1.0,0.9403705077138331,1.0
gate3a_ood_tue_wed,covariate_shift,scaling_drift_alpha_0.050,integrity_score_jsd_vs_clean_eval,sensor,60,54,0.9,0.7949422632919361,0.962408730891434
gate3a_ood_tue_wed,covariate_shift,scaling_drift_alpha_0.050,integrity_pred_pos_rate_shift,sensor,60,10,0.16666666666666666,0.08292881015906373,0.28521925482870264
gate3a_ood_tue_wed,covariate_shift,scaling_drift_alpha_0.050,integrity_pred_jsd,sensor,60,17,0.2833333333333333,0.17450528351437516,0.41443606894983
gate3a_ood_tue_wed,covariate_shift,scaling_drift_alpha_0.050,integrity_label_prior_shift,sensor,60,0,0.0,0.0,0.059629492286166916
gate3a_ood_tue_wed,covariate_shift,scaling_drift_alpha_0.050,integrity_label_jsd,sensor,60,0,0.0,0.0,0.059629492286166916
gate3a_ood_tue_wed,covariate_shift,scaling_drift_alpha_0.050,integrity_confusion_profile_l1,sensor,60,5,0.08333333333333333,0.027613310337426412,0.1838577833765858
gate3a_ood_tue_wed,covariate_shift,scaling_drift_alpha_0.050,integrity_confusion_profile_jsd,sensor,60,16,0.26666666666666666,0.16074645159041537,0.39661034002549556
gate3a_ood_tue_wed,covariate_shift,scaling_drift_alpha_0.050,I_X,regime,60,60,1.0,0.9403705077138331,1.0
gate3a_ood_tue_wed,covariate_shift,scaling_drift_alpha_0.050,I_XF,regime,60,60,1.0,0.9403705077138331,1.0
gate3a_ood_tue_wed,covariate_shift,scaling_drift_alpha_0.050,I_Ym,regime,60,0,0.0,0.0,0.059629492286166916
gate3a_ood_tue_wed,covariate_shift,scaling_drift_alpha_0.050,I_XFY,regime,60,60,1.0,0.9403705077138331,1.0
gate3a_ood_tue_wed,covariate_shift,scaling_drift_alpha_0.050,integrity_pred_disagreement,sensor_exact,60,28,0.4666666666666667,0.33669913625045234,0.6000350974156975
gate3a_ood_tue_wed,covariate_shift,scaling_drift_alpha_0.050,integrity_confusion_profile_l1_delta,sensor_exact,60,28,0.4666666666666667,0.33669913625045234,0.6000350974156975
gate3a_ood_tue_wed,covariate_shift,scaling_drift_alpha_0.050,integrity_confusion_profile_jsd_delta,sensor_exact,60,28,0.4666666666666667,0.33669913625045234,0.6000350974156975
gate3a_ood_tue_wed,covariate_shift,scaling_drift_alpha_0.050,label_flip_rate,sensor_exact,60,0,0.0,0.0,0.059629492286166916
gate3a_ood_tue_wed,covariate_shift,scaling_drift_alpha_0.050,I_XF_item_aligned,regime_exact,60,28,0.4666666666666667,0.33669913625045234,0.6000350974156975
gate3a_ood_tue_wed,covariate_shift,scaling_drift_alpha_0.050,I_XFY_item_aligned,regime_exact,60,28,0.4666666666666667,0.33669913625045234,0.6000350974156975
gate3a_ood_tue_wed,covariate_shift,scaling_drift_alpha_0.100,integrity_jsd_vs_clean_eval,sensor,60,60,1.0,0.9403705077138331,1.0
gate3a_ood_tue_wed,covariate_shift,scaling_drift_alpha_0.100,integrity_mmd_vs_clean_eval,sensor,60,5,0.08333333333333333,0.027613310337426412,0.1838577833765858
gate3a_ood_tue_wed,covariate_shift,scaling_drift_alpha_0.100,integrity_ks_reject05_vs_clean_eval,sensor,60,60,1.0,0.9403705077138331,1.0
gate3a_ood_tue_wed,covariate_shift,scaling_drift_alpha_0.100,integrity_score_jsd_vs_clean_eval,sensor,60,59,0.9833333333333333,0.910600949942513,0.999578125547658
gate3a_ood_tue_wed,covariate_shift,scaling_drift_alpha_0.100,integrity_pred_pos_rate_shift,sensor,60,9,0.15,0.07095619525709117,0.26574044775729516
gate3a_ood_tue_wed,covariate_shift,scaling_drift_alpha_0.100,integrity_pred_jsd,sensor,60,17,0.2833333333333333,0.17450528351437516,0.41443606894983
gate3a_ood_tue_wed,covariate_shift,scaling_drift_alpha_0.100,integrity_label_prior_shift,sensor,60,0,0.0,0.0,0.059629492286166916
gate3a_ood_tue_wed,covariate_shift,scaling_drift_alpha_0.100,integrity_label_jsd,sensor,60,0,0.0,0.0,0.059629492286166916
gate3a_ood_tue_wed,covariate_shift,scaling_drift_alpha_0.100,integrity_confusion_profile_l1,sensor,60,4,0.06666666666666667,0.01846177757588151,0.1619867551977289
gate3a_ood_tue_wed,covariate_shift,scaling_drift_alpha_0.100,integrity_confusion_profile_jsd,sensor,60,16,0.26666666666666666,0.16074645159041537,0.39661034002549556
gate3a_ood_tue_wed,covariate_shift,scaling_drift_alpha_0.100,I_X,regime,60,60,1.0,0.9403705077138331,1.0
gate3a_ood_tue_wed,covariate_shift,scaling_drift_alpha_0.100,I_XF,regime,60,60,1.0,0.9403705077138331,1.0
gate3a_ood_tue_wed,covariate_shift,scaling_drift_alpha_0.100,I_Ym,regime,60,0,0.0,0.0,0.059629492286166916
gate3a_ood_tue_wed,covariate_shift,scaling_drift_alpha_0.100,I_XFY,regime,60,60,1.0,0.9403705077138331,1.0
gate3a_ood_tue_wed,covariate_shift,scaling_drift_alpha_0.100,integrity_pred_disagreement,sensor_exact,60,34,0.5666666666666667,0.4324096535546157,0.6941185731578272
gate3a_ood_tue_wed,covariate_shift,scaling_drift_alpha_0.100,integrity_confusion_profile_l1_delta,sensor_exact,60,33,0.55,0.416119145633216,0.6787784765366431
gate3a_ood_tue_wed,covariate_shift,scaling_drift_alpha_0.100,integrity_confusion_profile_jsd_delta,sensor_exact,60,33,0.55,0.416119145633216,0.6787784765366431
gate3a_ood_tue_wed,covariate_shift,scaling_drift_alpha_0.100,label_flip_rate,sensor_exact,60,0,0.0,0.0,0.059629492286166916
gate3a_ood_tue_wed,covariate_shift,scaling_drift_alpha_0.100,I_XF_item_aligned,regime_exact,60,34,0.5666666666666667,0.4324096535546157,0.6941185731578272
gate3a_ood_tue_wed,covariate_shift,scaling_drift_alpha_0.100,I_XFY_item_aligned,regime_exact,60,34,0.5666666666666667,0.4324096535546157,0.6941185731578272
gate3a_ood_tue_wed,pipeline,feature_dropout_p_0.020,integrity_jsd_vs_clean_eval,sensor,60,0,0.0,0.0,0.059629492286166916
gate3a_ood_tue_wed,pipeline,feature_dropout_p_0.020,integrity_mmd_vs_clean_eval,sensor,60,0,0.0,0.0,0.059629492286166916
gate3a_ood_tue_wed,pipeline,feature_dropout_p_0.020,integrity_ks_reject05_vs_clean_eval,sensor,60,0,0.0,0.0,0.059629492286166916
gate3a_ood_tue_wed,pipeline,feature_dropout_p_0.020,integrity_score_jsd_vs_clean_eval,sensor,60,0,0.0,0.0,0.059629492286166916
gate3a_ood_tue_wed,pipeline,feature_dropout_p_0.020,integrity_pred_pos_rate_shift,sensor,60,0,0.0,0.0,0.059629492286166916
gate3a_ood_tue_wed,pipeline,feature_dropout_p_0.020,integrity_pred_jsd,sensor,60,0,0.0,0.0,0.059629492286166916
gate3a_ood_tue_wed,pipeline,feature_dropout_p_0.020,integrity_label_prior_shift,sensor,60,0,0.0,0.0,0.059629492286166916
gate3a_ood_tue_wed,pipeline,feature_dropout_p_0.020,integrity_label_jsd,sensor,60,0,0.0,0.0,0.059629492286166916
gate3a_ood_tue_wed,pipeline,feature_dropout_p_0.020,integrity_confusion_profile_l1,sensor,60,0,0.0,0.0,0.059629492286166916
gate3a_ood_tue_wed,pipeline,feature_dropout_p_0.020,integrity_confusion_profile_jsd,sensor,60,0,0.0,0.0,0.059629492286166916
gate3a_ood_tue_wed,pipeline,feature_dropout_p_0.020,I_X,regime,60,0,0.0,0.0,0.059629492286166916
gate3a_ood_tue_wed,pipeline,feature_dropout_p_0.020,I_XF,regime,60,0,0.0,0.0,0.059629492286166916
gate3a_ood_tue_wed,pipeline,feature_dropout_p_0.020,I_Ym,regime,60,0,0.0,0.0,0.059629492286166916
gate3a_ood_tue_wed,pipeline,feature_dropout_p_0.020,I_XFY,regime,60,0,0.0,0.0,0.059629492286166916
gate3a_ood_tue_wed,pipeline,feature_dropout_p_0.020,integrity_pred_disagreement,sensor_exact,60,11,0.18333333333333332,0.09523582291656381,0.3043960547407762
gate3a_ood_tue_wed,pipeline,feature_dropout_p_0.020,integrity_confusion_profile_l1_delta,sensor_exact,60,11,0.18333333333333332,0.09523582291656381,0.3043960547407762
gate3a_ood_tue_wed,pipeline,feature_dropout_p_0.020,integrity_confusion_profile_jsd_delta,sensor_exact,60,11,0.18333333333333332,0.09523582291656381,0.3043960547407762
gate3a_ood_tue_wed,pipeline,feature_dropout_p_0.020,label_flip_rate,sensor_exact,60,0,0.0,0.0,0.059629492286166916
gate3a_ood_tue_wed,pipeline,feature_dropout_p_0.020,I_XF_item_aligned,regime_exact,60,11,0.18333333333333332,0.09523582291656381,0.3043960547407762
gate3a_ood_tue_wed,pipeline,feature_dropout_p_0.020,I_XFY_item_aligned,regime_exact,60,11,0.18333333333333332,0.09523582291656381,0.3043960547407762
gate3a_ood_tue_wed,pipeline,feature_dropout_p_0.050,integrity_jsd_vs_clean_eval,sensor,60,0,0.0,0.0,0.059629492286166916
gate3a_ood_tue_wed,pipeline,feature_dropout_p_0.050,integrity_mmd_vs_clean_eval,sensor,60,0,0.0,0.0,0.059629492286166916
gate3a_ood_tue_wed,pipeline,feature_dropout_p_0.050,integrity_ks_reject05_vs_clean_eval,sensor,60,0,0.0,0.0,0.059629492286166916
gate3a_ood_tue_wed,pipeline,feature_dropout_p_0.050,integrity_score_jsd_vs_clean_eval,sensor,60,0,0.0,0.0,0.059629492286166916
gate3a_ood_tue_wed,pipeline,feature_dropout_p_0.050,integrity_pred_pos_rate_shift,sensor,60,0,0.0,0.0,0.059629492286166916
gate3a_ood_tue_wed,pipeline,feature_dropout_p_0.050,integrity_pred_jsd,sensor,60,0,0.0,0.0,0.059629492286166916
gate3a_ood_tue_wed,pipeline,feature_dropout_p_0.050,integrity_label_prior_shift,sensor,60,0,0.0,0.0,0.059629492286166916
gate3a_ood_tue_wed,pipeline,feature_dropout_p_0.050,integrity_label_jsd,sensor,60,0,0.0,0.0,0.059629492286166916
gate3a_ood_tue_wed,pipeline,feature_dropout_p_0.050,integrity_confusion_profile_l1,sensor,60,0,0.0,0.0,0.059629492286166916
gate3a_ood_tue_wed,pipeline,feature_dropout_p_0.050,integrity_confusion_profile_jsd,sensor,60,0,0.0,0.0,0.059629492286166916
gate3a_ood_tue_wed,pipeline,feature_dropout_p_0.050,I_X,regime,60,0,0.0,0.0,0.059629492286166916
gate3a_ood_tue_wed,pipeline,feature_dropout_p_0.050,I_XF,regime,60,0,0.0,0.0,0.059629492286166916
gate3a_ood_tue_wed,pipeline,feature_dropout_p_0.050,I_Ym,regime,60,0,0.0,0.0,0.059629492286166916
gate3a_ood_tue_wed,pipeline,feature_dropout_p_0.050,I_XFY,regime,60,0,0.0,0.0,0.059629492286166916
gate3a_ood_tue_wed,pipeline,feature_dropout_p_0.050,integrity_pred_disagreement,sensor_exact,60,22,0.36666666666666664,0.24594061043728702,0.5010307176437072
gate3a_ood_tue_wed,pipeline,feature_dropout_p_0.050,integrity_confusion_profile_l1_delta,sensor_exact,60,22,0.36666666666666664,0.24594061043728702,0.5010307176437072
gate3a_ood_tue_wed,pipeline,feature_dropout_p_0.050,integrity_confusion_profile_jsd_delta,sensor_exact,60,22,0.36666666666666664,0.24594061043728702,0.5010307176437072
gate3a_ood_tue_wed,pipeline,feature_dropout_p_0.050,label_flip_rate,sensor_exact,60,0,0.0,0.0,0.059629492286166916
gate3a_ood_tue_wed,pipeline,feature_dropout_p_0.050,I_XF_item_aligned,regime_exact,60,22,0.36666666666666664,0.24594061043728702,0.5010307176437072
gate3a_ood_tue_wed,pipeline,feature_dropout_p_0.050,I_XFY_item_aligned,regime_exact,60,22,0.36666666666666664,0.24594061043728702,0.5010307176437072
gate3a_ood_tue_wed,pipeline,feature_dropout_p_0.100,integrity_jsd_vs_clean_eval,sensor,60,0,0.0,0.0,0.059629492286166916
gate3a_ood_tue_wed,pipeline,feature_dropout_p_0.100,integrity_mmd_vs_clean_eval,sensor,60,0,0.0,0.0,0.059629492286166916
gate3a_ood_tue_wed,pipeline,feature_dropout_p_0.100,integrity_ks_reject05_vs_clean_eval,sensor,60,0,0.0,0.0,0.059629492286166916
gate3a_ood_tue_wed,pipeline,feature_dropout_p_0.100,integrity_score_jsd_vs_clean_eval,sensor,60,0,0.0,0.0,0.059629492286166916
gate3a_ood_tue_wed,pipeline,feature_dropout_p_0.100,integrity_pred_pos_rate_shift,sensor,60,0,0.0,0.0,0.059629492286166916
gate3a_ood_tue_wed,pipeline,feature_dropout_p_0.100,integrity_pred_jsd,sensor,60,0,0.0,0.0,0.059629492286166916
gate3a_ood_tue_wed,pipeline,feature_dropout_p_0.100,integrity_label_prior_shift,sensor,60,0,0.0,0.0,0.059629492286166916
gate3a_ood_tue_wed,pipeline,feature_dropout_p_0.100,integrity_label_jsd,sensor,60,0,0.0,0.0,0.059629492286166916
gate3a_ood_tue_wed,pipeline,feature_dropout_p_0.100,integrity_confusion_profile_l1,sensor,60,0,0.0,0.0,0.059629492286166916
gate3a_ood_tue_wed,pipeline,feature_dropout_p_0.100,integrity_confusion_profile_jsd,sensor,60,0,0.0,0.0,0.059629492286166916
gate3a_ood_tue_wed,pipeline,feature_dropout_p_0.100,I_X,regime,60,0,0.0,0.0,0.059629492286166916
gate3a_ood_tue_wed,pipeline,feature_dropout_p_0.100,I_XF,regime,60,0,0.0,0.0,0.059629492286166916
gate3a_ood_tue_wed,pipeline,feature_dropout_p_0.100,I_Ym,regime,60,0,0.0,0.0,0.059629492286166916
gate3a_ood_tue_wed,pipeline,feature_dropout_p_0.100,I_XFY,regime,60,0,0.0,0.0,0.059629492286166916
gate3a_ood_tue_wed,pipeline,feature_dropout_p_0.100,integrity_pred_disagreement,sensor_exact,60,23,0.38333333333333336,0.26070705801599925,0.5178850485688385
gate3a_ood_tue_wed,pipeline,feature_dropout_p_0.100,integrity_confusion_profile_l1_delta,sensor_exact,60,23,0.38333333333333336,0.26070705801599925,0.5178850485688385
gate3a_ood_tue_wed,pipeline,feature_dropout_p_0.100,integrity_confusion_profile_jsd_delta,sensor_exact,60,23,0.38333333333333336,0.26070705801599925,0.5178850485688385
gate3a_ood_tue_wed,pipeline,feature_dropout_p_0.100,label_flip_rate,sensor_exact,60,0,0.0,0.0,0.059629492286166916
gate3a_ood_tue_wed,pipeline,feature_dropout_p_0.100,I_XF_item_aligned,regime_exact,60,23,0.38333333333333336,0.26070705801599925,0.5178850485688385
gate3a_ood_tue_wed,pipeline,feature_dropout_p_0.100,I_XFY_item_aligned,regime_exact,60,23,0.38333333333333336,0.26070705801599925,0.5178850485688385
gate3a_ood_tue_wed,target_shift,label_flip_prior_preserving_r_0.020,integrity_jsd_vs_clean_eval,sensor,60,0,0.0,0.0,0.059629492286166916
gate3a_ood_tue_wed,target_shift,label_flip_prior_preserving_r_0.020,integrity_mmd_vs_clean_eval,sensor,60,0,0.0,0.0,0.059629492286166916
gate3a_ood_tue_wed,target_shift,label_flip_prior_preserving_r_0.020,integrity_ks_reject05_vs_clean_eval,sensor,60,0,0.0,0.0,0.059629492286166916
gate3a_ood_tue_wed,target_shift,label_flip_prior_preserving_r_0.020,integrity_score_jsd_vs_clean_eval,sensor,60,0,0.0,0.0,0.059629492286166916
gate3a_ood_tue_wed,target_shift,label_flip_prior_preserving_r_0.020,integrity_pred_pos_rate_shift,sensor,60,0,0.0,0.0,0.059629492286166916
gate3a_ood_tue_wed,target_shift,label_flip_prior_preserving_r_0.020,integrity_pred_jsd,sensor,60,0,0.0,0.0,0.059629492286166916
gate3a_ood_tue_wed,target_shift,label_flip_prior_preserving_r_0.020,integrity_label_prior_shift,sensor,60,0,0.0,0.0,0.059629492286166916
gate3a_ood_tue_wed,target_shift,label_flip_prior_preserving_r_0.020,integrity_label_jsd,sensor,60,0,0.0,0.0,0.059629492286166916
gate3a_ood_tue_wed,target_shift,label_flip_prior_preserving_r_0.020,integrity_confusion_profile_l1,sensor,60,0,0.0,0.0,0.059629492286166916
gate3a_ood_tue_wed,target_shift,label_flip_prior_preserving_r_0.020,integrity_confusion_profile_jsd,sensor,60,0,0.0,0.0,0.059629492286166916
gate3a_ood_tue_wed,target_shift,label_flip_prior_preserving_r_0.020,I_X,regime,60,0,0.0,0.0,0.059629492286166916
gate3a_ood_tue_wed,target_shift,label_flip_prior_preserving_r_0.020,I_XF,regime,60,0,0.0,0.0,0.059629492286166916
gate3a_ood_tue_wed,target_shift,label_flip_prior_preserving_r_0.020,I_Ym,regime,60,0,0.0,0.0,0.059629492286166916
gate3a_ood_tue_wed,target_shift,label_flip_prior_preserving_r_0.020,I_XFY,regime,60,0,0.0,0.0,0.059629492286166916
gate3a_ood_tue_wed,target_shift,label_flip_prior_preserving_r_0.020,integrity_pred_disagreement,sensor_exact,60,0,0.0,0.0,0.059629492286166916
gate3a_ood_tue_wed,target_shift,label_flip_prior_preserving_r_0.020,integrity_confusion_profile_l1_delta,sensor_exact,60,9,0.15,0.07095619525709117,0.26574044775729516
gate3a_ood_tue_wed,target_shift,label_flip_prior_preserving_r_0.020,integrity_confusion_profile_jsd_delta,sensor_exact,60,9,0.15,0.07095619525709117,0.26574044775729516
gate3a_ood_tue_wed,target_shift,label_flip_prior_preserving_r_0.020,label_flip_rate,sensor_exact,60,60,1.0,0.9403705077138331,1.0
gate3a_ood_tue_wed,target_shift,label_flip_prior_preserving_r_0.020,I_XF_item_aligned,regime_exact,60,0,0.0,0.0,0.059629492286166916
gate3a_ood_tue_wed,target_shift,label_flip_prior_preserving_r_0.020,I_XFY_item_aligned,regime_exact,60,60,1.0,0.9403705077138331,1.0
gate3a_ood_tue_wed,target_shift,label_flip_prior_preserving_r_0.050,integrity_jsd_vs_clean_eval,sensor,60,0,0.0,0.0,0.059629492286166916
gate3a_ood_tue_wed,target_shift,label_flip_prior_preserving_r_0.050,integrity_mmd_vs_clean_eval,sensor,60,0,0.0,0.0,0.059629492286166916
gate3a_ood_tue_wed,target_shift,label_flip_prior_preserving_r_0.050,integrity_ks_reject05_vs_clean_eval,sensor,60,0,0.0,0.0,0.059629492286166916
gate3a_ood_tue_wed,target_shift,label_flip_prior_preserving_r_0.050,integrity_score_jsd_vs_clean_eval,sensor,60,0,0.0,0.0,0.059629492286166916
gate3a_ood_tue_wed,target_shift,label_flip_prior_preserving_r_0.050,integrity_pred_pos_rate_shift,sensor,60,0,0.0,0.0,0.059629492286166916
gate3a_ood_tue_wed,target_shift,label_flip_prior_preserving_r_0.050,integrity_pred_jsd,sensor,60,0,0.0,0.0,0.059629492286166916
gate3a_ood_tue_wed,target_shift,label_flip_prior_preserving_r_0.050,integrity_label_prior_shift,sensor,60,0,0.0,0.0,0.059629492286166916
gate3a_ood_tue_wed,target_shift,label_flip_prior_preserving_r_0.050,integrity_label_jsd,sensor,60,0,0.0,0.0,0.059629492286166916
gate3a_ood_tue_wed,target_shift,label_flip_prior_preserving_r_0.050,integrity_confusion_profile_l1,sensor,60,0,0.0,0.0,0.059629492286166916
gate3a_ood_tue_wed,target_shift,label_flip_prior_preserving_r_0.050,integrity_confusion_profile_jsd,sensor,60,0,0.0,0.0,0.059629492286166916
gate3a_ood_tue_wed,target_shift,label_flip_prior_preserving_r_0.050,I_X,regime,60,0,0.0,0.0,0.059629492286166916
gate3a_ood_tue_wed,target_shift,label_flip_prior_preserving_r_0.050,I_XF,regime,60,0,0.0,0.0,0.059629492286166916
gate3a_ood_tue_wed,target_shift,label_flip_prior_preserving_r_0.050,I_Ym,regime,60,0,0.0,0.0,0.059629492286166916
gate3a_ood_tue_wed,target_shift,label_flip_prior_preserving_r_0.050,I_XFY,regime,60,0,0.0,0.0,0.059629492286166916
gate3a_ood_tue_wed,target_shift,label_flip_prior_preserving_r_0.050,integrity_pred_disagreement,sensor_exact,60,0,0.0,0.0,0.059629492286166916
gate3a_ood_tue_wed,target_shift,label_flip_prior_preserving_r_0.050,integrity_confusion_profile_l1_delta,sensor_exact,60,10,0.16666666666666666,0.08292881015906373,0.28521925482870264
gate3a_ood_tue_wed,target_shift,label_flip_prior_preserving_r_0.050,integrity_confusion_profile_jsd_delta,sensor_exact,60,10,0.16666666666666666,0.08292881015906373,0.28521925482870264
gate3a_ood_tue_wed,target_shift,label_flip_prior_preserving_r_0.050,label_flip_rate,sensor_exact,60,60,1.0,0.9403705077138331,1.0
gate3a_ood_tue_wed,target_shift,label_flip_prior_preserving_r_0.050,I_XF_item_aligned,regime_exact,60,0,0.0,0.0,0.059629492286166916
gate3a_ood_tue_wed,target_shift,label_flip_prior_preserving_r_0.050,I_XFY_item_aligned,regime_exact,60,60,1.0,0.9403705077138331,1.0
gate3a_ood_tue_wed,target_shift,label_flip_prior_preserving_r_0.100,integrity_jsd_vs_clean_eval,sensor,60,0,0.0,0.0,0.059629492286166916
gate3a_ood_tue_wed,target_shift,label_flip_prior_preserving_r_0.100,integrity_mmd_vs_clean_eval,sensor,60,0,0.0,0.0,0.059629492286166916
gate3a_ood_tue_wed,target_shift,label_flip_prior_preserving_r_0.100,integrity_ks_reject05_vs_clean_eval,sensor,60,0,0.0,0.0,0.059629492286166916
gate3a_ood_tue_wed,target_shift,label_flip_prior_preserving_r_0.100,integrity_score_jsd_vs_clean_eval,sensor,60,0,0.0,0.0,0.059629492286166916
gate3a_ood_tue_wed,target_shift,label_flip_prior_preserving_r_0.100,integrity_pred_pos_rate_shift,sensor,60,0,0.0,0.0,0.059629492286166916
gate3a_ood_tue_wed,target_shift,label_flip_prior_preserving_r_0.100,integrity_pred_jsd,sensor,60,0,0.0,0.0,0.059629492286166916
gate3a_ood_tue_wed,target_shift,label_flip_prior_preserving_r_0.100,integrity_label_prior_shift,sensor,60,0,0.0,0.0,0.059629492286166916
gate3a_ood_tue_wed,target_shift,label_flip_prior_preserving_r_0.100,integrity_label_jsd,sensor,60,0,0.0,0.0,0.059629492286166916
gate3a_ood_tue_wed,target_shift,label_flip_prior_preserving_r_0.100,integrity_confusion_profile_l1,sensor,60,0,0.0,0.0,0.059629492286166916
gate3a_ood_tue_wed,target_shift,label_flip_prior_preserving_r_0.100,integrity_confusion_profile_jsd,sensor,60,0,0.0,0.0,0.059629492286166916
gate3a_ood_tue_wed,target_shift,label_flip_prior_preserving_r_0.100,I_X,regime,60,0,0.0,0.0,0.059629492286166916
gate3a_ood_tue_wed,target_shift,label_flip_prior_preserving_r_0.100,I_XF,regime,60,0,0.0,0.0,0.059629492286166916
gate3a_ood_tue_wed,target_shift,label_flip_prior_preserving_r_0.100,I_Ym,regime,60,0,0.0,0.0,0.059629492286166916
gate3a_ood_tue_wed,target_shift,label_flip_prior_preserving_r_0.100,I_XFY,regime,60,0,0.0,0.0,0.059629492286166916
gate3a_ood_tue_wed,target_shift,label_flip_prior_preserving_r_0.100,integrity_pred_disagreement,sensor_exact,60,0,0.0,0.0,0.059629492286166916
gate3a_ood_tue_wed,target_shift,label_flip_prior_preserving_r_0.100,integrity_confusion_profile_l1_delta,sensor_exact,60,28,0.4666666666666667,0.33669913625045234,0.6000350974156975
gate3a_ood_tue_wed,target_shift,label_flip_prior_preserving_r_0.100,integrity_confusion_profile_jsd_delta,sensor_exact,60,28,0.4666666666666667,0.33669913625045234,0.6000350974156975
gate3a_ood_tue_wed,target_shift,label_flip_prior_preserving_r_0.100,label_flip_rate,sensor_exact,60,60,1.0,0.9403705077138331,1.0
gate3a_ood_tue_wed,target_shift,label_flip_prior_preserving_r_0.100,I_XF_item_aligned,regime_exact,60,0,0.0,0.0,0.059629492286166916
gate3a_ood_tue_wed,target_shift,label_flip_prior_preserving_r_0.100,I_XFY_item_aligned,regime_exact,60,60,1.0,0.9403705077138331,1.0
gate3a_ood_tue_wed,target_shift,label_flip_r_0.020,integrity_jsd_vs_clean_eval,sensor,60,0,0.0,0.0,0.059629492286166916
gate3a_ood_tue_wed,target_shift,label_flip_r_0.020,integrity_mmd_vs_clean_eval,sensor,60,0,0.0,0.0,0.059629492286166916
gate3a_ood_tue_wed,target_shift,label_flip_r_0.020,integrity_ks_reject05_vs_clean_eval,sensor,60,0,0.0,0.0,0.059629492286166916
gate3a_ood_tue_wed,target_shift,label_flip_r_0.020,integrity_score_jsd_vs_clean_eval,sensor,60,0,0.0,0.0,0.059629492286166916
gate3a_ood_tue_wed,target_shift,label_flip_r_0.020,integrity_pred_pos_rate_shift,sensor,60,0,0.0,0.0,0.059629492286166916
gate3a_ood_tue_wed,target_shift,label_flip_r_0.020,integrity_pred_jsd,sensor,60,0,0.0,0.0,0.059629492286166916
gate3a_ood_tue_wed,target_shift,label_flip_r_0.020,integrity_label_prior_shift,sensor,60,0,0.0,0.0,0.059629492286166916
gate3a_ood_tue_wed,target_shift,label_flip_r_0.020,integrity_label_jsd,sensor,60,0,0.0,0.0,0.059629492286166916
gate3a_ood_tue_wed,target_shift,label_flip_r_0.020,integrity_confusion_profile_l1,sensor,60,0,0.0,0.0,0.059629492286166916
gate3a_ood_tue_wed,target_shift,label_flip_r_0.020,integrity_confusion_profile_jsd,sensor,60,0,0.0,0.0,0.059629492286166916
gate3a_ood_tue_wed,target_shift,label_flip_r_0.020,I_X,regime,60,0,0.0,0.0,0.059629492286166916
gate3a_ood_tue_wed,target_shift,label_flip_r_0.020,I_XF,regime,60,0,0.0,0.0,0.059629492286166916
gate3a_ood_tue_wed,target_shift,label_flip_r_0.020,I_Ym,regime,60,0,0.0,0.0,0.059629492286166916
gate3a_ood_tue_wed,target_shift,label_flip_r_0.020,I_XFY,regime,60,0,0.0,0.0,0.059629492286166916
gate3a_ood_tue_wed,target_shift,label_flip_r_0.020,integrity_pred_disagreement,sensor_exact,60,0,0.0,0.0,0.059629492286166916
gate3a_ood_tue_wed,target_shift,label_flip_r_0.020,integrity_confusion_profile_l1_delta,sensor_exact,60,57,0.95,0.8607567532789272,0.9895676703556517
gate3a_ood_tue_wed,target_shift,label_flip_r_0.020,integrity_confusion_profile_jsd_delta,sensor_exact,60,57,0.95,0.8607567532789272,0.9895676703556517
gate3a_ood_tue_wed,target_shift,label_flip_r_0.020,label_flip_rate,sensor_exact,60,60,1.0,0.9403705077138331,1.0
gate3a_ood_tue_wed,target_shift,label_flip_r_0.020,I_XF_item_aligned,regime_exact,60,0,0.0,0.0,0.059629492286166916
gate3a_ood_tue_wed,target_shift,label_flip_r_0.020,I_XFY_item_aligned,regime_exact,60,60,1.0,0.9403705077138331,1.0
gate3a_ood_tue_wed,target_shift,label_flip_r_0.050,integrity_jsd_vs_clean_eval,sensor,60,0,0.0,0.0,0.059629492286166916
gate3a_ood_tue_wed,target_shift,label_flip_r_0.050,integrity_mmd_vs_clean_eval,sensor,60,0,0.0,0.0,0.059629492286166916
gate3a_ood_tue_wed,target_shift,label_flip_r_0.050,integrity_ks_reject05_vs_clean_eval,sensor,60,0,0.0,0.0,0.059629492286166916
gate3a_ood_tue_wed,target_shift,label_flip_r_0.050,integrity_score_jsd_vs_clean_eval,sensor,60,0,0.0,0.0,0.059629492286166916
gate3a_ood_tue_wed,target_shift,label_flip_r_0.050,integrity_pred_pos_rate_shift,sensor,60,0,0.0,0.0,0.059629492286166916
gate3a_ood_tue_wed,target_shift,label_flip_r_0.050,integrity_pred_jsd,sensor,60,0,0.0,0.0,0.059629492286166916
gate3a_ood_tue_wed,target_shift,label_flip_r_0.050,integrity_label_prior_shift,sensor,60,0,0.0,0.0,0.059629492286166916
gate3a_ood_tue_wed,target_shift,label_flip_r_0.050,integrity_label_jsd,sensor,60,0,0.0,0.0,0.059629492286166916
gate3a_ood_tue_wed,target_shift,label_flip_r_0.050,integrity_confusion_profile_l1,sensor,60,0,0.0,0.0,0.059629492286166916
gate3a_ood_tue_wed,target_shift,label_flip_r_0.050,integrity_confusion_profile_jsd,sensor,60,0,0.0,0.0,0.059629492286166916
gate3a_ood_tue_wed,target_shift,label_flip_r_0.050,I_X,regime,60,0,0.0,0.0,0.059629492286166916
gate3a_ood_tue_wed,target_shift,label_flip_r_0.050,I_XF,regime,60,0,0.0,0.0,0.059629492286166916
gate3a_ood_tue_wed,target_shift,label_flip_r_0.050,I_Ym,regime,60,0,0.0,0.0,0.059629492286166916
gate3a_ood_tue_wed,target_shift,label_flip_r_0.050,I_XFY,regime,60,0,0.0,0.0,0.059629492286166916
gate3a_ood_tue_wed,target_shift,label_flip_r_0.050,integrity_pred_disagreement,sensor_exact,60,0,0.0,0.0,0.059629492286166916
gate3a_ood_tue_wed,target_shift,label_flip_r_0.050,integrity_confusion_profile_l1_delta,sensor_exact,60,46,0.7666666666666667,0.6396172128942423,0.866162656111152
gate3a_ood_tue_wed,target_shift,label_flip_r_0.050,integrity_confusion_profile_jsd_delta,sensor_exact,60,46,0.7666666666666667,0.6396172128942423,0.866162656111152
gate3a_ood_tue_wed,target_shift,label_flip_r_0.050,label_flip_rate,sensor_exact,60,60,1.0,0.9403705077138331,1.0
gate3a_ood_tue_wed,target_shift,label_flip_r_0.050,I_XF_item_aligned,regime_exact,60,0,0.0,0.0,0.059629492286166916
gate3a_ood_tue_wed,target_shift,label_flip_r_0.050,I_XFY_item_aligned,regime_exact,60,60,1.0,0.9403705077138331,1.0
gate3a_ood_tue_wed,target_shift,label_flip_r_0.100,integrity_jsd_vs_clean_eval,sensor,60,0,0.0,0.0,0.059629492286166916
gate3a_ood_tue_wed,target_shift,label_flip_r_0.100,integrity_mmd_vs_clean_eval,sensor,60,0,0.0,0.0,0.059629492286166916
gate3a_ood_tue_wed,target_shift,label_flip_r_0.100,integrity_ks_reject05_vs_clean_eval,sensor,60,0,0.0,0.0,0.059629492286166916
gate3a_ood_tue_wed,target_shift,label_flip_r_0.100,integrity_score_jsd_vs_clean_eval,sensor,60,0,0.0,0.0,0.059629492286166916
gate3a_ood_tue_wed,target_shift,label_flip_r_0.100,integrity_pred_pos_rate_shift,sensor,60,0,0.0,0.0,0.059629492286166916
gate3a_ood_tue_wed,target_shift,label_flip_r_0.100,integrity_pred_jsd,sensor,60,0,0.0,0.0,0.059629492286166916
gate3a_ood_tue_wed,target_shift,label_flip_r_0.100,integrity_label_prior_shift,sensor,60,0,0.0,0.0,0.059629492286166916
gate3a_ood_tue_wed,target_shift,label_flip_r_0.100,integrity_label_jsd,sensor,60,0,0.0,0.0,0.059629492286166916
gate3a_ood_tue_wed,target_shift,label_flip_r_0.100,integrity_confusion_profile_l1,sensor,60,0,0.0,0.0,0.059629492286166916
gate3a_ood_tue_wed,target_shift,label_flip_r_0.100,integrity_confusion_profile_jsd,sensor,60,0,0.0,0.0,0.059629492286166916
gate3a_ood_tue_wed,target_shift,label_flip_r_0.100,I_X,regime,60,0,0.0,0.0,0.059629492286166916
gate3a_ood_tue_wed,target_shift,label_flip_r_0.100,I_XF,regime,60,0,0.0,0.0,0.059629492286166916
gate3a_ood_tue_wed,target_shift,label_flip_r_0.100,I_Ym,regime,60,0,0.0,0.0,0.059629492286166916
gate3a_ood_tue_wed,target_shift,label_flip_r_0.100,I_XFY,regime,60,0,0.0,0.0,0.059629492286166916
gate3a_ood_tue_wed,target_shift,label_flip_r_0.100,integrity_pred_disagreement,sensor_exact,60,0,0.0,0.0,0.059629492286166916
gate3a_ood_tue_wed,target_shift,label_flip_r_0.100,integrity_confusion_profile_l1_delta,sensor_exact,60,60,1.0,0.9403705077138331,1.0
gate3a_ood_tue_wed,target_shift,label_flip_r_0.100,integrity_confusion_profile_jsd_delta,sensor_exact,60,60,1.0,0.9403705077138331,1.0
gate3a_ood_tue_wed,target_shift,label_flip_r_0.100,label_flip_rate,sensor_exact,60,60,1.0,0.9403705077138331,1.0
gate3a_ood_tue_wed,target_shift,label_flip_r_0.100,I_XF_item_aligned,regime_exact,60,0,0.0,0.0,0.059629492286166916
gate3a_ood_tue_wed,target_shift,label_flip_r_0.100,I_XFY_item_aligned,regime_exact,60,60,1.0,0.9403705077138331,1.0
gate3b_ood_tue_fri_portscan,corruption,feature_sign_flip_p_0.020,integrity_jsd_vs_clean_eval,sensor,60,0,0.0,0.0,0.059629492286166916
gate3b_ood_tue_fri_portscan,corruption,feature_sign_flip_p_0.020,integrity_mmd_vs_clean_eval,sensor,60,19,0.31666666666666665,0.20257550711897182,0.4495596877640524
gate3b_ood_tue_fri_portscan,corruption,feature_sign_flip_p_0.020,integrity_ks_reject05_vs_clean_eval,sensor,60,0,0.0,0.0,0.059629492286166916
gate3b_ood_tue_fri_portscan,corruption,feature_sign_flip_p_0.020,integrity_score_jsd_vs_clean_eval,sensor,60,0,0.0,0.0,0.059629492286166916
gate3b_ood_tue_fri_portscan,corruption,feature_sign_flip_p_0.020,integrity_pred_pos_rate_shift,sensor,60,1,0.016666666666666666,0.00042187445234200915,0.08939905005748702
gate3b_ood_tue_fri_portscan,corruption,feature_sign_flip_p_0.020,integrity_pred_jsd,sensor,60,1,0.016666666666666666,0.00042187445234200915,0.08939905005748702
gate3b_ood_tue_fri_portscan,corruption,feature_sign_flip_p_0.020,integrity_label_prior_shift,sensor,60,0,0.0,0.0,0.059629492286166916
gate3b_ood_tue_fri_portscan,corruption,feature_sign_flip_p_0.020,integrity_label_jsd,sensor,60,0,0.0,0.0,0.059629492286166916
gate3b_ood_tue_fri_portscan,corruption,feature_sign_flip_p_0.020,integrity_confusion_profile_l1,sensor,60,0,0.0,0.0,0.059629492286166916
gate3b_ood_tue_fri_portscan,corruption,feature_sign_flip_p_0.020,integrity_confusion_profile_jsd,sensor,60,1,0.016666666666666666,0.00042187445234200915,0.08939905005748702
gate3b_ood_tue_fri_portscan,corruption,feature_sign_flip_p_0.020,I_X,regime,60,19,0.31666666666666665,0.20257550711897182,0.4495596877640524
gate3b_ood_tue_fri_portscan,corruption,feature_sign_flip_p_0.020,I_XF,regime,60,19,0.31666666666666665,0.20257550711897182,0.4495596877640524
gate3b_ood_tue_fri_portscan,corruption,feature_sign_flip_p_0.020,I_Ym,regime,60,0,0.0,0.0,0.059629492286166916
gate3b_ood_tue_fri_portscan,corruption,feature_sign_flip_p_0.020,I_XFY,regime,60,19,0.31666666666666665,0.20257550711897182,0.4495596877640524
gate3b_ood_tue_fri_portscan,corruption,feature_sign_flip_p_0.020,integrity_pred_disagreement,sensor_exact,60,25,0.4166666666666667,0.2906806664704227,0.5511622022459879
gate3b_ood_tue_fri_portscan,corruption,feature_sign_flip_p_0.020,integrity_confusion_profile_l1_delta,sensor_exact,60,25,0.4166666666666667,0.2906806664704227,0.5511622022459879
gate3b_ood_tue_fri_portscan,corruption,feature_sign_flip_p_0.020,integrity_confusion_profile_jsd_delta,sensor_exact,60,25,0.4166666666666667,0.2906806664704227,0.5511622022459879
gate3b_ood_tue_fri_portscan,corruption,feature_sign_flip_p_0.020,label_flip_rate,sensor_exact,60,0,0.0,0.0,0.059629492286166916
gate3b_ood_tue_fri_portscan,corruption,feature_sign_flip_p_0.020,I_XF_item_aligned,regime_exact,60,25,0.4166666666666667,0.2906806664704227,0.5511622022459879
gate3b_ood_tue_fri_portscan,corruption,feature_sign_flip_p_0.020,I_XFY_item_aligned,regime_exact,60,25,0.4166666666666667,0.2906806664704227,0.5511622022459879
gate3b_ood_tue_fri_portscan,corruption,feature_sign_flip_p_0.050,integrity_jsd_vs_clean_eval,sensor,60,0,0.0,0.0,0.059629492286166916
gate3b_ood_tue_fri_portscan,corruption,feature_sign_flip_p_0.050,integrity_mmd_vs_clean_eval,sensor,60,51,0.85,0.7342595522427049,0.9290438047429088
gate3b_ood_tue_fri_portscan,corruption,feature_sign_flip_p_0.050,integrity_ks_reject05_vs_clean_eval,sensor,60,0,0.0,0.0,0.059629492286166916
gate3b_ood_tue_fri_portscan,corruption,feature_sign_flip_p_0.050,integrity_score_jsd_vs_clean_eval,sensor,60,30,0.5,0.368062031942437,0.631937968057563
gate3b_ood_tue_fri_portscan,corruption,feature_sign_flip_p_0.050,integrity_pred_pos_rate_shift,sensor,60,17,0.2833333333333333,0.17450528351437516,0.41443606894983
gate3b_ood_tue_fri_portscan,corruption,feature_sign_flip_p_0.050,integrity_pred_jsd,sensor,60,17,0.2833333333333333,0.17450528351437516,0.41443606894983
gate3b_ood_tue_fri_portscan,corruption,feature_sign_flip_p_0.050,integrity_label_prior_shift,sensor,60,0,0.0,0.0,0.059629492286166916
gate3b_ood_tue_fri_portscan,corruption,feature_sign_flip_p_0.050,integrity_label_jsd,sensor,60,0,0.0,0.0,0.059629492286166916
gate3b_ood_tue_fri_portscan,corruption,feature_sign_flip_p_0.050,integrity_confusion_profile_l1,sensor,60,17,0.2833333333333333,0.17450528351437516,0.41443606894983
gate3b_ood_tue_fri_portscan,corruption,feature_sign_flip_p_0.050,integrity_confusion_profile_jsd,sensor,60,16,0.26666666666666666,0.16074645159041537,0.39661034002549556
gate3b_ood_tue_fri_portscan,corruption,feature_sign_flip_p_0.050,I_X,regime,60,51,0.85,0.7342595522427049,0.9290438047429088
gate3b_ood_tue_fri_portscan,corruption,feature_sign_flip_p_0.050,I_XF,regime,60,54,0.9,0.7949422632919361,0.962408730891434
gate3b_ood_tue_fri_portscan,corruption,feature_sign_flip_p_0.050,I_Ym,regime,60,0,0.0,0.0,0.059629492286166916
gate3b_ood_tue_fri_portscan,corruption,feature_sign_flip_p_0.050,I_XFY,regime,60,54,0.9,0.7949422632919361,0.962408730891434
gate3b_ood_tue_fri_portscan,corruption,feature_sign_flip_p_0.050,integrity_pred_disagreement,sensor_exact,60,28,0.4666666666666667,0.33669913625045234,0.6000350974156975
gate3b_ood_tue_fri_portscan,corruption,feature_sign_flip_p_0.050,integrity_confusion_profile_l1_delta,sensor_exact,60,28,0.4666666666666667,0.33669913625045234,0.6000350974156975
gate3b_ood_tue_fri_portscan,corruption,feature_sign_flip_p_0.050,integrity_confusion_profile_jsd_delta,sensor_exact,60,28,0.4666666666666667,0.33669913625045234,0.6000350974156975
gate3b_ood_tue_fri_portscan,corruption,feature_sign_flip_p_0.050,label_flip_rate,sensor_exact,60,0,0.0,0.0,0.059629492286166916
gate3b_ood_tue_fri_portscan,corruption,feature_sign_flip_p_0.050,I_XF_item_aligned,regime_exact,60,28,0.4666666666666667,0.33669913625045234,0.6000350974156975
gate3b_ood_tue_fri_portscan,corruption,feature_sign_flip_p_0.050,I_XFY_item_aligned,regime_exact,60,28,0.4666666666666667,0.33669913625045234,0.6000350974156975
gate3b_ood_tue_fri_portscan,corruption,feature_sign_flip_p_0.100,integrity_jsd_vs_clean_eval,sensor,60,0,0.0,0.0,0.059629492286166916
gate3b_ood_tue_fri_portscan,corruption,feature_sign_flip_p_0.100,integrity_mmd_vs_clean_eval,sensor,60,58,0.9666666666666667,0.8847189555807483,0.9959373753579065
gate3b_ood_tue_fri_portscan,corruption,feature_sign_flip_p_0.100,integrity_ks_reject05_vs_clean_eval,sensor,60,0,0.0,0.0,0.059629492286166916
gate3b_ood_tue_fri_portscan,corruption,feature_sign_flip_p_0.100,integrity_score_jsd_vs_clean_eval,sensor,60,58,0.9666666666666667,0.8847189555807483,0.9959373753579065
gate3b_ood_tue_fri_portscan,corruption,feature_sign_flip_p_0.100,integrity_pred_pos_rate_shift,sensor,60,19,0.31666666666666665,0.20257550711897182,0.4495596877640524
gate3b_ood_tue_fri_portscan,corruption,feature_sign_flip_p_0.100,integrity_pred_jsd,sensor,60,19,0.31666666666666665,0.20257550711897182,0.4495596877640524
gate3b_ood_tue_fri_portscan,corruption,feature_sign_flip_p_0.100,integrity_label_prior_shift,sensor,60,0,0.0,0.0,0.059629492286166916
gate3b_ood_tue_fri_portscan,corruption,feature_sign_flip_p_0.100,integrity_label_jsd,sensor,60,0,0.0,0.0,0.059629492286166916
gate3b_ood_tue_fri_portscan,corruption,feature_sign_flip_p_0.100,integrity_confusion_profile_l1,sensor,60,18,0.3,0.18845144541972264,0.43208313387606156
gate3b_ood_tue_fri_portscan,corruption,feature_sign_flip_p_0.100,integrity_confusion_profile_jsd,sensor,60,19,0.31666666666666665,0.20257550711897182,0.4495596877640524
gate3b_ood_tue_fri_portscan,corruption,feature_sign_flip_p_0.100,I_X,regime,60,58,0.9666666666666667,0.8847189555807483,0.9959373753579065
gate3b_ood_tue_fri_portscan,corruption,feature_sign_flip_p_0.100,I_XF,regime,60,60,1.0,0.9403705077138331,1.0
gate3b_ood_tue_fri_portscan,corruption,feature_sign_flip_p_0.100,I_Ym,regime,60,0,0.0,0.0,0.059629492286166916
gate3b_ood_tue_fri_portscan,corruption,feature_sign_flip_p_0.100,I_XFY,regime,60,60,1.0,0.9403705077138331,1.0
gate3b_ood_tue_fri_portscan,corruption,feature_sign_flip_p_0.100,integrity_pred_disagreement,sensor_exact,60,32,0.5333333333333333,0.3999649025843025,0.6633008637495477
gate3b_ood_tue_fri_portscan,corruption,feature_sign_flip_p_0.100,integrity_confusion_profile_l1_delta,sensor_exact,60,30,0.5,0.368062031942437,0.631937968057563
gate3b_ood_tue_fri_portscan,corruption,feature_sign_flip_p_0.100,integrity_confusion_profile_jsd_delta,sensor_exact,60,30,0.5,0.368062031942437,0.631937968057563
gate3b_ood_tue_fri_portscan,corruption,feature_sign_flip_p_0.100,label_flip_rate,sensor_exact,60,0,0.0,0.0,0.059629492286166916
gate3b_ood_tue_fri_portscan,corruption,feature_sign_flip_p_0.100,I_XF_item_aligned,regime_exact,60,32,0.5333333333333333,0.3999649025843025,0.6633008637495477
gate3b_ood_tue_fri_portscan,corruption,feature_sign_flip_p_0.100,I_XFY_item_aligned,regime_exact,60,32,0.5333333333333333,0.3999649025843025,0.6633008637495477
gate3b_ood_tue_fri_portscan,covariate_shift,mean_shift_pf_delta_0.020,integrity_jsd_vs_clean_eval,sensor,60,38,0.6333333333333333,0.4989692823562928,0.754059389562713
gate3b_ood_tue_fri_portscan,covariate_shift,mean_shift_pf_delta_0.020,integrity_mmd_vs_clean_eval,sensor,60,49,0.8166666666666667,0.6956039452592238,0.9047641770834361
gate3b_ood_tue_fri_portscan,covariate_shift,mean_shift_pf_delta_0.020,integrity_ks_reject05_vs_clean_eval,sensor,60,60,1.0,0.9403705077138331,1.0
gate3b_ood_tue_fri_portscan,covariate_shift,mean_shift_pf_delta_0.020,integrity_score_jsd_vs_clean_eval,sensor,60,40,0.6666666666666666,0.5331273252571693,0.7831305545688299
gate3b_ood_tue_fri_portscan,covariate_shift,mean_shift_pf_delta_0.020,integrity_pred_pos_rate_shift,sensor,60,6,0.1,0.037591269108566035,0.2050577367080639
gate3b_ood_tue_fri_portscan,covariate_shift,mean_shift_pf_delta_0.020,integrity_pred_jsd,sensor,60,6,0.1,0.037591269108566035,0.2050577367080639
gate3b_ood_tue_fri_portscan,covariate_shift,mean_shift_pf_delta_0.020,integrity_label_prior_shift,sensor,60,0,0.0,0.0,0.059629492286166916
gate3b_ood_tue_fri_portscan,covariate_shift,mean_shift_pf_delta_0.020,integrity_label_jsd,sensor,60,0,0.0,0.0,0.059629492286166916
gate3b_ood_tue_fri_portscan,covariate_shift,mean_shift_pf_delta_0.020,integrity_confusion_profile_l1,sensor,60,6,0.1,0.037591269108566035,0.2050577367080639
gate3b_ood_tue_fri_portscan,covariate_shift,mean_shift_pf_delta_0.020,integrity_confusion_profile_jsd,sensor,60,6,0.1,0.037591269108566035,0.2050577367080639
gate3b_ood_tue_fri_portscan,covariate_shift,mean_shift_pf_delta_0.020,I_X,regime,60,60,1.0,0.9403705077138331,1.0
gate3b_ood_tue_fri_portscan,covariate_shift,mean_shift_pf_delta_0.020,I_XF,regime,60,60,1.0,0.9403705077138331,1.0
gate3b_ood_tue_fri_portscan,covariate_shift,mean_shift_pf_delta_0.020,I_Ym,regime,60,0,0.0,0.0,0.059629492286166916
gate3b_ood_tue_fri_portscan,covariate_shift,mean_shift_pf_delta_0.020,I_XFY,regime,60,60,1.0,0.9403705077138331,1.0
gate3b_ood_tue_fri_portscan,covariate_shift,mean_shift_pf_delta_0.020,integrity_pred_disagreement,sensor_exact,60,18,0.3,0.18845144541972264,0.43208313387606156
gate3b_ood_tue_fri_portscan,covariate_shift,mean_shift_pf_delta_0.020,integrity_confusion_profile_l1_delta,sensor_exact,60,18,0.3,0.18845144541972264,0.43208313387606156
gate3b_ood_tue_fri_portscan,covariate_shift,mean_shift_pf_delta_0.020,integrity_confusion_profile_jsd_delta,sensor_exact,60,18,0.3,0.18845144541972264,0.43208313387606156
gate3b_ood_tue_fri_portscan,covariate_shift,mean_shift_pf_delta_0.020,label_flip_rate,sensor_exact,60,0,0.0,0.0,0.059629492286166916
gate3b_ood_tue_fri_portscan,covariate_shift,mean_shift_pf_delta_0.020,I_XF_item_aligned,regime_exact,60,18,0.3,0.18845144541972264,0.43208313387606156
gate3b_ood_tue_fri_portscan,covariate_shift,mean_shift_pf_delta_0.020,I_XFY_item_aligned,regime_exact,60,18,0.3,0.18845144541972264,0.43208313387606156
gate3b_ood_tue_fri_portscan,covariate_shift,mean_shift_pf_delta_0.050,integrity_jsd_vs_clean_eval,sensor,60,49,0.8166666666666667,0.6956039452592238,0.9047641770834361
gate3b_ood_tue_fri_portscan,covariate_shift,mean_shift_pf_delta_0.050,integrity_mmd_vs_clean_eval,sensor,60,60,1.0,0.9403705077138331,1.0
gate3b_ood_tue_fri_portscan,covariate_shift,mean_shift_pf_delta_0.050,integrity_ks_reject05_vs_clean_eval,sensor,60,60,1.0,0.9403705077138331,1.0
gate3b_ood_tue_fri_portscan,covariate_shift,mean_shift_pf_delta_0.050,integrity_score_jsd_vs_clean_eval,sensor,60,45,0.75,0.6214036445204558,0.8528139262009964
gate3b_ood_tue_fri_portscan,covariate_shift,mean_shift_pf_delta_0.050,integrity_pred_pos_rate_shift,sensor,60,14,0.23333333333333334,0.13383734388884805,0.3603827871057576
gate3b_ood_tue_fri_portscan,covariate_shift,mean_shift_pf_delta_0.050,integrity_pred_jsd,sensor,60,14,0.23333333333333334,0.13383734388884805,0.3603827871057576
gate3b_ood_tue_fri_portscan,covariate_shift,mean_shift_pf_delta_0.050,integrity_label_prior_shift,sensor,60,0,0.0,0.0,0.059629492286166916
gate3b_ood_tue_fri_portscan,covariate_shift,mean_shift_pf_delta_0.050,integrity_label_jsd,sensor,60,0,0.0,0.0,0.059629492286166916
gate3b_ood_tue_fri_portscan,covariate_shift,mean_shift_pf_delta_0.050,integrity_confusion_profile_l1,sensor,60,14,0.23333333333333334,0.13383734388884805,0.3603827871057576
gate3b_ood_tue_fri_portscan,covariate_shift,mean_shift_pf_delta_0.050,integrity_confusion_profile_jsd,sensor,60,14,0.23333333333333334,0.13383734388884805,0.3603827871057576
gate3b_ood_tue_fri_portscan,covariate_shift,mean_shift_pf_delta_0.050,I_X,regime,60,60,1.0,0.9403705077138331,1.0
gate3b_ood_tue_fri_portscan,covariate_shift,mean_shift_pf_delta_0.050,I_XF,regime,60,60,1.0,0.9403705077138331,1.0
gate3b_ood_tue_fri_portscan,covariate_shift,mean_shift_pf_delta_0.050,I_Ym,regime,60,0,0.0,0.0,0.059629492286166916
gate3b_ood_tue_fri_portscan,covariate_shift,mean_shift_pf_delta_0.050,I_XFY,regime,60,60,1.0,0.9403705077138331,1.0
gate3b_ood_tue_fri_portscan,covariate_shift,mean_shift_pf_delta_0.050,integrity_pred_disagreement,sensor_exact,60,19,0.31666666666666665,0.20257550711897182,0.4495596877640524
gate3b_ood_tue_fri_portscan,covariate_shift,mean_shift_pf_delta_0.050,integrity_confusion_profile_l1_delta,sensor_exact,60,19,0.31666666666666665,0.20257550711897182,0.4495596877640524
gate3b_ood_tue_fri_portscan,covariate_shift,mean_shift_pf_delta_0.050,integrity_confusion_profile_jsd_delta,sensor_exact,60,19,0.31666666666666665,0.20257550711897182,0.4495596877640524
gate3b_ood_tue_fri_portscan,covariate_shift,mean_shift_pf_delta_0.050,label_flip_rate,sensor_exact,60,0,0.0,0.0,0.059629492286166916
gate3b_ood_tue_fri_portscan,covariate_shift,mean_shift_pf_delta_0.050,I_XF_item_aligned,regime_exact,60,19,0.31666666666666665,0.20257550711897182,0.4495596877640524
gate3b_ood_tue_fri_portscan,covariate_shift,mean_shift_pf_delta_0.050,I_XFY_item_aligned,regime_exact,60,19,0.31666666666666665,0.20257550711897182,0.4495596877640524
gate3b_ood_tue_fri_portscan,covariate_shift,mean_shift_pf_delta_0.100,integrity_jsd_vs_clean_eval,sensor,60,57,0.95,0.8607567532789272,0.9895676703556517
gate3b_ood_tue_fri_portscan,covariate_shift,mean_shift_pf_delta_0.100,integrity_mmd_vs_clean_eval,sensor,60,60,1.0,0.9403705077138331,1.0
gate3b_ood_tue_fri_portscan,covariate_shift,mean_shift_pf_delta_0.100,integrity_ks_reject05_vs_clean_eval,sensor,60,60,1.0,0.9403705077138331,1.0
gate3b_ood_tue_fri_portscan,covariate_shift,mean_shift_pf_delta_0.100,integrity_score_jsd_vs_clean_eval,sensor,60,58,0.9666666666666667,0.8847189555807483,0.9959373753579065
gate3b_ood_tue_fri_portscan,covariate_shift,mean_shift_pf_delta_0.100,integrity_pred_pos_rate_shift,sensor,60,16,0.26666666666666666,0.16074645159041537,0.39661034002549556
gate3b_ood_tue_fri_portscan,covariate_shift,mean_shift_pf_delta_0.100,integrity_pred_jsd,sensor,60,16,0.26666666666666666,0.16074645159041537,0.39661034002549556
gate3b_ood_tue_fri_portscan,covariate_shift,mean_shift_pf_delta_0.100,integrity_label_prior_shift,sensor,60,0,0.0,0.0,0.059629492286166916
gate3b_ood_tue_fri_portscan,covariate_shift,mean_shift_pf_delta_0.100,integrity_label_jsd,sensor,60,0,0.0,0.0,0.059629492286166916
gate3b_ood_tue_fri_portscan,covariate_shift,mean_shift_pf_delta_0.100,integrity_confusion_profile_l1,sensor,60,15,0.25,0.1471860737990036,0.37859635547954423
gate3b_ood_tue_fri_portscan,covariate_shift,mean_shift_pf_delta_0.100,integrity_confusion_profile_jsd,sensor,60,16,0.26666666666666666,0.16074645159041537,0.39661034002549556
gate3b_ood_tue_fri_portscan,covariate_shift,mean_shift_pf_delta_0.100,I_X,regime,60,60,1.0,0.9403705077138331,1.0
gate3b_ood_tue_fri_portscan,covariate_shift,mean_shift_pf_delta_0.100,I_XF,regime,60,60,1.0,0.9403705077138331,1.0
gate3b_ood_tue_fri_portscan,covariate_shift,mean_shift_pf_delta_0.100,I_Ym,regime,60,0,0.0,0.0,0.059629492286166916
gate3b_ood_tue_fri_portscan,covariate_shift,mean_shift_pf_delta_0.100,I_XFY,regime,60,60,1.0,0.9403705077138331,1.0
gate3b_ood_tue_fri_portscan,covariate_shift,mean_shift_pf_delta_0.100,integrity_pred_disagreement,sensor_exact,60,22,0.36666666666666664,0.24594061043728702,0.5010307176437072
gate3b_ood_tue_fri_portscan,covariate_shift,mean_shift_pf_delta_0.100,integrity_confusion_profile_l1_delta,sensor_exact,60,22,0.36666666666666664,0.24594061043728702,0.5010307176437072
gate3b_ood_tue_fri_portscan,covariate_shift,mean_shift_pf_delta_0.100,integrity_confusion_profile_jsd_delta,sensor_exact,60,22,0.36666666666666664,0.24594061043728702,0.5010307176437072
gate3b_ood_tue_fri_portscan,covariate_shift,mean_shift_pf_delta_0.100,label_flip_rate,sensor_exact,60,0,0.0,0.0,0.059629492286166916
gate3b_ood_tue_fri_portscan,covariate_shift,mean_shift_pf_delta_0.100,I_XF_item_aligned,regime_exact,60,22,0.36666666666666664,0.24594061043728702,0.5010307176437072
gate3b_ood_tue_fri_portscan,covariate_shift,mean_shift_pf_delta_0.100,I_XFY_item_aligned,regime_exact,60,22,0.36666666666666664,0.24594061043728702,0.5010307176437072
gate3b_ood_tue_fri_portscan,covariate_shift,scaling_drift_alpha_0.020,integrity_jsd_vs_clean_eval,sensor,60,42,0.7,0.5679168661239384,0.8115485545802774
gate3b_ood_tue_fri_portscan,covariate_shift,scaling_drift_alpha_0.020,integrity_mmd_vs_clean_eval,sensor,60,30,0.5,0.368062031942437,0.631937968057563
gate3b_ood_tue_fri_portscan,covariate_shift,scaling_drift_alpha_0.020,integrity_ks_reject05_vs_clean_eval,sensor,60,60,1.0,0.9403705077138331,1.0
gate3b_ood_tue_fri_portscan,covariate_shift,scaling_drift_alpha_0.020,integrity_score_jsd_vs_clean_eval,sensor,60,42,0.7,0.5679168661239384,0.8115485545802774
gate3b_ood_tue_fri_portscan,covariate_shift,scaling_drift_alpha_0.020,integrity_pred_pos_rate_shift,sensor,60,17,0.2833333333333333,0.17450528351437516,0.41443606894983
gate3b_ood_tue_fri_portscan,covariate_shift,scaling_drift_alpha_0.020,integrity_pred_jsd,sensor,60,17,0.2833333333333333,0.17450528351437516,0.41443606894983
gate3b_ood_tue_fri_portscan,covariate_shift,scaling_drift_alpha_0.020,integrity_label_prior_shift,sensor,60,0,0.0,0.0,0.059629492286166916
gate3b_ood_tue_fri_portscan,covariate_shift,scaling_drift_alpha_0.020,integrity_label_jsd,sensor,60,0,0.0,0.0,0.059629492286166916
gate3b_ood_tue_fri_portscan,covariate_shift,scaling_drift_alpha_0.020,integrity_confusion_profile_l1,sensor,60,17,0.2833333333333333,0.17450528351437516,0.41443606894983
gate3b_ood_tue_fri_portscan,covariate_shift,scaling_drift_alpha_0.020,integrity_confusion_profile_jsd,sensor,60,17,0.2833333333333333,0.17450528351437516,0.41443606894983
gate3b_ood_tue_fri_portscan,covariate_shift,scaling_drift_alpha_0.020,I_X,regime,60,60,1.0,0.9403705077138331,1.0
gate3b_ood_tue_fri_portscan,covariate_shift,scaling_drift_alpha_0.020,I_XF,regime,60,60,1.0,0.9403705077138331,1.0
gate3b_ood_tue_fri_portscan,covariate_shift,scaling_drift_alpha_0.020,I_Ym,regime,60,0,0.0,0.0,0.059629492286166916
gate3b_ood_tue_fri_portscan,covariate_shift,scaling_drift_alpha_0.020,I_XFY,regime,60,60,1.0,0.9403705077138331,1.0
gate3b_ood_tue_fri_portscan,covariate_shift,scaling_drift_alpha_0.020,integrity_pred_disagreement,sensor_exact,60,20,0.3333333333333333,0.2168694454311702,0.4668726747428306
gate3b_ood_tue_fri_portscan,covariate_shift,scaling_drift_alpha_0.020,integrity_confusion_profile_l1_delta,sensor_exact,60,20,0.3333333333333333,0.2168694454311702,0.4668726747428306
gate3b_ood_tue_fri_portscan,covariate_shift,scaling_drift_alpha_0.020,integrity_confusion_profile_jsd_delta,sensor_exact,60,20,0.3333333333333333,0.2168694454311702,0.4668726747428306
gate3b_ood_tue_fri_portscan,covariate_shift,scaling_drift_alpha_0.020,label_flip_rate,sensor_exact,60,0,0.0,0.0,0.059629492286166916
gate3b_ood_tue_fri_portscan,covariate_shift,scaling_drift_alpha_0.020,I_XF_item_aligned,regime_exact,60,20,0.3333333333333333,0.2168694454311702,0.4668726747428306
gate3b_ood_tue_fri_portscan,covariate_shift,scaling_drift_alpha_0.020,I_XFY_item_aligned,regime_exact,60,20,0.3333333333333333,0.2168694454311702,0.4668726747428306
gate3b_ood_tue_fri_portscan,covariate_shift,scaling_drift_alpha_0.050,integrity_jsd_vs_clean_eval,sensor,60,56,0.9333333333333333,0.8380132448022711,0.9815382224241185
gate3b_ood_tue_fri_portscan,covariate_shift,scaling_drift_alpha_0.050,integrity_mmd_vs_clean_eval,sensor,60,43,0.7166666666666667,0.58556393105017,0.8254947164856248
gate3b_ood_tue_fri_portscan,covariate_shift,scaling_drift_alpha_0.050,integrity_ks_reject05_vs_clean_eval,sensor,60,60,1.0,0.9403705077138331,1.0
gate3b_ood_tue_fri_portscan,covariate_shift,scaling_drift_alpha_0.050,integrity_score_jsd_vs_clean_eval,sensor,60,59,0.9833333333333333,0.910600949942513,0.999578125547658
gate3b_ood_tue_fri_portscan,covariate_shift,scaling_drift_alpha_0.050,integrity_pred_pos_rate_shift,sensor,60,18,0.3,0.18845144541972264,0.43208313387606156
gate3b_ood_tue_fri_portscan,covariate_shift,scaling_drift_alpha_0.050,integrity_pred_jsd,sensor,60,18,0.3,0.18845144541972264,0.43208313387606156
gate3b_ood_tue_fri_portscan,covariate_shift,scaling_drift_alpha_0.050,integrity_label_prior_shift,sensor,60,0,0.0,0.0,0.059629492286166916
gate3b_ood_tue_fri_portscan,covariate_shift,scaling_drift_alpha_0.050,integrity_label_jsd,sensor,60,0,0.0,0.0,0.059629492286166916
gate3b_ood_tue_fri_portscan,covariate_shift,scaling_drift_alpha_0.050,integrity_confusion_profile_l1,sensor,60,17,0.2833333333333333,0.17450528351437516,0.41443606894983
gate3b_ood_tue_fri_portscan,covariate_shift,scaling_drift_alpha_0.050,integrity_confusion_profile_jsd,sensor,60,18,0.3,0.18845144541972264,0.43208313387606156
gate3b_ood_tue_fri_portscan,covariate_shift,scaling_drift_alpha_0.050,I_X,regime,60,60,1.0,0.9403705077138331,1.0
gate3b_ood_tue_fri_portscan,covariate_shift,scaling_drift_alpha_0.050,I_XF,regime,60,60,1.0,0.9403705077138331,1.0
gate3b_ood_tue_fri_portscan,covariate_shift,scaling_drift_alpha_0.050,I_Ym,regime,60,0,0.0,0.0,0.059629492286166916
gate3b_ood_tue_fri_portscan,covariate_shift,scaling_drift_alpha_0.050,I_XFY,regime,60,60,1.0,0.9403705077138331,1.0
gate3b_ood_tue_fri_portscan,covariate_shift,scaling_drift_alpha_0.050,integrity_pred_disagreement,sensor_exact,60,20,0.3333333333333333,0.2168694454311702,0.4668726747428306
gate3b_ood_tue_fri_portscan,covariate_shift,scaling_drift_alpha_0.050,integrity_confusion_profile_l1_delta,sensor_exact,60,20,0.3333333333333333,0.2168694454311702,0.4668726747428306
gate3b_ood_tue_fri_portscan,covariate_shift,scaling_drift_alpha_0.050,integrity_confusion_profile_jsd_delta,sensor_exact,60,20,0.3333333333333333,0.2168694454311702,0.4668726747428306
gate3b_ood_tue_fri_portscan,covariate_shift,scaling_drift_alpha_0.050,label_flip_rate,sensor_exact,60,0,0.0,0.0,0.059629492286166916
gate3b_ood_tue_fri_portscan,covariate_shift,scaling_drift_alpha_0.050,I_XF_item_aligned,regime_exact,60,20,0.3333333333333333,0.2168694454311702,0.4668726747428306
gate3b_ood_tue_fri_portscan,covariate_shift,scaling_drift_alpha_0.050,I_XFY_item_aligned,regime_exact,60,20,0.3333333333333333,0.2168694454311702,0.4668726747428306
gate3b_ood_tue_fri_portscan,covariate_shift,scaling_drift_alpha_0.100,integrity_jsd_vs_clean_eval,sensor,60,60,1.0,0.9403705077138331,1.0
gate3b_ood_tue_fri_portscan,covariate_shift,scaling_drift_alpha_0.100,integrity_mmd_vs_clean_eval,sensor,60,56,0.9333333333333333,0.8380132448022711,0.9815382224241185
gate3b_ood_tue_fri_portscan,covariate_shift,scaling_drift_alpha_0.100,integrity_ks_reject05_vs_clean_eval,sensor,60,60,1.0,0.9403705077138331,1.0
gate3b_ood_tue_fri_portscan,covariate_shift,scaling_drift_alpha_0.100,integrity_score_jsd_vs_clean_eval,sensor,60,59,0.9833333333333333,0.910600949942513,0.999578125547658
gate3b_ood_tue_fri_portscan,covariate_shift,scaling_drift_alpha_0.100,integrity_pred_pos_rate_shift,sensor,60,18,0.3,0.18845144541972264,0.43208313387606156
gate3b_ood_tue_fri_portscan,covariate_shift,scaling_drift_alpha_0.100,integrity_pred_jsd,sensor,60,18,0.3,0.18845144541972264,0.43208313387606156
gate3b_ood_tue_fri_portscan,covariate_shift,scaling_drift_alpha_0.100,integrity_label_prior_shift,sensor,60,0,0.0,0.0,0.059629492286166916
gate3b_ood_tue_fri_portscan,covariate_shift,scaling_drift_alpha_0.100,integrity_label_jsd,sensor,60,0,0.0,0.0,0.059629492286166916
gate3b_ood_tue_fri_portscan,covariate_shift,scaling_drift_alpha_0.100,integrity_confusion_profile_l1,sensor,60,17,0.2833333333333333,0.17450528351437516,0.41443606894983
gate3b_ood_tue_fri_portscan,covariate_shift,scaling_drift_alpha_0.100,integrity_confusion_profile_jsd,sensor,60,18,0.3,0.18845144541972264,0.43208313387606156
gate3b_ood_tue_fri_portscan,covariate_shift,scaling_drift_alpha_0.100,I_X,regime,60,60,1.0,0.9403705077138331,1.0
gate3b_ood_tue_fri_portscan,covariate_shift,scaling_drift_alpha_0.100,I_XF,regime,60,60,1.0,0.9403705077138331,1.0
gate3b_ood_tue_fri_portscan,covariate_shift,scaling_drift_alpha_0.100,I_Ym,regime,60,0,0.0,0.0,0.059629492286166916
gate3b_ood_tue_fri_portscan,covariate_shift,scaling_drift_alpha_0.100,I_XFY,regime,60,60,1.0,0.9403705077138331,1.0
gate3b_ood_tue_fri_portscan,covariate_shift,scaling_drift_alpha_0.100,integrity_pred_disagreement,sensor_exact,60,24,0.4,0.2756215787355349,0.5345945626885723
gate3b_ood_tue_fri_portscan,covariate_shift,scaling_drift_alpha_0.100,integrity_confusion_profile_l1_delta,sensor_exact,60,24,0.4,0.2756215787355349,0.5345945626885723
gate3b_ood_tue_fri_portscan,covariate_shift,scaling_drift_alpha_0.100,integrity_confusion_profile_jsd_delta,sensor_exact,60,24,0.4,0.2756215787355349,0.5345945626885723
gate3b_ood_tue_fri_portscan,covariate_shift,scaling_drift_alpha_0.100,label_flip_rate,sensor_exact,60,0,0.0,0.0,0.059629492286166916
gate3b_ood_tue_fri_portscan,covariate_shift,scaling_drift_alpha_0.100,I_XF_item_aligned,regime_exact,60,24,0.4,0.2756215787355349,0.5345945626885723
gate3b_ood_tue_fri_portscan,covariate_shift,scaling_drift_alpha_0.100,I_XFY_item_aligned,regime_exact,60,24,0.4,0.2756215787355349,0.5345945626885723
gate3b_ood_tue_fri_portscan,pipeline,feature_dropout_p_0.020,integrity_jsd_vs_clean_eval,sensor,60,0,0.0,0.0,0.059629492286166916
gate3b_ood_tue_fri_portscan,pipeline,feature_dropout_p_0.020,integrity_mmd_vs_clean_eval,sensor,60,0,0.0,0.0,0.059629492286166916
gate3b_ood_tue_fri_portscan,pipeline,feature_dropout_p_0.020,integrity_ks_reject05_vs_clean_eval,sensor,60,0,0.0,0.0,0.059629492286166916
gate3b_ood_tue_fri_portscan,pipeline,feature_dropout_p_0.020,integrity_score_jsd_vs_clean_eval,sensor,60,0,0.0,0.0,0.059629492286166916
gate3b_ood_tue_fri_portscan,pipeline,feature_dropout_p_0.020,integrity_pred_pos_rate_shift,sensor,60,0,0.0,0.0,0.059629492286166916
gate3b_ood_tue_fri_portscan,pipeline,feature_dropout_p_0.020,integrity_pred_jsd,sensor,60,0,0.0,0.0,0.059629492286166916
gate3b_ood_tue_fri_portscan,pipeline,feature_dropout_p_0.020,integrity_label_prior_shift,sensor,60,0,0.0,0.0,0.059629492286166916
gate3b_ood_tue_fri_portscan,pipeline,feature_dropout_p_0.020,integrity_label_jsd,sensor,60,0,0.0,0.0,0.059629492286166916
gate3b_ood_tue_fri_portscan,pipeline,feature_dropout_p_0.020,integrity_confusion_profile_l1,sensor,60,0,0.0,0.0,0.059629492286166916
gate3b_ood_tue_fri_portscan,pipeline,feature_dropout_p_0.020,integrity_confusion_profile_jsd,sensor,60,0,0.0,0.0,0.059629492286166916
gate3b_ood_tue_fri_portscan,pipeline,feature_dropout_p_0.020,I_X,regime,60,0,0.0,0.0,0.059629492286166916
gate3b_ood_tue_fri_portscan,pipeline,feature_dropout_p_0.020,I_XF,regime,60,0,0.0,0.0,0.059629492286166916
gate3b_ood_tue_fri_portscan,pipeline,feature_dropout_p_0.020,I_Ym,regime,60,0,0.0,0.0,0.059629492286166916
gate3b_ood_tue_fri_portscan,pipeline,feature_dropout_p_0.020,I_XFY,regime,60,0,0.0,0.0,0.059629492286166916
gate3b_ood_tue_fri_portscan,pipeline,feature_dropout_p_0.020,integrity_pred_disagreement,sensor_exact,60,14,0.23333333333333334,0.13383734388884805,0.3603827871057576
gate3b_ood_tue_fri_portscan,pipeline,feature_dropout_p_0.020,integrity_confusion_profile_l1_delta,sensor_exact,60,14,0.23333333333333334,0.13383734388884805,0.3603827871057576
gate3b_ood_tue_fri_portscan,pipeline,feature_dropout_p_0.020,integrity_confusion_profile_jsd_delta,sensor_exact,60,14,0.23333333333333334,0.13383734388884805,0.3603827871057576
gate3b_ood_tue_fri_portscan,pipeline,feature_dropout_p_0.020,label_flip_rate,sensor_exact,60,0,0.0,0.0,0.059629492286166916
gate3b_ood_tue_fri_portscan,pipeline,feature_dropout_p_0.020,I_XF_item_aligned,regime_exact,60,14,0.23333333333333334,0.13383734388884805,0.3603827871057576
gate3b_ood_tue_fri_portscan,pipeline,feature_dropout_p_0.020,I_XFY_item_aligned,regime_exact,60,14,0.23333333333333334,0.13383734388884805,0.3603827871057576
gate3b_ood_tue_fri_portscan,pipeline,feature_dropout_p_0.050,integrity_jsd_vs_clean_eval,sensor,60,0,0.0,0.0,0.059629492286166916
gate3b_ood_tue_fri_portscan,pipeline,feature_dropout_p_0.050,integrity_mmd_vs_clean_eval,sensor,60,0,0.0,0.0,0.059629492286166916
gate3b_ood_tue_fri_portscan,pipeline,feature_dropout_p_0.050,integrity_ks_reject05_vs_clean_eval,sensor,60,0,0.0,0.0,0.059629492286166916
gate3b_ood_tue_fri_portscan,pipeline,feature_dropout_p_0.050,integrity_score_jsd_vs_clean_eval,sensor,60,0,0.0,0.0,0.059629492286166916
gate3b_ood_tue_fri_portscan,pipeline,feature_dropout_p_0.050,integrity_pred_pos_rate_shift,sensor,60,0,0.0,0.0,0.059629492286166916
gate3b_ood_tue_fri_portscan,pipeline,feature_dropout_p_0.050,integrity_pred_jsd,sensor,60,0,0.0,0.0,0.059629492286166916
gate3b_ood_tue_fri_portscan,pipeline,feature_dropout_p_0.050,integrity_label_prior_shift,sensor,60,0,0.0,0.0,0.059629492286166916
gate3b_ood_tue_fri_portscan,pipeline,feature_dropout_p_0.050,integrity_label_jsd,sensor,60,0,0.0,0.0,0.059629492286166916
gate3b_ood_tue_fri_portscan,pipeline,feature_dropout_p_0.050,integrity_confusion_profile_l1,sensor,60,0,0.0,0.0,0.059629492286166916
gate3b_ood_tue_fri_portscan,pipeline,feature_dropout_p_0.050,integrity_confusion_profile_jsd,sensor,60,0,0.0,0.0,0.059629492286166916
gate3b_ood_tue_fri_portscan,pipeline,feature_dropout_p_0.050,I_X,regime,60,0,0.0,0.0,0.059629492286166916
gate3b_ood_tue_fri_portscan,pipeline,feature_dropout_p_0.050,I_XF,regime,60,0,0.0,0.0,0.059629492286166916
gate3b_ood_tue_fri_portscan,pipeline,feature_dropout_p_0.050,I_Ym,regime,60,0,0.0,0.0,0.059629492286166916
gate3b_ood_tue_fri_portscan,pipeline,feature_dropout_p_0.050,I_XFY,regime,60,0,0.0,0.0,0.059629492286166916
gate3b_ood_tue_fri_portscan,pipeline,feature_dropout_p_0.050,integrity_pred_disagreement,sensor_exact,60,18,0.3,0.18845144541972264,0.43208313387606156
gate3b_ood_tue_fri_portscan,pipeline,feature_dropout_p_0.050,integrity_confusion_profile_l1_delta,sensor_exact,60,18,0.3,0.18845144541972264,0.43208313387606156
gate3b_ood_tue_fri_portscan,pipeline,feature_dropout_p_0.050,integrity_confusion_profile_jsd_delta,sensor_exact,60,18,0.3,0.18845144541972264,0.43208313387606156
gate3b_ood_tue_fri_portscan,pipeline,feature_dropout_p_0.050,label_flip_rate,sensor_exact,60,0,0.0,0.0,0.059629492286166916
gate3b_ood_tue_fri_portscan,pipeline,feature_dropout_p_0.050,I_XF_item_aligned,regime_exact,60,18,0.3,0.18845144541972264,0.43208313387606156
gate3b_ood_tue_fri_portscan,pipeline,feature_dropout_p_0.050,I_XFY_item_aligned,regime_exact,60,18,0.3,0.18845144541972264,0.43208313387606156
gate3b_ood_tue_fri_portscan,pipeline,feature_dropout_p_0.100,integrity_jsd_vs_clean_eval,sensor,60,0,0.0,0.0,0.059629492286166916
gate3b_ood_tue_fri_portscan,pipeline,feature_dropout_p_0.100,integrity_mmd_vs_clean_eval,sensor,60,0,0.0,0.0,0.059629492286166916
gate3b_ood_tue_fri_portscan,pipeline,feature_dropout_p_0.100,integrity_ks_reject05_vs_clean_eval,sensor,60,0,0.0,0.0,0.059629492286166916
gate3b_ood_tue_fri_portscan,pipeline,feature_dropout_p_0.100,integrity_score_jsd_vs_clean_eval,sensor,60,0,0.0,0.0,0.059629492286166916
gate3b_ood_tue_fri_portscan,pipeline,feature_dropout_p_0.100,integrity_pred_pos_rate_shift,sensor,60,0,0.0,0.0,0.059629492286166916
gate3b_ood_tue_fri_portscan,pipeline,feature_dropout_p_0.100,integrity_pred_jsd,sensor,60,0,0.0,0.0,0.059629492286166916
gate3b_ood_tue_fri_portscan,pipeline,feature_dropout_p_0.100,integrity_label_prior_shift,sensor,60,0,0.0,0.0,0.059629492286166916
gate3b_ood_tue_fri_portscan,pipeline,feature_dropout_p_0.100,integrity_label_jsd,sensor,60,0,0.0,0.0,0.059629492286166916
gate3b_ood_tue_fri_portscan,pipeline,feature_dropout_p_0.100,integrity_confusion_profile_l1,sensor,60,0,0.0,0.0,0.059629492286166916
gate3b_ood_tue_fri_portscan,pipeline,feature_dropout_p_0.100,integrity_confusion_profile_jsd,sensor,60,0,0.0,0.0,0.059629492286166916
gate3b_ood_tue_fri_portscan,pipeline,feature_dropout_p_0.100,I_X,regime,60,0,0.0,0.0,0.059629492286166916
gate3b_ood_tue_fri_portscan,pipeline,feature_dropout_p_0.100,I_XF,regime,60,0,0.0,0.0,0.059629492286166916
gate3b_ood_tue_fri_portscan,pipeline,feature_dropout_p_0.100,I_Ym,regime,60,0,0.0,0.0,0.059629492286166916
gate3b_ood_tue_fri_portscan,pipeline,feature_dropout_p_0.100,I_XFY,regime,60,0,0.0,0.0,0.059629492286166916
gate3b_ood_tue_fri_portscan,pipeline,feature_dropout_p_0.100,integrity_pred_disagreement,sensor_exact,60,24,0.4,0.2756215787355349,0.5345945626885723
gate3b_ood_tue_fri_portscan,pipeline,feature_dropout_p_0.100,integrity_confusion_profile_l1_delta,sensor_exact,60,23,0.38333333333333336,0.26070705801599925,0.5178850485688385
gate3b_ood_tue_fri_portscan,pipeline,feature_dropout_p_0.100,integrity_confusion_profile_jsd_delta,sensor_exact,60,23,0.38333333333333336,0.26070705801599925,0.5178850485688385
gate3b_ood_tue_fri_portscan,pipeline,feature_dropout_p_0.100,label_flip_rate,sensor_exact,60,0,0.0,0.0,0.059629492286166916
gate3b_ood_tue_fri_portscan,pipeline,feature_dropout_p_0.100,I_XF_item_aligned,regime_exact,60,24,0.4,0.2756215787355349,0.5345945626885723
gate3b_ood_tue_fri_portscan,pipeline,feature_dropout_p_0.100,I_XFY_item_aligned,regime_exact,60,24,0.4,0.2756215787355349,0.5345945626885723
gate3b_ood_tue_fri_portscan,target_shift,label_flip_prior_preserving_r_0.020,integrity_jsd_vs_clean_eval,sensor,60,0,0.0,0.0,0.059629492286166916
gate3b_ood_tue_fri_portscan,target_shift,label_flip_prior_preserving_r_0.020,integrity_mmd_vs_clean_eval,sensor,60,0,0.0,0.0,0.059629492286166916
gate3b_ood_tue_fri_portscan,target_shift,label_flip_prior_preserving_r_0.020,integrity_ks_reject05_vs_clean_eval,sensor,60,0,0.0,0.0,0.059629492286166916
gate3b_ood_tue_fri_portscan,target_shift,label_flip_prior_preserving_r_0.020,integrity_score_jsd_vs_clean_eval,sensor,60,0,0.0,0.0,0.059629492286166916
gate3b_ood_tue_fri_portscan,target_shift,label_flip_prior_preserving_r_0.020,integrity_pred_pos_rate_shift,sensor,60,0,0.0,0.0,0.059629492286166916
gate3b_ood_tue_fri_portscan,target_shift,label_flip_prior_preserving_r_0.020,integrity_pred_jsd,sensor,60,0,0.0,0.0,0.059629492286166916
gate3b_ood_tue_fri_portscan,target_shift,label_flip_prior_preserving_r_0.020,integrity_label_prior_shift,sensor,60,0,0.0,0.0,0.059629492286166916
gate3b_ood_tue_fri_portscan,target_shift,label_flip_prior_preserving_r_0.020,integrity_label_jsd,sensor,60,0,0.0,0.0,0.059629492286166916
gate3b_ood_tue_fri_portscan,target_shift,label_flip_prior_preserving_r_0.020,integrity_confusion_profile_l1,sensor,60,0,0.0,0.0,0.059629492286166916
gate3b_ood_tue_fri_portscan,target_shift,label_flip_prior_preserving_r_0.020,integrity_confusion_profile_jsd,sensor,60,0,0.0,0.0,0.059629492286166916
gate3b_ood_tue_fri_portscan,target_shift,label_flip_prior_preserving_r_0.020,I_X,regime,60,0,0.0,0.0,0.059629492286166916
gate3b_ood_tue_fri_portscan,target_shift,label_flip_prior_preserving_r_0.020,I_XF,regime,60,0,0.0,0.0,0.059629492286166916
gate3b_ood_tue_fri_portscan,target_shift,label_flip_prior_preserving_r_0.020,I_Ym,regime,60,0,0.0,0.0,0.059629492286166916
gate3b_ood_tue_fri_portscan,target_shift,label_flip_prior_preserving_r_0.020,I_XFY,regime,60,0,0.0,0.0,0.059629492286166916
gate3b_ood_tue_fri_portscan,target_shift,label_flip_prior_preserving_r_0.020,integrity_pred_disagreement,sensor_exact,60,0,0.0,0.0,0.059629492286166916
gate3b_ood_tue_fri_portscan,target_shift,label_flip_prior_preserving_r_0.020,integrity_confusion_profile_l1_delta,sensor_exact,60,16,0.26666666666666666,0.16074645159041537,0.39661034002549556
gate3b_ood_tue_fri_portscan,target_shift,label_flip_prior_preserving_r_0.020,integrity_confusion_profile_jsd_delta,sensor_exact,60,16,0.26666666666666666,0.16074645159041537,0.39661034002549556
gate3b_ood_tue_fri_portscan,target_shift,label_flip_prior_preserving_r_0.020,label_flip_rate,sensor_exact,60,60,1.0,0.9403705077138331,1.0
gate3b_ood_tue_fri_portscan,target_shift,label_flip_prior_preserving_r_0.020,I_XF_item_aligned,regime_exact,60,0,0.0,0.0,0.059629492286166916
gate3b_ood_tue_fri_portscan,target_shift,label_flip_prior_preserving_r_0.020,I_XFY_item_aligned,regime_exact,60,60,1.0,0.9403705077138331,1.0
gate3b_ood_tue_fri_portscan,target_shift,label_flip_prior_preserving_r_0.050,integrity_jsd_vs_clean_eval,sensor,60,0,0.0,0.0,0.059629492286166916
gate3b_ood_tue_fri_portscan,target_shift,label_flip_prior_preserving_r_0.050,integrity_mmd_vs_clean_eval,sensor,60,0,0.0,0.0,0.059629492286166916
gate3b_ood_tue_fri_portscan,target_shift,label_flip_prior_preserving_r_0.050,integrity_ks_reject05_vs_clean_eval,sensor,60,0,0.0,0.0,0.059629492286166916
gate3b_ood_tue_fri_portscan,target_shift,label_flip_prior_preserving_r_0.050,integrity_score_jsd_vs_clean_eval,sensor,60,0,0.0,0.0,0.059629492286166916
gate3b_ood_tue_fri_portscan,target_shift,label_flip_prior_preserving_r_0.050,integrity_pred_pos_rate_shift,sensor,60,0,0.0,0.0,0.059629492286166916
gate3b_ood_tue_fri_portscan,target_shift,label_flip_prior_preserving_r_0.050,integrity_pred_jsd,sensor,60,0,0.0,0.0,0.059629492286166916
gate3b_ood_tue_fri_portscan,target_shift,label_flip_prior_preserving_r_0.050,integrity_label_prior_shift,sensor,60,0,0.0,0.0,0.059629492286166916
gate3b_ood_tue_fri_portscan,target_shift,label_flip_prior_preserving_r_0.050,integrity_label_jsd,sensor,60,0,0.0,0.0,0.059629492286166916
gate3b_ood_tue_fri_portscan,target_shift,label_flip_prior_preserving_r_0.050,integrity_confusion_profile_l1,sensor,60,0,0.0,0.0,0.059629492286166916
gate3b_ood_tue_fri_portscan,target_shift,label_flip_prior_preserving_r_0.050,integrity_confusion_profile_jsd,sensor,60,0,0.0,0.0,0.059629492286166916
gate3b_ood_tue_fri_portscan,target_shift,label_flip_prior_preserving_r_0.050,I_X,regime,60,0,0.0,0.0,0.059629492286166916
gate3b_ood_tue_fri_portscan,target_shift,label_flip_prior_preserving_r_0.050,I_XF,regime,60,0,0.0,0.0,0.059629492286166916
gate3b_ood_tue_fri_portscan,target_shift,label_flip_prior_preserving_r_0.050,I_Ym,regime,60,0,0.0,0.0,0.059629492286166916
gate3b_ood_tue_fri_portscan,target_shift,label_flip_prior_preserving_r_0.050,I_XFY,regime,60,0,0.0,0.0,0.059629492286166916
gate3b_ood_tue_fri_portscan,target_shift,label_flip_prior_preserving_r_0.050,integrity_pred_disagreement,sensor_exact,60,0,0.0,0.0,0.059629492286166916
gate3b_ood_tue_fri_portscan,target_shift,label_flip_prior_preserving_r_0.050,integrity_confusion_profile_l1_delta,sensor_exact,60,21,0.35,0.23132642214846,0.48402800937056706
gate3b_ood_tue_fri_portscan,target_shift,label_flip_prior_preserving_r_0.050,integrity_confusion_profile_jsd_delta,sensor_exact,60,21,0.35,0.23132642214846,0.48402800937056706
gate3b_ood_tue_fri_portscan,target_shift,label_flip_prior_preserving_r_0.050,label_flip_rate,sensor_exact,60,60,1.0,0.9403705077138331,1.0
gate3b_ood_tue_fri_portscan,target_shift,label_flip_prior_preserving_r_0.050,I_XF_item_aligned,regime_exact,60,0,0.0,0.0,0.059629492286166916
gate3b_ood_tue_fri_portscan,target_shift,label_flip_prior_preserving_r_0.050,I_XFY_item_aligned,regime_exact,60,60,1.0,0.9403705077138331,1.0
gate3b_ood_tue_fri_portscan,target_shift,label_flip_prior_preserving_r_0.100,integrity_jsd_vs_clean_eval,sensor,60,0,0.0,0.0,0.059629492286166916
gate3b_ood_tue_fri_portscan,target_shift,label_flip_prior_preserving_r_0.100,integrity_mmd_vs_clean_eval,sensor,60,0,0.0,0.0,0.059629492286166916
gate3b_ood_tue_fri_portscan,target_shift,label_flip_prior_preserving_r_0.100,integrity_ks_reject05_vs_clean_eval,sensor,60,0,0.0,0.0,0.059629492286166916
gate3b_ood_tue_fri_portscan,target_shift,label_flip_prior_preserving_r_0.100,integrity_score_jsd_vs_clean_eval,sensor,60,0,0.0,0.0,0.059629492286166916
gate3b_ood_tue_fri_portscan,target_shift,label_flip_prior_preserving_r_0.100,integrity_pred_pos_rate_shift,sensor,60,0,0.0,0.0,0.059629492286166916
gate3b_ood_tue_fri_portscan,target_shift,label_flip_prior_preserving_r_0.100,integrity_pred_jsd,sensor,60,0,0.0,0.0,0.059629492286166916
gate3b_ood_tue_fri_portscan,target_shift,label_flip_prior_preserving_r_0.100,integrity_label_prior_shift,sensor,60,0,0.0,0.0,0.059629492286166916
gate3b_ood_tue_fri_portscan,target_shift,label_flip_prior_preserving_r_0.100,integrity_label_jsd,sensor,60,0,0.0,0.0,0.059629492286166916
gate3b_ood_tue_fri_portscan,target_shift,label_flip_prior_preserving_r_0.100,integrity_confusion_profile_l1,sensor,60,0,0.0,0.0,0.059629492286166916
gate3b_ood_tue_fri_portscan,target_shift,label_flip_prior_preserving_r_0.100,integrity_confusion_profile_jsd,sensor,60,0,0.0,0.0,0.059629492286166916
gate3b_ood_tue_fri_portscan,target_shift,label_flip_prior_preserving_r_0.100,I_X,regime,60,0,0.0,0.0,0.059629492286166916
gate3b_ood_tue_fri_portscan,target_shift,label_flip_prior_preserving_r_0.100,I_XF,regime,60,0,0.0,0.0,0.059629492286166916
gate3b_ood_tue_fri_portscan,target_shift,label_flip_prior_preserving_r_0.100,I_Ym,regime,60,0,0.0,0.0,0.059629492286166916
gate3b_ood_tue_fri_portscan,target_shift,label_flip_prior_preserving_r_0.100,I_XFY,regime,60,0,0.0,0.0,0.059629492286166916
gate3b_ood_tue_fri_portscan,target_shift,label_flip_prior_preserving_r_0.100,integrity_pred_disagreement,sensor_exact,60,0,0.0,0.0,0.059629492286166916
gate3b_ood_tue_fri_portscan,target_shift,label_flip_prior_preserving_r_0.100,integrity_confusion_profile_l1_delta,sensor_exact,60,17,0.2833333333333333,0.17450528351437516,0.41443606894983
gate3b_ood_tue_fri_portscan,target_shift,label_flip_prior_preserving_r_0.100,integrity_confusion_profile_jsd_delta,sensor_exact,60,17,0.2833333333333333,0.17450528351437516,0.41443606894983
gate3b_ood_tue_fri_portscan,target_shift,label_flip_prior_preserving_r_0.100,label_flip_rate,sensor_exact,60,60,1.0,0.9403705077138331,1.0
gate3b_ood_tue_fri_portscan,target_shift,label_flip_prior_preserving_r_0.100,I_XF_item_aligned,regime_exact,60,0,0.0,0.0,0.059629492286166916
gate3b_ood_tue_fri_portscan,target_shift,label_flip_prior_preserving_r_0.100,I_XFY_item_aligned,regime_exact,60,60,1.0,0.9403705077138331,1.0
gate3b_ood_tue_fri_portscan,target_shift,label_flip_r_0.020,integrity_jsd_vs_clean_eval,sensor,60,0,0.0,0.0,0.059629492286166916
gate3b_ood_tue_fri_portscan,target_shift,label_flip_r_0.020,integrity_mmd_vs_clean_eval,sensor,60,0,0.0,0.0,0.059629492286166916
gate3b_ood_tue_fri_portscan,target_shift,label_flip_r_0.020,integrity_ks_reject05_vs_clean_eval,sensor,60,0,0.0,0.0,0.059629492286166916
gate3b_ood_tue_fri_portscan,target_shift,label_flip_r_0.020,integrity_score_jsd_vs_clean_eval,sensor,60,0,0.0,0.0,0.059629492286166916
gate3b_ood_tue_fri_portscan,target_shift,label_flip_r_0.020,integrity_pred_pos_rate_shift,sensor,60,0,0.0,0.0,0.059629492286166916
gate3b_ood_tue_fri_portscan,target_shift,label_flip_r_0.020,integrity_pred_jsd,sensor,60,0,0.0,0.0,0.059629492286166916
gate3b_ood_tue_fri_portscan,target_shift,label_flip_r_0.020,integrity_label_prior_shift,sensor,60,0,0.0,0.0,0.059629492286166916
gate3b_ood_tue_fri_portscan,target_shift,label_flip_r_0.020,integrity_label_jsd,sensor,60,0,0.0,0.0,0.059629492286166916
gate3b_ood_tue_fri_portscan,target_shift,label_flip_r_0.020,integrity_confusion_profile_l1,sensor,60,0,0.0,0.0,0.059629492286166916
gate3b_ood_tue_fri_portscan,target_shift,label_flip_r_0.020,integrity_confusion_profile_jsd,sensor,60,0,0.0,0.0,0.059629492286166916
gate3b_ood_tue_fri_portscan,target_shift,label_flip_r_0.020,I_X,regime,60,0,0.0,0.0,0.059629492286166916
gate3b_ood_tue_fri_portscan,target_shift,label_flip_r_0.020,I_XF,regime,60,0,0.0,0.0,0.059629492286166916
gate3b_ood_tue_fri_portscan,target_shift,label_flip_r_0.020,I_Ym,regime,60,0,0.0,0.0,0.059629492286166916
gate3b_ood_tue_fri_portscan,target_shift,label_flip_r_0.020,I_XFY,regime,60,0,0.0,0.0,0.059629492286166916
gate3b_ood_tue_fri_portscan,target_shift,label_flip_r_0.020,integrity_pred_disagreement,sensor_exact,60,0,0.0,0.0,0.059629492286166916
gate3b_ood_tue_fri_portscan,target_shift,label_flip_r_0.020,integrity_confusion_profile_l1_delta,sensor_exact,60,57,0.95,0.8607567532789272,0.9895676703556517
gate3b_ood_tue_fri_portscan,target_shift,label_flip_r_0.020,integrity_confusion_profile_jsd_delta,sensor_exact,60,57,0.95,0.8607567532789272,0.9895676703556517
gate3b_ood_tue_fri_portscan,target_shift,label_flip_r_0.020,label_flip_rate,sensor_exact,60,60,1.0,0.9403705077138331,1.0
gate3b_ood_tue_fri_portscan,target_shift,label_flip_r_0.020,I_XF_item_aligned,regime_exact,60,0,0.0,0.0,0.059629492286166916
gate3b_ood_tue_fri_portscan,target_shift,label_flip_r_0.020,I_XFY_item_aligned,regime_exact,60,60,1.0,0.9403705077138331,1.0
gate3b_ood_tue_fri_portscan,target_shift,label_flip_r_0.050,integrity_jsd_vs_clean_eval,sensor,60,0,0.0,0.0,0.059629492286166916
gate3b_ood_tue_fri_portscan,target_shift,label_flip_r_0.050,integrity_mmd_vs_clean_eval,sensor,60,0,0.0,0.0,0.059629492286166916
gate3b_ood_tue_fri_portscan,target_shift,label_flip_r_0.050,integrity_ks_reject05_vs_clean_eval,sensor,60,0,0.0,0.0,0.059629492286166916
gate3b_ood_tue_fri_portscan,target_shift,label_flip_r_0.050,integrity_score_jsd_vs_clean_eval,sensor,60,0,0.0,0.0,0.059629492286166916
gate3b_ood_tue_fri_portscan,target_shift,label_flip_r_0.050,integrity_pred_pos_rate_shift,sensor,60,0,0.0,0.0,0.059629492286166916
gate3b_ood_tue_fri_portscan,target_shift,label_flip_r_0.050,integrity_pred_jsd,sensor,60,0,0.0,0.0,0.059629492286166916
gate3b_ood_tue_fri_portscan,target_shift,label_flip_r_0.050,integrity_label_prior_shift,sensor,60,0,0.0,0.0,0.059629492286166916
gate3b_ood_tue_fri_portscan,target_shift,label_flip_r_0.050,integrity_label_jsd,sensor,60,0,0.0,0.0,0.059629492286166916
gate3b_ood_tue_fri_portscan,target_shift,label_flip_r_0.050,integrity_confusion_profile_l1,sensor,60,0,0.0,0.0,0.059629492286166916
gate3b_ood_tue_fri_portscan,target_shift,label_flip_r_0.050,integrity_confusion_profile_jsd,sensor,60,0,0.0,0.0,0.059629492286166916
gate3b_ood_tue_fri_portscan,target_shift,label_flip_r_0.050,I_X,regime,60,0,0.0,0.0,0.059629492286166916
gate3b_ood_tue_fri_portscan,target_shift,label_flip_r_0.050,I_XF,regime,60,0,0.0,0.0,0.059629492286166916
gate3b_ood_tue_fri_portscan,target_shift,label_flip_r_0.050,I_Ym,regime,60,0,0.0,0.0,0.059629492286166916
gate3b_ood_tue_fri_portscan,target_shift,label_flip_r_0.050,I_XFY,regime,60,0,0.0,0.0,0.059629492286166916
gate3b_ood_tue_fri_portscan,target_shift,label_flip_r_0.050,integrity_pred_disagreement,sensor_exact,60,0,0.0,0.0,0.059629492286166916
gate3b_ood_tue_fri_portscan,target_shift,label_flip_r_0.050,integrity_confusion_profile_l1_delta,sensor_exact,60,53,0.8833333333333333,0.7742838468543517,0.951785158128658
gate3b_ood_tue_fri_portscan,target_shift,label_flip_r_0.050,integrity_confusion_profile_jsd_delta,sensor_exact,60,53,0.8833333333333333,0.7742838468543517,0.951785158128658
gate3b_ood_tue_fri_portscan,target_shift,label_flip_r_0.050,label_flip_rate,sensor_exact,60,60,1.0,0.9403705077138331,1.0
gate3b_ood_tue_fri_portscan,target_shift,label_flip_r_0.050,I_XF_item_aligned,regime_exact,60,0,0.0,0.0,0.059629492286166916
gate3b_ood_tue_fri_portscan,target_shift,label_flip_r_0.050,I_XFY_item_aligned,regime_exact,60,60,1.0,0.9403705077138331,1.0
gate3b_ood_tue_fri_portscan,target_shift,label_flip_r_0.100,integrity_jsd_vs_clean_eval,sensor,60,0,0.0,0.0,0.059629492286166916
gate3b_ood_tue_fri_portscan,target_shift,label_flip_r_0.100,integrity_mmd_vs_clean_eval,sensor,60,0,0.0,0.0,0.059629492286166916
gate3b_ood_tue_fri_portscan,target_shift,label_flip_r_0.100,integrity_ks_reject05_vs_clean_eval,sensor,60,0,0.0,0.0,0.059629492286166916
gate3b_ood_tue_fri_portscan,target_shift,label_flip_r_0.100,integrity_score_jsd_vs_clean_eval,sensor,60,0,0.0,0.0,0.059629492286166916
gate3b_ood_tue_fri_portscan,target_shift,label_flip_r_0.100,integrity_pred_pos_rate_shift,sensor,60,0,0.0,0.0,0.059629492286166916
gate3b_ood_tue_fri_portscan,target_shift,label_flip_r_0.100,integrity_pred_jsd,sensor,60,0,0.0,0.0,0.059629492286166916
gate3b_ood_tue_fri_portscan,target_shift,label_flip_r_0.100,integrity_label_prior_shift,sensor,60,0,0.0,0.0,0.059629492286166916
gate3b_ood_tue_fri_portscan,target_shift,label_flip_r_0.100,integrity_label_jsd,sensor,60,0,0.0,0.0,0.059629492286166916
gate3b_ood_tue_fri_portscan,target_shift,label_flip_r_0.100,integrity_confusion_profile_l1,sensor,60,1,0.016666666666666666,0.00042187445234200915,0.08939905005748702
gate3b_ood_tue_fri_portscan,target_shift,label_flip_r_0.100,integrity_confusion_profile_jsd,sensor,60,0,0.0,0.0,0.059629492286166916
gate3b_ood_tue_fri_portscan,target_shift,label_flip_r_0.100,I_X,regime,60,0,0.0,0.0,0.059629492286166916
gate3b_ood_tue_fri_portscan,target_shift,label_flip_r_0.100,I_XF,regime,60,0,0.0,0.0,0.059629492286166916
gate3b_ood_tue_fri_portscan,target_shift,label_flip_r_0.100,I_Ym,regime,60,0,0.0,0.0,0.059629492286166916
gate3b_ood_tue_fri_portscan,target_shift,label_flip_r_0.100,I_XFY,regime,60,1,0.016666666666666666,0.00042187445234200915,0.08939905005748702
gate3b_ood_tue_fri_portscan,target_shift,label_flip_r_0.100,integrity_pred_disagreement,sensor_exact,60,0,0.0,0.0,0.059629492286166916
gate3b_ood_tue_fri_portscan,target_shift,label_flip_r_0.100,integrity_confusion_profile_l1_delta,sensor_exact,60,60,1.0,0.9403705077138331,1.0
gate3b_ood_tue_fri_portscan,target_shift,label_flip_r_0.100,integrity_confusion_profile_jsd_delta,sensor_exact,60,60,1.0,0.9403705077138331,1.0
gate3b_ood_tue_fri_portscan,target_shift,label_flip_r_0.100,label_flip_rate,sensor_exact,60,60,1.0,0.9403705077138331,1.0
gate3b_ood_tue_fri_portscan,target_shift,label_flip_r_0.100,I_XF_item_aligned,regime_exact,60,0,0.0,0.0,0.059629492286166916
gate3b_ood_tue_fri_portscan,target_shift,label_flip_r_0.100,I_XFY_item_aligned,regime_exact,60,60,1.0,0.9403705077138331,1.0
gate3c_ood_wed_thu_webattacks,corruption,feature_sign_flip_p_0.020,integrity_jsd_vs_clean_eval,sensor,60,0,0.0,0.0,0.059629492286166916
gate3c_ood_wed_thu_webattacks,corruption,feature_sign_flip_p_0.020,integrity_mmd_vs_clean_eval,sensor,60,25,0.4166666666666667,0.2906806664704227,0.5511622022459879
gate3c_ood_wed_thu_webattacks,corruption,feature_sign_flip_p_0.020,integrity_ks_reject05_vs_clean_eval,sensor,60,0,0.0,0.0,0.059629492286166916
gate3c_ood_wed_thu_webattacks,corruption,feature_sign_flip_p_0.020,integrity_score_jsd_vs_clean_eval,sensor,60,0,0.0,0.0,0.059629492286166916
gate3c_ood_wed_thu_webattacks,corruption,feature_sign_flip_p_0.020,integrity_pred_pos_rate_shift,sensor,60,24,0.4,0.2756215787355349,0.5345945626885723
gate3c_ood_wed_thu_webattacks,corruption,feature_sign_flip_p_0.020,integrity_pred_jsd,sensor,60,27,0.45,0.3212215234633568,0.5838808543667839
gate3c_ood_wed_thu_webattacks,corruption,feature_sign_flip_p_0.020,integrity_label_prior_shift,sensor,60,0,0.0,0.0,0.059629492286166916
gate3c_ood_wed_thu_webattacks,corruption,feature_sign_flip_p_0.020,integrity_label_jsd,sensor,60,0,0.0,0.0,0.059629492286166916
gate3c_ood_wed_thu_webattacks,corruption,feature_sign_flip_p_0.020,integrity_confusion_profile_l1,sensor,60,19,0.31666666666666665,0.20257550711897182,0.4495596877640524
gate3c_ood_wed_thu_webattacks,corruption,feature_sign_flip_p_0.020,integrity_confusion_profile_jsd,sensor,60,21,0.35,0.23132642214846,0.48402800937056706
gate3c_ood_wed_thu_webattacks,corruption,feature_sign_flip_p_0.020,I_X,regime,60,25,0.4166666666666667,0.2906806664704227,0.5511622022459879
gate3c_ood_wed_thu_webattacks,corruption,feature_sign_flip_p_0.020,I_XF,regime,60,34,0.5666666666666667,0.4324096535546157,0.6941185731578272
gate3c_ood_wed_thu_webattacks,corruption,feature_sign_flip_p_0.020,I_Ym,regime,60,0,0.0,0.0,0.059629492286166916
gate3c_ood_wed_thu_webattacks,corruption,feature_sign_flip_p_0.020,I_XFY,regime,60,34,0.5666666666666667,0.4324096535546157,0.6941185731578272
gate3c_ood_wed_thu_webattacks,corruption,feature_sign_flip_p_0.020,integrity_pred_disagreement,sensor_exact,60,47,0.7833333333333333,0.6580438212653477,0.8792839755373032
gate3c_ood_wed_thu_webattacks,corruption,feature_sign_flip_p_0.020,integrity_confusion_profile_l1_delta,sensor_exact,60,46,0.7666666666666667,0.6396172128942423,0.866162656111152
gate3c_ood_wed_thu_webattacks,corruption,feature_sign_flip_p_0.020,integrity_confusion_profile_jsd_delta,sensor_exact,60,46,0.7666666666666667,0.6396172128942423,0.866162656111152
gate3c_ood_wed_thu_webattacks,corruption,feature_sign_flip_p_0.020,label_flip_rate,sensor_exact,60,0,0.0,0.0,0.059629492286166916
gate3c_ood_wed_thu_webattacks,corruption,feature_sign_flip_p_0.020,I_XF_item_aligned,regime_exact,60,47,0.7833333333333333,0.6580438212653477,0.8792839755373032
gate3c_ood_wed_thu_webattacks,corruption,feature_sign_flip_p_0.020,I_XFY_item_aligned,regime_exact,60,47,0.7833333333333333,0.6580438212653477,0.8792839755373032
gate3c_ood_wed_thu_webattacks,corruption,feature_sign_flip_p_0.050,integrity_jsd_vs_clean_eval,sensor,60,0,0.0,0.0,0.059629492286166916
gate3c_ood_wed_thu_webattacks,corruption,feature_sign_flip_p_0.050,integrity_mmd_vs_clean_eval,sensor,60,30,0.5,0.368062031942437,0.631937968057563
gate3c_ood_wed_thu_webattacks,corruption,feature_sign_flip_p_0.050,integrity_ks_reject05_vs_clean_eval,sensor,60,0,0.0,0.0,0.059629492286166916
gate3c_ood_wed_thu_webattacks,corruption,feature_sign_flip_p_0.050,integrity_score_jsd_vs_clean_eval,sensor,60,7,0.11666666666666667,0.048214841871341944,0.22571615314564827
gate3c_ood_wed_thu_webattacks,corruption,feature_sign_flip_p_0.050,integrity_pred_pos_rate_shift,sensor,60,39,0.65,0.5159719906294329,0.76867357785154
gate3c_ood_wed_thu_webattacks,corruption,feature_sign_flip_p_0.050,integrity_pred_jsd,sensor,60,38,0.6333333333333333,0.4989692823562928,0.754059389562713
gate3c_ood_wed_thu_webattacks,corruption,feature_sign_flip_p_0.050,integrity_label_prior_shift,sensor,60,0,0.0,0.0,0.059629492286166916
gate3c_ood_wed_thu_webattacks,corruption,feature_sign_flip_p_0.050,integrity_label_jsd,sensor,60,0,0.0,0.0,0.059629492286166916
gate3c_ood_wed_thu_webattacks,corruption,feature_sign_flip_p_0.050,integrity_confusion_profile_l1,sensor,60,26,0.43333333333333335,0.3058814268421728,0.5675903464453843
gate3c_ood_wed_thu_webattacks,corruption,feature_sign_flip_p_0.050,integrity_confusion_profile_jsd,sensor,60,38,0.6333333333333333,0.4989692823562928,0.754059389562713
gate3c_ood_wed_thu_webattacks,corruption,feature_sign_flip_p_0.050,I_X,regime,60,30,0.5,0.368062031942437,0.631937968057563
gate3c_ood_wed_thu_webattacks,corruption,feature_sign_flip_p_0.050,I_XF,regime,60,46,0.7666666666666667,0.6396172128942423,0.866162656111152
gate3c_ood_wed_thu_webattacks,corruption,feature_sign_flip_p_0.050,I_Ym,regime,60,0,0.0,0.0,0.059629492286166916
gate3c_ood_wed_thu_webattacks,corruption,feature_sign_flip_p_0.050,I_XFY,regime,60,46,0.7666666666666667,0.6396172128942423,0.866162656111152
gate3c_ood_wed_thu_webattacks,corruption,feature_sign_flip_p_0.050,integrity_pred_disagreement,sensor_exact,60,56,0.9333333333333333,0.8380132448022711,0.9815382224241185
gate3c_ood_wed_thu_webattacks,corruption,feature_sign_flip_p_0.050,integrity_confusion_profile_l1_delta,sensor_exact,60,56,0.9333333333333333,0.8380132448022711,0.9815382224241185
gate3c_ood_wed_thu_webattacks,corruption,feature_sign_flip_p_0.050,integrity_confusion_profile_jsd_delta,sensor_exact,60,56,0.9333333333333333,0.8380132448022711,0.9815382224241185
gate3c_ood_wed_thu_webattacks,corruption,feature_sign_flip_p_0.050,label_flip_rate,sensor_exact,60,0,0.0,0.0,0.059629492286166916
gate3c_ood_wed_thu_webattacks,corruption,feature_sign_flip_p_0.050,I_XF_item_aligned,regime_exact,60,56,0.9333333333333333,0.8380132448022711,0.9815382224241185
gate3c_ood_wed_thu_webattacks,corruption,feature_sign_flip_p_0.050,I_XFY_item_aligned,regime_exact,60,56,0.9333333333333333,0.8380132448022711,0.9815382224241185
gate3c_ood_wed_thu_webattacks,corruption,feature_sign_flip_p_0.100,integrity_jsd_vs_clean_eval,sensor,60,0,0.0,0.0,0.059629492286166916
gate3c_ood_wed_thu_webattacks,corruption,feature_sign_flip_p_0.100,integrity_mmd_vs_clean_eval,sensor,60,57,0.95,0.8607567532789272,0.9895676703556517
gate3c_ood_wed_thu_webattacks,corruption,feature_sign_flip_p_0.100,integrity_ks_reject05_vs_clean_eval,sensor,60,0,0.0,0.0,0.059629492286166916
gate3c_ood_wed_thu_webattacks,corruption,feature_sign_flip_p_0.100,integrity_score_jsd_vs_clean_eval,sensor,60,53,0.8833333333333333,0.7742838468543517,0.951785158128658
gate3c_ood_wed_thu_webattacks,corruption,feature_sign_flip_p_0.100,integrity_pred_pos_rate_shift,sensor,60,51,0.85,0.7342595522427049,0.9290438047429088
gate3c_ood_wed_thu_webattacks,corruption,feature_sign_flip_p_0.100,integrity_pred_jsd,sensor,60,52,0.8666666666666667,0.75407777886958,0.9406355772946428
gate3c_ood_wed_thu_webattacks,corruption,feature_sign_flip_p_0.100,integrity_label_prior_shift,sensor,60,0,0.0,0.0,0.059629492286166916
gate3c_ood_wed_thu_webattacks,corruption,feature_sign_flip_p_0.100,integrity_label_jsd,sensor,60,0,0.0,0.0,0.059629492286166916
gate3c_ood_wed_thu_webattacks,corruption,feature_sign_flip_p_0.100,integrity_confusion_profile_l1,sensor,60,29,0.48333333333333334,0.3523129300021264,0.616053982668403
gate3c_ood_wed_thu_webattacks,corruption,feature_sign_flip_p_0.100,integrity_confusion_profile_jsd,sensor,60,50,0.8333333333333334,0.7147807451712973,0.9170711898409363
gate3c_ood_wed_thu_webattacks,corruption,feature_sign_flip_p_0.100,I_X,regime,60,57,0.95,0.8607567532789272,0.9895676703556517
gate3c_ood_wed_thu_webattacks,corruption,feature_sign_flip_p_0.100,I_XF,regime,60,60,1.0,0.9403705077138331,1.0
gate3c_ood_wed_thu_webattacks,corruption,feature_sign_flip_p_0.100,I_Ym,regime,60,0,0.0,0.0,0.059629492286166916
gate3c_ood_wed_thu_webattacks,corruption,feature_sign_flip_p_0.100,I_XFY,regime,60,60,1.0,0.9403705077138331,1.0
gate3c_ood_wed_thu_webattacks,corruption,feature_sign_flip_p_0.100,integrity_pred_disagreement,sensor_exact,60,56,0.9333333333333333,0.8380132448022711,0.9815382224241185
gate3c_ood_wed_thu_webattacks,corruption,feature_sign_flip_p_0.100,integrity_confusion_profile_l1_delta,sensor_exact,60,56,0.9333333333333333,0.8380132448022711,0.9815382224241185
gate3c_ood_wed_thu_webattacks,corruption,feature_sign_flip_p_0.100,integrity_confusion_profile_jsd_delta,sensor_exact,60,56,0.9333333333333333,0.8380132448022711,0.9815382224241185
gate3c_ood_wed_thu_webattacks,corruption,feature_sign_flip_p_0.100,label_flip_rate,sensor_exact,60,0,0.0,0.0,0.059629492286166916
gate3c_ood_wed_thu_webattacks,corruption,feature_sign_flip_p_0.100,I_XF_item_aligned,regime_exact,60,56,0.9333333333333333,0.8380132448022711,0.9815382224241185
gate3c_ood_wed_thu_webattacks,corruption,feature_sign_flip_p_0.100,I_XFY_item_aligned,regime_exact,60,56,0.9333333333333333,0.8380132448022711,0.9815382224241185
gate3c_ood_wed_thu_webattacks,covariate_shift,mean_shift_pf_delta_0.020,integrity_jsd_vs_clean_eval,sensor,60,54,0.9,0.7949422632919361,0.962408730891434
gate3c_ood_wed_thu_webattacks,covariate_shift,mean_shift_pf_delta_0.020,integrity_mmd_vs_clean_eval,sensor,60,0,0.0,0.0,0.059629492286166916
gate3c_ood_wed_thu_webattacks,covariate_shift,mean_shift_pf_delta_0.020,integrity_ks_reject05_vs_clean_eval,sensor,60,60,1.0,0.9403705077138331,1.0
gate3c_ood_wed_thu_webattacks,covariate_shift,mean_shift_pf_delta_0.020,integrity_score_jsd_vs_clean_eval,sensor,60,42,0.7,0.5679168661239384,0.8115485545802774
gate3c_ood_wed_thu_webattacks,covariate_shift,mean_shift_pf_delta_0.020,integrity_pred_pos_rate_shift,sensor,60,2,0.03333333333333333,0.004062624642093498,0.11528104441925167
gate3c_ood_wed_thu_webattacks,covariate_shift,mean_shift_pf_delta_0.020,integrity_pred_jsd,sensor,60,2,0.03333333333333333,0.004062624642093498,0.11528104441925167
gate3c_ood_wed_thu_webattacks,covariate_shift,mean_shift_pf_delta_0.020,integrity_label_prior_shift,sensor,60,0,0.0,0.0,0.059629492286166916
gate3c_ood_wed_thu_webattacks,covariate_shift,mean_shift_pf_delta_0.020,integrity_label_jsd,sensor,60,0,0.0,0.0,0.059629492286166916
gate3c_ood_wed_thu_webattacks,covariate_shift,mean_shift_pf_delta_0.020,integrity_confusion_profile_l1,sensor,60,2,0.03333333333333333,0.004062624642093498,0.11528104441925167
gate3c_ood_wed_thu_webattacks,covariate_shift,mean_shift_pf_delta_0.020,integrity_confusion_profile_jsd,sensor,60,2,0.03333333333333333,0.004062624642093498,0.11528104441925167
gate3c_ood_wed_thu_webattacks,covariate_shift,mean_shift_pf_delta_0.020,I_X,regime,60,60,1.0,0.9403705077138331,1.0
gate3c_ood_wed_thu_webattacks,covariate_shift,mean_shift_pf_delta_0.020,I_XF,regime,60,60,1.0,0.9403705077138331,1.0
gate3c_ood_wed_thu_webattacks,covariate_shift,mean_shift_pf_delta_0.020,I_Ym,regime,60,0,0.0,0.0,0.059629492286166916
gate3c_ood_wed_thu_webattacks,covariate_shift,mean_shift_pf_delta_0.020,I_XFY,regime,60,60,1.0,0.9403705077138331,1.0
gate3c_ood_wed_thu_webattacks,covariate_shift,mean_shift_pf_delta_0.020,integrity_pred_disagreement,sensor_exact,60,17,0.2833333333333333,0.17450528351437516,0.41443606894983
gate3c_ood_wed_thu_webattacks,covariate_shift,mean_shift_pf_delta_0.020,integrity_confusion_profile_l1_delta,sensor_exact,60,16,0.26666666666666666,0.16074645159041537,0.39661034002549556
gate3c_ood_wed_thu_webattacks,covariate_shift,mean_shift_pf_delta_0.020,integrity_confusion_profile_jsd_delta,sensor_exact,60,16,0.26666666666666666,0.16074645159041537,0.39661034002549556
gate3c_ood_wed_thu_webattacks,covariate_shift,mean_shift_pf_delta_0.020,label_flip_rate,sensor_exact,60,0,0.0,0.0,0.059629492286166916
gate3c_ood_wed_thu_webattacks,covariate_shift,mean_shift_pf_delta_0.020,I_XF_item_aligned,regime_exact,60,17,0.2833333333333333,0.17450528351437516,0.41443606894983
gate3c_ood_wed_thu_webattacks,covariate_shift,mean_shift_pf_delta_0.020,I_XFY_item_aligned,regime_exact,60,17,0.2833333333333333,0.17450528351437516,0.41443606894983
gate3c_ood_wed_thu_webattacks,covariate_shift,mean_shift_pf_delta_0.050,integrity_jsd_vs_clean_eval,sensor,60,60,1.0,0.9403705077138331,1.0
gate3c_ood_wed_thu_webattacks,covariate_shift,mean_shift_pf_delta_0.050,integrity_mmd_vs_clean_eval,sensor,60,10,0.16666666666666666,0.08292881015906373,0.28521925482870264
gate3c_ood_wed_thu_webattacks,covariate_shift,mean_shift_pf_delta_0.050,integrity_ks_reject05_vs_clean_eval,sensor,60,60,1.0,0.9403705077138331,1.0
gate3c_ood_wed_thu_webattacks,covariate_shift,mean_shift_pf_delta_0.050,integrity_score_jsd_vs_clean_eval,sensor,60,54,0.9,0.7949422632919361,0.962408730891434
gate3c_ood_wed_thu_webattacks,covariate_shift,mean_shift_pf_delta_0.050,integrity_pred_pos_rate_shift,sensor,60,6,0.1,0.037591269108566035,0.2050577367080639
gate3c_ood_wed_thu_webattacks,covariate_shift,mean_shift_pf_delta_0.050,integrity_pred_jsd,sensor,60,6,0.1,0.037591269108566035,0.2050577367080639
gate3c_ood_wed_thu_webattacks,covariate_shift,mean_shift_pf_delta_0.050,integrity_label_prior_shift,sensor,60,0,0.0,0.0,0.059629492286166916
gate3c_ood_wed_thu_webattacks,covariate_shift,mean_shift_pf_delta_0.050,integrity_label_jsd,sensor,60,0,0.0,0.0,0.059629492286166916
gate3c_ood_wed_thu_webattacks,covariate_shift,mean_shift_pf_delta_0.050,integrity_confusion_profile_l1,sensor,60,5,0.08333333333333333,0.027613310337426412,0.1838577833765858
gate3c_ood_wed_thu_webattacks,covariate_shift,mean_shift_pf_delta_0.050,integrity_confusion_profile_jsd,sensor,60,6,0.1,0.037591269108566035,0.2050577367080639
gate3c_ood_wed_thu_webattacks,covariate_shift,mean_shift_pf_delta_0.050,I_X,regime,60,60,1.0,0.9403705077138331,1.0
gate3c_ood_wed_thu_webattacks,covariate_shift,mean_shift_pf_delta_0.050,I_XF,regime,60,60,1.0,0.9403705077138331,1.0
gate3c_ood_wed_thu_webattacks,covariate_shift,mean_shift_pf_delta_0.050,I_Ym,regime,60,0,0.0,0.0,0.059629492286166916
gate3c_ood_wed_thu_webattacks,covariate_shift,mean_shift_pf_delta_0.050,I_XFY,regime,60,60,1.0,0.9403705077138331,1.0
gate3c_ood_wed_thu_webattacks,covariate_shift,mean_shift_pf_delta_0.050,integrity_pred_disagreement,sensor_exact,60,22,0.36666666666666664,0.24594061043728702,0.5010307176437072
gate3c_ood_wed_thu_webattacks,covariate_shift,mean_shift_pf_delta_0.050,integrity_confusion_profile_l1_delta,sensor_exact,60,22,0.36666666666666664,0.24594061043728702,0.5010307176437072
gate3c_ood_wed_thu_webattacks,covariate_shift,mean_shift_pf_delta_0.050,integrity_confusion_profile_jsd_delta,sensor_exact,60,22,0.36666666666666664,0.24594061043728702,0.5010307176437072
gate3c_ood_wed_thu_webattacks,covariate_shift,mean_shift_pf_delta_0.050,label_flip_rate,sensor_exact,60,0,0.0,0.0,0.059629492286166916
gate3c_ood_wed_thu_webattacks,covariate_shift,mean_shift_pf_delta_0.050,I_XF_item_aligned,regime_exact,60,22,0.36666666666666664,0.24594061043728702,0.5010307176437072
gate3c_ood_wed_thu_webattacks,covariate_shift,mean_shift_pf_delta_0.050,I_XFY_item_aligned,regime_exact,60,22,0.36666666666666664,0.24594061043728702,0.5010307176437072
gate3c_ood_wed_thu_webattacks,covariate_shift,mean_shift_pf_delta_0.100,integrity_jsd_vs_clean_eval,sensor,60,60,1.0,0.9403705077138331,1.0
gate3c_ood_wed_thu_webattacks,covariate_shift,mean_shift_pf_delta_0.100,integrity_mmd_vs_clean_eval,sensor,60,39,0.65,0.5159719906294329,0.76867357785154
gate3c_ood_wed_thu_webattacks,covariate_shift,mean_shift_pf_delta_0.100,integrity_ks_reject05_vs_clean_eval,sensor,60,60,1.0,0.9403705077138331,1.0
gate3c_ood_wed_thu_webattacks,covariate_shift,mean_shift_pf_delta_0.100,integrity_score_jsd_vs_clean_eval,sensor,60,57,0.95,0.8607567532789272,0.9895676703556517
gate3c_ood_wed_thu_webattacks,covariate_shift,mean_shift_pf_delta_0.100,integrity_pred_pos_rate_shift,sensor,60,18,0.3,0.18845144541972264,0.43208313387606156
gate3c_ood_wed_thu_webattacks,covariate_shift,mean_shift_pf_delta_0.100,integrity_pred_jsd,sensor,60,18,0.3,0.18845144541972264,0.43208313387606156
gate3c_ood_wed_thu_webattacks,covariate_shift,mean_shift_pf_delta_0.100,integrity_label_prior_shift,sensor,60,0,0.0,0.0,0.059629492286166916
gate3c_ood_wed_thu_webattacks,covariate_shift,mean_shift_pf_delta_0.100,integrity_label_jsd,sensor,60,0,0.0,0.0,0.059629492286166916
gate3c_ood_wed_thu_webattacks,covariate_shift,mean_shift_pf_delta_0.100,integrity_confusion_profile_l1,sensor,60,15,0.25,0.1471860737990036,0.37859635547954423
gate3c_ood_wed_thu_webattacks,covariate_shift,mean_shift_pf_delta_0.100,integrity_confusion_profile_jsd,sensor,60,17,0.2833333333333333,0.17450528351437516,0.41443606894983
gate3c_ood_wed_thu_webattacks,covariate_shift,mean_shift_pf_delta_0.100,I_X,regime,60,60,1.0,0.9403705077138331,1.0
gate3c_ood_wed_thu_webattacks,covariate_shift,mean_shift_pf_delta_0.100,I_XF,regime,60,60,1.0,0.9403705077138331,1.0
gate3c_ood_wed_thu_webattacks,covariate_shift,mean_shift_pf_delta_0.100,I_Ym,regime,60,0,0.0,0.0,0.059629492286166916
gate3c_ood_wed_thu_webattacks,covariate_shift,mean_shift_pf_delta_0.100,I_XFY,regime,60,60,1.0,0.9403705077138331,1.0
gate3c_ood_wed_thu_webattacks,covariate_shift,mean_shift_pf_delta_0.100,integrity_pred_disagreement,sensor_exact,60,28,0.4666666666666667,0.33669913625045234,0.6000350974156975
gate3c_ood_wed_thu_webattacks,covariate_shift,mean_shift_pf_delta_0.100,integrity_confusion_profile_l1_delta,sensor_exact,60,28,0.4666666666666667,0.33669913625045234,0.6000350974156975
gate3c_ood_wed_thu_webattacks,covariate_shift,mean_shift_pf_delta_0.100,integrity_confusion_profile_jsd_delta,sensor_exact,60,28,0.4666666666666667,0.33669913625045234,0.6000350974156975
gate3c_ood_wed_thu_webattacks,covariate_shift,mean_shift_pf_delta_0.100,label_flip_rate,sensor_exact,60,0,0.0,0.0,0.059629492286166916
gate3c_ood_wed_thu_webattacks,covariate_shift,mean_shift_pf_delta_0.100,I_XF_item_aligned,regime_exact,60,28,0.4666666666666667,0.33669913625045234,0.6000350974156975
gate3c_ood_wed_thu_webattacks,covariate_shift,mean_shift_pf_delta_0.100,I_XFY_item_aligned,regime_exact,60,28,0.4666666666666667,0.33669913625045234,0.6000350974156975
gate3c_ood_wed_thu_webattacks,covariate_shift,scaling_drift_alpha_0.020,integrity_jsd_vs_clean_eval,sensor,60,39,0.65,0.5159719906294329,0.76867357785154
gate3c_ood_wed_thu_webattacks,covariate_shift,scaling_drift_alpha_0.020,integrity_mmd_vs_clean_eval,sensor,60,16,0.26666666666666666,0.16074645159041537,0.39661034002549556
gate3c_ood_wed_thu_webattacks,covariate_shift,scaling_drift_alpha_0.020,integrity_ks_reject05_vs_clean_eval,sensor,60,60,1.0,0.9403705077138331,1.0
gate3c_ood_wed_thu_webattacks,covariate_shift,scaling_drift_alpha_0.020,integrity_score_jsd_vs_clean_eval,sensor,60,36,0.6,0.4654054373114277,0.7243784212644651
gate3c_ood_wed_thu_webattacks,covariate_shift,scaling_drift_alpha_0.020,integrity_pred_pos_rate_shift,sensor,60,14,0.23333333333333334,0.13383734388884805,0.3603827871057576
gate3c_ood_wed_thu_webattacks,covariate_shift,scaling_drift_alpha_0.020,integrity_pred_jsd,sensor,60,14,0.23333333333333334,0.13383734388884805,0.3603827871057576
gate3c_ood_wed_thu_webattacks,covariate_shift,scaling_drift_alpha_0.020,integrity_label_prior_shift,sensor,60,0,0.0,0.0,0.059629492286166916
gate3c_ood_wed_thu_webattacks,covariate_shift,scaling_drift_alpha_0.020,integrity_label_jsd,sensor,60,0,0.0,0.0,0.059629492286166916
gate3c_ood_wed_thu_webattacks,covariate_shift,scaling_drift_alpha_0.020,integrity_confusion_profile_l1,sensor,60,13,0.21666666666666667,0.12071602446269679,0.3419561787346524
gate3c_ood_wed_thu_webattacks,covariate_shift,scaling_drift_alpha_0.020,integrity_confusion_profile_jsd,sensor,60,14,0.23333333333333334,0.13383734388884805,0.3603827871057576
gate3c_ood_wed_thu_webattacks,covariate_shift,scaling_drift_alpha_0.020,I_X,regime,60,60,1.0,0.9403705077138331,1.0
gate3c_ood_wed_thu_webattacks,covariate_shift,scaling_drift_alpha_0.020,I_XF,regime,60,60,1.0,0.9403705077138331,1.0
gate3c_ood_wed_thu_webattacks,covariate_shift,scaling_drift_alpha_0.020,I_Ym,regime,60,0,0.0,0.0,0.059629492286166916
gate3c_ood_wed_thu_webattacks,covariate_shift,scaling_drift_alpha_0.020,I_XFY,regime,60,60,1.0,0.9403705077138331,1.0
gate3c_ood_wed_thu_webattacks,covariate_shift,scaling_drift_alpha_0.020,integrity_pred_disagreement,sensor_exact,60,29,0.48333333333333334,0.3523129300021264,0.616053982668403
gate3c_ood_wed_thu_webattacks,covariate_shift,scaling_drift_alpha_0.020,integrity_confusion_profile_l1_delta,sensor_exact,60,28,0.4666666666666667,0.33669913625045234,0.6000350974156975
gate3c_ood_wed_thu_webattacks,covariate_shift,scaling_drift_alpha_0.020,integrity_confusion_profile_jsd_delta,sensor_exact,60,28,0.4666666666666667,0.33669913625045234,0.6000350974156975
gate3c_ood_wed_thu_webattacks,covariate_shift,scaling_drift_alpha_0.020,label_flip_rate,sensor_exact,60,0,0.0,0.0,0.059629492286166916
gate3c_ood_wed_thu_webattacks,covariate_shift,scaling_drift_alpha_0.020,I_XF_item_aligned,regime_exact,60,29,0.48333333333333334,0.3523129300021264,0.616053982668403
gate3c_ood_wed_thu_webattacks,covariate_shift,scaling_drift_alpha_0.020,I_XFY_item_aligned,regime_exact,60,29,0.48333333333333334,0.3523129300021264,0.616053982668403
gate3c_ood_wed_thu_webattacks,covariate_shift,scaling_drift_alpha_0.050,integrity_jsd_vs_clean_eval,sensor,60,57,0.95,0.8607567532789272,0.9895676703556517
gate3c_ood_wed_thu_webattacks,covariate_shift,scaling_drift_alpha_0.050,integrity_mmd_vs_clean_eval,sensor,60,29,0.48333333333333334,0.3523129300021264,0.616053982668403
gate3c_ood_wed_thu_webattacks,covariate_shift,scaling_drift_alpha_0.050,integrity_ks_reject05_vs_clean_eval,sensor,60,60,1.0,0.9403705077138331,1.0
gate3c_ood_wed_thu_webattacks,covariate_shift,scaling_drift_alpha_0.050,integrity_score_jsd_vs_clean_eval,sensor,60,54,0.9,0.7949422632919361,0.962408730891434
gate3c_ood_wed_thu_webattacks,covariate_shift,scaling_drift_alpha_0.050,integrity_pred_pos_rate_shift,sensor,60,22,0.36666666666666664,0.24594061043728702,0.5010307176437072
gate3c_ood_wed_thu_webattacks,covariate_shift,scaling_drift_alpha_0.050,integrity_pred_jsd,sensor,60,23,0.38333333333333336,0.26070705801599925,0.5178850485688385
gate3c_ood_wed_thu_webattacks,covariate_shift,scaling_drift_alpha_0.050,integrity_label_prior_shift,sensor,60,0,0.0,0.0,0.059629492286166916
gate3c_ood_wed_thu_webattacks,covariate_shift,scaling_drift_alpha_0.050,integrity_label_jsd,sensor,60,0,0.0,0.0,0.059629492286166916
gate3c_ood_wed_thu_webattacks,covariate_shift,scaling_drift_alpha_0.050,integrity_confusion_profile_l1,sensor,60,22,0.36666666666666664,0.24594061043728702,0.5010307176437072
gate3c_ood_wed_thu_webattacks,covariate_shift,scaling_drift_alpha_0.050,integrity_confusion_profile_jsd,sensor,60,22,0.36666666666666664,0.24594061043728702,0.5010307176437072
gate3c_ood_wed_thu_webattacks,covariate_shift,scaling_drift_alpha_0.050,I_X,regime,60,60,1.0,0.9403705077138331,1.0
gate3c_ood_wed_thu_webattacks,covariate_shift,scaling_drift_alpha_0.050,I_XF,regime,60,60,1.0,0.9403705077138331,1.0
gate3c_ood_wed_thu_webattacks,covariate_shift,scaling_drift_alpha_0.050,I_Ym,regime,60,0,0.0,0.0,0.059629492286166916
gate3c_ood_wed_thu_webattacks,covariate_shift,scaling_drift_alpha_0.050,I_XFY,regime,60,60,1.0,0.9403705077138331,1.0
gate3c_ood_wed_thu_webattacks,covariate_shift,scaling_drift_alpha_0.050,integrity_pred_disagreement,sensor_exact,60,30,0.5,0.368062031942437,0.631937968057563
gate3c_ood_wed_thu_webattacks,covariate_shift,scaling_drift_alpha_0.050,integrity_confusion_profile_l1_delta,sensor_exact,60,30,0.5,0.368062031942437,0.631937968057563
gate3c_ood_wed_thu_webattacks,covariate_shift,scaling_drift_alpha_0.050,integrity_confusion_profile_jsd_delta,sensor_exact,60,30,0.5,0.368062031942437,0.631937968057563
gate3c_ood_wed_thu_webattacks,covariate_shift,scaling_drift_alpha_0.050,label_flip_rate,sensor_exact,60,0,0.0,0.0,0.059629492286166916
gate3c_ood_wed_thu_webattacks,covariate_shift,scaling_drift_alpha_0.050,I_XF_item_aligned,regime_exact,60,30,0.5,0.368062031942437,0.631937968057563
gate3c_ood_wed_thu_webattacks,covariate_shift,scaling_drift_alpha_0.050,I_XFY_item_aligned,regime_exact,60,30,0.5,0.368062031942437,0.631937968057563
gate3c_ood_wed_thu_webattacks,covariate_shift,scaling_drift_alpha_0.100,integrity_jsd_vs_clean_eval,sensor,60,51,0.85,0.7342595522427049,0.9290438047429088
gate3c_ood_wed_thu_webattacks,covariate_shift,scaling_drift_alpha_0.100,integrity_mmd_vs_clean_eval,sensor,60,30,0.5,0.368062031942437,0.631937968057563
gate3c_ood_wed_thu_webattacks,covariate_shift,scaling_drift_alpha_0.100,integrity_ks_reject05_vs_clean_eval,sensor,60,60,1.0,0.9403705077138331,1.0
gate3c_ood_wed_thu_webattacks,covariate_shift,scaling_drift_alpha_0.100,integrity_score_jsd_vs_clean_eval,sensor,60,58,0.9666666666666667,0.8847189555807483,0.9959373753579065
gate3c_ood_wed_thu_webattacks,covariate_shift,scaling_drift_alpha_0.100,integrity_pred_pos_rate_shift,sensor,60,24,0.4,0.2756215787355349,0.5345945626885723
gate3c_ood_wed_thu_webattacks,covariate_shift,scaling_drift_alpha_0.100,integrity_pred_jsd,sensor,60,24,0.4,0.2756215787355349,0.5345945626885723
gate3c_ood_wed_thu_webattacks,covariate_shift,scaling_drift_alpha_0.100,integrity_label_prior_shift,sensor,60,0,0.0,0.0,0.059629492286166916
gate3c_ood_wed_thu_webattacks,covariate_shift,scaling_drift_alpha_0.100,integrity_label_jsd,sensor,60,0,0.0,0.0,0.059629492286166916
gate3c_ood_wed_thu_webattacks,covariate_shift,scaling_drift_alpha_0.100,integrity_confusion_profile_l1,sensor,60,24,0.4,0.2756215787355349,0.5345945626885723
gate3c_ood_wed_thu_webattacks,covariate_shift,scaling_drift_alpha_0.100,integrity_confusion_profile_jsd,sensor,60,24,0.4,0.2756215787355349,0.5345945626885723
gate3c_ood_wed_thu_webattacks,covariate_shift,scaling_drift_alpha_0.100,I_X,regime,60,60,1.0,0.9403705077138331,1.0
gate3c_ood_wed_thu_webattacks,covariate_shift,scaling_drift_alpha_0.100,I_XF,regime,60,60,1.0,0.9403705077138331,1.0
gate3c_ood_wed_thu_webattacks,covariate_shift,scaling_drift_alpha_0.100,I_Ym,regime,60,0,0.0,0.0,0.059629492286166916
gate3c_ood_wed_thu_webattacks,covariate_shift,scaling_drift_alpha_0.100,I_XFY,regime,60,60,1.0,0.9403705077138331,1.0
gate3c_ood_wed_thu_webattacks,covariate_shift,scaling_drift_alpha_0.100,integrity_pred_disagreement,sensor_exact,60,31,0.5166666666666667,0.3839460173315969,0.6476870699978736
gate3c_ood_wed_thu_webattacks,covariate_shift,scaling_drift_alpha_0.100,integrity_confusion_profile_l1_delta,sensor_exact,60,31,0.5166666666666667,0.3839460173315969,0.6476870699978736
gate3c_ood_wed_thu_webattacks,covariate_shift,scaling_drift_alpha_0.100,integrity_confusion_profile_jsd_delta,sensor_exact,60,31,0.5166666666666667,0.3839460173315969,0.6476870699978736
gate3c_ood_wed_thu_webattacks,covariate_shift,scaling_drift_alpha_0.100,label_flip_rate,sensor_exact,60,0,0.0,0.0,0.059629492286166916
gate3c_ood_wed_thu_webattacks,covariate_shift,scaling_drift_alpha_0.100,I_XF_item_aligned,regime_exact,60,31,0.5166666666666667,0.3839460173315969,0.6476870699978736
gate3c_ood_wed_thu_webattacks,covariate_shift,scaling_drift_alpha_0.100,I_XFY_item_aligned,regime_exact,60,31,0.5166666666666667,0.3839460173315969,0.6476870699978736
gate3c_ood_wed_thu_webattacks,pipeline,feature_dropout_p_0.020,integrity_jsd_vs_clean_eval,sensor,60,0,0.0,0.0,0.059629492286166916
gate3c_ood_wed_thu_webattacks,pipeline,feature_dropout_p_0.020,integrity_mmd_vs_clean_eval,sensor,60,0,0.0,0.0,0.059629492286166916
gate3c_ood_wed_thu_webattacks,pipeline,feature_dropout_p_0.020,integrity_ks_reject05_vs_clean_eval,sensor,60,0,0.0,0.0,0.059629492286166916
gate3c_ood_wed_thu_webattacks,pipeline,feature_dropout_p_0.020,integrity_score_jsd_vs_clean_eval,sensor,60,0,0.0,0.0,0.059629492286166916
gate3c_ood_wed_thu_webattacks,pipeline,feature_dropout_p_0.020,integrity_pred_pos_rate_shift,sensor,60,0,0.0,0.0,0.059629492286166916
gate3c_ood_wed_thu_webattacks,pipeline,feature_dropout_p_0.020,integrity_pred_jsd,sensor,60,0,0.0,0.0,0.059629492286166916
gate3c_ood_wed_thu_webattacks,pipeline,feature_dropout_p_0.020,integrity_label_prior_shift,sensor,60,0,0.0,0.0,0.059629492286166916
gate3c_ood_wed_thu_webattacks,pipeline,feature_dropout_p_0.020,integrity_label_jsd,sensor,60,0,0.0,0.0,0.059629492286166916
gate3c_ood_wed_thu_webattacks,pipeline,feature_dropout_p_0.020,integrity_confusion_profile_l1,sensor,60,0,0.0,0.0,0.059629492286166916
gate3c_ood_wed_thu_webattacks,pipeline,feature_dropout_p_0.020,integrity_confusion_profile_jsd,sensor,60,0,0.0,0.0,0.059629492286166916
gate3c_ood_wed_thu_webattacks,pipeline,feature_dropout_p_0.020,I_X,regime,60,0,0.0,0.0,0.059629492286166916
gate3c_ood_wed_thu_webattacks,pipeline,feature_dropout_p_0.020,I_XF,regime,60,0,0.0,0.0,0.059629492286166916
gate3c_ood_wed_thu_webattacks,pipeline,feature_dropout_p_0.020,I_Ym,regime,60,0,0.0,0.0,0.059629492286166916
gate3c_ood_wed_thu_webattacks,pipeline,feature_dropout_p_0.020,I_XFY,regime,60,0,0.0,0.0,0.059629492286166916
gate3c_ood_wed_thu_webattacks,pipeline,feature_dropout_p_0.020,integrity_pred_disagreement,sensor_exact,60,23,0.38333333333333336,0.26070705801599925,0.5178850485688385
gate3c_ood_wed_thu_webattacks,pipeline,feature_dropout_p_0.020,integrity_confusion_profile_l1_delta,sensor_exact,60,23,0.38333333333333336,0.26070705801599925,0.5178850485688385
gate3c_ood_wed_thu_webattacks,pipeline,feature_dropout_p_0.020,integrity_confusion_profile_jsd_delta,sensor_exact,60,23,0.38333333333333336,0.26070705801599925,0.5178850485688385
gate3c_ood_wed_thu_webattacks,pipeline,feature_dropout_p_0.020,label_flip_rate,sensor_exact,60,0,0.0,0.0,0.059629492286166916
gate3c_ood_wed_thu_webattacks,pipeline,feature_dropout_p_0.020,I_XF_item_aligned,regime_exact,60,23,0.38333333333333336,0.26070705801599925,0.5178850485688385
gate3c_ood_wed_thu_webattacks,pipeline,feature_dropout_p_0.020,I_XFY_item_aligned,regime_exact,60,23,0.38333333333333336,0.26070705801599925,0.5178850485688385
gate3c_ood_wed_thu_webattacks,pipeline,feature_dropout_p_0.050,integrity_jsd_vs_clean_eval,sensor,60,0,0.0,0.0,0.059629492286166916
gate3c_ood_wed_thu_webattacks,pipeline,feature_dropout_p_0.050,integrity_mmd_vs_clean_eval,sensor,60,0,0.0,0.0,0.059629492286166916
gate3c_ood_wed_thu_webattacks,pipeline,feature_dropout_p_0.050,integrity_ks_reject05_vs_clean_eval,sensor,60,0,0.0,0.0,0.059629492286166916
gate3c_ood_wed_thu_webattacks,pipeline,feature_dropout_p_0.050,integrity_score_jsd_vs_clean_eval,sensor,60,1,0.016666666666666666,0.00042187445234200915,0.08939905005748702
gate3c_ood_wed_thu_webattacks,pipeline,feature_dropout_p_0.050,integrity_pred_pos_rate_shift,sensor,60,9,0.15,0.07095619525709117,0.26574044775729516
gate3c_ood_wed_thu_webattacks,pipeline,feature_dropout_p_0.050,integrity_pred_jsd,sensor,60,9,0.15,0.07095619525709117,0.26574044775729516
gate3c_ood_wed_thu_webattacks,pipeline,feature_dropout_p_0.050,integrity_label_prior_shift,sensor,60,0,0.0,0.0,0.059629492286166916
gate3c_ood_wed_thu_webattacks,pipeline,feature_dropout_p_0.050,integrity_label_jsd,sensor,60,0,0.0,0.0,0.059629492286166916
gate3c_ood_wed_thu_webattacks,pipeline,feature_dropout_p_0.050,integrity_confusion_profile_l1,sensor,60,4,0.06666666666666667,0.01846177757588151,0.1619867551977289
gate3c_ood_wed_thu_webattacks,pipeline,feature_dropout_p_0.050,integrity_confusion_profile_jsd,sensor,60,6,0.1,0.037591269108566035,0.2050577367080639
gate3c_ood_wed_thu_webattacks,pipeline,feature_dropout_p_0.050,I_X,regime,60,0,0.0,0.0,0.059629492286166916
gate3c_ood_wed_thu_webattacks,pipeline,feature_dropout_p_0.050,I_XF,regime,60,11,0.18333333333333332,0.09523582291656381,0.3043960547407762
gate3c_ood_wed_thu_webattacks,pipeline,feature_dropout_p_0.050,I_Ym,regime,60,0,0.0,0.0,0.059629492286166916
gate3c_ood_wed_thu_webattacks,pipeline,feature_dropout_p_0.050,I_XFY,regime,60,11,0.18333333333333332,0.09523582291656381,0.3043960547407762
gate3c_ood_wed_thu_webattacks,pipeline,feature_dropout_p_0.050,integrity_pred_disagreement,sensor_exact,60,31,0.5166666666666667,0.3839460173315969,0.6476870699978736
gate3c_ood_wed_thu_webattacks,pipeline,feature_dropout_p_0.050,integrity_confusion_profile_l1_delta,sensor_exact,60,31,0.5166666666666667,0.3839460173315969,0.6476870699978736
gate3c_ood_wed_thu_webattacks,pipeline,feature_dropout_p_0.050,integrity_confusion_profile_jsd_delta,sensor_exact,60,31,0.5166666666666667,0.3839460173315969,0.6476870699978736
gate3c_ood_wed_thu_webattacks,pipeline,feature_dropout_p_0.050,label_flip_rate,sensor_exact,60,0,0.0,0.0,0.059629492286166916
gate3c_ood_wed_thu_webattacks,pipeline,feature_dropout_p_0.050,I_XF_item_aligned,regime_exact,60,31,0.5166666666666667,0.3839460173315969,0.6476870699978736
gate3c_ood_wed_thu_webattacks,pipeline,feature_dropout_p_0.050,I_XFY_item_aligned,regime_exact,60,31,0.5166666666666667,0.3839460173315969,0.6476870699978736
gate3c_ood_wed_thu_webattacks,pipeline,feature_dropout_p_0.100,integrity_jsd_vs_clean_eval,sensor,60,0,0.0,0.0,0.059629492286166916
gate3c_ood_wed_thu_webattacks,pipeline,feature_dropout_p_0.100,integrity_mmd_vs_clean_eval,sensor,60,0,0.0,0.0,0.059629492286166916
gate3c_ood_wed_thu_webattacks,pipeline,feature_dropout_p_0.100,integrity_ks_reject05_vs_clean_eval,sensor,60,0,0.0,0.0,0.059629492286166916
gate3c_ood_wed_thu_webattacks,pipeline,feature_dropout_p_0.100,integrity_score_jsd_vs_clean_eval,sensor,60,12,0.2,0.10784112252436197,0.32330042380129065
gate3c_ood_wed_thu_webattacks,pipeline,feature_dropout_p_0.100,integrity_pred_pos_rate_shift,sensor,60,12,0.2,0.10784112252436197,0.32330042380129065
gate3c_ood_wed_thu_webattacks,pipeline,feature_dropout_p_0.100,integrity_pred_jsd,sensor,60,13,0.21666666666666667,0.12071602446269679,0.3419561787346524
gate3c_ood_wed_thu_webattacks,pipeline,feature_dropout_p_0.100,integrity_label_prior_shift,sensor,60,0,0.0,0.0,0.059629492286166916
gate3c_ood_wed_thu_webattacks,pipeline,feature_dropout_p_0.100,integrity_label_jsd,sensor,60,0,0.0,0.0,0.059629492286166916
gate3c_ood_wed_thu_webattacks,pipeline,feature_dropout_p_0.100,integrity_confusion_profile_l1,sensor,60,9,0.15,0.07095619525709117,0.26574044775729516
gate3c_ood_wed_thu_webattacks,pipeline,feature_dropout_p_0.100,integrity_confusion_profile_jsd,sensor,60,10,0.16666666666666666,0.08292881015906373,0.28521925482870264
gate3c_ood_wed_thu_webattacks,pipeline,feature_dropout_p_0.100,I_X,regime,60,0,0.0,0.0,0.059629492286166916
gate3c_ood_wed_thu_webattacks,pipeline,feature_dropout_p_0.100,I_XF,regime,60,23,0.38333333333333336,0.26070705801599925,0.5178850485688385
gate3c_ood_wed_thu_webattacks,pipeline,feature_dropout_p_0.100,I_Ym,regime,60,0,0.0,0.0,0.059629492286166916
gate3c_ood_wed_thu_webattacks,pipeline,feature_dropout_p_0.100,I_XFY,regime,60,23,0.38333333333333336,0.26070705801599925,0.5178850485688385
gate3c_ood_wed_thu_webattacks,pipeline,feature_dropout_p_0.100,integrity_pred_disagreement,sensor_exact,60,31,0.5166666666666667,0.3839460173315969,0.6476870699978736
gate3c_ood_wed_thu_webattacks,pipeline,feature_dropout_p_0.100,integrity_confusion_profile_l1_delta,sensor_exact,60,31,0.5166666666666667,0.3839460173315969,0.6476870699978736
gate3c_ood_wed_thu_webattacks,pipeline,feature_dropout_p_0.100,integrity_confusion_profile_jsd_delta,sensor_exact,60,31,0.5166666666666667,0.3839460173315969,0.6476870699978736
gate3c_ood_wed_thu_webattacks,pipeline,feature_dropout_p_0.100,label_flip_rate,sensor_exact,60,0,0.0,0.0,0.059629492286166916
gate3c_ood_wed_thu_webattacks,pipeline,feature_dropout_p_0.100,I_XF_item_aligned,regime_exact,60,31,0.5166666666666667,0.3839460173315969,0.6476870699978736
gate3c_ood_wed_thu_webattacks,pipeline,feature_dropout_p_0.100,I_XFY_item_aligned,regime_exact,60,31,0.5166666666666667,0.3839460173315969,0.6476870699978736
gate3c_ood_wed_thu_webattacks,target_shift,label_flip_prior_preserving_r_0.020,integrity_jsd_vs_clean_eval,sensor,60,0,0.0,0.0,0.059629492286166916
gate3c_ood_wed_thu_webattacks,target_shift,label_flip_prior_preserving_r_0.020,integrity_mmd_vs_clean_eval,sensor,60,0,0.0,0.0,0.059629492286166916
gate3c_ood_wed_thu_webattacks,target_shift,label_flip_prior_preserving_r_0.020,integrity_ks_reject05_vs_clean_eval,sensor,60,0,0.0,0.0,0.059629492286166916
gate3c_ood_wed_thu_webattacks,target_shift,label_flip_prior_preserving_r_0.020,integrity_score_jsd_vs_clean_eval,sensor,60,0,0.0,0.0,0.059629492286166916
gate3c_ood_wed_thu_webattacks,target_shift,label_flip_prior_preserving_r_0.020,integrity_pred_pos_rate_shift,sensor,60,0,0.0,0.0,0.059629492286166916
gate3c_ood_wed_thu_webattacks,target_shift,label_flip_prior_preserving_r_0.020,integrity_pred_jsd,sensor,60,0,0.0,0.0,0.059629492286166916
gate3c_ood_wed_thu_webattacks,target_shift,label_flip_prior_preserving_r_0.020,integrity_label_prior_shift,sensor,60,0,0.0,0.0,0.059629492286166916
gate3c_ood_wed_thu_webattacks,target_shift,label_flip_prior_preserving_r_0.020,integrity_label_jsd,sensor,60,0,0.0,0.0,0.059629492286166916
gate3c_ood_wed_thu_webattacks,target_shift,label_flip_prior_preserving_r_0.020,integrity_confusion_profile_l1,sensor,60,0,0.0,0.0,0.059629492286166916
gate3c_ood_wed_thu_webattacks,target_shift,label_flip_prior_preserving_r_0.020,integrity_confusion_profile_jsd,sensor,60,0,0.0,0.0,0.059629492286166916
gate3c_ood_wed_thu_webattacks,target_shift,label_flip_prior_preserving_r_0.020,I_X,regime,60,0,0.0,0.0,0.059629492286166916
gate3c_ood_wed_thu_webattacks,target_shift,label_flip_prior_preserving_r_0.020,I_XF,regime,60,0,0.0,0.0,0.059629492286166916
gate3c_ood_wed_thu_webattacks,target_shift,label_flip_prior_preserving_r_0.020,I_Ym,regime,60,0,0.0,0.0,0.059629492286166916
gate3c_ood_wed_thu_webattacks,target_shift,label_flip_prior_preserving_r_0.020,I_XFY,regime,60,0,0.0,0.0,0.059629492286166916
gate3c_ood_wed_thu_webattacks,target_shift,label_flip_prior_preserving_r_0.020,integrity_pred_disagreement,sensor_exact,60,0,0.0,0.0,0.059629492286166916
gate3c_ood_wed_thu_webattacks,target_shift,label_flip_prior_preserving_r_0.020,integrity_confusion_profile_l1_delta,sensor_exact,60,5,0.08333333333333333,0.027613310337426412,0.1838577833765858
gate3c_ood_wed_thu_webattacks,target_shift,label_flip_prior_preserving_r_0.020,integrity_confusion_profile_jsd_delta,sensor_exact,60,5,0.08333333333333333,0.027613310337426412,0.1838577833765858
gate3c_ood_wed_thu_webattacks,target_shift,label_flip_prior_preserving_r_0.020,label_flip_rate,sensor_exact,60,60,1.0,0.9403705077138331,1.0
gate3c_ood_wed_thu_webattacks,target_shift,label_flip_prior_preserving_r_0.020,I_XF_item_aligned,regime_exact,60,0,0.0,0.0,0.059629492286166916
gate3c_ood_wed_thu_webattacks,target_shift,label_flip_prior_preserving_r_0.020,I_XFY_item_aligned,regime_exact,60,60,1.0,0.9403705077138331,1.0
gate3c_ood_wed_thu_webattacks,target_shift,label_flip_prior_preserving_r_0.050,integrity_jsd_vs_clean_eval,sensor,60,0,0.0,0.0,0.059629492286166916
gate3c_ood_wed_thu_webattacks,target_shift,label_flip_prior_preserving_r_0.050,integrity_mmd_vs_clean_eval,sensor,60,0,0.0,0.0,0.059629492286166916
gate3c_ood_wed_thu_webattacks,target_shift,label_flip_prior_preserving_r_0.050,integrity_ks_reject05_vs_clean_eval,sensor,60,0,0.0,0.0,0.059629492286166916
gate3c_ood_wed_thu_webattacks,target_shift,label_flip_prior_preserving_r_0.050,integrity_score_jsd_vs_clean_eval,sensor,60,0,0.0,0.0,0.059629492286166916
gate3c_ood_wed_thu_webattacks,target_shift,label_flip_prior_preserving_r_0.050,integrity_pred_pos_rate_shift,sensor,60,0,0.0,0.0,0.059629492286166916
gate3c_ood_wed_thu_webattacks,target_shift,label_flip_prior_preserving_r_0.050,integrity_pred_jsd,sensor,60,0,0.0,0.0,0.059629492286166916
gate3c_ood_wed_thu_webattacks,target_shift,label_flip_prior_preserving_r_0.050,integrity_label_prior_shift,sensor,60,0,0.0,0.0,0.059629492286166916
gate3c_ood_wed_thu_webattacks,target_shift,label_flip_prior_preserving_r_0.050,integrity_label_jsd,sensor,60,0,0.0,0.0,0.059629492286166916
gate3c_ood_wed_thu_webattacks,target_shift,label_flip_prior_preserving_r_0.050,integrity_confusion_profile_l1,sensor,60,0,0.0,0.0,0.059629492286166916
gate3c_ood_wed_thu_webattacks,target_shift,label_flip_prior_preserving_r_0.050,integrity_confusion_profile_jsd,sensor,60,1,0.016666666666666666,0.00042187445234200915,0.08939905005748702
gate3c_ood_wed_thu_webattacks,target_shift,label_flip_prior_preserving_r_0.050,I_X,regime,60,0,0.0,0.0,0.059629492286166916
gate3c_ood_wed_thu_webattacks,target_shift,label_flip_prior_preserving_r_0.050,I_XF,regime,60,0,0.0,0.0,0.059629492286166916
gate3c_ood_wed_thu_webattacks,target_shift,label_flip_prior_preserving_r_0.050,I_Ym,regime,60,0,0.0,0.0,0.059629492286166916
gate3c_ood_wed_thu_webattacks,target_shift,label_flip_prior_preserving_r_0.050,I_XFY,regime,60,1,0.016666666666666666,0.00042187445234200915,0.08939905005748702
gate3c_ood_wed_thu_webattacks,target_shift,label_flip_prior_preserving_r_0.050,integrity_pred_disagreement,sensor_exact,60,0,0.0,0.0,0.059629492286166916
gate3c_ood_wed_thu_webattacks,target_shift,label_flip_prior_preserving_r_0.050,integrity_confusion_profile_l1_delta,sensor_exact,60,16,0.26666666666666666,0.16074645159041537,0.39661034002549556
gate3c_ood_wed_thu_webattacks,target_shift,label_flip_prior_preserving_r_0.050,integrity_confusion_profile_jsd_delta,sensor_exact,60,16,0.26666666666666666,0.16074645159041537,0.39661034002549556
gate3c_ood_wed_thu_webattacks,target_shift,label_flip_prior_preserving_r_0.050,label_flip_rate,sensor_exact,60,60,1.0,0.9403705077138331,1.0
gate3c_ood_wed_thu_webattacks,target_shift,label_flip_prior_preserving_r_0.050,I_XF_item_aligned,regime_exact,60,0,0.0,0.0,0.059629492286166916
gate3c_ood_wed_thu_webattacks,target_shift,label_flip_prior_preserving_r_0.050,I_XFY_item_aligned,regime_exact,60,60,1.0,0.9403705077138331,1.0
gate3c_ood_wed_thu_webattacks,target_shift,label_flip_prior_preserving_r_0.100,integrity_jsd_vs_clean_eval,sensor,60,0,0.0,0.0,0.059629492286166916
gate3c_ood_wed_thu_webattacks,target_shift,label_flip_prior_preserving_r_0.100,integrity_mmd_vs_clean_eval,sensor,60,0,0.0,0.0,0.059629492286166916
gate3c_ood_wed_thu_webattacks,target_shift,label_flip_prior_preserving_r_0.100,integrity_ks_reject05_vs_clean_eval,sensor,60,0,0.0,0.0,0.059629492286166916
gate3c_ood_wed_thu_webattacks,target_shift,label_flip_prior_preserving_r_0.100,integrity_score_jsd_vs_clean_eval,sensor,60,0,0.0,0.0,0.059629492286166916
gate3c_ood_wed_thu_webattacks,target_shift,label_flip_prior_preserving_r_0.100,integrity_pred_pos_rate_shift,sensor,60,0,0.0,0.0,0.059629492286166916
gate3c_ood_wed_thu_webattacks,target_shift,label_flip_prior_preserving_r_0.100,integrity_pred_jsd,sensor,60,0,0.0,0.0,0.059629492286166916
gate3c_ood_wed_thu_webattacks,target_shift,label_flip_prior_preserving_r_0.100,integrity_label_prior_shift,sensor,60,0,0.0,0.0,0.059629492286166916
gate3c_ood_wed_thu_webattacks,target_shift,label_flip_prior_preserving_r_0.100,integrity_label_jsd,sensor,60,0,0.0,0.0,0.059629492286166916
gate3c_ood_wed_thu_webattacks,target_shift,label_flip_prior_preserving_r_0.100,integrity_confusion_profile_l1,sensor,60,0,0.0,0.0,0.059629492286166916
gate3c_ood_wed_thu_webattacks,target_shift,label_flip_prior_preserving_r_0.100,integrity_confusion_profile_jsd,sensor,60,1,0.016666666666666666,0.00042187445234200915,0.08939905005748702
gate3c_ood_wed_thu_webattacks,target_shift,label_flip_prior_preserving_r_0.100,I_X,regime,60,0,0.0,0.0,0.059629492286166916
gate3c_ood_wed_thu_webattacks,target_shift,label_flip_prior_preserving_r_0.100,I_XF,regime,60,0,0.0,0.0,0.059629492286166916
gate3c_ood_wed_thu_webattacks,target_shift,label_flip_prior_preserving_r_0.100,I_Ym,regime,60,0,0.0,0.0,0.059629492286166916
gate3c_ood_wed_thu_webattacks,target_shift,label_flip_prior_preserving_r_0.100,I_XFY,regime,60,1,0.016666666666666666,0.00042187445234200915,0.08939905005748702
gate3c_ood_wed_thu_webattacks,target_shift,label_flip_prior_preserving_r_0.100,integrity_pred_disagreement,sensor_exact,60,0,0.0,0.0,0.059629492286166916
gate3c_ood_wed_thu_webattacks,target_shift,label_flip_prior_preserving_r_0.100,integrity_confusion_profile_l1_delta,sensor_exact,60,22,0.36666666666666664,0.24594061043728702,0.5010307176437072
gate3c_ood_wed_thu_webattacks,target_shift,label_flip_prior_preserving_r_0.100,integrity_confusion_profile_jsd_delta,sensor_exact,60,22,0.36666666666666664,0.24594061043728702,0.5010307176437072
gate3c_ood_wed_thu_webattacks,target_shift,label_flip_prior_preserving_r_0.100,label_flip_rate,sensor_exact,60,60,1.0,0.9403705077138331,1.0
gate3c_ood_wed_thu_webattacks,target_shift,label_flip_prior_preserving_r_0.100,I_XF_item_aligned,regime_exact,60,0,0.0,0.0,0.059629492286166916
gate3c_ood_wed_thu_webattacks,target_shift,label_flip_prior_preserving_r_0.100,I_XFY_item_aligned,regime_exact,60,60,1.0,0.9403705077138331,1.0
gate3c_ood_wed_thu_webattacks,target_shift,label_flip_r_0.020,integrity_jsd_vs_clean_eval,sensor,60,0,0.0,0.0,0.059629492286166916
gate3c_ood_wed_thu_webattacks,target_shift,label_flip_r_0.020,integrity_mmd_vs_clean_eval,sensor,60,0,0.0,0.0,0.059629492286166916
gate3c_ood_wed_thu_webattacks,target_shift,label_flip_r_0.020,integrity_ks_reject05_vs_clean_eval,sensor,60,0,0.0,0.0,0.059629492286166916
gate3c_ood_wed_thu_webattacks,target_shift,label_flip_r_0.020,integrity_score_jsd_vs_clean_eval,sensor,60,0,0.0,0.0,0.059629492286166916
gate3c_ood_wed_thu_webattacks,target_shift,label_flip_r_0.020,integrity_pred_pos_rate_shift,sensor,60,0,0.0,0.0,0.059629492286166916
gate3c_ood_wed_thu_webattacks,target_shift,label_flip_r_0.020,integrity_pred_jsd,sensor,60,0,0.0,0.0,0.059629492286166916
gate3c_ood_wed_thu_webattacks,target_shift,label_flip_r_0.020,integrity_label_prior_shift,sensor,60,0,0.0,0.0,0.059629492286166916
gate3c_ood_wed_thu_webattacks,target_shift,label_flip_r_0.020,integrity_label_jsd,sensor,60,0,0.0,0.0,0.059629492286166916
gate3c_ood_wed_thu_webattacks,target_shift,label_flip_r_0.020,integrity_confusion_profile_l1,sensor,60,0,0.0,0.0,0.059629492286166916
gate3c_ood_wed_thu_webattacks,target_shift,label_flip_r_0.020,integrity_confusion_profile_jsd,sensor,60,0,0.0,0.0,0.059629492286166916
gate3c_ood_wed_thu_webattacks,target_shift,label_flip_r_0.020,I_X,regime,60,0,0.0,0.0,0.059629492286166916
gate3c_ood_wed_thu_webattacks,target_shift,label_flip_r_0.020,I_XF,regime,60,0,0.0,0.0,0.059629492286166916
gate3c_ood_wed_thu_webattacks,target_shift,label_flip_r_0.020,I_Ym,regime,60,0,0.0,0.0,0.059629492286166916
gate3c_ood_wed_thu_webattacks,target_shift,label_flip_r_0.020,I_XFY,regime,60,0,0.0,0.0,0.059629492286166916
gate3c_ood_wed_thu_webattacks,target_shift,label_flip_r_0.020,integrity_pred_disagreement,sensor_exact,60,0,0.0,0.0,0.059629492286166916
gate3c_ood_wed_thu_webattacks,target_shift,label_flip_r_0.020,integrity_confusion_profile_l1_delta,sensor_exact,60,57,0.95,0.8607567532789272,0.9895676703556517
gate3c_ood_wed_thu_webattacks,target_shift,label_flip_r_0.020,integrity_confusion_profile_jsd_delta,sensor_exact,60,57,0.95,0.8607567532789272,0.9895676703556517
gate3c_ood_wed_thu_webattacks,target_shift,label_flip_r_0.020,label_flip_rate,sensor_exact,60,60,1.0,0.9403705077138331,1.0
gate3c_ood_wed_thu_webattacks,target_shift,label_flip_r_0.020,I_XF_item_aligned,regime_exact,60,0,0.0,0.0,0.059629492286166916
gate3c_ood_wed_thu_webattacks,target_shift,label_flip_r_0.020,I_XFY_item_aligned,regime_exact,60,60,1.0,0.9403705077138331,1.0
gate3c_ood_wed_thu_webattacks,target_shift,label_flip_r_0.050,integrity_jsd_vs_clean_eval,sensor,60,0,0.0,0.0,0.059629492286166916
gate3c_ood_wed_thu_webattacks,target_shift,label_flip_r_0.050,integrity_mmd_vs_clean_eval,sensor,60,0,0.0,0.0,0.059629492286166916
gate3c_ood_wed_thu_webattacks,target_shift,label_flip_r_0.050,integrity_ks_reject05_vs_clean_eval,sensor,60,0,0.0,0.0,0.059629492286166916
gate3c_ood_wed_thu_webattacks,target_shift,label_flip_r_0.050,integrity_score_jsd_vs_clean_eval,sensor,60,0,0.0,0.0,0.059629492286166916
gate3c_ood_wed_thu_webattacks,target_shift,label_flip_r_0.050,integrity_pred_pos_rate_shift,sensor,60,0,0.0,0.0,0.059629492286166916
gate3c_ood_wed_thu_webattacks,target_shift,label_flip_r_0.050,integrity_pred_jsd,sensor,60,0,0.0,0.0,0.059629492286166916
gate3c_ood_wed_thu_webattacks,target_shift,label_flip_r_0.050,integrity_label_prior_shift,sensor,60,0,0.0,0.0,0.059629492286166916
gate3c_ood_wed_thu_webattacks,target_shift,label_flip_r_0.050,integrity_label_jsd,sensor,60,0,0.0,0.0,0.059629492286166916
gate3c_ood_wed_thu_webattacks,target_shift,label_flip_r_0.050,integrity_confusion_profile_l1,sensor,60,0,0.0,0.0,0.059629492286166916
gate3c_ood_wed_thu_webattacks,target_shift,label_flip_r_0.050,integrity_confusion_profile_jsd,sensor,60,0,0.0,0.0,0.059629492286166916
gate3c_ood_wed_thu_webattacks,target_shift,label_flip_r_0.050,I_X,regime,60,0,0.0,0.0,0.059629492286166916
gate3c_ood_wed_thu_webattacks,target_shift,label_flip_r_0.050,I_XF,regime,60,0,0.0,0.0,0.059629492286166916
gate3c_ood_wed_thu_webattacks,target_shift,label_flip_r_0.050,I_Ym,regime,60,0,0.0,0.0,0.059629492286166916
gate3c_ood_wed_thu_webattacks,target_shift,label_flip_r_0.050,I_XFY,regime,60,0,0.0,0.0,0.059629492286166916
gate3c_ood_wed_thu_webattacks,target_shift,label_flip_r_0.050,integrity_pred_disagreement,sensor_exact,60,0,0.0,0.0,0.059629492286166916
gate3c_ood_wed_thu_webattacks,target_shift,label_flip_r_0.050,integrity_confusion_profile_l1_delta,sensor_exact,60,54,0.9,0.7949422632919361,0.962408730891434
gate3c_ood_wed_thu_webattacks,target_shift,label_flip_r_0.050,integrity_confusion_profile_jsd_delta,sensor_exact,60,54,0.9,0.7949422632919361,0.962408730891434
gate3c_ood_wed_thu_webattacks,target_shift,label_flip_r_0.050,label_flip_rate,sensor_exact,60,60,1.0,0.9403705077138331,1.0
gate3c_ood_wed_thu_webattacks,target_shift,label_flip_r_0.050,I_XF_item_aligned,regime_exact,60,0,0.0,0.0,0.059629492286166916
gate3c_ood_wed_thu_webattacks,target_shift,label_flip_r_0.050,I_XFY_item_aligned,regime_exact,60,60,1.0,0.9403705077138331,1.0
gate3c_ood_wed_thu_webattacks,target_shift,label_flip_r_0.100,integrity_jsd_vs_clean_eval,sensor,60,0,0.0,0.0,0.059629492286166916
gate3c_ood_wed_thu_webattacks,target_shift,label_flip_r_0.100,integrity_mmd_vs_clean_eval,sensor,60,0,0.0,0.0,0.059629492286166916
gate3c_ood_wed_thu_webattacks,target_shift,label_flip_r_0.100,integrity_ks_reject05_vs_clean_eval,sensor,60,0,0.0,0.0,0.059629492286166916
gate3c_ood_wed_thu_webattacks,target_shift,label_flip_r_0.100,integrity_score_jsd_vs_clean_eval,sensor,60,0,0.0,0.0,0.059629492286166916
gate3c_ood_wed_thu_webattacks,target_shift,label_flip_r_0.100,integrity_pred_pos_rate_shift,sensor,60,0,0.0,0.0,0.059629492286166916
gate3c_ood_wed_thu_webattacks,target_shift,label_flip_r_0.100,integrity_pred_jsd,sensor,60,0,0.0,0.0,0.059629492286166916
gate3c_ood_wed_thu_webattacks,target_shift,label_flip_r_0.100,integrity_label_prior_shift,sensor,60,0,0.0,0.0,0.059629492286166916
gate3c_ood_wed_thu_webattacks,target_shift,label_flip_r_0.100,integrity_label_jsd,sensor,60,0,0.0,0.0,0.059629492286166916
gate3c_ood_wed_thu_webattacks,target_shift,label_flip_r_0.100,integrity_confusion_profile_l1,sensor,60,0,0.0,0.0,0.059629492286166916
gate3c_ood_wed_thu_webattacks,target_shift,label_flip_r_0.100,integrity_confusion_profile_jsd,sensor,60,0,0.0,0.0,0.059629492286166916
gate3c_ood_wed_thu_webattacks,target_shift,label_flip_r_0.100,I_X,regime,60,0,0.0,0.0,0.059629492286166916
gate3c_ood_wed_thu_webattacks,target_shift,label_flip_r_0.100,I_XF,regime,60,0,0.0,0.0,0.059629492286166916
gate3c_ood_wed_thu_webattacks,target_shift,label_flip_r_0.100,I_Ym,regime,60,0,0.0,0.0,0.059629492286166916
gate3c_ood_wed_thu_webattacks,target_shift,label_flip_r_0.100,I_XFY,regime,60,0,0.0,0.0,0.059629492286166916
gate3c_ood_wed_thu_webattacks,target_shift,label_flip_r_0.100,integrity_pred_disagreement,sensor_exact,60,0,0.0,0.0,0.059629492286166916
gate3c_ood_wed_thu_webattacks,target_shift,label_flip_r_0.100,integrity_confusion_profile_l1_delta,sensor_exact,60,60,1.0,0.9403705077138331,1.0
gate3c_ood_wed_thu_webattacks,target_shift,label_flip_r_0.100,integrity_confusion_profile_jsd_delta,sensor_exact,60,60,1.0,0.9403705077138331,1.0
gate3c_ood_wed_thu_webattacks,target_shift,label_flip_r_0.100,label_flip_rate,sensor_exact,60,60,1.0,0.9403705077138331,1.0
gate3c_ood_wed_thu_webattacks,target_shift,label_flip_r_0.100,I_XF_item_aligned,regime_exact,60,0,0.0,0.0,0.059629492286166916
gate3c_ood_wed_thu_webattacks,target_shift,label_flip_r_0.100,I_XFY_item_aligned,regime_exact,60,60,1.0,0.9403705077138331,1.0
gate3d_ood_wed_fri_morning,corruption,feature_sign_flip_p_0.020,integrity_jsd_vs_clean_eval,sensor,60,0,0.0,0.0,0.059629492286166916
gate3d_ood_wed_fri_morning,corruption,feature_sign_flip_p_0.020,integrity_mmd_vs_clean_eval,sensor,60,16,0.26666666666666666,0.16074645159041537,0.39661034002549556
gate3d_ood_wed_fri_morning,corruption,feature_sign_flip_p_0.020,integrity_ks_reject05_vs_clean_eval,sensor,60,0,0.0,0.0,0.059629492286166916
gate3d_ood_wed_fri_morning,corruption,feature_sign_flip_p_0.020,integrity_score_jsd_vs_clean_eval,sensor,60,0,0.0,0.0,0.059629492286166916
gate3d_ood_wed_fri_morning,corruption,feature_sign_flip_p_0.020,integrity_pred_pos_rate_shift,sensor,60,30,0.5,0.368062031942437,0.631937968057563
gate3d_ood_wed_fri_morning,corruption,feature_sign_flip_p_0.020,integrity_pred_jsd,sensor,60,27,0.45,0.3212215234633568,0.5838808543667839
gate3d_ood_wed_fri_morning,corruption,feature_sign_flip_p_0.020,integrity_label_prior_shift,sensor,60,0,0.0,0.0,0.059629492286166916
gate3d_ood_wed_fri_morning,corruption,feature_sign_flip_p_0.020,integrity_label_jsd,sensor,60,0,0.0,0.0,0.059629492286166916
gate3d_ood_wed_fri_morning,corruption,feature_sign_flip_p_0.020,integrity_confusion_profile_l1,sensor,60,21,0.35,0.23132642214846,0.48402800937056706
gate3d_ood_wed_fri_morning,corruption,feature_sign_flip_p_0.020,integrity_confusion_profile_jsd,sensor,60,27,0.45,0.3212215234633568,0.5838808543667839
gate3d_ood_wed_fri_morning,corruption,feature_sign_flip_p_0.020,I_X,regime,60,16,0.26666666666666666,0.16074645159041537,0.39661034002549556
gate3d_ood_wed_fri_morning,corruption,feature_sign_flip_p_0.020,I_XF,regime,60,33,0.55,0.416119145633216,0.6787784765366431
gate3d_ood_wed_fri_morning,corruption,feature_sign_flip_p_0.020,I_Ym,regime,60,0,0.0,0.0,0.059629492286166916
gate3d_ood_wed_fri_morning,corruption,feature_sign_flip_p_0.020,I_XFY,regime,60,33,0.55,0.416119145633216,0.6787784765366431
gate3d_ood_wed_fri_morning,corruption,feature_sign_flip_p_0.020,integrity_pred_disagreement,sensor_exact,60,47,0.7833333333333333,0.6580438212653477,0.8792839755373032
gate3d_ood_wed_fri_morning,corruption,feature_sign_flip_p_0.020,integrity_confusion_profile_l1_delta,sensor_exact,60,47,0.7833333333333333,0.6580438212653477,0.8792839755373032
gate3d_ood_wed_fri_morning,corruption,feature_sign_flip_p_0.020,integrity_confusion_profile_jsd_delta,sensor_exact,60,47,0.7833333333333333,0.6580438212653477,0.8792839755373032
gate3d_ood_wed_fri_morning,corruption,feature_sign_flip_p_0.020,label_flip_rate,sensor_exact,60,0,0.0,0.0,0.059629492286166916
gate3d_ood_wed_fri_morning,corruption,feature_sign_flip_p_0.020,I_XF_item_aligned,regime_exact,60,47,0.7833333333333333,0.6580438212653477,0.8792839755373032
gate3d_ood_wed_fri_morning,corruption,feature_sign_flip_p_0.020,I_XFY_item_aligned,regime_exact,60,47,0.7833333333333333,0.6580438212653477,0.8792839755373032
gate3d_ood_wed_fri_morning,corruption,feature_sign_flip_p_0.050,integrity_jsd_vs_clean_eval,sensor,60,0,0.0,0.0,0.059629492286166916
gate3d_ood_wed_fri_morning,corruption,feature_sign_flip_p_0.050,integrity_mmd_vs_clean_eval,sensor,60,47,0.7833333333333333,0.6580438212653477,0.8792839755373032
gate3d_ood_wed_fri_morning,corruption,feature_sign_flip_p_0.050,integrity_ks_reject05_vs_clean_eval,sensor,60,0,0.0,0.0,0.059629492286166916
gate3d_ood_wed_fri_morning,corruption,feature_sign_flip_p_0.050,integrity_score_jsd_vs_clean_eval,sensor,60,14,0.23333333333333334,0.13383734388884805,0.3603827871057576
gate3d_ood_wed_fri_morning,corruption,feature_sign_flip_p_0.050,integrity_pred_pos_rate_shift,sensor,60,44,0.7333333333333333,0.6033896599745044,0.8392535484095847
gate3d_ood_wed_fri_morning,corruption,feature_sign_flip_p_0.050,integrity_pred_jsd,sensor,60,42,0.7,0.5679168661239384,0.8115485545802774
gate3d_ood_wed_fri_morning,corruption,feature_sign_flip_p_0.050,integrity_label_prior_shift,sensor,60,0,0.0,0.0,0.059629492286166916
gate3d_ood_wed_fri_morning,corruption,feature_sign_flip_p_0.050,integrity_label_jsd,sensor,60,0,0.0,0.0,0.059629492286166916
gate3d_ood_wed_fri_morning,corruption,feature_sign_flip_p_0.050,integrity_confusion_profile_l1,sensor,60,27,0.45,0.3212215234633568,0.5838808543667839
gate3d_ood_wed_fri_morning,corruption,feature_sign_flip_p_0.050,integrity_confusion_profile_jsd,sensor,60,45,0.75,0.6214036445204558,0.8528139262009964
gate3d_ood_wed_fri_morning,corruption,feature_sign_flip_p_0.050,I_X,regime,60,47,0.7833333333333333,0.6580438212653477,0.8792839755373032
gate3d_ood_wed_fri_morning,corruption,feature_sign_flip_p_0.050,I_XF,regime,60,54,0.9,0.7949422632919361,0.962408730891434
gate3d_ood_wed_fri_morning,corruption,feature_sign_flip_p_0.050,I_Ym,regime,60,0,0.0,0.0,0.059629492286166916
gate3d_ood_wed_fri_morning,corruption,feature_sign_flip_p_0.050,I_XFY,regime,60,54,0.9,0.7949422632919361,0.962408730891434
gate3d_ood_wed_fri_morning,corruption,feature_sign_flip_p_0.050,integrity_pred_disagreement,sensor_exact,60,56,0.9333333333333333,0.8380132448022711,0.9815382224241185
gate3d_ood_wed_fri_morning,corruption,feature_sign_flip_p_0.050,integrity_confusion_profile_l1_delta,sensor_exact,60,56,0.9333333333333333,0.8380132448022711,0.9815382224241185
gate3d_ood_wed_fri_morning,corruption,feature_sign_flip_p_0.050,integrity_confusion_profile_jsd_delta,sensor_exact,60,56,0.9333333333333333,0.8380132448022711,0.9815382224241185
gate3d_ood_wed_fri_morning,corruption,feature_sign_flip_p_0.050,label_flip_rate,sensor_exact,60,0,0.0,0.0,0.059629492286166916
gate3d_ood_wed_fri_morning,corruption,feature_sign_flip_p_0.050,I_XF_item_aligned,regime_exact,60,56,0.9333333333333333,0.8380132448022711,0.9815382224241185
gate3d_ood_wed_fri_morning,corruption,feature_sign_flip_p_0.050,I_XFY_item_aligned,regime_exact,60,56,0.9333333333333333,0.8380132448022711,0.9815382224241185
gate3d_ood_wed_fri_morning,corruption,feature_sign_flip_p_0.100,integrity_jsd_vs_clean_eval,sensor,60,0,0.0,0.0,0.059629492286166916
gate3d_ood_wed_fri_morning,corruption,feature_sign_flip_p_0.100,integrity_mmd_vs_clean_eval,sensor,60,60,1.0,0.9403705077138331,1.0
gate3d_ood_wed_fri_morning,corruption,feature_sign_flip_p_0.100,integrity_ks_reject05_vs_clean_eval,sensor,60,0,0.0,0.0,0.059629492286166916
gate3d_ood_wed_fri_morning,corruption,feature_sign_flip_p_0.100,integrity_score_jsd_vs_clean_eval,sensor,60,50,0.8333333333333334,0.7147807451712973,0.9170711898409363
gate3d_ood_wed_fri_morning,corruption,feature_sign_flip_p_0.100,integrity_pred_pos_rate_shift,sensor,60,51,0.85,0.7342595522427049,0.9290438047429088
gate3d_ood_wed_fri_morning,corruption,feature_sign_flip_p_0.100,integrity_pred_jsd,sensor,60,50,0.8333333333333334,0.7147807451712973,0.9170711898409363
gate3d_ood_wed_fri_morning,corruption,feature_sign_flip_p_0.100,integrity_label_prior_shift,sensor,60,0,0.0,0.0,0.059629492286166916
gate3d_ood_wed_fri_morning,corruption,feature_sign_flip_p_0.100,integrity_label_jsd,sensor,60,0,0.0,0.0,0.059629492286166916
gate3d_ood_wed_fri_morning,corruption,feature_sign_flip_p_0.100,integrity_confusion_profile_l1,sensor,60,37,0.6166666666666667,0.48211495143116145,0.7392929419840008
gate3d_ood_wed_fri_morning,corruption,feature_sign_flip_p_0.100,integrity_confusion_profile_jsd,sensor,60,51,0.85,0.7342595522427049,0.9290438047429088
gate3d_ood_wed_fri_morning,corruption,feature_sign_flip_p_0.100,I_X,regime,60,60,1.0,0.9403705077138331,1.0
gate3d_ood_wed_fri_morning,corruption,feature_sign_flip_p_0.100,I_XF,regime,60,60,1.0,0.9403705077138331,1.0
gate3d_ood_wed_fri_morning,corruption,feature_sign_flip_p_0.100,I_Ym,regime,60,0,0.0,0.0,0.059629492286166916
gate3d_ood_wed_fri_morning,corruption,feature_sign_flip_p_0.100,I_XFY,regime,60,60,1.0,0.9403705077138331,1.0
gate3d_ood_wed_fri_morning,corruption,feature_sign_flip_p_0.100,integrity_pred_disagreement,sensor_exact,60,55,0.9166666666666666,0.8161422166234142,0.9723866896625736
gate3d_ood_wed_fri_morning,corruption,feature_sign_flip_p_0.100,integrity_confusion_profile_l1_delta,sensor_exact,60,55,0.9166666666666666,0.8161422166234142,0.9723866896625736
gate3d_ood_wed_fri_morning,corruption,feature_sign_flip_p_0.100,integrity_confusion_profile_jsd_delta,sensor_exact,60,55,0.9166666666666666,0.8161422166234142,0.9723866896625736
gate3d_ood_wed_fri_morning,corruption,feature_sign_flip_p_0.100,label_flip_rate,sensor_exact,60,0,0.0,0.0,0.059629492286166916
gate3d_ood_wed_fri_morning,corruption,feature_sign_flip_p_0.100,I_XF_item_aligned,regime_exact,60,55,0.9166666666666666,0.8161422166234142,0.9723866896625736
gate3d_ood_wed_fri_morning,corruption,feature_sign_flip_p_0.100,I_XFY_item_aligned,regime_exact,60,55,0.9166666666666666,0.8161422166234142,0.9723866896625736
gate3d_ood_wed_fri_morning,covariate_shift,mean_shift_pf_delta_0.020,integrity_jsd_vs_clean_eval,sensor,60,57,0.95,0.8607567532789272,0.9895676703556517
gate3d_ood_wed_fri_morning,covariate_shift,mean_shift_pf_delta_0.020,integrity_mmd_vs_clean_eval,sensor,60,48,0.8,0.6766995761987094,0.892158877475638
gate3d_ood_wed_fri_morning,covariate_shift,mean_shift_pf_delta_0.020,integrity_ks_reject05_vs_clean_eval,sensor,60,60,1.0,0.9403705077138331,1.0
gate3d_ood_wed_fri_morning,covariate_shift,mean_shift_pf_delta_0.020,integrity_score_jsd_vs_clean_eval,sensor,60,48,0.8,0.6766995761987094,0.892158877475638
gate3d_ood_wed_fri_morning,covariate_shift,mean_shift_pf_delta_0.020,integrity_pred_pos_rate_shift,sensor,60,2,0.03333333333333333,0.004062624642093498,0.11528104441925167
gate3d_ood_wed_fri_morning,covariate_shift,mean_shift_pf_delta_0.020,integrity_pred_jsd,sensor,60,2,0.03333333333333333,0.004062624642093498,0.11528104441925167
gate3d_ood_wed_fri_morning,covariate_shift,mean_shift_pf_delta_0.020,integrity_label_prior_shift,sensor,60,0,0.0,0.0,0.059629492286166916
gate3d_ood_wed_fri_morning,covariate_shift,mean_shift_pf_delta_0.020,integrity_label_jsd,sensor,60,0,0.0,0.0,0.059629492286166916
gate3d_ood_wed_fri_morning,covariate_shift,mean_shift_pf_delta_0.020,integrity_confusion_profile_l1,sensor,60,2,0.03333333333333333,0.004062624642093498,0.11528104441925167
gate3d_ood_wed_fri_morning,covariate_shift,mean_shift_pf_delta_0.020,integrity_confusion_profile_jsd,sensor,60,2,0.03333333333333333,0.004062624642093498,0.11528104441925167
gate3d_ood_wed_fri_morning,covariate_shift,mean_shift_pf_delta_0.020,I_X,regime,60,60,1.0,0.9403705077138331,1.0
gate3d_ood_wed_fri_morning,covariate_shift,mean_shift_pf_delta_0.020,I_XF,regime,60,60,1.0,0.9403705077138331,1.0
gate3d_ood_wed_fri_morning,covariate_shift,mean_shift_pf_delta_0.020,I_Ym,regime,60,0,0.0,0.0,0.059629492286166916
gate3d_ood_wed_fri_morning,covariate_shift,mean_shift_pf_delta_0.020,I_XFY,regime,60,60,1.0,0.9403705077138331,1.0
gate3d_ood_wed_fri_morning,covariate_shift,mean_shift_pf_delta_0.020,integrity_pred_disagreement,sensor_exact,60,11,0.18333333333333332,0.09523582291656381,0.3043960547407762
gate3d_ood_wed_fri_morning,covariate_shift,mean_shift_pf_delta_0.020,integrity_confusion_profile_l1_delta,sensor_exact,60,11,0.18333333333333332,0.09523582291656381,0.3043960547407762
gate3d_ood_wed_fri_morning,covariate_shift,mean_shift_pf_delta_0.020,integrity_confusion_profile_jsd_delta,sensor_exact,60,11,0.18333333333333332,0.09523582291656381,0.3043960547407762
gate3d_ood_wed_fri_morning,covariate_shift,mean_shift_pf_delta_0.020,label_flip_rate,sensor_exact,60,0,0.0,0.0,0.059629492286166916
gate3d_ood_wed_fri_morning,covariate_shift,mean_shift_pf_delta_0.020,I_XF_item_aligned,regime_exact,60,11,0.18333333333333332,0.09523582291656381,0.3043960547407762
gate3d_ood_wed_fri_morning,covariate_shift,mean_shift_pf_delta_0.020,I_XFY_item_aligned,regime_exact,60,11,0.18333333333333332,0.09523582291656381,0.3043960547407762
gate3d_ood_wed_fri_morning,covariate_shift,mean_shift_pf_delta_0.050,integrity_jsd_vs_clean_eval,sensor,60,60,1.0,0.9403705077138331,1.0
gate3d_ood_wed_fri_morning,covariate_shift,mean_shift_pf_delta_0.050,integrity_mmd_vs_clean_eval,sensor,60,60,1.0,0.9403705077138331,1.0
gate3d_ood_wed_fri_morning,covariate_shift,mean_shift_pf_delta_0.050,integrity_ks_reject05_vs_clean_eval,sensor,60,60,1.0,0.9403705077138331,1.0
gate3d_ood_wed_fri_morning,covariate_shift,mean_shift_pf_delta_0.050,integrity_score_jsd_vs_clean_eval,sensor,60,58,0.9666666666666667,0.8847189555807483,0.9959373753579065
gate3d_ood_wed_fri_morning,covariate_shift,mean_shift_pf_delta_0.050,integrity_pred_pos_rate_shift,sensor,60,6,0.1,0.037591269108566035,0.2050577367080639
gate3d_ood_wed_fri_morning,covariate_shift,mean_shift_pf_delta_0.050,integrity_pred_jsd,sensor,60,6,0.1,0.037591269108566035,0.2050577367080639
gate3d_ood_wed_fri_morning,covariate_shift,mean_shift_pf_delta_0.050,integrity_label_prior_shift,sensor,60,0,0.0,0.0,0.059629492286166916
gate3d_ood_wed_fri_morning,covariate_shift,mean_shift_pf_delta_0.050,integrity_label_jsd,sensor,60,0,0.0,0.0,0.059629492286166916
gate3d_ood_wed_fri_morning,covariate_shift,mean_shift_pf_delta_0.050,integrity_confusion_profile_l1,sensor,60,6,0.1,0.037591269108566035,0.2050577367080639
gate3d_ood_wed_fri_morning,covariate_shift,mean_shift_pf_delta_0.050,integrity_confusion_profile_jsd,sensor,60,6,0.1,0.037591269108566035,0.2050577367080639
gate3d_ood_wed_fri_morning,covariate_shift,mean_shift_pf_delta_0.050,I_X,regime,60,60,1.0,0.9403705077138331,1.0
gate3d_ood_wed_fri_morning,covariate_shift,mean_shift_pf_delta_0.050,I_XF,regime,60,60,1.0,0.9403705077138331,1.0
gate3d_ood_wed_fri_morning,covariate_shift,mean_shift_pf_delta_0.050,I_Ym,regime,60,0,0.0,0.0,0.059629492286166916
gate3d_ood_wed_fri_morning,covariate_shift,mean_shift_pf_delta_0.050,I_XFY,regime,60,60,1.0,0.9403705077138331,1.0
gate3d_ood_wed_fri_morning,covariate_shift,mean_shift_pf_delta_0.050,integrity_pred_disagreement,sensor_exact,60,22,0.36666666666666664,0.24594061043728702,0.5010307176437072
gate3d_ood_wed_fri_morning,covariate_shift,mean_shift_pf_delta_0.050,integrity_confusion_profile_l1_delta,sensor_exact,60,22,0.36666666666666664,0.24594061043728702,0.5010307176437072
gate3d_ood_wed_fri_morning,covariate_shift,mean_shift_pf_delta_0.050,integrity_confusion_profile_jsd_delta,sensor_exact,60,22,0.36666666666666664,0.24594061043728702,0.5010307176437072
gate3d_ood_wed_fri_morning,covariate_shift,mean_shift_pf_delta_0.050,label_flip_rate,sensor_exact,60,0,0.0,0.0,0.059629492286166916
gate3d_ood_wed_fri_morning,covariate_shift,mean_shift_pf_delta_0.050,I_XF_item_aligned,regime_exact,60,22,0.36666666666666664,0.24594061043728702,0.5010307176437072
gate3d_ood_wed_fri_morning,covariate_shift,mean_shift_pf_delta_0.050,I_XFY_item_aligned,regime_exact,60,22,0.36666666666666664,0.24594061043728702,0.5010307176437072
gate3d_ood_wed_fri_morning,covariate_shift,mean_shift_pf_delta_0.100,integrity_jsd_vs_clean_eval,sensor,60,60,1.0,0.9403705077138331,1.0
gate3d_ood_wed_fri_morning,covariate_shift,mean_shift_pf_delta_0.100,integrity_mmd_vs_clean_eval,sensor,60,60,1.0,0.9403705077138331,1.0
gate3d_ood_wed_fri_morning,covariate_shift,mean_shift_pf_delta_0.100,integrity_ks_reject05_vs_clean_eval,sensor,60,60,1.0,0.9403705077138331,1.0
gate3d_ood_wed_fri_morning,covariate_shift,mean_shift_pf_delta_0.100,integrity_score_jsd_vs_clean_eval,sensor,60,58,0.9666666666666667,0.8847189555807483,0.9959373753579065
gate3d_ood_wed_fri_morning,covariate_shift,mean_shift_pf_delta_0.100,integrity_pred_pos_rate_shift,sensor,60,9,0.15,0.07095619525709117,0.26574044775729516
gate3d_ood_wed_fri_morning,covariate_shift,mean_shift_pf_delta_0.100,integrity_pred_jsd,sensor,60,9,0.15,0.07095619525709117,0.26574044775729516
gate3d_ood_wed_fri_morning,covariate_shift,mean_shift_pf_delta_0.100,integrity_label_prior_shift,sensor,60,0,0.0,0.0,0.059629492286166916
gate3d_ood_wed_fri_morning,covariate_shift,mean_shift_pf_delta_0.100,integrity_label_jsd,sensor,60,0,0.0,0.0,0.059629492286166916
gate3d_ood_wed_fri_morning,covariate_shift,mean_shift_pf_delta_0.100,integrity_confusion_profile_l1,sensor,60,9,0.15,0.07095619525709117,0.26574044775729516
gate3d_ood_wed_fri_morning,covariate_shift,mean_shift_pf_delta_0.100,integrity_confusion_profile_jsd,sensor,60,9,0.15,0.07095619525709117,0.26574044775729516
gate3d_ood_wed_fri_morning,covariate_shift,mean_shift_pf_delta_0.100,I_X,regime,60,60,1.0,0.9403705077138331,1.0
gate3d_ood_wed_fri_morning,covariate_shift,mean_shift_pf_delta_0.100,I_XF,regime,60,60,1.0,0.9403705077138331,1.0
gate3d_ood_wed_fri_morning,covariate_shift,mean_shift_pf_delta_0.100,I_Ym,regime,60,0,0.0,0.0,0.059629492286166916
gate3d_ood_wed_fri_morning,covariate_shift,mean_shift_pf_delta_0.100,I_XFY,regime,60,60,1.0,0.9403705077138331,1.0
gate3d_ood_wed_fri_morning,covariate_shift,mean_shift_pf_delta_0.100,integrity_pred_disagreement,sensor_exact,60,25,0.4166666666666667,0.2906806664704227,0.5511622022459879
gate3d_ood_wed_fri_morning,covariate_shift,mean_shift_pf_delta_0.100,integrity_confusion_profile_l1_delta,sensor_exact,60,25,0.4166666666666667,0.2906806664704227,0.5511622022459879
gate3d_ood_wed_fri_morning,covariate_shift,mean_shift_pf_delta_0.100,integrity_confusion_profile_jsd_delta,sensor_exact,60,25,0.4166666666666667,0.2906806664704227,0.5511622022459879
gate3d_ood_wed_fri_morning,covariate_shift,mean_shift_pf_delta_0.100,label_flip_rate,sensor_exact,60,0,0.0,0.0,0.059629492286166916
gate3d_ood_wed_fri_morning,covariate_shift,mean_shift_pf_delta_0.100,I_XF_item_aligned,regime_exact,60,25,0.4166666666666667,0.2906806664704227,0.5511622022459879
gate3d_ood_wed_fri_morning,covariate_shift,mean_shift_pf_delta_0.100,I_XFY_item_aligned,regime_exact,60,25,0.4166666666666667,0.2906806664704227,0.5511622022459879
gate3d_ood_wed_fri_morning,covariate_shift,scaling_drift_alpha_0.020,integrity_jsd_vs_clean_eval,sensor,60,49,0.8166666666666667,0.6956039452592238,0.9047641770834361
gate3d_ood_wed_fri_morning,covariate_shift,scaling_drift_alpha_0.020,integrity_mmd_vs_clean_eval,sensor,60,32,0.5333333333333333,0.3999649025843025,0.6633008637495477
gate3d_ood_wed_fri_morning,covariate_shift,scaling_drift_alpha_0.020,integrity_ks_reject05_vs_clean_eval,sensor,60,60,1.0,0.9403705077138331,1.0
gate3d_ood_wed_fri_morning,covariate_shift,scaling_drift_alpha_0.020,integrity_score_jsd_vs_clean_eval,sensor,60,50,0.8333333333333334,0.7147807451712973,0.9170711898409363
gate3d_ood_wed_fri_morning,covariate_shift,scaling_drift_alpha_0.020,integrity_pred_pos_rate_shift,sensor,60,11,0.18333333333333332,0.09523582291656381,0.3043960547407762
gate3d_ood_wed_fri_morning,covariate_shift,scaling_drift_alpha_0.020,integrity_pred_jsd,sensor,60,11,0.18333333333333332,0.09523582291656381,0.3043960547407762
gate3d_ood_wed_fri_morning,covariate_shift,scaling_drift_alpha_0.020,integrity_label_prior_shift,sensor,60,0,0.0,0.0,0.059629492286166916
gate3d_ood_wed_fri_morning,covariate_shift,scaling_drift_alpha_0.020,integrity_label_jsd,sensor,60,0,0.0,0.0,0.059629492286166916
gate3d_ood_wed_fri_morning,covariate_shift,scaling_drift_alpha_0.020,integrity_confusion_profile_l1,sensor,60,11,0.18333333333333332,0.09523582291656381,0.3043960547407762
gate3d_ood_wed_fri_morning,covariate_shift,scaling_drift_alpha_0.020,integrity_confusion_profile_jsd,sensor,60,11,0.18333333333333332,0.09523582291656381,0.3043960547407762
gate3d_ood_wed_fri_morning,covariate_shift,scaling_drift_alpha_0.020,I_X,regime,60,60,1.0,0.9403705077138331,1.0
gate3d_ood_wed_fri_morning,covariate_shift,scaling_drift_alpha_0.020,I_XF,regime,60,60,1.0,0.9403705077138331,1.0
gate3d_ood_wed_fri_morning,covariate_shift,scaling_drift_alpha_0.020,I_Ym,regime,60,0,0.0,0.0,0.059629492286166916
gate3d_ood_wed_fri_morning,covariate_shift,scaling_drift_alpha_0.020,I_XFY,regime,60,60,1.0,0.9403705077138331,1.0
gate3d_ood_wed_fri_morning,covariate_shift,scaling_drift_alpha_0.020,integrity_pred_disagreement,sensor_exact,60,26,0.43333333333333335,0.3058814268421728,0.5675903464453843
gate3d_ood_wed_fri_morning,covariate_shift,scaling_drift_alpha_0.020,integrity_confusion_profile_l1_delta,sensor_exact,60,26,0.43333333333333335,0.3058814268421728,0.5675903464453843
gate3d_ood_wed_fri_morning,covariate_shift,scaling_drift_alpha_0.020,integrity_confusion_profile_jsd_delta,sensor_exact,60,26,0.43333333333333335,0.3058814268421728,0.5675903464453843
gate3d_ood_wed_fri_morning,covariate_shift,scaling_drift_alpha_0.020,label_flip_rate,sensor_exact,60,0,0.0,0.0,0.059629492286166916
gate3d_ood_wed_fri_morning,covariate_shift,scaling_drift_alpha_0.020,I_XF_item_aligned,regime_exact,60,26,0.43333333333333335,0.3058814268421728,0.5675903464453843
gate3d_ood_wed_fri_morning,covariate_shift,scaling_drift_alpha_0.020,I_XFY_item_aligned,regime_exact,60,26,0.43333333333333335,0.3058814268421728,0.5675903464453843
gate3d_ood_wed_fri_morning,covariate_shift,scaling_drift_alpha_0.050,integrity_jsd_vs_clean_eval,sensor,60,55,0.9166666666666666,0.8161422166234142,0.9723866896625736
gate3d_ood_wed_fri_morning,covariate_shift,scaling_drift_alpha_0.050,integrity_mmd_vs_clean_eval,sensor,60,48,0.8,0.6766995761987094,0.892158877475638
gate3d_ood_wed_fri_morning,covariate_shift,scaling_drift_alpha_0.050,integrity_ks_reject05_vs_clean_eval,sensor,60,60,1.0,0.9403705077138331,1.0
gate3d_ood_wed_fri_morning,covariate_shift,scaling_drift_alpha_0.050,integrity_score_jsd_vs_clean_eval,sensor,60,56,0.9333333333333333,0.8380132448022711,0.9815382224241185
gate3d_ood_wed_fri_morning,covariate_shift,scaling_drift_alpha_0.050,integrity_pred_pos_rate_shift,sensor,60,19,0.31666666666666665,0.20257550711897182,0.4495596877640524
gate3d_ood_wed_fri_morning,covariate_shift,scaling_drift_alpha_0.050,integrity_pred_jsd,sensor,60,19,0.31666666666666665,0.20257550711897182,0.4495596877640524
gate3d_ood_wed_fri_morning,covariate_shift,scaling_drift_alpha_0.050,integrity_label_prior_shift,sensor,60,0,0.0,0.0,0.059629492286166916
gate3d_ood_wed_fri_morning,covariate_shift,scaling_drift_alpha_0.050,integrity_label_jsd,sensor,60,0,0.0,0.0,0.059629492286166916
gate3d_ood_wed_fri_morning,covariate_shift,scaling_drift_alpha_0.050,integrity_confusion_profile_l1,sensor,60,19,0.31666666666666665,0.20257550711897182,0.4495596877640524
gate3d_ood_wed_fri_morning,covariate_shift,scaling_drift_alpha_0.050,integrity_confusion_profile_jsd,sensor,60,19,0.31666666666666665,0.20257550711897182,0.4495596877640524
gate3d_ood_wed_fri_morning,covariate_shift,scaling_drift_alpha_0.050,I_X,regime,60,60,1.0,0.9403705077138331,1.0
gate3d_ood_wed_fri_morning,covariate_shift,scaling_drift_alpha_0.050,I_XF,regime,60,60,1.0,0.9403705077138331,1.0
gate3d_ood_wed_fri_morning,covariate_shift,scaling_drift_alpha_0.050,I_Ym,regime,60,0,0.0,0.0,0.059629492286166916
gate3d_ood_wed_fri_morning,covariate_shift,scaling_drift_alpha_0.050,I_XFY,regime,60,60,1.0,0.9403705077138331,1.0
gate3d_ood_wed_fri_morning,covariate_shift,scaling_drift_alpha_0.050,integrity_pred_disagreement,sensor_exact,60,29,0.48333333333333334,0.3523129300021264,0.616053982668403
gate3d_ood_wed_fri_morning,covariate_shift,scaling_drift_alpha_0.050,integrity_confusion_profile_l1_delta,sensor_exact,60,28,0.4666666666666667,0.33669913625045234,0.6000350974156975
gate3d_ood_wed_fri_morning,covariate_shift,scaling_drift_alpha_0.050,integrity_confusion_profile_jsd_delta,sensor_exact,60,28,0.4666666666666667,0.33669913625045234,0.6000350974156975
gate3d_ood_wed_fri_morning,covariate_shift,scaling_drift_alpha_0.050,label_flip_rate,sensor_exact,60,0,0.0,0.0,0.059629492286166916
gate3d_ood_wed_fri_morning,covariate_shift,scaling_drift_alpha_0.050,I_XF_item_aligned,regime_exact,60,29,0.48333333333333334,0.3523129300021264,0.616053982668403
gate3d_ood_wed_fri_morning,covariate_shift,scaling_drift_alpha_0.050,I_XFY_item_aligned,regime_exact,60,29,0.48333333333333334,0.3523129300021264,0.616053982668403
gate3d_ood_wed_fri_morning,covariate_shift,scaling_drift_alpha_0.100,integrity_jsd_vs_clean_eval,sensor,60,55,0.9166666666666666,0.8161422166234142,0.9723866896625736
gate3d_ood_wed_fri_morning,covariate_shift,scaling_drift_alpha_0.100,integrity_mmd_vs_clean_eval,sensor,60,54,0.9,0.7949422632919361,0.962408730891434
gate3d_ood_wed_fri_morning,covariate_shift,scaling_drift_alpha_0.100,integrity_ks_reject05_vs_clean_eval,sensor,60,60,1.0,0.9403705077138331,1.0
gate3d_ood_wed_fri_morning,covariate_shift,scaling_drift_alpha_0.100,integrity_score_jsd_vs_clean_eval,sensor,60,60,1.0,0.9403705077138331,1.0
gate3d_ood_wed_fri_morning,covariate_shift,scaling_drift_alpha_0.100,integrity_pred_pos_rate_shift,sensor,60,22,0.36666666666666664,0.24594061043728702,0.5010307176437072
gate3d_ood_wed_fri_morning,covariate_shift,scaling_drift_alpha_0.100,integrity_pred_jsd,sensor,60,23,0.38333333333333336,0.26070705801599925,0.5178850485688385
gate3d_ood_wed_fri_morning,covariate_shift,scaling_drift_alpha_0.100,integrity_label_prior_shift,sensor,60,0,0.0,0.0,0.059629492286166916
gate3d_ood_wed_fri_morning,covariate_shift,scaling_drift_alpha_0.100,integrity_label_jsd,sensor,60,0,0.0,0.0,0.059629492286166916
gate3d_ood_wed_fri_morning,covariate_shift,scaling_drift_alpha_0.100,integrity_confusion_profile_l1,sensor,60,22,0.36666666666666664,0.24594061043728702,0.5010307176437072
gate3d_ood_wed_fri_morning,covariate_shift,scaling_drift_alpha_0.100,integrity_confusion_profile_jsd,sensor,60,22,0.36666666666666664,0.24594061043728702,0.5010307176437072
gate3d_ood_wed_fri_morning,covariate_shift,scaling_drift_alpha_0.100,I_X,regime,60,60,1.0,0.9403705077138331,1.0
gate3d_ood_wed_fri_morning,covariate_shift,scaling_drift_alpha_0.100,I_XF,regime,60,60,1.0,0.9403705077138331,1.0
gate3d_ood_wed_fri_morning,covariate_shift,scaling_drift_alpha_0.100,I_Ym,regime,60,0,0.0,0.0,0.059629492286166916
gate3d_ood_wed_fri_morning,covariate_shift,scaling_drift_alpha_0.100,I_XFY,regime,60,60,1.0,0.9403705077138331,1.0
gate3d_ood_wed_fri_morning,covariate_shift,scaling_drift_alpha_0.100,integrity_pred_disagreement,sensor_exact,60,29,0.48333333333333334,0.3523129300021264,0.616053982668403
gate3d_ood_wed_fri_morning,covariate_shift,scaling_drift_alpha_0.100,integrity_confusion_profile_l1_delta,sensor_exact,60,29,0.48333333333333334,0.3523129300021264,0.616053982668403
gate3d_ood_wed_fri_morning,covariate_shift,scaling_drift_alpha_0.100,integrity_confusion_profile_jsd_delta,sensor_exact,60,29,0.48333333333333334,0.3523129300021264,0.616053982668403
gate3d_ood_wed_fri_morning,covariate_shift,scaling_drift_alpha_0.100,label_flip_rate,sensor_exact,60,0,0.0,0.0,0.059629492286166916
gate3d_ood_wed_fri_morning,covariate_shift,scaling_drift_alpha_0.100,I_XF_item_aligned,regime_exact,60,29,0.48333333333333334,0.3523129300021264,0.616053982668403
gate3d_ood_wed_fri_morning,covariate_shift,scaling_drift_alpha_0.100,I_XFY_item_aligned,regime_exact,60,29,0.48333333333333334,0.3523129300021264,0.616053982668403
gate3d_ood_wed_fri_morning,pipeline,feature_dropout_p_0.020,integrity_jsd_vs_clean_eval,sensor,60,0,0.0,0.0,0.059629492286166916
gate3d_ood_wed_fri_morning,pipeline,feature_dropout_p_0.020,integrity_mmd_vs_clean_eval,sensor,60,0,0.0,0.0,0.059629492286166916
gate3d_ood_wed_fri_morning,pipeline,feature_dropout_p_0.020,integrity_ks_reject05_vs_clean_eval,sensor,60,0,0.0,0.0,0.059629492286166916
gate3d_ood_wed_fri_morning,pipeline,feature_dropout_p_0.020,integrity_score_jsd_vs_clean_eval,sensor,60,0,0.0,0.0,0.059629492286166916
gate3d_ood_wed_fri_morning,pipeline,feature_dropout_p_0.020,integrity_pred_pos_rate_shift,sensor,60,0,0.0,0.0,0.059629492286166916
gate3d_ood_wed_fri_morning,pipeline,feature_dropout_p_0.020,integrity_pred_jsd,sensor,60,0,0.0,0.0,0.059629492286166916
gate3d_ood_wed_fri_morning,pipeline,feature_dropout_p_0.020,integrity_label_prior_shift,sensor,60,0,0.0,0.0,0.059629492286166916
gate3d_ood_wed_fri_morning,pipeline,feature_dropout_p_0.020,integrity_label_jsd,sensor,60,0,0.0,0.0,0.059629492286166916
gate3d_ood_wed_fri_morning,pipeline,feature_dropout_p_0.020,integrity_confusion_profile_l1,sensor,60,0,0.0,0.0,0.059629492286166916
gate3d_ood_wed_fri_morning,pipeline,feature_dropout_p_0.020,integrity_confusion_profile_jsd,sensor,60,0,0.0,0.0,0.059629492286166916
gate3d_ood_wed_fri_morning,pipeline,feature_dropout_p_0.020,I_X,regime,60,0,0.0,0.0,0.059629492286166916
gate3d_ood_wed_fri_morning,pipeline,feature_dropout_p_0.020,I_XF,regime,60,0,0.0,0.0,0.059629492286166916
gate3d_ood_wed_fri_morning,pipeline,feature_dropout_p_0.020,I_Ym,regime,60,0,0.0,0.0,0.059629492286166916
gate3d_ood_wed_fri_morning,pipeline,feature_dropout_p_0.020,I_XFY,regime,60,0,0.0,0.0,0.059629492286166916
gate3d_ood_wed_fri_morning,pipeline,feature_dropout_p_0.020,integrity_pred_disagreement,sensor_exact,60,13,0.21666666666666667,0.12071602446269679,0.3419561787346524
gate3d_ood_wed_fri_morning,pipeline,feature_dropout_p_0.020,integrity_confusion_profile_l1_delta,sensor_exact,60,11,0.18333333333333332,0.09523582291656381,0.3043960547407762
gate3d_ood_wed_fri_morning,pipeline,feature_dropout_p_0.020,integrity_confusion_profile_jsd_delta,sensor_exact,60,11,0.18333333333333332,0.09523582291656381,0.3043960547407762
gate3d_ood_wed_fri_morning,pipeline,feature_dropout_p_0.020,label_flip_rate,sensor_exact,60,0,0.0,0.0,0.059629492286166916
gate3d_ood_wed_fri_morning,pipeline,feature_dropout_p_0.020,I_XF_item_aligned,regime_exact,60,13,0.21666666666666667,0.12071602446269679,0.3419561787346524
gate3d_ood_wed_fri_morning,pipeline,feature_dropout_p_0.020,I_XFY_item_aligned,regime_exact,60,13,0.21666666666666667,0.12071602446269679,0.3419561787346524
gate3d_ood_wed_fri_morning,pipeline,feature_dropout_p_0.050,integrity_jsd_vs_clean_eval,sensor,60,0,0.0,0.0,0.059629492286166916
gate3d_ood_wed_fri_morning,pipeline,feature_dropout_p_0.050,integrity_mmd_vs_clean_eval,sensor,60,0,0.0,0.0,0.059629492286166916
gate3d_ood_wed_fri_morning,pipeline,feature_dropout_p_0.050,integrity_ks_reject05_vs_clean_eval,sensor,60,0,0.0,0.0,0.059629492286166916
gate3d_ood_wed_fri_morning,pipeline,feature_dropout_p_0.050,integrity_score_jsd_vs_clean_eval,sensor,60,0,0.0,0.0,0.059629492286166916
gate3d_ood_wed_fri_morning,pipeline,feature_dropout_p_0.050,integrity_pred_pos_rate_shift,sensor,60,0,0.0,0.0,0.059629492286166916
gate3d_ood_wed_fri_morning,pipeline,feature_dropout_p_0.050,integrity_pred_jsd,sensor,60,0,0.0,0.0,0.059629492286166916
gate3d_ood_wed_fri_morning,pipeline,feature_dropout_p_0.050,integrity_label_prior_shift,sensor,60,0,0.0,0.0,0.059629492286166916
gate3d_ood_wed_fri_morning,pipeline,feature_dropout_p_0.050,integrity_label_jsd,sensor,60,0,0.0,0.0,0.059629492286166916
gate3d_ood_wed_fri_morning,pipeline,feature_dropout_p_0.050,integrity_confusion_profile_l1,sensor,60,0,0.0,0.0,0.059629492286166916
gate3d_ood_wed_fri_morning,pipeline,feature_dropout_p_0.050,integrity_confusion_profile_jsd,sensor,60,0,0.0,0.0,0.059629492286166916
gate3d_ood_wed_fri_morning,pipeline,feature_dropout_p_0.050,I_X,regime,60,0,0.0,0.0,0.059629492286166916
gate3d_ood_wed_fri_morning,pipeline,feature_dropout_p_0.050,I_XF,regime,60,0,0.0,0.0,0.059629492286166916
gate3d_ood_wed_fri_morning,pipeline,feature_dropout_p_0.050,I_Ym,regime,60,0,0.0,0.0,0.059629492286166916
gate3d_ood_wed_fri_morning,pipeline,feature_dropout_p_0.050,I_XFY,regime,60,0,0.0,0.0,0.059629492286166916
gate3d_ood_wed_fri_morning,pipeline,feature_dropout_p_0.050,integrity_pred_disagreement,sensor_exact,60,23,0.38333333333333336,0.26070705801599925,0.5178850485688385
gate3d_ood_wed_fri_morning,pipeline,feature_dropout_p_0.050,integrity_confusion_profile_l1_delta,sensor_exact,60,21,0.35,0.23132642214846,0.48402800937056706
gate3d_ood_wed_fri_morning,pipeline,feature_dropout_p_0.050,integrity_confusion_profile_jsd_delta,sensor_exact,60,21,0.35,0.23132642214846,0.48402800937056706
gate3d_ood_wed_fri_morning,pipeline,feature_dropout_p_0.050,label_flip_rate,sensor_exact,60,0,0.0,0.0,0.059629492286166916
gate3d_ood_wed_fri_morning,pipeline,feature_dropout_p_0.050,I_XF_item_aligned,regime_exact,60,23,0.38333333333333336,0.26070705801599925,0.5178850485688385
gate3d_ood_wed_fri_morning,pipeline,feature_dropout_p_0.050,I_XFY_item_aligned,regime_exact,60,23,0.38333333333333336,0.26070705801599925,0.5178850485688385
gate3d_ood_wed_fri_morning,pipeline,feature_dropout_p_0.100,integrity_jsd_vs_clean_eval,sensor,60,0,0.0,0.0,0.059629492286166916
gate3d_ood_wed_fri_morning,pipeline,feature_dropout_p_0.100,integrity_mmd_vs_clean_eval,sensor,60,0,0.0,0.0,0.059629492286166916
gate3d_ood_wed_fri_morning,pipeline,feature_dropout_p_0.100,integrity_ks_reject05_vs_clean_eval,sensor,60,0,0.0,0.0,0.059629492286166916
gate3d_ood_wed_fri_morning,pipeline,feature_dropout_p_0.100,integrity_score_jsd_vs_clean_eval,sensor,60,0,0.0,0.0,0.059629492286166916
gate3d_ood_wed_fri_morning,pipeline,feature_dropout_p_0.100,integrity_pred_pos_rate_shift,sensor,60,0,0.0,0.0,0.059629492286166916
gate3d_ood_wed_fri_morning,pipeline,feature_dropout_p_0.100,integrity_pred_jsd,sensor,60,0,0.0,0.0,0.059629492286166916
gate3d_ood_wed_fri_morning,pipeline,feature_dropout_p_0.100,integrity_label_prior_shift,sensor,60,0,0.0,0.0,0.059629492286166916
gate3d_ood_wed_fri_morning,pipeline,feature_dropout_p_0.100,integrity_label_jsd,sensor,60,0,0.0,0.0,0.059629492286166916
gate3d_ood_wed_fri_morning,pipeline,feature_dropout_p_0.100,integrity_confusion_profile_l1,sensor,60,0,0.0,0.0,0.059629492286166916
gate3d_ood_wed_fri_morning,pipeline,feature_dropout_p_0.100,integrity_confusion_profile_jsd,sensor,60,0,0.0,0.0,0.059629492286166916
gate3d_ood_wed_fri_morning,pipeline,feature_dropout_p_0.100,I_X,regime,60,0,0.0,0.0,0.059629492286166916
gate3d_ood_wed_fri_morning,pipeline,feature_dropout_p_0.100,I_XF,regime,60,0,0.0,0.0,0.059629492286166916
gate3d_ood_wed_fri_morning,pipeline,feature_dropout_p_0.100,I_Ym,regime,60,0,0.0,0.0,0.059629492286166916
gate3d_ood_wed_fri_morning,pipeline,feature_dropout_p_0.100,I_XFY,regime,60,0,0.0,0.0,0.059629492286166916
gate3d_ood_wed_fri_morning,pipeline,feature_dropout_p_0.100,integrity_pred_disagreement,sensor_exact,60,25,0.4166666666666667,0.2906806664704227,0.5511622022459879
gate3d_ood_wed_fri_morning,pipeline,feature_dropout_p_0.100,integrity_confusion_profile_l1_delta,sensor_exact,60,23,0.38333333333333336,0.26070705801599925,0.5178850485688385
gate3d_ood_wed_fri_morning,pipeline,feature_dropout_p_0.100,integrity_confusion_profile_jsd_delta,sensor_exact,60,23,0.38333333333333336,0.26070705801599925,0.5178850485688385
gate3d_ood_wed_fri_morning,pipeline,feature_dropout_p_0.100,label_flip_rate,sensor_exact,60,0,0.0,0.0,0.059629492286166916
gate3d_ood_wed_fri_morning,pipeline,feature_dropout_p_0.100,I_XF_item_aligned,regime_exact,60,25,0.4166666666666667,0.2906806664704227,0.5511622022459879
gate3d_ood_wed_fri_morning,pipeline,feature_dropout_p_0.100,I_XFY_item_aligned,regime_exact,60,25,0.4166666666666667,0.2906806664704227,0.5511622022459879
gate3d_ood_wed_fri_morning,target_shift,label_flip_prior_preserving_r_0.020,integrity_jsd_vs_clean_eval,sensor,60,0,0.0,0.0,0.059629492286166916
gate3d_ood_wed_fri_morning,target_shift,label_flip_prior_preserving_r_0.020,integrity_mmd_vs_clean_eval,sensor,60,0,0.0,0.0,0.059629492286166916
gate3d_ood_wed_fri_morning,target_shift,label_flip_prior_preserving_r_0.020,integrity_ks_reject05_vs_clean_eval,sensor,60,0,0.0,0.0,0.059629492286166916
gate3d_ood_wed_fri_morning,target_shift,label_flip_prior_preserving_r_0.020,integrity_score_jsd_vs_clean_eval,sensor,60,0,0.0,0.0,0.059629492286166916
gate3d_ood_wed_fri_morning,target_shift,label_flip_prior_preserving_r_0.020,integrity_pred_pos_rate_shift,sensor,60,0,0.0,0.0,0.059629492286166916
gate3d_ood_wed_fri_morning,target_shift,label_flip_prior_preserving_r_0.020,integrity_pred_jsd,sensor,60,0,0.0,0.0,0.059629492286166916
gate3d_ood_wed_fri_morning,target_shift,label_flip_prior_preserving_r_0.020,integrity_label_prior_shift,sensor,60,0,0.0,0.0,0.059629492286166916
gate3d_ood_wed_fri_morning,target_shift,label_flip_prior_preserving_r_0.020,integrity_label_jsd,sensor,60,0,0.0,0.0,0.059629492286166916
gate3d_ood_wed_fri_morning,target_shift,label_flip_prior_preserving_r_0.020,integrity_confusion_profile_l1,sensor,60,0,0.0,0.0,0.059629492286166916
gate3d_ood_wed_fri_morning,target_shift,label_flip_prior_preserving_r_0.020,integrity_confusion_profile_jsd,sensor,60,0,0.0,0.0,0.059629492286166916
gate3d_ood_wed_fri_morning,target_shift,label_flip_prior_preserving_r_0.020,I_X,regime,60,0,0.0,0.0,0.059629492286166916
gate3d_ood_wed_fri_morning,target_shift,label_flip_prior_preserving_r_0.020,I_XF,regime,60,0,0.0,0.0,0.059629492286166916
gate3d_ood_wed_fri_morning,target_shift,label_flip_prior_preserving_r_0.020,I_Ym,regime,60,0,0.0,0.0,0.059629492286166916
gate3d_ood_wed_fri_morning,target_shift,label_flip_prior_preserving_r_0.020,I_XFY,regime,60,0,0.0,0.0,0.059629492286166916
gate3d_ood_wed_fri_morning,target_shift,label_flip_prior_preserving_r_0.020,integrity_pred_disagreement,sensor_exact,60,0,0.0,0.0,0.059629492286166916
gate3d_ood_wed_fri_morning,target_shift,label_flip_prior_preserving_r_0.020,integrity_confusion_profile_l1_delta,sensor_exact,60,1,0.016666666666666666,0.00042187445234200915,0.08939905005748702
gate3d_ood_wed_fri_morning,target_shift,label_flip_prior_preserving_r_0.020,integrity_confusion_profile_jsd_delta,sensor_exact,60,1,0.016666666666666666,0.00042187445234200915,0.08939905005748702
gate3d_ood_wed_fri_morning,target_shift,label_flip_prior_preserving_r_0.020,label_flip_rate,sensor_exact,60,60,1.0,0.9403705077138331,1.0
gate3d_ood_wed_fri_morning,target_shift,label_flip_prior_preserving_r_0.020,I_XF_item_aligned,regime_exact,60,0,0.0,0.0,0.059629492286166916
gate3d_ood_wed_fri_morning,target_shift,label_flip_prior_preserving_r_0.020,I_XFY_item_aligned,regime_exact,60,60,1.0,0.9403705077138331,1.0
gate3d_ood_wed_fri_morning,target_shift,label_flip_prior_preserving_r_0.050,integrity_jsd_vs_clean_eval,sensor,60,0,0.0,0.0,0.059629492286166916
gate3d_ood_wed_fri_morning,target_shift,label_flip_prior_preserving_r_0.050,integrity_mmd_vs_clean_eval,sensor,60,0,0.0,0.0,0.059629492286166916
gate3d_ood_wed_fri_morning,target_shift,label_flip_prior_preserving_r_0.050,integrity_ks_reject05_vs_clean_eval,sensor,60,0,0.0,0.0,0.059629492286166916
gate3d_ood_wed_fri_morning,target_shift,label_flip_prior_preserving_r_0.050,integrity_score_jsd_vs_clean_eval,sensor,60,0,0.0,0.0,0.059629492286166916
gate3d_ood_wed_fri_morning,target_shift,label_flip_prior_preserving_r_0.050,integrity_pred_pos_rate_shift,sensor,60,0,0.0,0.0,0.059629492286166916
gate3d_ood_wed_fri_morning,target_shift,label_flip_prior_preserving_r_0.050,integrity_pred_jsd,sensor,60,0,0.0,0.0,0.059629492286166916
gate3d_ood_wed_fri_morning,target_shift,label_flip_prior_preserving_r_0.050,integrity_label_prior_shift,sensor,60,0,0.0,0.0,0.059629492286166916
gate3d_ood_wed_fri_morning,target_shift,label_flip_prior_preserving_r_0.050,integrity_label_jsd,sensor,60,0,0.0,0.0,0.059629492286166916
gate3d_ood_wed_fri_morning,target_shift,label_flip_prior_preserving_r_0.050,integrity_confusion_profile_l1,sensor,60,0,0.0,0.0,0.059629492286166916
gate3d_ood_wed_fri_morning,target_shift,label_flip_prior_preserving_r_0.050,integrity_confusion_profile_jsd,sensor,60,0,0.0,0.0,0.059629492286166916
gate3d_ood_wed_fri_morning,target_shift,label_flip_prior_preserving_r_0.050,I_X,regime,60,0,0.0,0.0,0.059629492286166916
gate3d_ood_wed_fri_morning,target_shift,label_flip_prior_preserving_r_0.050,I_XF,regime,60,0,0.0,0.0,0.059629492286166916
gate3d_ood_wed_fri_morning,target_shift,label_flip_prior_preserving_r_0.050,I_Ym,regime,60,0,0.0,0.0,0.059629492286166916
gate3d_ood_wed_fri_morning,target_shift,label_flip_prior_preserving_r_0.050,I_XFY,regime,60,0,0.0,0.0,0.059629492286166916
gate3d_ood_wed_fri_morning,target_shift,label_flip_prior_preserving_r_0.050,integrity_pred_disagreement,sensor_exact,60,0,0.0,0.0,0.059629492286166916
gate3d_ood_wed_fri_morning,target_shift,label_flip_prior_preserving_r_0.050,integrity_confusion_profile_l1_delta,sensor_exact,60,9,0.15,0.07095619525709117,0.26574044775729516
gate3d_ood_wed_fri_morning,target_shift,label_flip_prior_preserving_r_0.050,integrity_confusion_profile_jsd_delta,sensor_exact,60,9,0.15,0.07095619525709117,0.26574044775729516
gate3d_ood_wed_fri_morning,target_shift,label_flip_prior_preserving_r_0.050,label_flip_rate,sensor_exact,60,60,1.0,0.9403705077138331,1.0
gate3d_ood_wed_fri_morning,target_shift,label_flip_prior_preserving_r_0.050,I_XF_item_aligned,regime_exact,60,0,0.0,0.0,0.059629492286166916
gate3d_ood_wed_fri_morning,target_shift,label_flip_prior_preserving_r_0.050,I_XFY_item_aligned,regime_exact,60,60,1.0,0.9403705077138331,1.0
gate3d_ood_wed_fri_morning,target_shift,label_flip_prior_preserving_r_0.100,integrity_jsd_vs_clean_eval,sensor,60,0,0.0,0.0,0.059629492286166916
gate3d_ood_wed_fri_morning,target_shift,label_flip_prior_preserving_r_0.100,integrity_mmd_vs_clean_eval,sensor,60,0,0.0,0.0,0.059629492286166916
gate3d_ood_wed_fri_morning,target_shift,label_flip_prior_preserving_r_0.100,integrity_ks_reject05_vs_clean_eval,sensor,60,0,0.0,0.0,0.059629492286166916
gate3d_ood_wed_fri_morning,target_shift,label_flip_prior_preserving_r_0.100,integrity_score_jsd_vs_clean_eval,sensor,60,0,0.0,0.0,0.059629492286166916
gate3d_ood_wed_fri_morning,target_shift,label_flip_prior_preserving_r_0.100,integrity_pred_pos_rate_shift,sensor,60,0,0.0,0.0,0.059629492286166916
gate3d_ood_wed_fri_morning,target_shift,label_flip_prior_preserving_r_0.100,integrity_pred_jsd,sensor,60,0,0.0,0.0,0.059629492286166916
gate3d_ood_wed_fri_morning,target_shift,label_flip_prior_preserving_r_0.100,integrity_label_prior_shift,sensor,60,0,0.0,0.0,0.059629492286166916
gate3d_ood_wed_fri_morning,target_shift,label_flip_prior_preserving_r_0.100,integrity_label_jsd,sensor,60,0,0.0,0.0,0.059629492286166916
gate3d_ood_wed_fri_morning,target_shift,label_flip_prior_preserving_r_0.100,integrity_confusion_profile_l1,sensor,60,0,0.0,0.0,0.059629492286166916
gate3d_ood_wed_fri_morning,target_shift,label_flip_prior_preserving_r_0.100,integrity_confusion_profile_jsd,sensor,60,1,0.016666666666666666,0.00042187445234200915,0.08939905005748702
gate3d_ood_wed_fri_morning,target_shift,label_flip_prior_preserving_r_0.100,I_X,regime,60,0,0.0,0.0,0.059629492286166916
gate3d_ood_wed_fri_morning,target_shift,label_flip_prior_preserving_r_0.100,I_XF,regime,60,0,0.0,0.0,0.059629492286166916
gate3d_ood_wed_fri_morning,target_shift,label_flip_prior_preserving_r_0.100,I_Ym,regime,60,0,0.0,0.0,0.059629492286166916
gate3d_ood_wed_fri_morning,target_shift,label_flip_prior_preserving_r_0.100,I_XFY,regime,60,1,0.016666666666666666,0.00042187445234200915,0.08939905005748702
gate3d_ood_wed_fri_morning,target_shift,label_flip_prior_preserving_r_0.100,integrity_pred_disagreement,sensor_exact,60,0,0.0,0.0,0.059629492286166916
gate3d_ood_wed_fri_morning,target_shift,label_flip_prior_preserving_r_0.100,integrity_confusion_profile_l1_delta,sensor_exact,60,20,0.3333333333333333,0.2168694454311702,0.4668726747428306
gate3d_ood_wed_fri_morning,target_shift,label_flip_prior_preserving_r_0.100,integrity_confusion_profile_jsd_delta,sensor_exact,60,20,0.3333333333333333,0.2168694454311702,0.4668726747428306
gate3d_ood_wed_fri_morning,target_shift,label_flip_prior_preserving_r_0.100,label_flip_rate,sensor_exact,60,60,1.0,0.9403705077138331,1.0
gate3d_ood_wed_fri_morning,target_shift,label_flip_prior_preserving_r_0.100,I_XF_item_aligned,regime_exact,60,0,0.0,0.0,0.059629492286166916
gate3d_ood_wed_fri_morning,target_shift,label_flip_prior_preserving_r_0.100,I_XFY_item_aligned,regime_exact,60,60,1.0,0.9403705077138331,1.0
gate3d_ood_wed_fri_morning,target_shift,label_flip_r_0.020,integrity_jsd_vs_clean_eval,sensor,60,0,0.0,0.0,0.059629492286166916
gate3d_ood_wed_fri_morning,target_shift,label_flip_r_0.020,integrity_mmd_vs_clean_eval,sensor,60,0,0.0,0.0,0.059629492286166916
gate3d_ood_wed_fri_morning,target_shift,label_flip_r_0.020,integrity_ks_reject05_vs_clean_eval,sensor,60,0,0.0,0.0,0.059629492286166916
gate3d_ood_wed_fri_morning,target_shift,label_flip_r_0.020,integrity_score_jsd_vs_clean_eval,sensor,60,0,0.0,0.0,0.059629492286166916
gate3d_ood_wed_fri_morning,target_shift,label_flip_r_0.020,integrity_pred_pos_rate_shift,sensor,60,0,0.0,0.0,0.059629492286166916
gate3d_ood_wed_fri_morning,target_shift,label_flip_r_0.020,integrity_pred_jsd,sensor,60,0,0.0,0.0,0.059629492286166916
gate3d_ood_wed_fri_morning,target_shift,label_flip_r_0.020,integrity_label_prior_shift,sensor,60,0,0.0,0.0,0.059629492286166916
gate3d_ood_wed_fri_morning,target_shift,label_flip_r_0.020,integrity_label_jsd,sensor,60,0,0.0,0.0,0.059629492286166916
gate3d_ood_wed_fri_morning,target_shift,label_flip_r_0.020,integrity_confusion_profile_l1,sensor,60,0,0.0,0.0,0.059629492286166916
gate3d_ood_wed_fri_morning,target_shift,label_flip_r_0.020,integrity_confusion_profile_jsd,sensor,60,0,0.0,0.0,0.059629492286166916
gate3d_ood_wed_fri_morning,target_shift,label_flip_r_0.020,I_X,regime,60,0,0.0,0.0,0.059629492286166916
gate3d_ood_wed_fri_morning,target_shift,label_flip_r_0.020,I_XF,regime,60,0,0.0,0.0,0.059629492286166916
gate3d_ood_wed_fri_morning,target_shift,label_flip_r_0.020,I_Ym,regime,60,0,0.0,0.0,0.059629492286166916
gate3d_ood_wed_fri_morning,target_shift,label_flip_r_0.020,I_XFY,regime,60,0,0.0,0.0,0.059629492286166916
gate3d_ood_wed_fri_morning,target_shift,label_flip_r_0.020,integrity_pred_disagreement,sensor_exact,60,0,0.0,0.0,0.059629492286166916
gate3d_ood_wed_fri_morning,target_shift,label_flip_r_0.020,integrity_confusion_profile_l1_delta,sensor_exact,60,57,0.95,0.8607567532789272,0.9895676703556517
gate3d_ood_wed_fri_morning,target_shift,label_flip_r_0.020,integrity_confusion_profile_jsd_delta,sensor_exact,60,57,0.95,0.8607567532789272,0.9895676703556517
gate3d_ood_wed_fri_morning,target_shift,label_flip_r_0.020,label_flip_rate,sensor_exact,60,60,1.0,0.9403705077138331,1.0
gate3d_ood_wed_fri_morning,target_shift,label_flip_r_0.020,I_XF_item_aligned,regime_exact,60,0,0.0,0.0,0.059629492286166916
gate3d_ood_wed_fri_morning,target_shift,label_flip_r_0.020,I_XFY_item_aligned,regime_exact,60,60,1.0,0.9403705077138331,1.0
gate3d_ood_wed_fri_morning,target_shift,label_flip_r_0.050,integrity_jsd_vs_clean_eval,sensor,60,0,0.0,0.0,0.059629492286166916
gate3d_ood_wed_fri_morning,target_shift,label_flip_r_0.050,integrity_mmd_vs_clean_eval,sensor,60,0,0.0,0.0,0.059629492286166916
gate3d_ood_wed_fri_morning,target_shift,label_flip_r_0.050,integrity_ks_reject05_vs_clean_eval,sensor,60,0,0.0,0.0,0.059629492286166916
gate3d_ood_wed_fri_morning,target_shift,label_flip_r_0.050,integrity_score_jsd_vs_clean_eval,sensor,60,0,0.0,0.0,0.059629492286166916
gate3d_ood_wed_fri_morning,target_shift,label_flip_r_0.050,integrity_pred_pos_rate_shift,sensor,60,0,0.0,0.0,0.059629492286166916
gate3d_ood_wed_fri_morning,target_shift,label_flip_r_0.050,integrity_pred_jsd,sensor,60,0,0.0,0.0,0.059629492286166916
gate3d_ood_wed_fri_morning,target_shift,label_flip_r_0.050,integrity_label_prior_shift,sensor,60,0,0.0,0.0,0.059629492286166916
gate3d_ood_wed_fri_morning,target_shift,label_flip_r_0.050,integrity_label_jsd,sensor,60,0,0.0,0.0,0.059629492286166916
gate3d_ood_wed_fri_morning,target_shift,label_flip_r_0.050,integrity_confusion_profile_l1,sensor,60,0,0.0,0.0,0.059629492286166916
gate3d_ood_wed_fri_morning,target_shift,label_flip_r_0.050,integrity_confusion_profile_jsd,sensor,60,0,0.0,0.0,0.059629492286166916
gate3d_ood_wed_fri_morning,target_shift,label_flip_r_0.050,I_X,regime,60,0,0.0,0.0,0.059629492286166916
gate3d_ood_wed_fri_morning,target_shift,label_flip_r_0.050,I_XF,regime,60,0,0.0,0.0,0.059629492286166916
gate3d_ood_wed_fri_morning,target_shift,label_flip_r_0.050,I_Ym,regime,60,0,0.0,0.0,0.059629492286166916
gate3d_ood_wed_fri_morning,target_shift,label_flip_r_0.050,I_XFY,regime,60,0,0.0,0.0,0.059629492286166916
gate3d_ood_wed_fri_morning,target_shift,label_flip_r_0.050,integrity_pred_disagreement,sensor_exact,60,0,0.0,0.0,0.059629492286166916
gate3d_ood_wed_fri_morning,target_shift,label_flip_r_0.050,integrity_confusion_profile_l1_delta,sensor_exact,60,48,0.8,0.6766995761987094,0.892158877475638
gate3d_ood_wed_fri_morning,target_shift,label_flip_r_0.050,integrity_confusion_profile_jsd_delta,sensor_exact,60,48,0.8,0.6766995761987094,0.892158877475638
gate3d_ood_wed_fri_morning,target_shift,label_flip_r_0.050,label_flip_rate,sensor_exact,60,60,1.0,0.9403705077138331,1.0
gate3d_ood_wed_fri_morning,target_shift,label_flip_r_0.050,I_XF_item_aligned,regime_exact,60,0,0.0,0.0,0.059629492286166916
gate3d_ood_wed_fri_morning,target_shift,label_flip_r_0.050,I_XFY_item_aligned,regime_exact,60,60,1.0,0.9403705077138331,1.0
gate3d_ood_wed_fri_morning,target_shift,label_flip_r_0.100,integrity_jsd_vs_clean_eval,sensor,60,0,0.0,0.0,0.059629492286166916
gate3d_ood_wed_fri_morning,target_shift,label_flip_r_0.100,integrity_mmd_vs_clean_eval,sensor,60,0,0.0,0.0,0.059629492286166916
gate3d_ood_wed_fri_morning,target_shift,label_flip_r_0.100,integrity_ks_reject05_vs_clean_eval,sensor,60,0,0.0,0.0,0.059629492286166916
gate3d_ood_wed_fri_morning,target_shift,label_flip_r_0.100,integrity_score_jsd_vs_clean_eval,sensor,60,0,0.0,0.0,0.059629492286166916
gate3d_ood_wed_fri_morning,target_shift,label_flip_r_0.100,integrity_pred_pos_rate_shift,sensor,60,0,0.0,0.0,0.059629492286166916
gate3d_ood_wed_fri_morning,target_shift,label_flip_r_0.100,integrity_pred_jsd,sensor,60,0,0.0,0.0,0.059629492286166916
gate3d_ood_wed_fri_morning,target_shift,label_flip_r_0.100,integrity_label_prior_shift,sensor,60,0,0.0,0.0,0.059629492286166916
gate3d_ood_wed_fri_morning,target_shift,label_flip_r_0.100,integrity_label_jsd,sensor,60,0,0.0,0.0,0.059629492286166916
gate3d_ood_wed_fri_morning,target_shift,label_flip_r_0.100,integrity_confusion_profile_l1,sensor,60,0,0.0,0.0,0.059629492286166916
gate3d_ood_wed_fri_morning,target_shift,label_flip_r_0.100,integrity_confusion_profile_jsd,sensor,60,0,0.0,0.0,0.059629492286166916
gate3d_ood_wed_fri_morning,target_shift,label_flip_r_0.100,I_X,regime,60,0,0.0,0.0,0.059629492286166916
gate3d_ood_wed_fri_morning,target_shift,label_flip_r_0.100,I_XF,regime,60,0,0.0,0.0,0.059629492286166916
gate3d_ood_wed_fri_morning,target_shift,label_flip_r_0.100,I_Ym,regime,60,0,0.0,0.0,0.059629492286166916
gate3d_ood_wed_fri_morning,target_shift,label_flip_r_0.100,I_XFY,regime,60,0,0.0,0.0,0.059629492286166916
gate3d_ood_wed_fri_morning,target_shift,label_flip_r_0.100,integrity_pred_disagreement,sensor_exact,60,0,0.0,0.0,0.059629492286166916
gate3d_ood_wed_fri_morning,target_shift,label_flip_r_0.100,integrity_confusion_profile_l1_delta,sensor_exact,60,60,1.0,0.9403705077138331,1.0
gate3d_ood_wed_fri_morning,target_shift,label_flip_r_0.100,integrity_confusion_profile_jsd_delta,sensor_exact,60,60,1.0,0.9403705077138331,1.0
gate3d_ood_wed_fri_morning,target_shift,label_flip_r_0.100,label_flip_rate,sensor_exact,60,60,1.0,0.9403705077138331,1.0
gate3d_ood_wed_fri_morning,target_shift,label_flip_r_0.100,I_XF_item_aligned,regime_exact,60,0,0.0,0.0,0.059629492286166916
gate3d_ood_wed_fri_morning,target_shift,label_flip_r_0.100,I_XFY_item_aligned,regime_exact,60,60,1.0,0.9403705077138331,1.0
gate5a_id_unsw,corruption,feature_sign_flip_p_0.020,integrity_jsd_vs_clean_eval,sensor,120,0,0.0,0.0,0.03027297257742007
gate5a_id_unsw,corruption,feature_sign_flip_p_0.020,integrity_mmd_vs_clean_eval,sensor,120,0,0.0,0.0,0.03027297257742007
gate5a_id_unsw,corruption,feature_sign_flip_p_0.020,integrity_ks_reject05_vs_clean_eval,sensor,120,0,0.0,0.0,0.03027297257742007
gate5a_id_unsw,corruption,feature_sign_flip_p_0.020,integrity_score_jsd_vs_clean_eval,sensor,120,0,0.0,0.0,0.03027297257742007
gate5a_id_unsw,corruption,feature_sign_flip_p_0.020,integrity_pred_pos_rate_shift,sensor,120,0,0.0,0.0,0.03027297257742007
gate5a_id_unsw,corruption,feature_sign_flip_p_0.020,integrity_pred_jsd,sensor,120,0,0.0,0.0,0.03027297257742007
gate5a_id_unsw,corruption,feature_sign_flip_p_0.020,integrity_label_prior_shift,sensor,120,0,0.0,0.0,0.03027297257742007
gate5a_id_unsw,corruption,feature_sign_flip_p_0.020,integrity_label_jsd,sensor,120,0,0.0,0.0,0.03027297257742007
gate5a_id_unsw,corruption,feature_sign_flip_p_0.020,integrity_confusion_profile_l1,sensor,120,0,0.0,0.0,0.03027297257742007
gate5a_id_unsw,corruption,feature_sign_flip_p_0.020,integrity_confusion_profile_jsd,sensor,120,0,0.0,0.0,0.03027297257742007
gate5a_id_unsw,corruption,feature_sign_flip_p_0.020,I_X,regime,120,0,0.0,0.0,0.03027297257742007
gate5a_id_unsw,corruption,feature_sign_flip_p_0.020,I_XF,regime,120,0,0.0,0.0,0.03027297257742007
gate5a_id_unsw,corruption,feature_sign_flip_p_0.020,I_Ym,regime,120,0,0.0,0.0,0.03027297257742007
gate5a_id_unsw,corruption,feature_sign_flip_p_0.020,I_XFY,regime,120,0,0.0,0.0,0.03027297257742007
gate5a_id_unsw,corruption,feature_sign_flip_p_0.020,integrity_pred_disagreement,sensor_exact,120,110,0.9166666666666666,0.8520845706626649,0.9593138711319835
gate5a_id_unsw,corruption,feature_sign_flip_p_0.020,integrity_confusion_profile_l1_delta,sensor_exact,120,108,0.9,0.8318347872973342,0.9472522136099402
gate5a_id_unsw,corruption,feature_sign_flip_p_0.020,integrity_confusion_profile_jsd_delta,sensor_exact,120,108,0.9,0.8318347872973342,0.9472522136099402
gate5a_id_unsw,corruption,feature_sign_flip_p_0.020,label_flip_rate,sensor_exact,120,0,0.0,0.0,0.03027297257742007
gate5a_id_unsw,corruption,feature_sign_flip_p_0.020,I_XF_item_aligned,regime_exact,120,110,0.9166666666666666,0.8520845706626649,0.9593138711319835
gate5a_id_unsw,corruption,feature_sign_flip_p_0.020,I_XFY_item_aligned,regime_exact,120,110,0.9166666666666666,0.8520845706626649,0.9593138711319835
gate5a_id_unsw,corruption,feature_sign_flip_p_0.050,integrity_jsd_vs_clean_eval,sensor,120,0,0.0,0.0,0.03027297257742007
gate5a_id_unsw,corruption,feature_sign_flip_p_0.050,integrity_mmd_vs_clean_eval,sensor,120,48,0.4,0.311667793711298,0.49338930527906144
gate5a_id_unsw,corruption,feature_sign_flip_p_0.050,integrity_ks_reject05_vs_clean_eval,sensor,120,0,0.0,0.0,0.03027297257742007
gate5a_id_unsw,corruption,feature_sign_flip_p_0.050,integrity_score_jsd_vs_clean_eval,sensor,120,0,0.0,0.0,0.03027297257742007
gate5a_id_unsw,corruption,feature_sign_flip_p_0.050,integrity_pred_pos_rate_shift,sensor,120,34,0.2833333333333333,0.2048556678635227,0.3728205384217113
gate5a_id_unsw,corruption,feature_sign_flip_p_0.050,integrity_pred_jsd,sensor,120,39,0.325,0.24234507006652448,0.41652724571927235
gate5a_id_unsw,corruption,feature_sign_flip_p_0.050,integrity_label_prior_shift,sensor,120,0,0.0,0.0,0.03027297257742007
gate5a_id_unsw,corruption,feature_sign_flip_p_0.050,integrity_label_jsd,sensor,120,0,0.0,0.0,0.03027297257742007
gate5a_id_unsw,corruption,feature_sign_flip_p_0.050,integrity_confusion_profile_l1,sensor,120,23,0.19166666666666668,0.1255517248564641,0.27358238273731983
gate5a_id_unsw,corruption,feature_sign_flip_p_0.050,integrity_confusion_profile_jsd,sensor,120,11,0.09166666666666666,0.046652269655248546,0.15809854119583325
gate5a_id_unsw,corruption,feature_sign_flip_p_0.050,I_X,regime,120,48,0.4,0.311667793711298,0.49338930527906144
gate5a_id_unsw,corruption,feature_sign_flip_p_0.050,I_XF,regime,120,65,0.5416666666666666,0.44828808949464605,0.6329400722046816
gate5a_id_unsw,corruption,feature_sign_flip_p_0.050,I_Ym,regime,120,0,0.0,0.0,0.03027297257742007
gate5a_id_unsw,corruption,feature_sign_flip_p_0.050,I_XFY,regime,120,65,0.5416666666666666,0.44828808949464605,0.6329400722046816
gate5a_id_unsw,corruption,feature_sign_flip_p_0.050,integrity_pred_disagreement,sensor_exact,120,120,1.0,0.9697270274225799,1.0
gate5a_id_unsw,corruption,feature_sign_flip_p_0.050,integrity_confusion_profile_l1_delta,sensor_exact,120,119,0.9916666666666667,0.954444486766407,0.9997890405218783
gate5a_id_unsw,corruption,feature_sign_flip_p_0.050,integrity_confusion_profile_jsd_delta,sensor_exact,120,119,0.9916666666666667,0.954444486766407,0.9997890405218783
gate5a_id_unsw,corruption,feature_sign_flip_p_0.050,label_flip_rate,sensor_exact,120,0,0.0,0.0,0.03027297257742007
gate5a_id_unsw,corruption,feature_sign_flip_p_0.050,I_XF_item_aligned,regime_exact,120,120,1.0,0.9697270274225799,1.0
gate5a_id_unsw,corruption,feature_sign_flip_p_0.050,I_XFY_item_aligned,regime_exact,120,120,1.0,0.9697270274225799,1.0
gate5a_id_unsw,corruption,feature_sign_flip_p_0.100,integrity_jsd_vs_clean_eval,sensor,120,0,0.0,0.0,0.03027297257742007
gate5a_id_unsw,corruption,feature_sign_flip_p_0.100,integrity_mmd_vs_clean_eval,sensor,120,90,0.75,0.6627307837080039,0.8245353809699434
gate5a_id_unsw,corruption,feature_sign_flip_p_0.100,integrity_ks_reject05_vs_clean_eval,sensor,120,0,0.0,0.0,0.03027297257742007
gate5a_id_unsw,corruption,feature_sign_flip_p_0.100,integrity_score_jsd_vs_clean_eval,sensor,120,31,0.25833333333333336,0.18275853016965873,0.34620940471126116
gate5a_id_unsw,corruption,feature_sign_flip_p_0.100,integrity_pred_pos_rate_shift,sensor,120,66,0.55,0.45654521973615186,0.6409283624620679
gate5a_id_unsw,corruption,feature_sign_flip_p_0.100,integrity_pred_jsd,sensor,120,67,0.5583333333333333,0.4648269963164123,0.6488918893958239
gate5a_id_unsw,corruption,feature_sign_flip_p_0.100,integrity_label_prior_shift,sensor,120,0,0.0,0.0,0.03027297257742007
gate5a_id_unsw,corruption,feature_sign_flip_p_0.100,integrity_label_jsd,sensor,120,0,0.0,0.0,0.03027297257742007
gate5a_id_unsw,corruption,feature_sign_flip_p_0.100,integrity_confusion_profile_l1,sensor,120,66,0.55,0.45654521973615186,0.6409283624620679
gate5a_id_unsw,corruption,feature_sign_flip_p_0.100,integrity_confusion_profile_jsd,sensor,120,51,0.425,0.3352559480373605,0.5185349936128327
gate5a_id_unsw,corruption,feature_sign_flip_p_0.100,I_X,regime,120,90,0.75,0.6627307837080039,0.8245353809699434
gate5a_id_unsw,corruption,feature_sign_flip_p_0.100,I_XF,regime,120,90,0.75,0.6627307837080039,0.8245353809699434
gate5a_id_unsw,corruption,feature_sign_flip_p_0.100,I_Ym,regime,120,0,0.0,0.0,0.03027297257742007
gate5a_id_unsw,corruption,feature_sign_flip_p_0.100,I_XFY,regime,120,90,0.75,0.6627307837080039,0.8245353809699434
gate5a_id_unsw,corruption,feature_sign_flip_p_0.100,integrity_pred_disagreement,sensor_exact,120,120,1.0,0.9697270274225799,1.0
gate5a_id_unsw,corruption,feature_sign_flip_p_0.100,integrity_confusion_profile_l1_delta,sensor_exact,120,120,1.0,0.9697270274225799,1.0
gate5a_id_unsw,corruption,feature_sign_flip_p_0.100,integrity_confusion_profile_jsd_delta,sensor_exact,120,120,1.0,0.9697270274225799,1.0
gate5a_id_unsw,corruption,feature_sign_flip_p_0.100,label_flip_rate,sensor_exact,120,0,0.0,0.0,0.03027297257742007
gate5a_id_unsw,corruption,feature_sign_flip_p_0.100,I_XF_item_aligned,regime_exact,120,120,1.0,0.9697270274225799,1.0
gate5a_id_unsw,corruption,feature_sign_flip_p_0.100,I_XFY_item_aligned,regime_exact,120,120,1.0,0.9697270274225799,1.0
gate5a_id_unsw,covariate_shift,mean_shift_pf_delta_0.020,integrity_jsd_vs_clean_eval,sensor,120,75,0.625,0.5319881382860175,0.7116863294298656
gate5a_id_unsw,covariate_shift,mean_shift_pf_delta_0.020,integrity_mmd_vs_clean_eval,sensor,120,0,0.0,0.0,0.03027297257742007
gate5a_id_unsw,covariate_shift,mean_shift_pf_delta_0.020,integrity_ks_reject05_vs_clean_eval,sensor,120,120,1.0,0.9697270274225799,1.0
gate5a_id_unsw,covariate_shift,mean_shift_pf_delta_0.020,integrity_score_jsd_vs_clean_eval,sensor,120,53,0.44166666666666665,0.3511081106041761,0.5351730036835878
gate5a_id_unsw,covariate_shift,mean_shift_pf_delta_0.020,integrity_pred_pos_rate_shift,sensor,120,0,0.0,0.0,0.03027297257742007
gate5a_id_unsw,covariate_shift,mean_shift_pf_delta_0.020,integrity_pred_jsd,sensor,120,1,0.008333333333333333,0.00021095947812170925,0.04555551323359302
gate5a_id_unsw,covariate_shift,mean_shift_pf_delta_0.020,integrity_label_prior_shift,sensor,120,0,0.0,0.0,0.03027297257742007
gate5a_id_unsw,covariate_shift,mean_shift_pf_delta_0.020,integrity_label_jsd,sensor,120,0,0.0,0.0,0.03027297257742007
gate5a_id_unsw,covariate_shift,mean_shift_pf_delta_0.020,integrity_confusion_profile_l1,sensor,120,0,0.0,0.0,0.03027297257742007
gate5a_id_unsw,covariate_shift,mean_shift_pf_delta_0.020,integrity_confusion_profile_jsd,sensor,120,0,0.0,0.0,0.03027297257742007
gate5a_id_unsw,covariate_shift,mean_shift_pf_delta_0.020,I_X,regime,120,120,1.0,0.9697270274225799,1.0
gate5a_id_unsw,covariate_shift,mean_shift_pf_delta_0.020,I_XF,regime,120,120,1.0,0.9697270274225799,1.0
gate5a_id_unsw,covariate_shift,mean_shift_pf_delta_0.020,I_Ym,regime,120,0,0.0,0.0,0.03027297257742007
gate5a_id_unsw,covariate_shift,mean_shift_pf_delta_0.020,I_XFY,regime,120,120,1.0,0.9697270274225799,1.0
gate5a_id_unsw,covariate_shift,mean_shift_pf_delta_0.020,integrity_pred_disagreement,sensor_exact,120,51,0.425,0.3352559480373605,0.5185349936128327
gate5a_id_unsw,covariate_shift,mean_shift_pf_delta_0.020,integrity_confusion_profile_l1_delta,sensor_exact,120,48,0.4,0.311667793711298,0.49338930527906144
gate5a_id_unsw,covariate_shift,mean_shift_pf_delta_0.020,integrity_confusion_profile_jsd_delta,sensor_exact,120,48,0.4,0.311667793711298,0.49338930527906144
gate5a_id_unsw,covariate_shift,mean_shift_pf_delta_0.020,label_flip_rate,sensor_exact,120,0,0.0,0.0,0.03027297257742007
gate5a_id_unsw,covariate_shift,mean_shift_pf_delta_0.020,I_XF_item_aligned,regime_exact,120,51,0.425,0.3352559480373605,0.5185349936128327
gate5a_id_unsw,covariate_shift,mean_shift_pf_delta_0.020,I_XFY_item_aligned,regime_exact,120,51,0.425,0.3352559480373605,0.5185349936128327
gate5a_id_unsw,covariate_shift,mean_shift_pf_delta_0.050,integrity_jsd_vs_clean_eval,sensor,120,119,0.9916666666666667,0.954444486766407,0.9997890405218783
gate5a_id_unsw,covariate_shift,mean_shift_pf_delta_0.050,integrity_mmd_vs_clean_eval,sensor,120,0,0.0,0.0,0.03027297257742007
gate5a_id_unsw,covariate_shift,mean_shift_pf_delta_0.050,integrity_ks_reject05_vs_clean_eval,sensor,120,120,1.0,0.9697270274225799,1.0
gate5a_id_unsw,covariate_shift,mean_shift_pf_delta_0.050,integrity_score_jsd_vs_clean_eval,sensor,120,76,0.6333333333333333,0.5405001010775284,0.7194175923349626
gate5a_id_unsw,covariate_shift,mean_shift_pf_delta_0.050,integrity_pred_pos_rate_shift,sensor,120,2,0.016666666666666666,0.002024822337693082,0.05890921946702684
gate5a_id_unsw,covariate_shift,mean_shift_pf_delta_0.050,integrity_pred_jsd,sensor,120,2,0.016666666666666666,0.002024822337693082,0.05890921946702684
gate5a_id_unsw,covariate_shift,mean_shift_pf_delta_0.050,integrity_label_prior_shift,sensor,120,0,0.0,0.0,0.03027297257742007
gate5a_id_unsw,covariate_shift,mean_shift_pf_delta_0.050,integrity_label_jsd,sensor,120,0,0.0,0.0,0.03027297257742007
gate5a_id_unsw,covariate_shift,mean_shift_pf_delta_0.050,integrity_confusion_profile_l1,sensor,120,1,0.008333333333333333,0.00021095947812170925,0.04555551323359302
gate5a_id_unsw,covariate_shift,mean_shift_pf_delta_0.050,integrity_confusion_profile_jsd,sensor,120,0,0.0,0.0,0.03027297257742007
gate5a_id_unsw,covariate_shift,mean_shift_pf_delta_0.050,I_X,regime,120,120,1.0,0.9697270274225799,1.0
gate5a_id_unsw,covariate_shift,mean_shift_pf_delta_0.050,I_XF,regime,120,120,1.0,0.9697270274225799,1.0
gate5a_id_unsw,covariate_shift,mean_shift_pf_delta_0.050,I_Ym,regime,120,0,0.0,0.0,0.03027297257742007
gate5a_id_unsw,covariate_shift,mean_shift_pf_delta_0.050,I_XFY,regime,120,120,1.0,0.9697270274225799,1.0
gate5a_id_unsw,covariate_shift,mean_shift_pf_delta_0.050,integrity_pred_disagreement,sensor_exact,120,81,0.675,0.5834727542807276,0.7576549299334755
gate5a_id_unsw,covariate_shift,mean_shift_pf_delta_0.050,integrity_confusion_profile_l1_delta,sensor_exact,120,80,0.6666666666666666,0.5748217121636483,0.7500649106972854
gate5a_id_unsw,covariate_shift,mean_shift_pf_delta_0.050,integrity_confusion_profile_jsd_delta,sensor_exact,120,80,0.6666666666666666,0.5748217121636483,0.7500649106972854
gate5a_id_unsw,covariate_shift,mean_shift_pf_delta_0.050,label_flip_rate,sensor_exact,120,0,0.0,0.0,0.03027297257742007
gate5a_id_unsw,covariate_shift,mean_shift_pf_delta_0.050,I_XF_item_aligned,regime_exact,120,81,0.675,0.5834727542807276,0.7576549299334755
gate5a_id_unsw,covariate_shift,mean_shift_pf_delta_0.050,I_XFY_item_aligned,regime_exact,120,81,0.675,0.5834727542807276,0.7576549299334755
gate5a_id_unsw,covariate_shift,mean_shift_pf_delta_0.100,integrity_jsd_vs_clean_eval,sensor,120,109,0.9083333333333333,0.8419014588041668,0.9533477303447515
gate5a_id_unsw,covariate_shift,mean_shift_pf_delta_0.100,integrity_mmd_vs_clean_eval,sensor,120,1,0.008333333333333333,0.00021095947812170925,0.04555551323359302
gate5a_id_unsw,covariate_shift,mean_shift_pf_delta_0.100,integrity_ks_reject05_vs_clean_eval,sensor,120,120,1.0,0.9697270274225799,1.0
gate5a_id_unsw,covariate_shift,mean_shift_pf_delta_0.100,integrity_score_jsd_vs_clean_eval,sensor,120,91,0.7583333333333333,0.6717076791269854,0.8317914398019388
gate5a_id_unsw,covariate_shift,mean_shift_pf_delta_0.100,integrity_pred_pos_rate_shift,sensor,120,20,0.16666666666666666,0.10487850197666275,0.24560003807731864
gate5a_id_unsw,covariate_shift,mean_shift_pf_delta_0.100,integrity_pred_jsd,sensor,120,21,0.175,0.1117143430937466,0.2549800275657283
gate5a_id_unsw,covariate_shift,mean_shift_pf_delta_0.100,integrity_label_prior_shift,sensor,120,0,0.0,0.0,0.03027297257742007
gate5a_id_unsw,covariate_shift,mean_shift_pf_delta_0.100,integrity_label_jsd,sensor,120,0,0.0,0.0,0.03027297257742007
gate5a_id_unsw,covariate_shift,mean_shift_pf_delta_0.100,integrity_confusion_profile_l1,sensor,120,19,0.15833333333333333,0.09810229474059175,0.23616355602821235
gate5a_id_unsw,covariate_shift,mean_shift_pf_delta_0.100,integrity_confusion_profile_jsd,sensor,120,19,0.15833333333333333,0.09810229474059175,0.23616355602821235
gate5a_id_unsw,covariate_shift,mean_shift_pf_delta_0.100,I_X,regime,120,120,1.0,0.9697270274225799,1.0
gate5a_id_unsw,covariate_shift,mean_shift_pf_delta_0.100,I_XF,regime,120,120,1.0,0.9697270274225799,1.0
gate5a_id_unsw,covariate_shift,mean_shift_pf_delta_0.100,I_Ym,regime,120,0,0.0,0.0,0.03027297257742007
gate5a_id_unsw,covariate_shift,mean_shift_pf_delta_0.100,I_XFY,regime,120,120,1.0,0.9697270274225799,1.0
gate5a_id_unsw,covariate_shift,mean_shift_pf_delta_0.100,integrity_pred_disagreement,sensor_exact,120,94,0.7833333333333333,0.6988714869343307,0.853318505707898
gate5a_id_unsw,covariate_shift,mean_shift_pf_delta_0.100,integrity_confusion_profile_l1_delta,sensor_exact,120,94,0.7833333333333333,0.6988714869343307,0.853318505707898
gate5a_id_unsw,covariate_shift,mean_shift_pf_delta_0.100,integrity_confusion_profile_jsd_delta,sensor_exact,120,94,0.7833333333333333,0.6988714869343307,0.853318505707898
gate5a_id_unsw,covariate_shift,mean_shift_pf_delta_0.100,label_flip_rate,sensor_exact,120,0,0.0,0.0,0.03027297257742007
gate5a_id_unsw,covariate_shift,mean_shift_pf_delta_0.100,I_XF_item_aligned,regime_exact,120,94,0.7833333333333333,0.6988714869343307,0.853318505707898
gate5a_id_unsw,covariate_shift,mean_shift_pf_delta_0.100,I_XFY_item_aligned,regime_exact,120,94,0.7833333333333333,0.6988714869343307,0.853318505707898
gate5a_id_unsw,covariate_shift,scaling_drift_alpha_0.020,integrity_jsd_vs_clean_eval,sensor,120,82,0.6833333333333333,0.5921530675200315,0.7652151295210592
gate5a_id_unsw,covariate_shift,scaling_drift_alpha_0.020,integrity_mmd_vs_clean_eval,sensor,120,0,0.0,0.0,0.03027297257742007
gate5a_id_unsw,covariate_shift,scaling_drift_alpha_0.020,integrity_ks_reject05_vs_clean_eval,sensor,120,120,1.0,0.9697270274225799,1.0
gate5a_id_unsw,covariate_shift,scaling_drift_alpha_0.020,integrity_score_jsd_vs_clean_eval,sensor,120,64,0.5333333333333333,0.44005550296190177,0.6249271414775546
gate5a_id_unsw,covariate_shift,scaling_drift_alpha_0.020,integrity_pred_pos_rate_shift,sensor,120,0,0.0,0.0,0.03027297257742007
gate5a_id_unsw,covariate_shift,scaling_drift_alpha_0.020,integrity_pred_jsd,sensor,120,0,0.0,0.0,0.03027297257742007
gate5a_id_unsw,covariate_shift,scaling_drift_alpha_0.020,integrity_label_prior_shift,sensor,120,0,0.0,0.0,0.03027297257742007
gate5a_id_unsw,covariate_shift,scaling_drift_alpha_0.020,integrity_label_jsd,sensor,120,0,0.0,0.0,0.03027297257742007
gate5a_id_unsw,covariate_shift,scaling_drift_alpha_0.020,integrity_confusion_profile_l1,sensor,120,0,0.0,0.0,0.03027297257742007
gate5a_id_unsw,covariate_shift,scaling_drift_alpha_0.020,integrity_confusion_profile_jsd,sensor,120,0,0.0,0.0,0.03027297257742007
gate5a_id_unsw,covariate_shift,scaling_drift_alpha_0.020,I_X,regime,120,120,1.0,0.9697270274225799,1.0
gate5a_id_unsw,covariate_shift,scaling_drift_alpha_0.020,I_XF,regime,120,120,1.0,0.9697270274225799,1.0
gate5a_id_unsw,covariate_shift,scaling_drift_alpha_0.020,I_Ym,regime,120,0,0.0,0.0,0.03027297257742007
gate5a_id_unsw,covariate_shift,scaling_drift_alpha_0.020,I_XFY,regime,120,120,1.0,0.9697270274225799,1.0
gate5a_id_unsw,covariate_shift,scaling_drift_alpha_0.020,integrity_pred_disagreement,sensor_exact,120,83,0.6916666666666667,0.6008632354680479,0.7727448803661683
gate5a_id_unsw,covariate_shift,scaling_drift_alpha_0.020,integrity_confusion_profile_l1_delta,sensor_exact,120,76,0.6333333333333333,0.5405001010775284,0.7194175923349626
gate5a_id_unsw,covariate_shift,scaling_drift_alpha_0.020,integrity_confusion_profile_jsd_delta,sensor_exact,120,76,0.6333333333333333,0.5405001010775284,0.7194175923349626
gate5a_id_unsw,covariate_shift,scaling_drift_alpha_0.020,label_flip_rate,sensor_exact,120,0,0.0,0.0,0.03027297257742007
gate5a_id_unsw,covariate_shift,scaling_drift_alpha_0.020,I_XF_item_aligned,regime_exact,120,83,0.6916666666666667,0.6008632354680479,0.7727448803661683
gate5a_id_unsw,covariate_shift,scaling_drift_alpha_0.020,I_XFY_item_aligned,regime_exact,120,83,0.6916666666666667,0.6008632354680479,0.7727448803661683
gate5a_id_unsw,covariate_shift,scaling_drift_alpha_0.050,integrity_jsd_vs_clean_eval,sensor,120,120,1.0,0.9697270274225799,1.0
gate5a_id_unsw,covariate_shift,scaling_drift_alpha_0.050,integrity_mmd_vs_clean_eval,sensor,120,0,0.0,0.0,0.03027297257742007
gate5a_id_unsw,covariate_shift,scaling_drift_alpha_0.050,integrity_ks_reject05_vs_clean_eval,sensor,120,120,1.0,0.9697270274225799,1.0
gate5a_id_unsw,covariate_shift,scaling_drift_alpha_0.050,integrity_score_jsd_vs_clean_eval,sensor,120,92,0.7666666666666667,0.6807225107199398,0.8390083119035372
gate5a_id_unsw,covariate_shift,scaling_drift_alpha_0.050,integrity_pred_pos_rate_shift,sensor,120,14,0.11666666666666667,0.06527215050994278,0.18799509038680823
gate5a_id_unsw,covariate_shift,scaling_drift_alpha_0.050,integrity_pred_jsd,sensor,120,19,0.15833333333333333,0.09810229474059175,0.23616355602821235
gate5a_id_unsw,covariate_shift,scaling_drift_alpha_0.050,integrity_label_prior_shift,sensor,120,0,0.0,0.0,0.03027297257742007
gate5a_id_unsw,covariate_shift,scaling_drift_alpha_0.050,integrity_label_jsd,sensor,120,0,0.0,0.0,0.03027297257742007
gate5a_id_unsw,covariate_shift,scaling_drift_alpha_0.050,integrity_confusion_profile_l1,sensor,120,8,0.06666666666666667,0.02921918431379642,0.1271367482392129
gate5a_id_unsw,covariate_shift,scaling_drift_alpha_0.050,integrity_confusion_profile_jsd,sensor,120,4,0.03333333333333333,0.009155505556836712,0.08314872142851011
gate5a_id_unsw,covariate_shift,scaling_drift_alpha_0.050,I_X,regime,120,120,1.0,0.9697270274225799,1.0
gate5a_id_unsw,covariate_shift,scaling_drift_alpha_0.050,I_XF,regime,120,120,1.0,0.9697270274225799,1.0
gate5a_id_unsw,covariate_shift,scaling_drift_alpha_0.050,I_Ym,regime,120,0,0.0,0.0,0.03027297257742007
gate5a_id_unsw,covariate_shift,scaling_drift_alpha_0.050,I_XFY,regime,120,120,1.0,0.9697270274225799,1.0
gate5a_id_unsw,covariate_shift,scaling_drift_alpha_0.050,integrity_pred_disagreement,sensor_exact,120,100,0.8333333333333334,0.7543999619226813,0.8951214980233373
gate5a_id_unsw,covariate_shift,scaling_drift_alpha_0.050,integrity_confusion_profile_l1_delta,sensor_exact,120,97,0.8083333333333333,0.7264176172626802,0.8744482751435358
gate5a_id_unsw,covariate_shift,scaling_drift_alpha_0.050,integrity_confusion_profile_jsd_delta,sensor_exact,120,97,0.8083333333333333,0.7264176172626802,0.8744482751435358
gate5a_id_unsw,covariate_shift,scaling_drift_alpha_0.050,label_flip_rate,sensor_exact,120,0,0.0,0.0,0.03027297257742007
gate5a_id_unsw,covariate_shift,scaling_drift_alpha_0.050,I_XF_item_aligned,regime_exact,120,100,0.8333333333333334,0.7543999619226813,0.8951214980233373
gate5a_id_unsw,covariate_shift,scaling_drift_alpha_0.050,I_XFY_item_aligned,regime_exact,120,100,0.8333333333333334,0.7543999619226813,0.8951214980233373
gate5a_id_unsw,covariate_shift,scaling_drift_alpha_0.100,integrity_jsd_vs_clean_eval,sensor,120,108,0.9,0.8318347872973342,0.9472522136099402
gate5a_id_unsw,covariate_shift,scaling_drift_alpha_0.100,integrity_mmd_vs_clean_eval,sensor,120,42,0.35,0.2652023095410937,0.4423946701110429
gate5a_id_unsw,covariate_shift,scaling_drift_alpha_0.100,integrity_ks_reject05_vs_clean_eval,sensor,120,120,1.0,0.9697270274225799,1.0
gate5a_id_unsw,covariate_shift,scaling_drift_alpha_0.100,integrity_score_jsd_vs_clean_eval,sensor,120,109,0.9083333333333333,0.8419014588041668,0.9533477303447515
gate5a_id_unsw,covariate_shift,scaling_drift_alpha_0.100,integrity_pred_pos_rate_shift,sensor,120,42,0.35,0.2652023095410937,0.4423946701110429
gate5a_id_unsw,covariate_shift,scaling_drift_alpha_0.100,integrity_pred_jsd,sensor,120,43,0.35833333333333334,0.27287848116839947,0.4509609638191137
gate5a_id_unsw,covariate_shift,scaling_drift_alpha_0.100,integrity_label_prior_shift,sensor,120,0,0.0,0.0,0.03027297257742007
gate5a_id_unsw,covariate_shift,scaling_drift_alpha_0.100,integrity_label_jsd,sensor,120,0,0.0,0.0,0.03027297257742007
gate5a_id_unsw,covariate_shift,scaling_drift_alpha_0.100,integrity_confusion_profile_l1,sensor,120,38,0.31666666666666665,0.23478487047894078,0.4078469324799685
gate5a_id_unsw,covariate_shift,scaling_drift_alpha_0.100,integrity_confusion_profile_jsd,sensor,120,37,0.30833333333333335,0.22725511963383171,0.3991367645319522
gate5a_id_unsw,covariate_shift,scaling_drift_alpha_0.100,I_X,regime,120,120,1.0,0.9697270274225799,1.0
gate5a_id_unsw,covariate_shift,scaling_drift_alpha_0.100,I_XF,regime,120,120,1.0,0.9697270274225799,1.0
gate5a_id_unsw,covariate_shift,scaling_drift_alpha_0.100,I_Ym,regime,120,0,0.0,0.0,0.03027297257742007
gate5a_id_unsw,covariate_shift,scaling_drift_alpha_0.100,I_XFY,regime,120,120,1.0,0.9697270274225799,1.0
gate5a_id_unsw,covariate_shift,scaling_drift_alpha_0.100,integrity_pred_disagreement,sensor_exact,120,108,0.9,0.8318347872973342,0.9472522136099402
gate5a_id_unsw,covariate_shift,scaling_drift_alpha_0.100,integrity_confusion_profile_l1_delta,sensor_exact,120,104,0.8666666666666667,0.7925216366655644,0.9218271851338226
gate5a_id_unsw,covariate_shift,scaling_drift_alpha_0.100,integrity_confusion_profile_jsd_delta,sensor_exact,120,104,0.8666666666666667,0.7925216366655644,0.9218271851338226
gate5a_id_unsw,covariate_shift,scaling_drift_alpha_0.100,label_flip_rate,sensor_exact,120,0,0.0,0.0,0.03027297257742007
gate5a_id_unsw,covariate_shift,scaling_drift_alpha_0.100,I_XF_item_aligned,regime_exact,120,108,0.9,0.8318347872973342,0.9472522136099402
gate5a_id_unsw,covariate_shift,scaling_drift_alpha_0.100,I_XFY_item_aligned,regime_exact,120,108,0.9,0.8318347872973342,0.9472522136099402
gate5a_id_unsw,pipeline,feature_dropout_p_0.020,integrity_jsd_vs_clean_eval,sensor,120,0,0.0,0.0,0.03027297257742007
gate5a_id_unsw,pipeline,feature_dropout_p_0.020,integrity_mmd_vs_clean_eval,sensor,120,0,0.0,0.0,0.03027297257742007
gate5a_id_unsw,pipeline,feature_dropout_p_0.020,integrity_ks_reject05_vs_clean_eval,sensor,120,0,0.0,0.0,0.03027297257742007
gate5a_id_unsw,pipeline,feature_dropout_p_0.020,integrity_score_jsd_vs_clean_eval,sensor,120,0,0.0,0.0,0.03027297257742007
gate5a_id_unsw,pipeline,feature_dropout_p_0.020,integrity_pred_pos_rate_shift,sensor,120,0,0.0,0.0,0.03027297257742007
gate5a_id_unsw,pipeline,feature_dropout_p_0.020,integrity_pred_jsd,sensor,120,0,0.0,0.0,0.03027297257742007
gate5a_id_unsw,pipeline,feature_dropout_p_0.020,integrity_label_prior_shift,sensor,120,0,0.0,0.0,0.03027297257742007
gate5a_id_unsw,pipeline,feature_dropout_p_0.020,integrity_label_jsd,sensor,120,0,0.0,0.0,0.03027297257742007
gate5a_id_unsw,pipeline,feature_dropout_p_0.020,integrity_confusion_profile_l1,sensor,120,0,0.0,0.0,0.03027297257742007
gate5a_id_unsw,pipeline,feature_dropout_p_0.020,integrity_confusion_profile_jsd,sensor,120,0,0.0,0.0,0.03027297257742007
gate5a_id_unsw,pipeline,feature_dropout_p_0.020,I_X,regime,120,0,0.0,0.0,0.03027297257742007
gate5a_id_unsw,pipeline,feature_dropout_p_0.020,I_XF,regime,120,0,0.0,0.0,0.03027297257742007
gate5a_id_unsw,pipeline,feature_dropout_p_0.020,I_Ym,regime,120,0,0.0,0.0,0.03027297257742007
gate5a_id_unsw,pipeline,feature_dropout_p_0.020,I_XFY,regime,120,0,0.0,0.0,0.03027297257742007
gate5a_id_unsw,pipeline,feature_dropout_p_0.020,integrity_pred_disagreement,sensor_exact,120,87,0.725,0.6360159264005362,0.8025448721736067
gate5a_id_unsw,pipeline,feature_dropout_p_0.020,integrity_confusion_profile_l1_delta,sensor_exact,120,85,0.7083333333333334,0.6183757182711229,0.7877102517883379
gate5a_id_unsw,pipeline,feature_dropout_p_0.020,integrity_confusion_profile_jsd_delta,sensor_exact,120,85,0.7083333333333334,0.6183757182711229,0.7877102517883379
gate5a_id_unsw,pipeline,feature_dropout_p_0.020,label_flip_rate,sensor_exact,120,0,0.0,0.0,0.03027297257742007
gate5a_id_unsw,pipeline,feature_dropout_p_0.020,I_XF_item_aligned,regime_exact,120,87,0.725,0.6360159264005362,0.8025448721736067
gate5a_id_unsw,pipeline,feature_dropout_p_0.020,I_XFY_item_aligned,regime_exact,120,87,0.725,0.6360159264005362,0.8025448721736067
gate5a_id_unsw,pipeline,feature_dropout_p_0.050,integrity_jsd_vs_clean_eval,sensor,120,0,0.0,0.0,0.03027297257742007
gate5a_id_unsw,pipeline,feature_dropout_p_0.050,integrity_mmd_vs_clean_eval,sensor,120,0,0.0,0.0,0.03027297257742007
gate5a_id_unsw,pipeline,feature_dropout_p_0.050,integrity_ks_reject05_vs_clean_eval,sensor,120,0,0.0,0.0,0.03027297257742007
gate5a_id_unsw,pipeline,feature_dropout_p_0.050,integrity_score_jsd_vs_clean_eval,sensor,120,0,0.0,0.0,0.03027297257742007
gate5a_id_unsw,pipeline,feature_dropout_p_0.050,integrity_pred_pos_rate_shift,sensor,120,0,0.0,0.0,0.03027297257742007
gate5a_id_unsw,pipeline,feature_dropout_p_0.050,integrity_pred_jsd,sensor,120,0,0.0,0.0,0.03027297257742007
gate5a_id_unsw,pipeline,feature_dropout_p_0.050,integrity_label_prior_shift,sensor,120,0,0.0,0.0,0.03027297257742007
gate5a_id_unsw,pipeline,feature_dropout_p_0.050,integrity_label_jsd,sensor,120,0,0.0,0.0,0.03027297257742007
gate5a_id_unsw,pipeline,feature_dropout_p_0.050,integrity_confusion_profile_l1,sensor,120,0,0.0,0.0,0.03027297257742007
gate5a_id_unsw,pipeline,feature_dropout_p_0.050,integrity_confusion_profile_jsd,sensor,120,0,0.0,0.0,0.03027297257742007
gate5a_id_unsw,pipeline,feature_dropout_p_0.050,I_X,regime,120,0,0.0,0.0,0.03027297257742007
gate5a_id_unsw,pipeline,feature_dropout_p_0.050,I_XF,regime,120,0,0.0,0.0,0.03027297257742007
gate5a_id_unsw,pipeline,feature_dropout_p_0.050,I_Ym,regime,120,0,0.0,0.0,0.03027297257742007
gate5a_id_unsw,pipeline,feature_dropout_p_0.050,I_XFY,regime,120,0,0.0,0.0,0.03027297257742007
gate5a_id_unsw,pipeline,feature_dropout_p_0.050,integrity_pred_disagreement,sensor_exact,120,113,0.9416666666666667,0.8835016203543854,0.9762279762094809
gate5a_id_unsw,pipeline,feature_dropout_p_0.050,integrity_confusion_profile_l1_delta,sensor_exact,120,107,0.8916666666666667,0.8218725616110574,0.941041693770915
gate5a_id_unsw,pipeline,feature_dropout_p_0.050,integrity_confusion_profile_jsd_delta,sensor_exact,120,107,0.8916666666666667,0.8218725616110574,0.941041693770915
gate5a_id_unsw,pipeline,feature_dropout_p_0.050,label_flip_rate,sensor_exact,120,0,0.0,0.0,0.03027297257742007
gate5a_id_unsw,pipeline,feature_dropout_p_0.050,I_XF_item_aligned,regime_exact,120,113,0.9416666666666667,0.8835016203543854,0.9762279762094809
gate5a_id_unsw,pipeline,feature_dropout_p_0.050,I_XFY_item_aligned,regime_exact,120,113,0.9416666666666667,0.8835016203543854,0.9762279762094809
gate5a_id_unsw,pipeline,feature_dropout_p_0.100,integrity_jsd_vs_clean_eval,sensor,120,0,0.0,0.0,0.03027297257742007
gate5a_id_unsw,pipeline,feature_dropout_p_0.100,integrity_mmd_vs_clean_eval,sensor,120,0,0.0,0.0,0.03027297257742007
gate5a_id_unsw,pipeline,feature_dropout_p_0.100,integrity_ks_reject05_vs_clean_eval,sensor,120,0,0.0,0.0,0.03027297257742007
gate5a_id_unsw,pipeline,feature_dropout_p_0.100,integrity_score_jsd_vs_clean_eval,sensor,120,0,0.0,0.0,0.03027297257742007
gate5a_id_unsw,pipeline,feature_dropout_p_0.100,integrity_pred_pos_rate_shift,sensor,120,1,0.008333333333333333,0.00021095947812170925,0.04555551323359302
gate5a_id_unsw,pipeline,feature_dropout_p_0.100,integrity_pred_jsd,sensor,120,1,0.008333333333333333,0.00021095947812170925,0.04555551323359302
gate5a_id_unsw,pipeline,feature_dropout_p_0.100,integrity_label_prior_shift,sensor,120,0,0.0,0.0,0.03027297257742007
gate5a_id_unsw,pipeline,feature_dropout_p_0.100,integrity_label_jsd,sensor,120,0,0.0,0.0,0.03027297257742007
gate5a_id_unsw,pipeline,feature_dropout_p_0.100,integrity_confusion_profile_l1,sensor,120,0,0.0,0.0,0.03027297257742007
gate5a_id_unsw,pipeline,feature_dropout_p_0.100,integrity_confusion_profile_jsd,sensor,120,0,0.0,0.0,0.03027297257742007
gate5a_id_unsw,pipeline,feature_dropout_p_0.100,I_X,regime,120,0,0.0,0.0,0.03027297257742007
gate5a_id_unsw,pipeline,feature_dropout_p_0.100,I_XF,regime,120,1,0.008333333333333333,0.00021095947812170925,0.04555551323359302
gate5a_id_unsw,pipeline,feature_dropout_p_0.100,I_Ym,regime,120,0,0.0,0.0,0.03027297257742007
gate5a_id_unsw,pipeline,feature_dropout_p_0.100,I_XFY,regime,120,1,0.008333333333333333,0.00021095947812170925,0.04555551323359302
gate5a_id_unsw,pipeline,feature_dropout_p_0.100,integrity_pred_disagreement,sensor_exact,120,118,0.9833333333333333,0.9410907805329731,0.9979751776623069
gate5a_id_unsw,pipeline,feature_dropout_p_0.100,integrity_confusion_profile_l1_delta,sensor_exact,120,116,0.9666666666666667,0.9168512785714898,0.9908444944431632
gate5a_id_unsw,pipeline,feature_dropout_p_0.100,integrity_confusion_profile_jsd_delta,sensor_exact,120,116,0.9666666666666667,0.9168512785714898,0.9908444944431632
gate5a_id_unsw,pipeline,feature_dropout_p_0.100,label_flip_rate,sensor_exact,120,0,0.0,0.0,0.03027297257742007
gate5a_id_unsw,pipeline,feature_dropout_p_0.100,I_XF_item_aligned,regime_exact,120,118,0.9833333333333333,0.9410907805329731,0.9979751776623069
gate5a_id_unsw,pipeline,feature_dropout_p_0.100,I_XFY_item_aligned,regime_exact,120,118,0.9833333333333333,0.9410907805329731,0.9979751776623069
gate5a_id_unsw,target_shift,label_flip_prior_preserving_r_0.020,integrity_jsd_vs_clean_eval,sensor,120,0,0.0,0.0,0.03027297257742007
gate5a_id_unsw,target_shift,label_flip_prior_preserving_r_0.020,integrity_mmd_vs_clean_eval,sensor,120,0,0.0,0.0,0.03027297257742007
gate5a_id_unsw,target_shift,label_flip_prior_preserving_r_0.020,integrity_ks_reject05_vs_clean_eval,sensor,120,0,0.0,0.0,0.03027297257742007
gate5a_id_unsw,target_shift,label_flip_prior_preserving_r_0.020,integrity_score_jsd_vs_clean_eval,sensor,120,0,0.0,0.0,0.03027297257742007
gate5a_id_unsw,target_shift,label_flip_prior_preserving_r_0.020,integrity_pred_pos_rate_shift,sensor,120,0,0.0,0.0,0.03027297257742007
gate5a_id_unsw,target_shift,label_flip_prior_preserving_r_0.020,integrity_pred_jsd,sensor,120,0,0.0,0.0,0.03027297257742007
gate5a_id_unsw,target_shift,label_flip_prior_preserving_r_0.020,integrity_label_prior_shift,sensor,120,0,0.0,0.0,0.03027297257742007
gate5a_id_unsw,target_shift,label_flip_prior_preserving_r_0.020,integrity_label_jsd,sensor,120,0,0.0,0.0,0.03027297257742007
gate5a_id_unsw,target_shift,label_flip_prior_preserving_r_0.020,integrity_confusion_profile_l1,sensor,120,0,0.0,0.0,0.03027297257742007
gate5a_id_unsw,target_shift,label_flip_prior_preserving_r_0.020,integrity_confusion_profile_jsd,sensor,120,0,0.0,0.0,0.03027297257742007
gate5a_id_unsw,target_shift,label_flip_prior_preserving_r_0.020,I_X,regime,120,0,0.0,0.0,0.03027297257742007
gate5a_id_unsw,target_shift,label_flip_prior_preserving_r_0.020,I_XF,regime,120,0,0.0,0.0,0.03027297257742007
gate5a_id_unsw,target_shift,label_flip_prior_preserving_r_0.020,I_Ym,regime,120,0,0.0,0.0,0.03027297257742007
gate5a_id_unsw,target_shift,label_flip_prior_preserving_r_0.020,I_XFY,regime,120,0,0.0,0.0,0.03027297257742007
gate5a_id_unsw,target_shift,label_flip_prior_preserving_r_0.020,integrity_pred_disagreement,sensor_exact,120,0,0.0,0.0,0.03027297257742007
gate5a_id_unsw,target_shift,label_flip_prior_preserving_r_0.020,integrity_confusion_profile_l1_delta,sensor_exact,120,89,0.7416666666666667,0.6537905952887388,0.8172414698303413
gate5a_id_unsw,target_shift,label_flip_prior_preserving_r_0.020,integrity_confusion_profile_jsd_delta,sensor_exact,120,89,0.7416666666666667,0.6537905952887388,0.8172414698303413
gate5a_id_unsw,target_shift,label_flip_prior_preserving_r_0.020,label_flip_rate,sensor_exact,120,120,1.0,0.9697270274225799,1.0
gate5a_id_unsw,target_shift,label_flip_prior_preserving_r_0.020,I_XF_item_aligned,regime_exact,120,0,0.0,0.0,0.03027297257742007
gate5a_id_unsw,target_shift,label_flip_prior_preserving_r_0.020,I_XFY_item_aligned,regime_exact,120,120,1.0,0.9697270274225799,1.0
gate5a_id_unsw,target_shift,label_flip_prior_preserving_r_0.050,integrity_jsd_vs_clean_eval,sensor,120,0,0.0,0.0,0.03027297257742007
gate5a_id_unsw,target_shift,label_flip_prior_preserving_r_0.050,integrity_mmd_vs_clean_eval,sensor,120,0,0.0,0.0,0.03027297257742007
gate5a_id_unsw,target_shift,label_flip_prior_preserving_r_0.050,integrity_ks_reject05_vs_clean_eval,sensor,120,0,0.0,0.0,0.03027297257742007
gate5a_id_unsw,target_shift,label_flip_prior_preserving_r_0.050,integrity_score_jsd_vs_clean_eval,sensor,120,0,0.0,0.0,0.03027297257742007
gate5a_id_unsw,target_shift,label_flip_prior_preserving_r_0.050,integrity_pred_pos_rate_shift,sensor,120,0,0.0,0.0,0.03027297257742007
gate5a_id_unsw,target_shift,label_flip_prior_preserving_r_0.050,integrity_pred_jsd,sensor,120,0,0.0,0.0,0.03027297257742007
gate5a_id_unsw,target_shift,label_flip_prior_preserving_r_0.050,integrity_label_prior_shift,sensor,120,0,0.0,0.0,0.03027297257742007
gate5a_id_unsw,target_shift,label_flip_prior_preserving_r_0.050,integrity_label_jsd,sensor,120,0,0.0,0.0,0.03027297257742007
gate5a_id_unsw,target_shift,label_flip_prior_preserving_r_0.050,integrity_confusion_profile_l1,sensor,120,0,0.0,0.0,0.03027297257742007
gate5a_id_unsw,target_shift,label_flip_prior_preserving_r_0.050,integrity_confusion_profile_jsd,sensor,120,0,0.0,0.0,0.03027297257742007
gate5a_id_unsw,target_shift,label_flip_prior_preserving_r_0.050,I_X,regime,120,0,0.0,0.0,0.03027297257742007
gate5a_id_unsw,target_shift,label_flip_prior_preserving_r_0.050,I_XF,regime,120,0,0.0,0.0,0.03027297257742007
gate5a_id_unsw,target_shift,label_flip_prior_preserving_r_0.050,I_Ym,regime,120,0,0.0,0.0,0.03027297257742007
gate5a_id_unsw,target_shift,label_flip_prior_preserving_r_0.050,I_XFY,regime,120,0,0.0,0.0,0.03027297257742007
gate5a_id_unsw,target_shift,label_flip_prior_preserving_r_0.050,integrity_pred_disagreement,sensor_exact,120,0,0.0,0.0,0.03027297257742007
gate5a_id_unsw,target_shift,label_flip_prior_preserving_r_0.050,integrity_confusion_profile_l1_delta,sensor_exact,120,107,0.8916666666666667,0.8218725616110574,0.941041693770915
gate5a_id_unsw,target_shift,label_flip_prior_preserving_r_0.050,integrity_confusion_profile_jsd_delta,sensor_exact,120,107,0.8916666666666667,0.8218725616110574,0.941041693770915
gate5a_id_unsw,target_shift,label_flip_prior_preserving_r_0.050,label_flip_rate,sensor_exact,120,120,1.0,0.9697270274225799,1.0
gate5a_id_unsw,target_shift,label_flip_prior_preserving_r_0.050,I_XF_item_aligned,regime_exact,120,0,0.0,0.0,0.03027297257742007
gate5a_id_unsw,target_shift,label_flip_prior_preserving_r_0.050,I_XFY_item_aligned,regime_exact,120,120,1.0,0.9697270274225799,1.0
gate5a_id_unsw,target_shift,label_flip_prior_preserving_r_0.100,integrity_jsd_vs_clean_eval,sensor,120,0,0.0,0.0,0.03027297257742007
gate5a_id_unsw,target_shift,label_flip_prior_preserving_r_0.100,integrity_mmd_vs_clean_eval,sensor,120,0,0.0,0.0,0.03027297257742007
gate5a_id_unsw,target_shift,label_flip_prior_preserving_r_0.100,integrity_ks_reject05_vs_clean_eval,sensor,120,0,0.0,0.0,0.03027297257742007
gate5a_id_unsw,target_shift,label_flip_prior_preserving_r_0.100,integrity_score_jsd_vs_clean_eval,sensor,120,0,0.0,0.0,0.03027297257742007
gate5a_id_unsw,target_shift,label_flip_prior_preserving_r_0.100,integrity_pred_pos_rate_shift,sensor,120,0,0.0,0.0,0.03027297257742007
gate5a_id_unsw,target_shift,label_flip_prior_preserving_r_0.100,integrity_pred_jsd,sensor,120,0,0.0,0.0,0.03027297257742007
gate5a_id_unsw,target_shift,label_flip_prior_preserving_r_0.100,integrity_label_prior_shift,sensor,120,0,0.0,0.0,0.03027297257742007
gate5a_id_unsw,target_shift,label_flip_prior_preserving_r_0.100,integrity_label_jsd,sensor,120,0,0.0,0.0,0.03027297257742007
gate5a_id_unsw,target_shift,label_flip_prior_preserving_r_0.100,integrity_confusion_profile_l1,sensor,120,0,0.0,0.0,0.03027297257742007
gate5a_id_unsw,target_shift,label_flip_prior_preserving_r_0.100,integrity_confusion_profile_jsd,sensor,120,0,0.0,0.0,0.03027297257742007
gate5a_id_unsw,target_shift,label_flip_prior_preserving_r_0.100,I_X,regime,120,0,0.0,0.0,0.03027297257742007
gate5a_id_unsw,target_shift,label_flip_prior_preserving_r_0.100,I_XF,regime,120,0,0.0,0.0,0.03027297257742007
gate5a_id_unsw,target_shift,label_flip_prior_preserving_r_0.100,I_Ym,regime,120,0,0.0,0.0,0.03027297257742007
gate5a_id_unsw,target_shift,label_flip_prior_preserving_r_0.100,I_XFY,regime,120,0,0.0,0.0,0.03027297257742007
gate5a_id_unsw,target_shift,label_flip_prior_preserving_r_0.100,integrity_pred_disagreement,sensor_exact,120,0,0.0,0.0,0.03027297257742007
gate5a_id_unsw,target_shift,label_flip_prior_preserving_r_0.100,integrity_confusion_profile_l1_delta,sensor_exact,120,113,0.9416666666666667,0.8835016203543854,0.9762279762094809
gate5a_id_unsw,target_shift,label_flip_prior_preserving_r_0.100,integrity_confusion_profile_jsd_delta,sensor_exact,120,113,0.9416666666666667,0.8835016203543854,0.9762279762094809
gate5a_id_unsw,target_shift,label_flip_prior_preserving_r_0.100,label_flip_rate,sensor_exact,120,120,1.0,0.9697270274225799,1.0
gate5a_id_unsw,target_shift,label_flip_prior_preserving_r_0.100,I_XF_item_aligned,regime_exact,120,0,0.0,0.0,0.03027297257742007
gate5a_id_unsw,target_shift,label_flip_prior_preserving_r_0.100,I_XFY_item_aligned,regime_exact,120,120,1.0,0.9697270274225799,1.0
gate5a_id_unsw,target_shift,label_flip_r_0.020,integrity_jsd_vs_clean_eval,sensor,120,0,0.0,0.0,0.03027297257742007
gate5a_id_unsw,target_shift,label_flip_r_0.020,integrity_mmd_vs_clean_eval,sensor,120,0,0.0,0.0,0.03027297257742007
gate5a_id_unsw,target_shift,label_flip_r_0.020,integrity_ks_reject05_vs_clean_eval,sensor,120,0,0.0,0.0,0.03027297257742007
gate5a_id_unsw,target_shift,label_flip_r_0.020,integrity_score_jsd_vs_clean_eval,sensor,120,0,0.0,0.0,0.03027297257742007
gate5a_id_unsw,target_shift,label_flip_r_0.020,integrity_pred_pos_rate_shift,sensor,120,0,0.0,0.0,0.03027297257742007
gate5a_id_unsw,target_shift,label_flip_r_0.020,integrity_pred_jsd,sensor,120,0,0.0,0.0,0.03027297257742007
gate5a_id_unsw,target_shift,label_flip_r_0.020,integrity_label_prior_shift,sensor,120,0,0.0,0.0,0.03027297257742007
gate5a_id_unsw,target_shift,label_flip_r_0.020,integrity_label_jsd,sensor,120,0,0.0,0.0,0.03027297257742007
gate5a_id_unsw,target_shift,label_flip_r_0.020,integrity_confusion_profile_l1,sensor,120,0,0.0,0.0,0.03027297257742007
gate5a_id_unsw,target_shift,label_flip_r_0.020,integrity_confusion_profile_jsd,sensor,120,0,0.0,0.0,0.03027297257742007
gate5a_id_unsw,target_shift,label_flip_r_0.020,I_X,regime,120,0,0.0,0.0,0.03027297257742007
gate5a_id_unsw,target_shift,label_flip_r_0.020,I_XF,regime,120,0,0.0,0.0,0.03027297257742007
gate5a_id_unsw,target_shift,label_flip_r_0.020,I_Ym,regime,120,0,0.0,0.0,0.03027297257742007
gate5a_id_unsw,target_shift,label_flip_r_0.020,I_XFY,regime,120,0,0.0,0.0,0.03027297257742007
gate5a_id_unsw,target_shift,label_flip_r_0.020,integrity_pred_disagreement,sensor_exact,120,0,0.0,0.0,0.03027297257742007
gate5a_id_unsw,target_shift,label_flip_r_0.020,integrity_confusion_profile_l1_delta,sensor_exact,120,120,1.0,0.9697270274225799,1.0
gate5a_id_unsw,target_shift,label_flip_r_0.020,integrity_confusion_profile_jsd_delta,sensor_exact,120,120,1.0,0.9697270274225799,1.0
gate5a_id_unsw,target_shift,label_flip_r_0.020,label_flip_rate,sensor_exact,120,120,1.0,0.9697270274225799,1.0
gate5a_id_unsw,target_shift,label_flip_r_0.020,I_XF_item_aligned,regime_exact,120,0,0.0,0.0,0.03027297257742007
gate5a_id_unsw,target_shift,label_flip_r_0.020,I_XFY_item_aligned,regime_exact,120,120,1.0,0.9697270274225799,1.0
gate5a_id_unsw,target_shift,label_flip_r_0.050,integrity_jsd_vs_clean_eval,sensor,120,0,0.0,0.0,0.03027297257742007
gate5a_id_unsw,target_shift,label_flip_r_0.050,integrity_mmd_vs_clean_eval,sensor,120,0,0.0,0.0,0.03027297257742007
gate5a_id_unsw,target_shift,label_flip_r_0.050,integrity_ks_reject05_vs_clean_eval,sensor,120,0,0.0,0.0,0.03027297257742007
gate5a_id_unsw,target_shift,label_flip_r_0.050,integrity_score_jsd_vs_clean_eval,sensor,120,0,0.0,0.0,0.03027297257742007
gate5a_id_unsw,target_shift,label_flip_r_0.050,integrity_pred_pos_rate_shift,sensor,120,0,0.0,0.0,0.03027297257742007
gate5a_id_unsw,target_shift,label_flip_r_0.050,integrity_pred_jsd,sensor,120,0,0.0,0.0,0.03027297257742007
gate5a_id_unsw,target_shift,label_flip_r_0.050,integrity_label_prior_shift,sensor,120,0,0.0,0.0,0.03027297257742007
gate5a_id_unsw,target_shift,label_flip_r_0.050,integrity_label_jsd,sensor,120,0,0.0,0.0,0.03027297257742007
gate5a_id_unsw,target_shift,label_flip_r_0.050,integrity_confusion_profile_l1,sensor,120,0,0.0,0.0,0.03027297257742007
gate5a_id_unsw,target_shift,label_flip_r_0.050,integrity_confusion_profile_jsd,sensor,120,0,0.0,0.0,0.03027297257742007
gate5a_id_unsw,target_shift,label_flip_r_0.050,I_X,regime,120,0,0.0,0.0,0.03027297257742007
gate5a_id_unsw,target_shift,label_flip_r_0.050,I_XF,regime,120,0,0.0,0.0,0.03027297257742007
gate5a_id_unsw,target_shift,label_flip_r_0.050,I_Ym,regime,120,0,0.0,0.0,0.03027297257742007
gate5a_id_unsw,target_shift,label_flip_r_0.050,I_XFY,regime,120,0,0.0,0.0,0.03027297257742007
gate5a_id_unsw,target_shift,label_flip_r_0.050,integrity_pred_disagreement,sensor_exact,120,0,0.0,0.0,0.03027297257742007
gate5a_id_unsw,target_shift,label_flip_r_0.050,integrity_confusion_profile_l1_delta,sensor_exact,120,120,1.0,0.9697270274225799,1.0
gate5a_id_unsw,target_shift,label_flip_r_0.050,integrity_confusion_profile_jsd_delta,sensor_exact,120,120,1.0,0.9697270274225799,1.0
gate5a_id_unsw,target_shift,label_flip_r_0.050,label_flip_rate,sensor_exact,120,120,1.0,0.9697270274225799,1.0
gate5a_id_unsw,target_shift,label_flip_r_0.050,I_XF_item_aligned,regime_exact,120,0,0.0,0.0,0.03027297257742007
gate5a_id_unsw,target_shift,label_flip_r_0.050,I_XFY_item_aligned,regime_exact,120,120,1.0,0.9697270274225799,1.0
gate5a_id_unsw,target_shift,label_flip_r_0.100,integrity_jsd_vs_clean_eval,sensor,120,0,0.0,0.0,0.03027297257742007
gate5a_id_unsw,target_shift,label_flip_r_0.100,integrity_mmd_vs_clean_eval,sensor,120,0,0.0,0.0,0.03027297257742007
gate5a_id_unsw,target_shift,label_flip_r_0.100,integrity_ks_reject05_vs_clean_eval,sensor,120,0,0.0,0.0,0.03027297257742007
gate5a_id_unsw,target_shift,label_flip_r_0.100,integrity_score_jsd_vs_clean_eval,sensor,120,0,0.0,0.0,0.03027297257742007
gate5a_id_unsw,target_shift,label_flip_r_0.100,integrity_pred_pos_rate_shift,sensor,120,0,0.0,0.0,0.03027297257742007
gate5a_id_unsw,target_shift,label_flip_r_0.100,integrity_pred_jsd,sensor,120,0,0.0,0.0,0.03027297257742007
gate5a_id_unsw,target_shift,label_flip_r_0.100,integrity_label_prior_shift,sensor,120,0,0.0,0.0,0.03027297257742007
gate5a_id_unsw,target_shift,label_flip_r_0.100,integrity_label_jsd,sensor,120,0,0.0,0.0,0.03027297257742007
gate5a_id_unsw,target_shift,label_flip_r_0.100,integrity_confusion_profile_l1,sensor,120,0,0.0,0.0,0.03027297257742007
gate5a_id_unsw,target_shift,label_flip_r_0.100,integrity_confusion_profile_jsd,sensor,120,0,0.0,0.0,0.03027297257742007
gate5a_id_unsw,target_shift,label_flip_r_0.100,I_X,regime,120,0,0.0,0.0,0.03027297257742007
gate5a_id_unsw,target_shift,label_flip_r_0.100,I_XF,regime,120,0,0.0,0.0,0.03027297257742007
gate5a_id_unsw,target_shift,label_flip_r_0.100,I_Ym,regime,120,0,0.0,0.0,0.03027297257742007
gate5a_id_unsw,target_shift,label_flip_r_0.100,I_XFY,regime,120,0,0.0,0.0,0.03027297257742007
gate5a_id_unsw,target_shift,label_flip_r_0.100,integrity_pred_disagreement,sensor_exact,120,0,0.0,0.0,0.03027297257742007
gate5a_id_unsw,target_shift,label_flip_r_0.100,integrity_confusion_profile_l1_delta,sensor_exact,120,120,1.0,0.9697270274225799,1.0
gate5a_id_unsw,target_shift,label_flip_r_0.100,integrity_confusion_profile_jsd_delta,sensor_exact,120,120,1.0,0.9697270274225799,1.0
gate5a_id_unsw,target_shift,label_flip_r_0.100,label_flip_rate,sensor_exact,120,120,1.0,0.9697270274225799,1.0
gate5a_id_unsw,target_shift,label_flip_r_0.100,I_XF_item_aligned,regime_exact,120,0,0.0,0.0,0.03027297257742007
gate5a_id_unsw,target_shift,label_flip_r_0.100,I_XFY_item_aligned,regime_exact,120,120,1.0,0.9697270274225799,1.0
gate5b_id_ton_iot,corruption,feature_sign_flip_p_0.020,integrity_jsd_vs_clean_eval,sensor,120,0,0.0,0.0,0.03027297257742007
gate5b_id_ton_iot,corruption,feature_sign_flip_p_0.020,integrity_mmd_vs_clean_eval,sensor,120,6,0.05,0.018567586782669152,0.10565385451871234
gate5b_id_ton_iot,corruption,feature_sign_flip_p_0.020,integrity_ks_reject05_vs_clean_eval,sensor,120,0,0.0,0.0,0.03027297257742007
gate5b_id_ton_iot,corruption,feature_sign_flip_p_0.020,integrity_score_jsd_vs_clean_eval,sensor,120,0,0.0,0.0,0.03027297257742007
gate5b_id_ton_iot,corruption,feature_sign_flip_p_0.020,integrity_pred_pos_rate_shift,sensor,120,3,0.025,0.005185574958321363,0.07132319415690502
gate5b_id_ton_iot,corruption,feature_sign_flip_p_0.020,integrity_pred_jsd,sensor,120,4,0.03333333333333333,0.009155505556836712,0.08314872142851011
gate5b_id_ton_iot,corruption,feature_sign_flip_p_0.020,integrity_label_prior_shift,sensor,120,0,0.0,0.0,0.03027297257742007
gate5b_id_ton_iot,corruption,feature_sign_flip_p_0.020,integrity_label_jsd,sensor,120,0,0.0,0.0,0.03027297257742007
gate5b_id_ton_iot,corruption,feature_sign_flip_p_0.020,integrity_confusion_profile_l1,sensor,120,2,0.016666666666666666,0.002024822337693082,0.05890921946702684
gate5b_id_ton_iot,corruption,feature_sign_flip_p_0.020,integrity_confusion_profile_jsd,sensor,120,3,0.025,0.005185574958321363,0.07132319415690502
gate5b_id_ton_iot,corruption,feature_sign_flip_p_0.020,I_X,regime,120,6,0.05,0.018567586782669152,0.10565385451871234
gate5b_id_ton_iot,corruption,feature_sign_flip_p_0.020,I_XF,regime,120,10,0.08333333333333333,0.04068612886801648,0.14791542933733517
gate5b_id_ton_iot,corruption,feature_sign_flip_p_0.020,I_Ym,regime,120,0,0.0,0.0,0.03027297257742007
gate5b_id_ton_iot,corruption,feature_sign_flip_p_0.020,I_XFY,regime,120,11,0.09166666666666666,0.046652269655248546,0.15809854119583325
gate5b_id_ton_iot,corruption,feature_sign_flip_p_0.020,integrity_pred_disagreement,sensor_exact,120,111,0.925,0.8623989421096329,0.9651326093880379
gate5b_id_ton_iot,corruption,feature_sign_flip_p_0.020,integrity_confusion_profile_l1_delta,sensor_exact,120,109,0.9083333333333333,0.8419014588041668,0.9533477303447515
gate5b_id_ton_iot,corruption,feature_sign_flip_p_0.020,integrity_confusion_profile_jsd_delta,sensor_exact,120,109,0.9083333333333333,0.8419014588041668,0.9533477303447515
gate5b_id_ton_iot,corruption,feature_sign_flip_p_0.020,label_flip_rate,sensor_exact,120,0,0.0,0.0,0.03027297257742007
gate5b_id_ton_iot,corruption,feature_sign_flip_p_0.020,I_XF_item_aligned,regime_exact,120,111,0.925,0.8623989421096329,0.9651326093880379
gate5b_id_ton_iot,corruption,feature_sign_flip_p_0.020,I_XFY_item_aligned,regime_exact,120,111,0.925,0.8623989421096329,0.9651326093880379
gate5b_id_ton_iot,corruption,feature_sign_flip_p_0.050,integrity_jsd_vs_clean_eval,sensor,120,0,0.0,0.0,0.03027297257742007
gate5b_id_ton_iot,corruption,feature_sign_flip_p_0.050,integrity_mmd_vs_clean_eval,sensor,120,91,0.7583333333333333,0.6717076791269854,0.8317914398019388
gate5b_id_ton_iot,corruption,feature_sign_flip_p_0.050,integrity_ks_reject05_vs_clean_eval,sensor,120,0,0.0,0.0,0.03027297257742007
gate5b_id_ton_iot,corruption,feature_sign_flip_p_0.050,integrity_score_jsd_vs_clean_eval,sensor,120,33,0.275,0.19745512782639327,0.36398407359946383
gate5b_id_ton_iot,corruption,feature_sign_flip_p_0.050,integrity_pred_pos_rate_shift,sensor,120,30,0.25,0.17546461903005667,0.33726921629199613
gate5b_id_ton_iot,corruption,feature_sign_flip_p_0.050,integrity_pred_jsd,sensor,120,31,0.25833333333333336,0.18275853016965873,0.34620940471126116
gate5b_id_ton_iot,corruption,feature_sign_flip_p_0.050,integrity_label_prior_shift,sensor,120,0,0.0,0.0,0.03027297257742007
gate5b_id_ton_iot,corruption,feature_sign_flip_p_0.050,integrity_label_jsd,sensor,120,0,0.0,0.0,0.03027297257742007
gate5b_id_ton_iot,corruption,feature_sign_flip_p_0.050,integrity_confusion_profile_l1,sensor,120,27,0.225,0.15381546444741598,0.31022337756397383
gate5b_id_ton_iot,corruption,feature_sign_flip_p_0.050,integrity_confusion_profile_jsd,sensor,120,43,0.35833333333333334,0.27287848116839947,0.4509609638191137
gate5b_id_ton_iot,corruption,feature_sign_flip_p_0.050,I_X,regime,120,91,0.7583333333333333,0.6717076791269854,0.8317914398019388
gate5b_id_ton_iot,corruption,feature_sign_flip_p_0.050,I_XF,regime,120,93,0.775,0.6897766224360262,0.846184535552584
gate5b_id_ton_iot,corruption,feature_sign_flip_p_0.050,I_Ym,regime,120,0,0.0,0.0,0.03027297257742007
gate5b_id_ton_iot,corruption,feature_sign_flip_p_0.050,I_XFY,regime,120,93,0.775,0.6897766224360262,0.846184535552584
gate5b_id_ton_iot,corruption,feature_sign_flip_p_0.050,integrity_pred_disagreement,sensor_exact,120,114,0.95,0.8943461454812877,0.9814324132173309
gate5b_id_ton_iot,corruption,feature_sign_flip_p_0.050,integrity_confusion_profile_l1_delta,sensor_exact,120,114,0.95,0.8943461454812877,0.9814324132173309
gate5b_id_ton_iot,corruption,feature_sign_flip_p_0.050,integrity_confusion_profile_jsd_delta,sensor_exact,120,114,0.95,0.8943461454812877,0.9814324132173309
gate5b_id_ton_iot,corruption,feature_sign_flip_p_0.050,label_flip_rate,sensor_exact,120,0,0.0,0.0,0.03027297257742007
gate5b_id_ton_iot,corruption,feature_sign_flip_p_0.050,I_XF_item_aligned,regime_exact,120,114,0.95,0.8943461454812877,0.9814324132173309
gate5b_id_ton_iot,corruption,feature_sign_flip_p_0.050,I_XFY_item_aligned,regime_exact,120,114,0.95,0.8943461454812877,0.9814324132173309
gate5b_id_ton_iot,corruption,feature_sign_flip_p_0.100,integrity_jsd_vs_clean_eval,sensor,120,0,0.0,0.0,0.03027297257742007
gate5b_id_ton_iot,corruption,feature_sign_flip_p_0.100,integrity_mmd_vs_clean_eval,sensor,120,98,0.8166666666666667,0.7356934288317283,0.8813935784431962
gate5b_id_ton_iot,corruption,feature_sign_flip_p_0.100,integrity_ks_reject05_vs_clean_eval,sensor,120,0,0.0,0.0,0.03027297257742007
gate5b_id_ton_iot,corruption,feature_sign_flip_p_0.100,integrity_score_jsd_vs_clean_eval,sensor,120,104,0.8666666666666667,0.7925216366655644,0.9218271851338226
gate5b_id_ton_iot,corruption,feature_sign_flip_p_0.100,integrity_pred_pos_rate_shift,sensor,120,52,0.43333333333333335,0.3431694917061191,0.526866456765757
gate5b_id_ton_iot,corruption,feature_sign_flip_p_0.100,integrity_pred_jsd,sensor,120,50,0.4166666666666667,0.32736767000327854,0.5101784457977026
gate5b_id_ton_iot,corruption,feature_sign_flip_p_0.100,integrity_label_prior_shift,sensor,120,0,0.0,0.0,0.03027297257742007
gate5b_id_ton_iot,corruption,feature_sign_flip_p_0.100,integrity_label_jsd,sensor,120,0,0.0,0.0,0.03027297257742007
gate5b_id_ton_iot,corruption,feature_sign_flip_p_0.100,integrity_confusion_profile_l1,sensor,120,60,0.5,0.40736926744019714,0.5926307325598028
gate5b_id_ton_iot,corruption,feature_sign_flip_p_0.100,integrity_confusion_profile_jsd,sensor,120,72,0.6,0.5066106947209386,0.6883322062887021
gate5b_id_ton_iot,corruption,feature_sign_flip_p_0.100,I_X,regime,120,98,0.8166666666666667,0.7356934288317283,0.8813935784431962
gate5b_id_ton_iot,corruption,feature_sign_flip_p_0.100,I_XF,regime,120,116,0.9666666666666667,0.9168512785714898,0.9908444944431632
gate5b_id_ton_iot,corruption,feature_sign_flip_p_0.100,I_Ym,regime,120,0,0.0,0.0,0.03027297257742007
gate5b_id_ton_iot,corruption,feature_sign_flip_p_0.100,I_XFY,regime,120,116,0.9666666666666667,0.9168512785714898,0.9908444944431632
gate5b_id_ton_iot,corruption,feature_sign_flip_p_0.100,integrity_pred_disagreement,sensor_exact,120,118,0.9833333333333333,0.9410907805329731,0.9979751776623069
gate5b_id_ton_iot,corruption,feature_sign_flip_p_0.100,integrity_confusion_profile_l1_delta,sensor_exact,120,117,0.975,0.928676805843095,0.9948144250416786
gate5b_id_ton_iot,corruption,feature_sign_flip_p_0.100,integrity_confusion_profile_jsd_delta,sensor_exact,120,117,0.975,0.928676805843095,0.9948144250416786
gate5b_id_ton_iot,corruption,feature_sign_flip_p_0.100,label_flip_rate,sensor_exact,120,0,0.0,0.0,0.03027297257742007
gate5b_id_ton_iot,corruption,feature_sign_flip_p_0.100,I_XF_item_aligned,regime_exact,120,118,0.9833333333333333,0.9410907805329731,0.9979751776623069
gate5b_id_ton_iot,corruption,feature_sign_flip_p_0.100,I_XFY_item_aligned,regime_exact,120,118,0.9833333333333333,0.9410907805329731,0.9979751776623069
gate5b_id_ton_iot,covariate_shift,mean_shift_pf_delta_0.020,integrity_jsd_vs_clean_eval,sensor,120,119,0.9916666666666667,0.954444486766407,0.9997890405218783
gate5b_id_ton_iot,covariate_shift,mean_shift_pf_delta_0.020,integrity_mmd_vs_clean_eval,sensor,120,12,0.1,0.05274778639005988,0.16816521270266582
gate5b_id_ton_iot,covariate_shift,mean_shift_pf_delta_0.020,integrity_ks_reject05_vs_clean_eval,sensor,120,120,1.0,0.9697270274225799,1.0
gate5b_id_ton_iot,covariate_shift,mean_shift_pf_delta_0.020,integrity_score_jsd_vs_clean_eval,sensor,120,100,0.8333333333333334,0.7543999619226813,0.8951214980233373
gate5b_id_ton_iot,covariate_shift,mean_shift_pf_delta_0.020,integrity_pred_pos_rate_shift,sensor,120,8,0.06666666666666667,0.02921918431379642,0.1271367482392129
gate5b_id_ton_iot,covariate_shift,mean_shift_pf_delta_0.020,integrity_pred_jsd,sensor,120,8,0.06666666666666667,0.02921918431379642,0.1271367482392129
gate5b_id_ton_iot,covariate_shift,mean_shift_pf_delta_0.020,integrity_label_prior_shift,sensor,120,0,0.0,0.0,0.03027297257742007
gate5b_id_ton_iot,covariate_shift,mean_shift_pf_delta_0.020,integrity_label_jsd,sensor,120,0,0.0,0.0,0.03027297257742007
gate5b_id_ton_iot,covariate_shift,mean_shift_pf_delta_0.020,integrity_confusion_profile_l1,sensor,120,8,0.06666666666666667,0.02921918431379642,0.1271367482392129
gate5b_id_ton_iot,covariate_shift,mean_shift_pf_delta_0.020,integrity_confusion_profile_jsd,sensor,120,11,0.09166666666666666,0.046652269655248546,0.15809854119583325
gate5b_id_ton_iot,covariate_shift,mean_shift_pf_delta_0.020,I_X,regime,120,120,1.0,0.9697270274225799,1.0
gate5b_id_ton_iot,covariate_shift,mean_shift_pf_delta_0.020,I_XF,regime,120,120,1.0,0.9697270274225799,1.0
gate5b_id_ton_iot,covariate_shift,mean_shift_pf_delta_0.020,I_Ym,regime,120,0,0.0,0.0,0.03027297257742007
gate5b_id_ton_iot,covariate_shift,mean_shift_pf_delta_0.020,I_XFY,regime,120,120,1.0,0.9697270274225799,1.0
gate5b_id_ton_iot,covariate_shift,mean_shift_pf_delta_0.020,integrity_pred_disagreement,sensor_exact,120,63,0.525,0.43184737844251525,0.6168896717992582
gate5b_id_ton_iot,covariate_shift,mean_shift_pf_delta_0.020,integrity_confusion_profile_l1_delta,sensor_exact,120,62,0.5166666666666667,0.4236636548327075,0.6088277437806596
gate5b_id_ton_iot,covariate_shift,mean_shift_pf_delta_0.020,integrity_confusion_profile_jsd_delta,sensor_exact,120,62,0.5166666666666667,0.4236636548327075,0.6088277437806596
gate5b_id_ton_iot,covariate_shift,mean_shift_pf_delta_0.020,label_flip_rate,sensor_exact,120,0,0.0,0.0,0.03027297257742007
gate5b_id_ton_iot,covariate_shift,mean_shift_pf_delta_0.020,I_XF_item_aligned,regime_exact,120,63,0.525,0.43184737844251525,0.6168896717992582
gate5b_id_ton_iot,covariate_shift,mean_shift_pf_delta_0.020,I_XFY_item_aligned,regime_exact,120,63,0.525,0.43184737844251525,0.6168896717992582
gate5b_id_ton_iot,covariate_shift,mean_shift_pf_delta_0.050,integrity_jsd_vs_clean_eval,sensor,120,60,0.5,0.40736926744019714,0.5926307325598028
gate5b_id_ton_iot,covariate_shift,mean_shift_pf_delta_0.050,integrity_mmd_vs_clean_eval,sensor,120,71,0.5916666666666667,0.49820337837469425,0.6804951279342685
gate5b_id_ton_iot,covariate_shift,mean_shift_pf_delta_0.050,integrity_ks_reject05_vs_clean_eval,sensor,120,120,1.0,0.9697270274225799,1.0
gate5b_id_ton_iot,covariate_shift,mean_shift_pf_delta_0.050,integrity_score_jsd_vs_clean_eval,sensor,120,111,0.925,0.8623989421096329,0.9651326093880379
gate5b_id_ton_iot,covariate_shift,mean_shift_pf_delta_0.050,integrity_pred_pos_rate_shift,sensor,120,29,0.24166666666666667,0.1682085601980612,0.3282923208730147
gate5b_id_ton_iot,covariate_shift,mean_shift_pf_delta_0.050,integrity_pred_jsd,sensor,120,27,0.225,0.15381546444741598,0.31022337756397383
gate5b_id_ton_iot,covariate_shift,mean_shift_pf_delta_0.050,integrity_label_prior_shift,sensor,120,0,0.0,0.0,0.03027297257742007
gate5b_id_ton_iot,covariate_shift,mean_shift_pf_delta_0.050,integrity_label_jsd,sensor,120,0,0.0,0.0,0.03027297257742007
gate5b_id_ton_iot,covariate_shift,mean_shift_pf_delta_0.050,integrity_confusion_profile_l1,sensor,120,27,0.225,0.15381546444741598,0.31022337756397383
gate5b_id_ton_iot,covariate_shift,mean_shift_pf_delta_0.050,integrity_confusion_profile_jsd,sensor,120,28,0.23333333333333334,0.16099168809646283,0.31927748928006017
gate5b_id_ton_iot,covariate_shift,mean_shift_pf_delta_0.050,I_X,regime,120,120,1.0,0.9697270274225799,1.0
gate5b_id_ton_iot,covariate_shift,mean_shift_pf_delta_0.050,I_XF,regime,120,120,1.0,0.9697270274225799,1.0
gate5b_id_ton_iot,covariate_shift,mean_shift_pf_delta_0.050,I_Ym,regime,120,0,0.0,0.0,0.03027297257742007
gate5b_id_ton_iot,covariate_shift,mean_shift_pf_delta_0.050,I_XFY,regime,120,120,1.0,0.9697270274225799,1.0
gate5b_id_ton_iot,covariate_shift,mean_shift_pf_delta_0.050,integrity_pred_disagreement,sensor_exact,120,76,0.6333333333333333,0.5405001010775284,0.7194175923349626
gate5b_id_ton_iot,covariate_shift,mean_shift_pf_delta_0.050,integrity_confusion_profile_l1_delta,sensor_exact,120,76,0.6333333333333333,0.5405001010775284,0.7194175923349626
gate5b_id_ton_iot,covariate_shift,mean_shift_pf_delta_0.050,integrity_confusion_profile_jsd_delta,sensor_exact,120,76,0.6333333333333333,0.5405001010775284,0.7194175923349626
gate5b_id_ton_iot,covariate_shift,mean_shift_pf_delta_0.050,label_flip_rate,sensor_exact,120,0,0.0,0.0,0.03027297257742007
gate5b_id_ton_iot,covariate_shift,mean_shift_pf_delta_0.050,I_XF_item_aligned,regime_exact,120,76,0.6333333333333333,0.5405001010775284,0.7194175923349626
gate5b_id_ton_iot,covariate_shift,mean_shift_pf_delta_0.050,I_XFY_item_aligned,regime_exact,120,76,0.6333333333333333,0.5405001010775284,0.7194175923349626
gate5b_id_ton_iot,covariate_shift,mean_shift_pf_delta_0.100,integrity_jsd_vs_clean_eval,sensor,120,63,0.525,0.43184737844251525,0.6168896717992582
gate5b_id_ton_iot,covariate_shift,mean_shift_pf_delta_0.100,integrity_mmd_vs_clean_eval,sensor,120,96,0.8,0.71719010910206,0.8674524324552813
gate5b_id_ton_iot,covariate_shift,mean_shift_pf_delta_0.100,integrity_ks_reject05_vs_clean_eval,sensor,120,120,1.0,0.9697270274225799,1.0
gate5b_id_ton_iot,covariate_shift,mean_shift_pf_delta_0.100,integrity_score_jsd_vs_clean_eval,sensor,120,115,0.9583333333333334,0.9054412000240628,0.9863346158832105
gate5b_id_ton_iot,covariate_shift,mean_shift_pf_delta_0.100,integrity_pred_pos_rate_shift,sensor,120,38,0.31666666666666665,0.23478487047894078,0.4078469324799685
gate5b_id_ton_iot,covariate_shift,mean_shift_pf_delta_0.100,integrity_pred_jsd,sensor,120,38,0.31666666666666665,0.23478487047894078,0.4078469324799685
gate5b_id_ton_iot,covariate_shift,mean_shift_pf_delta_0.100,integrity_label_prior_shift,sensor,120,0,0.0,0.0,0.03027297257742007
gate5b_id_ton_iot,covariate_shift,mean_shift_pf_delta_0.100,integrity_label_jsd,sensor,120,0,0.0,0.0,0.03027297257742007
gate5b_id_ton_iot,covariate_shift,mean_shift_pf_delta_0.100,integrity_confusion_profile_l1,sensor,120,39,0.325,0.24234507006652448,0.41652724571927235
gate5b_id_ton_iot,covariate_shift,mean_shift_pf_delta_0.100,integrity_confusion_profile_jsd,sensor,120,40,0.3333333333333333,0.24993508930271452,0.42517828783635175
gate5b_id_ton_iot,covariate_shift,mean_shift_pf_delta_0.100,I_X,regime,120,120,1.0,0.9697270274225799,1.0
gate5b_id_ton_iot,covariate_shift,mean_shift_pf_delta_0.100,I_XF,regime,120,120,1.0,0.9697270274225799,1.0
gate5b_id_ton_iot,covariate_shift,mean_shift_pf_delta_0.100,I_Ym,regime,120,0,0.0,0.0,0.03027297257742007
gate5b_id_ton_iot,covariate_shift,mean_shift_pf_delta_0.100,I_XFY,regime,120,120,1.0,0.9697270274225799,1.0
gate5b_id_ton_iot,covariate_shift,mean_shift_pf_delta_0.100,integrity_pred_disagreement,sensor_exact,120,93,0.775,0.6897766224360262,0.846184535552584
gate5b_id_ton_iot,covariate_shift,mean_shift_pf_delta_0.100,integrity_confusion_profile_l1_delta,sensor_exact,120,93,0.775,0.6897766224360262,0.846184535552584
gate5b_id_ton_iot,covariate_shift,mean_shift_pf_delta_0.100,integrity_confusion_profile_jsd_delta,sensor_exact,120,93,0.775,0.6897766224360262,0.846184535552584
gate5b_id_ton_iot,covariate_shift,mean_shift_pf_delta_0.100,label_flip_rate,sensor_exact,120,0,0.0,0.0,0.03027297257742007
gate5b_id_ton_iot,covariate_shift,mean_shift_pf_delta_0.100,I_XF_item_aligned,regime_exact,120,93,0.775,0.6897766224360262,0.846184535552584
gate5b_id_ton_iot,covariate_shift,mean_shift_pf_delta_0.100,I_XFY_item_aligned,regime_exact,120,93,0.775,0.6897766224360262,0.846184535552584
gate5b_id_ton_iot,covariate_shift,scaling_drift_alpha_0.020,integrity_jsd_vs_clean_eval,sensor,120,99,0.825,0.7450199724342716,0.8882856569062534
gate5b_id_ton_iot,covariate_shift,scaling_drift_alpha_0.020,integrity_mmd_vs_clean_eval,sensor,120,72,0.6,0.5066106947209386,0.6883322062887021
gate5b_id_ton_iot,covariate_shift,scaling_drift_alpha_0.020,integrity_ks_reject05_vs_clean_eval,sensor,120,120,1.0,0.9697270274225799,1.0
gate5b_id_ton_iot,covariate_shift,scaling_drift_alpha_0.020,integrity_score_jsd_vs_clean_eval,sensor,120,94,0.7833333333333333,0.6988714869343307,0.853318505707898
gate5b_id_ton_iot,covariate_shift,scaling_drift_alpha_0.020,integrity_pred_pos_rate_shift,sensor,120,30,0.25,0.17546461903005667,0.33726921629199613
gate5b_id_ton_iot,covariate_shift,scaling_drift_alpha_0.020,integrity_pred_jsd,sensor,120,31,0.25833333333333336,0.18275853016965873,0.34620940471126116
gate5b_id_ton_iot,covariate_shift,scaling_drift_alpha_0.020,integrity_label_prior_shift,sensor,120,0,0.0,0.0,0.03027297257742007
gate5b_id_ton_iot,covariate_shift,scaling_drift_alpha_0.020,integrity_label_jsd,sensor,120,0,0.0,0.0,0.03027297257742007
gate5b_id_ton_iot,covariate_shift,scaling_drift_alpha_0.020,integrity_confusion_profile_l1,sensor,120,28,0.23333333333333334,0.16099168809646283,0.31927748928006017
gate5b_id_ton_iot,covariate_shift,scaling_drift_alpha_0.020,integrity_confusion_profile_jsd,sensor,120,31,0.25833333333333336,0.18275853016965873,0.34620940471126116
gate5b_id_ton_iot,covariate_shift,scaling_drift_alpha_0.020,I_X,regime,120,120,1.0,0.9697270274225799,1.0
gate5b_id_ton_iot,covariate_shift,scaling_drift_alpha_0.020,I_XF,regime,120,120,1.0,0.9697270274225799,1.0
gate5b_id_ton_iot,covariate_shift,scaling_drift_alpha_0.020,I_Ym,regime,120,0,0.0,0.0,0.03027297257742007
gate5b_id_ton_iot,covariate_shift,scaling_drift_alpha_0.020,I_XFY,regime,120,120,1.0,0.9697270274225799,1.0
gate5b_id_ton_iot,covariate_shift,scaling_drift_alpha_0.020,integrity_pred_disagreement,sensor_exact,120,77,0.6416666666666667,0.5490390361808863,0.7271215188316005
gate5b_id_ton_iot,covariate_shift,scaling_drift_alpha_0.020,integrity_confusion_profile_l1_delta,sensor_exact,120,75,0.625,0.5319881382860175,0.7116863294298656
gate5b_id_ton_iot,covariate_shift,scaling_drift_alpha_0.020,integrity_confusion_profile_jsd_delta,sensor_exact,120,75,0.625,0.5319881382860175,0.7116863294298656
gate5b_id_ton_iot,covariate_shift,scaling_drift_alpha_0.020,label_flip_rate,sensor_exact,120,0,0.0,0.0,0.03027297257742007
gate5b_id_ton_iot,covariate_shift,scaling_drift_alpha_0.020,I_XF_item_aligned,regime_exact,120,77,0.6416666666666667,0.5490390361808863,0.7271215188316005
gate5b_id_ton_iot,covariate_shift,scaling_drift_alpha_0.020,I_XFY_item_aligned,regime_exact,120,77,0.6416666666666667,0.5490390361808863,0.7271215188316005
gate5b_id_ton_iot,covariate_shift,scaling_drift_alpha_0.050,integrity_jsd_vs_clean_eval,sensor,120,102,0.85,0.7733328565873716,0.90861042747177
gate5b_id_ton_iot,covariate_shift,scaling_drift_alpha_0.050,integrity_mmd_vs_clean_eval,sensor,120,90,0.75,0.6627307837080039,0.8245353809699434
gate5b_id_ton_iot,covariate_shift,scaling_drift_alpha_0.050,integrity_ks_reject05_vs_clean_eval,sensor,120,120,1.0,0.9697270274225799,1.0
gate5b_id_ton_iot,covariate_shift,scaling_drift_alpha_0.050,integrity_score_jsd_vs_clean_eval,sensor,120,107,0.8916666666666667,0.8218725616110574,0.941041693770915
gate5b_id_ton_iot,covariate_shift,scaling_drift_alpha_0.050,integrity_pred_pos_rate_shift,sensor,120,59,0.49166666666666664,0.39925858253840957,0.5844957086346796
gate5b_id_ton_iot,covariate_shift,scaling_drift_alpha_0.050,integrity_pred_jsd,sensor,120,59,0.49166666666666664,0.39925858253840957,0.5844957086346796
gate5b_id_ton_iot,covariate_shift,scaling_drift_alpha_0.050,integrity_label_prior_shift,sensor,120,0,0.0,0.0,0.03027297257742007
gate5b_id_ton_iot,covariate_shift,scaling_drift_alpha_0.050,integrity_label_jsd,sensor,120,0,0.0,0.0,0.03027297257742007
gate5b_id_ton_iot,covariate_shift,scaling_drift_alpha_0.050,integrity_confusion_profile_l1,sensor,120,56,0.4666666666666667,0.3750728585224454,0.5599444970380982
gate5b_id_ton_iot,covariate_shift,scaling_drift_alpha_0.050,integrity_confusion_profile_jsd,sensor,120,56,0.4666666666666667,0.3750728585224454,0.5599444970380982
gate5b_id_ton_iot,covariate_shift,scaling_drift_alpha_0.050,I_X,regime,120,120,1.0,0.9697270274225799,1.0
gate5b_id_ton_iot,covariate_shift,scaling_drift_alpha_0.050,I_XF,regime,120,120,1.0,0.9697270274225799,1.0
gate5b_id_ton_iot,covariate_shift,scaling_drift_alpha_0.050,I_Ym,regime,120,0,0.0,0.0,0.03027297257742007
gate5b_id_ton_iot,covariate_shift,scaling_drift_alpha_0.050,I_XFY,regime,120,120,1.0,0.9697270274225799,1.0
gate5b_id_ton_iot,covariate_shift,scaling_drift_alpha_0.050,integrity_pred_disagreement,sensor_exact,120,90,0.75,0.6627307837080039,0.8245353809699434
gate5b_id_ton_iot,covariate_shift,scaling_drift_alpha_0.050,integrity_confusion_profile_l1_delta,sensor_exact,120,88,0.7333333333333333,0.6448859874929813,0.8099109272179073
gate5b_id_ton_iot,covariate_shift,scaling_drift_alpha_0.050,integrity_confusion_profile_jsd_delta,sensor_exact,120,88,0.7333333333333333,0.6448859874929813,0.8099109272179073
gate5b_id_ton_iot,covariate_shift,scaling_drift_alpha_0.050,label_flip_rate,sensor_exact,120,0,0.0,0.0,0.03027297257742007
gate5b_id_ton_iot,covariate_shift,scaling_drift_alpha_0.050,I_XF_item_aligned,regime_exact,120,90,0.75,0.6627307837080039,0.8245353809699434
gate5b_id_ton_iot,covariate_shift,scaling_drift_alpha_0.050,I_XFY_item_aligned,regime_exact,120,90,0.75,0.6627307837080039,0.8245353809699434
gate5b_id_ton_iot,covariate_shift,scaling_drift_alpha_0.100,integrity_jsd_vs_clean_eval,sensor,120,99,0.825,0.7450199724342716,0.8882856569062534
gate5b_id_ton_iot,covariate_shift,scaling_drift_alpha_0.100,integrity_mmd_vs_clean_eval,sensor,120,95,0.7916666666666666,0.708008721879434,0.8604084551915839
gate5b_id_ton_iot,covariate_shift,scaling_drift_alpha_0.100,integrity_ks_reject05_vs_clean_eval,sensor,120,120,1.0,0.9697270274225799,1.0
gate5b_id_ton_iot,covariate_shift,scaling_drift_alpha_0.100,integrity_score_jsd_vs_clean_eval,sensor,120,116,0.9666666666666667,0.9168512785714898,0.9908444944431632
gate5b_id_ton_iot,covariate_shift,scaling_drift_alpha_0.100,integrity_pred_pos_rate_shift,sensor,120,70,0.5833333333333334,0.4898215542022975,0.6726323299967214
gate5b_id_ton_iot,covariate_shift,scaling_drift_alpha_0.100,integrity_pred_jsd,sensor,120,76,0.6333333333333333,0.5405001010775284,0.7194175923349626
gate5b_id_ton_iot,covariate_shift,scaling_drift_alpha_0.100,integrity_label_prior_shift,sensor,120,0,0.0,0.0,0.03027297257742007
gate5b_id_ton_iot,covariate_shift,scaling_drift_alpha_0.100,integrity_label_jsd,sensor,120,0,0.0,0.0,0.03027297257742007
gate5b_id_ton_iot,covariate_shift,scaling_drift_alpha_0.100,integrity_confusion_profile_l1,sensor,120,73,0.6083333333333333,0.515043744157083,0.696143299446448
gate5b_id_ton_iot,covariate_shift,scaling_drift_alpha_0.100,integrity_confusion_profile_jsd,sensor,120,80,0.6666666666666666,0.5748217121636483,0.7500649106972854
gate5b_id_ton_iot,covariate_shift,scaling_drift_alpha_0.100,I_X,regime,120,120,1.0,0.9697270274225799,1.0
gate5b_id_ton_iot,covariate_shift,scaling_drift_alpha_0.100,I_XF,regime,120,120,1.0,0.9697270274225799,1.0
gate5b_id_ton_iot,covariate_shift,scaling_drift_alpha_0.100,I_Ym,regime,120,0,0.0,0.0,0.03027297257742007
gate5b_id_ton_iot,covariate_shift,scaling_drift_alpha_0.100,I_XFY,regime,120,120,1.0,0.9697270274225799,1.0
gate5b_id_ton_iot,covariate_shift,scaling_drift_alpha_0.100,integrity_pred_disagreement,sensor_exact,120,99,0.825,0.7450199724342716,0.8882856569062534
gate5b_id_ton_iot,covariate_shift,scaling_drift_alpha_0.100,integrity_confusion_profile_l1_delta,sensor_exact,120,97,0.8083333333333333,0.7264176172626802,0.8744482751435358
gate5b_id_ton_iot,covariate_shift,scaling_drift_alpha_0.100,integrity_confusion_profile_jsd_delta,sensor_exact,120,97,0.8083333333333333,0.7264176172626802,0.8744482751435358
gate5b_id_ton_iot,covariate_shift,scaling_drift_alpha_0.100,label_flip_rate,sensor_exact,120,0,0.0,0.0,0.03027297257742007
gate5b_id_ton_iot,covariate_shift,scaling_drift_alpha_0.100,I_XF_item_aligned,regime_exact,120,99,0.825,0.7450199724342716,0.8882856569062534
gate5b_id_ton_iot,covariate_shift,scaling_drift_alpha_0.100,I_XFY_item_aligned,regime_exact,120,99,0.825,0.7450199724342716,0.8882856569062534
gate5b_id_ton_iot,pipeline,feature_dropout_p_0.020,integrity_jsd_vs_clean_eval,sensor,120,0,0.0,0.0,0.03027297257742007
gate5b_id_ton_iot,pipeline,feature_dropout_p_0.020,integrity_mmd_vs_clean_eval,sensor,120,0,0.0,0.0,0.03027297257742007
gate5b_id_ton_iot,pipeline,feature_dropout_p_0.020,integrity_ks_reject05_vs_clean_eval,sensor,120,0,0.0,0.0,0.03027297257742007
gate5b_id_ton_iot,pipeline,feature_dropout_p_0.020,integrity_score_jsd_vs_clean_eval,sensor,120,0,0.0,0.0,0.03027297257742007
gate5b_id_ton_iot,pipeline,feature_dropout_p_0.020,integrity_pred_pos_rate_shift,sensor,120,0,0.0,0.0,0.03027297257742007
gate5b_id_ton_iot,pipeline,feature_dropout_p_0.020,integrity_pred_jsd,sensor,120,0,0.0,0.0,0.03027297257742007
gate5b_id_ton_iot,pipeline,feature_dropout_p_0.020,integrity_label_prior_shift,sensor,120,0,0.0,0.0,0.03027297257742007
gate5b_id_ton_iot,pipeline,feature_dropout_p_0.020,integrity_label_jsd,sensor,120,0,0.0,0.0,0.03027297257742007
gate5b_id_ton_iot,pipeline,feature_dropout_p_0.020,integrity_confusion_profile_l1,sensor,120,0,0.0,0.0,0.03027297257742007
gate5b_id_ton_iot,pipeline,feature_dropout_p_0.020,integrity_confusion_profile_jsd,sensor,120,0,0.0,0.0,0.03027297257742007
gate5b_id_ton_iot,pipeline,feature_dropout_p_0.020,I_X,regime,120,0,0.0,0.0,0.03027297257742007
gate5b_id_ton_iot,pipeline,feature_dropout_p_0.020,I_XF,regime,120,0,0.0,0.0,0.03027297257742007
gate5b_id_ton_iot,pipeline,feature_dropout_p_0.020,I_Ym,regime,120,0,0.0,0.0,0.03027297257742007
gate5b_id_ton_iot,pipeline,feature_dropout_p_0.020,I_XFY,regime,120,0,0.0,0.0,0.03027297257742007
gate5b_id_ton_iot,pipeline,feature_dropout_p_0.020,integrity_pred_disagreement,sensor_exact,120,65,0.5416666666666666,0.44828808949464605,0.6329400722046816
gate5b_id_ton_iot,pipeline,feature_dropout_p_0.020,integrity_confusion_profile_l1_delta,sensor_exact,120,64,0.5333333333333333,0.44005550296190177,0.6249271414775546
gate5b_id_ton_iot,pipeline,feature_dropout_p_0.020,integrity_confusion_profile_jsd_delta,sensor_exact,120,64,0.5333333333333333,0.44005550296190177,0.6249271414775546
gate5b_id_ton_iot,pipeline,feature_dropout_p_0.020,label_flip_rate,sensor_exact,120,0,0.0,0.0,0.03027297257742007
gate5b_id_ton_iot,pipeline,feature_dropout_p_0.020,I_XF_item_aligned,regime_exact,120,65,0.5416666666666666,0.44828808949464605,0.6329400722046816
gate5b_id_ton_iot,pipeline,feature_dropout_p_0.020,I_XFY_item_aligned,regime_exact,120,65,0.5416666666666666,0.44828808949464605,0.6329400722046816
gate5b_id_ton_iot,pipeline,feature_dropout_p_0.050,integrity_jsd_vs_clean_eval,sensor,120,0,0.0,0.0,0.03027297257742007
gate5b_id_ton_iot,pipeline,feature_dropout_p_0.050,integrity_mmd_vs_clean_eval,sensor,120,0,0.0,0.0,0.03027297257742007
gate5b_id_ton_iot,pipeline,feature_dropout_p_0.050,integrity_ks_reject05_vs_clean_eval,sensor,120,0,0.0,0.0,0.03027297257742007
gate5b_id_ton_iot,pipeline,feature_dropout_p_0.050,integrity_score_jsd_vs_clean_eval,sensor,120,0,0.0,0.0,0.03027297257742007
gate5b_id_ton_iot,pipeline,feature_dropout_p_0.050,integrity_pred_pos_rate_shift,sensor,120,0,0.0,0.0,0.03027297257742007
gate5b_id_ton_iot,pipeline,feature_dropout_p_0.050,integrity_pred_jsd,sensor,120,2,0.016666666666666666,0.002024822337693082,0.05890921946702684
gate5b_id_ton_iot,pipeline,feature_dropout_p_0.050,integrity_label_prior_shift,sensor,120,0,0.0,0.0,0.03027297257742007
gate5b_id_ton_iot,pipeline,feature_dropout_p_0.050,integrity_label_jsd,sensor,120,0,0.0,0.0,0.03027297257742007
gate5b_id_ton_iot,pipeline,feature_dropout_p_0.050,integrity_confusion_profile_l1,sensor,120,0,0.0,0.0,0.03027297257742007
gate5b_id_ton_iot,pipeline,feature_dropout_p_0.050,integrity_confusion_profile_jsd,sensor,120,0,0.0,0.0,0.03027297257742007
gate5b_id_ton_iot,pipeline,feature_dropout_p_0.050,I_X,regime,120,0,0.0,0.0,0.03027297257742007
gate5b_id_ton_iot,pipeline,feature_dropout_p_0.050,I_XF,regime,120,2,0.016666666666666666,0.002024822337693082,0.05890921946702684
gate5b_id_ton_iot,pipeline,feature_dropout_p_0.050,I_Ym,regime,120,0,0.0,0.0,0.03027297257742007
gate5b_id_ton_iot,pipeline,feature_dropout_p_0.050,I_XFY,regime,120,2,0.016666666666666666,0.002024822337693082,0.05890921946702684
gate5b_id_ton_iot,pipeline,feature_dropout_p_0.050,integrity_pred_disagreement,sensor_exact,120,103,0.8583333333333333,0.7828931017566235,0.9152552705054843
gate5b_id_ton_iot,pipeline,feature_dropout_p_0.050,integrity_confusion_profile_l1_delta,sensor_exact,120,100,0.8333333333333334,0.7543999619226813,0.8951214980233373
gate5b_id_ton_iot,pipeline,feature_dropout_p_0.050,integrity_confusion_profile_jsd_delta,sensor_exact,120,100,0.8333333333333334,0.7543999619226813,0.8951214980233373
gate5b_id_ton_iot,pipeline,feature_dropout_p_0.050,label_flip_rate,sensor_exact,120,0,0.0,0.0,0.03027297257742007
gate5b_id_ton_iot,pipeline,feature_dropout_p_0.050,I_XF_item_aligned,regime_exact,120,103,0.8583333333333333,0.7828931017566235,0.9152552705054843
gate5b_id_ton_iot,pipeline,feature_dropout_p_0.050,I_XFY_item_aligned,regime_exact,120,103,0.8583333333333333,0.7828931017566235,0.9152552705054843
gate5b_id_ton_iot,pipeline,feature_dropout_p_0.100,integrity_jsd_vs_clean_eval,sensor,120,0,0.0,0.0,0.03027297257742007
gate5b_id_ton_iot,pipeline,feature_dropout_p_0.100,integrity_mmd_vs_clean_eval,sensor,120,0,0.0,0.0,0.03027297257742007
gate5b_id_ton_iot,pipeline,feature_dropout_p_0.100,integrity_ks_reject05_vs_clean_eval,sensor,120,0,0.0,0.0,0.03027297257742007
gate5b_id_ton_iot,pipeline,feature_dropout_p_0.100,integrity_score_jsd_vs_clean_eval,sensor,120,7,0.058333333333333334,0.023772023790519094,0.1164983796456146
gate5b_id_ton_iot,pipeline,feature_dropout_p_0.100,integrity_pred_pos_rate_shift,sensor,120,6,0.05,0.018567586782669152,0.10565385451871234
gate5b_id_ton_iot,pipeline,feature_dropout_p_0.100,integrity_pred_jsd,sensor,120,7,0.058333333333333334,0.023772023790519094,0.1164983796456146
gate5b_id_ton_iot,pipeline,feature_dropout_p_0.100,integrity_label_prior_shift,sensor,120,0,0.0,0.0,0.03027297257742007
gate5b_id_ton_iot,pipeline,feature_dropout_p_0.100,integrity_label_jsd,sensor,120,0,0.0,0.0,0.03027297257742007
gate5b_id_ton_iot,pipeline,feature_dropout_p_0.100,integrity_confusion_profile_l1,sensor,120,2,0.016666666666666666,0.002024822337693082,0.05890921946702684
gate5b_id_ton_iot,pipeline,feature_dropout_p_0.100,integrity_confusion_profile_jsd,sensor,120,4,0.03333333333333333,0.009155505556836712,0.08314872142851011
gate5b_id_ton_iot,pipeline,feature_dropout_p_0.100,I_X,regime,120,0,0.0,0.0,0.03027297257742007
gate5b_id_ton_iot,pipeline,feature_dropout_p_0.100,I_XF,regime,120,9,0.075,0.034867390611962125,0.13760105789036717
gate5b_id_ton_iot,pipeline,feature_dropout_p_0.100,I_Ym,regime,120,0,0.0,0.0,0.03027297257742007
gate5b_id_ton_iot,pipeline,feature_dropout_p_0.100,I_XFY,regime,120,9,0.075,0.034867390611962125,0.13760105789036717
gate5b_id_ton_iot,pipeline,feature_dropout_p_0.100,integrity_pred_disagreement,sensor_exact,120,118,0.9833333333333333,0.9410907805329731,0.9979751776623069
gate5b_id_ton_iot,pipeline,feature_dropout_p_0.100,integrity_confusion_profile_l1_delta,sensor_exact,120,117,0.975,0.928676805843095,0.9948144250416786
gate5b_id_ton_iot,pipeline,feature_dropout_p_0.100,integrity_confusion_profile_jsd_delta,sensor_exact,120,117,0.975,0.928676805843095,0.9948144250416786
gate5b_id_ton_iot,pipeline,feature_dropout_p_0.100,label_flip_rate,sensor_exact,120,0,0.0,0.0,0.03027297257742007
gate5b_id_ton_iot,pipeline,feature_dropout_p_0.100,I_XF_item_aligned,regime_exact,120,118,0.9833333333333333,0.9410907805329731,0.9979751776623069
gate5b_id_ton_iot,pipeline,feature_dropout_p_0.100,I_XFY_item_aligned,regime_exact,120,118,0.9833333333333333,0.9410907805329731,0.9979751776623069
gate5b_id_ton_iot,target_shift,label_flip_prior_preserving_r_0.020,integrity_jsd_vs_clean_eval,sensor,120,0,0.0,0.0,0.03027297257742007
gate5b_id_ton_iot,target_shift,label_flip_prior_preserving_r_0.020,integrity_mmd_vs_clean_eval,sensor,120,0,0.0,0.0,0.03027297257742007
gate5b_id_ton_iot,target_shift,label_flip_prior_preserving_r_0.020,integrity_ks_reject05_vs_clean_eval,sensor,120,0,0.0,0.0,0.03027297257742007
gate5b_id_ton_iot,target_shift,label_flip_prior_preserving_r_0.020,integrity_score_jsd_vs_clean_eval,sensor,120,0,0.0,0.0,0.03027297257742007
gate5b_id_ton_iot,target_shift,label_flip_prior_preserving_r_0.020,integrity_pred_pos_rate_shift,sensor,120,0,0.0,0.0,0.03027297257742007
gate5b_id_ton_iot,target_shift,label_flip_prior_preserving_r_0.020,integrity_pred_jsd,sensor,120,0,0.0,0.0,0.03027297257742007
gate5b_id_ton_iot,target_shift,label_flip_prior_preserving_r_0.020,integrity_label_prior_shift,sensor,120,0,0.0,0.0,0.03027297257742007
gate5b_id_ton_iot,target_shift,label_flip_prior_preserving_r_0.020,integrity_label_jsd,sensor,120,0,0.0,0.0,0.03027297257742007
gate5b_id_ton_iot,target_shift,label_flip_prior_preserving_r_0.020,integrity_confusion_profile_l1,sensor,120,0,0.0,0.0,0.03027297257742007
gate5b_id_ton_iot,target_shift,label_flip_prior_preserving_r_0.020,integrity_confusion_profile_jsd,sensor,120,0,0.0,0.0,0.03027297257742007
gate5b_id_ton_iot,target_shift,label_flip_prior_preserving_r_0.020,I_X,regime,120,0,0.0,0.0,0.03027297257742007
gate5b_id_ton_iot,target_shift,label_flip_prior_preserving_r_0.020,I_XF,regime,120,0,0.0,0.0,0.03027297257742007
gate5b_id_ton_iot,target_shift,label_flip_prior_preserving_r_0.020,I_Ym,regime,120,0,0.0,0.0,0.03027297257742007
gate5b_id_ton_iot,target_shift,label_flip_prior_preserving_r_0.020,I_XFY,regime,120,0,0.0,0.0,0.03027297257742007
gate5b_id_ton_iot,target_shift,label_flip_prior_preserving_r_0.020,integrity_pred_disagreement,sensor_exact,120,0,0.0,0.0,0.03027297257742007
gate5b_id_ton_iot,target_shift,label_flip_prior_preserving_r_0.020,integrity_confusion_profile_l1_delta,sensor_exact,120,59,0.49166666666666664,0.39925858253840957,0.5844957086346796
gate5b_id_ton_iot,target_shift,label_flip_prior_preserving_r_0.020,integrity_confusion_profile_jsd_delta,sensor_exact,120,59,0.49166666666666664,0.39925858253840957,0.5844957086346796
gate5b_id_ton_iot,target_shift,label_flip_prior_preserving_r_0.020,label_flip_rate,sensor_exact,120,120,1.0,0.9697270274225799,1.0
gate5b_id_ton_iot,target_shift,label_flip_prior_preserving_r_0.020,I_XF_item_aligned,regime_exact,120,0,0.0,0.0,0.03027297257742007
gate5b_id_ton_iot,target_shift,label_flip_prior_preserving_r_0.020,I_XFY_item_aligned,regime_exact,120,120,1.0,0.9697270274225799,1.0
gate5b_id_ton_iot,target_shift,label_flip_prior_preserving_r_0.050,integrity_jsd_vs_clean_eval,sensor,120,0,0.0,0.0,0.03027297257742007
gate5b_id_ton_iot,target_shift,label_flip_prior_preserving_r_0.050,integrity_mmd_vs_clean_eval,sensor,120,0,0.0,0.0,0.03027297257742007
gate5b_id_ton_iot,target_shift,label_flip_prior_preserving_r_0.050,integrity_ks_reject05_vs_clean_eval,sensor,120,0,0.0,0.0,0.03027297257742007
gate5b_id_ton_iot,target_shift,label_flip_prior_preserving_r_0.050,integrity_score_jsd_vs_clean_eval,sensor,120,0,0.0,0.0,0.03027297257742007
gate5b_id_ton_iot,target_shift,label_flip_prior_preserving_r_0.050,integrity_pred_pos_rate_shift,sensor,120,0,0.0,0.0,0.03027297257742007
gate5b_id_ton_iot,target_shift,label_flip_prior_preserving_r_0.050,integrity_pred_jsd,sensor,120,0,0.0,0.0,0.03027297257742007
gate5b_id_ton_iot,target_shift,label_flip_prior_preserving_r_0.050,integrity_label_prior_shift,sensor,120,0,0.0,0.0,0.03027297257742007
gate5b_id_ton_iot,target_shift,label_flip_prior_preserving_r_0.050,integrity_label_jsd,sensor,120,0,0.0,0.0,0.03027297257742007
gate5b_id_ton_iot,target_shift,label_flip_prior_preserving_r_0.050,integrity_confusion_profile_l1,sensor,120,0,0.0,0.0,0.03027297257742007
gate5b_id_ton_iot,target_shift,label_flip_prior_preserving_r_0.050,integrity_confusion_profile_jsd,sensor,120,0,0.0,0.0,0.03027297257742007
gate5b_id_ton_iot,target_shift,label_flip_prior_preserving_r_0.050,I_X,regime,120,0,0.0,0.0,0.03027297257742007
gate5b_id_ton_iot,target_shift,label_flip_prior_preserving_r_0.050,I_XF,regime,120,0,0.0,0.0,0.03027297257742007
gate5b_id_ton_iot,target_shift,label_flip_prior_preserving_r_0.050,I_Ym,regime,120,0,0.0,0.0,0.03027297257742007
gate5b_id_ton_iot,target_shift,label_flip_prior_preserving_r_0.050,I_XFY,regime,120,0,0.0,0.0,0.03027297257742007
gate5b_id_ton_iot,target_shift,label_flip_prior_preserving_r_0.050,integrity_pred_disagreement,sensor_exact,120,0,0.0,0.0,0.03027297257742007
gate5b_id_ton_iot,target_shift,label_flip_prior_preserving_r_0.050,integrity_confusion_profile_l1_delta,sensor_exact,120,95,0.7916666666666666,0.708008721879434,0.8604084551915839
gate5b_id_ton_iot,target_shift,label_flip_prior_preserving_r_0.050,integrity_confusion_profile_jsd_delta,sensor_exact,120,95,0.7916666666666666,0.708008721879434,0.8604084551915839
gate5b_id_ton_iot,target_shift,label_flip_prior_preserving_r_0.050,label_flip_rate,sensor_exact,120,120,1.0,0.9697270274225799,1.0
gate5b_id_ton_iot,target_shift,label_flip_prior_preserving_r_0.050,I_XF_item_aligned,regime_exact,120,0,0.0,0.0,0.03027297257742007
gate5b_id_ton_iot,target_shift,label_flip_prior_preserving_r_0.050,I_XFY_item_aligned,regime_exact,120,120,1.0,0.9697270274225799,1.0
gate5b_id_ton_iot,target_shift,label_flip_prior_preserving_r_0.100,integrity_jsd_vs_clean_eval,sensor,120,0,0.0,0.0,0.03027297257742007
gate5b_id_ton_iot,target_shift,label_flip_prior_preserving_r_0.100,integrity_mmd_vs_clean_eval,sensor,120,0,0.0,0.0,0.03027297257742007
gate5b_id_ton_iot,target_shift,label_flip_prior_preserving_r_0.100,integrity_ks_reject05_vs_clean_eval,sensor,120,0,0.0,0.0,0.03027297257742007
gate5b_id_ton_iot,target_shift,label_flip_prior_preserving_r_0.100,integrity_score_jsd_vs_clean_eval,sensor,120,0,0.0,0.0,0.03027297257742007
gate5b_id_ton_iot,target_shift,label_flip_prior_preserving_r_0.100,integrity_pred_pos_rate_shift,sensor,120,0,0.0,0.0,0.03027297257742007
gate5b_id_ton_iot,target_shift,label_flip_prior_preserving_r_0.100,integrity_pred_jsd,sensor,120,0,0.0,0.0,0.03027297257742007
gate5b_id_ton_iot,target_shift,label_flip_prior_preserving_r_0.100,integrity_label_prior_shift,sensor,120,0,0.0,0.0,0.03027297257742007
gate5b_id_ton_iot,target_shift,label_flip_prior_preserving_r_0.100,integrity_label_jsd,sensor,120,0,0.0,0.0,0.03027297257742007
gate5b_id_ton_iot,target_shift,label_flip_prior_preserving_r_0.100,integrity_confusion_profile_l1,sensor,120,0,0.0,0.0,0.03027297257742007
gate5b_id_ton_iot,target_shift,label_flip_prior_preserving_r_0.100,integrity_confusion_profile_jsd,sensor,120,9,0.075,0.034867390611962125,0.13760105789036717
gate5b_id_ton_iot,target_shift,label_flip_prior_preserving_r_0.100,I_X,regime,120,0,0.0,0.0,0.03027297257742007
gate5b_id_ton_iot,target_shift,label_flip_prior_preserving_r_0.100,I_XF,regime,120,0,0.0,0.0,0.03027297257742007
gate5b_id_ton_iot,target_shift,label_flip_prior_preserving_r_0.100,I_Ym,regime,120,0,0.0,0.0,0.03027297257742007
gate5b_id_ton_iot,target_shift,label_flip_prior_preserving_r_0.100,I_XFY,regime,120,9,0.075,0.034867390611962125,0.13760105789036717
gate5b_id_ton_iot,target_shift,label_flip_prior_preserving_r_0.100,integrity_pred_disagreement,sensor_exact,120,0,0.0,0.0,0.03027297257742007
gate5b_id_ton_iot,target_shift,label_flip_prior_preserving_r_0.100,integrity_confusion_profile_l1_delta,sensor_exact,120,109,0.9083333333333333,0.8419014588041668,0.9533477303447515
gate5b_id_ton_iot,target_shift,label_flip_prior_preserving_r_0.100,integrity_confusion_profile_jsd_delta,sensor_exact,120,109,0.9083333333333333,0.8419014588041668,0.9533477303447515
gate5b_id_ton_iot,target_shift,label_flip_prior_preserving_r_0.100,label_flip_rate,sensor_exact,120,120,1.0,0.9697270274225799,1.0
gate5b_id_ton_iot,target_shift,label_flip_prior_preserving_r_0.100,I_XF_item_aligned,regime_exact,120,0,0.0,0.0,0.03027297257742007
gate5b_id_ton_iot,target_shift,label_flip_prior_preserving_r_0.100,I_XFY_item_aligned,regime_exact,120,120,1.0,0.9697270274225799,1.0
gate5b_id_ton_iot,target_shift,label_flip_r_0.020,integrity_jsd_vs_clean_eval,sensor,120,0,0.0,0.0,0.03027297257742007
gate5b_id_ton_iot,target_shift,label_flip_r_0.020,integrity_mmd_vs_clean_eval,sensor,120,0,0.0,0.0,0.03027297257742007
gate5b_id_ton_iot,target_shift,label_flip_r_0.020,integrity_ks_reject05_vs_clean_eval,sensor,120,0,0.0,0.0,0.03027297257742007
gate5b_id_ton_iot,target_shift,label_flip_r_0.020,integrity_score_jsd_vs_clean_eval,sensor,120,0,0.0,0.0,0.03027297257742007
gate5b_id_ton_iot,target_shift,label_flip_r_0.020,integrity_pred_pos_rate_shift,sensor,120,0,0.0,0.0,0.03027297257742007
gate5b_id_ton_iot,target_shift,label_flip_r_0.020,integrity_pred_jsd,sensor,120,0,0.0,0.0,0.03027297257742007
gate5b_id_ton_iot,target_shift,label_flip_r_0.020,integrity_label_prior_shift,sensor,120,0,0.0,0.0,0.03027297257742007
gate5b_id_ton_iot,target_shift,label_flip_r_0.020,integrity_label_jsd,sensor,120,0,0.0,0.0,0.03027297257742007
gate5b_id_ton_iot,target_shift,label_flip_r_0.020,integrity_confusion_profile_l1,sensor,120,0,0.0,0.0,0.03027297257742007
gate5b_id_ton_iot,target_shift,label_flip_r_0.020,integrity_confusion_profile_jsd,sensor,120,0,0.0,0.0,0.03027297257742007
gate5b_id_ton_iot,target_shift,label_flip_r_0.020,I_X,regime,120,0,0.0,0.0,0.03027297257742007
gate5b_id_ton_iot,target_shift,label_flip_r_0.020,I_XF,regime,120,0,0.0,0.0,0.03027297257742007
gate5b_id_ton_iot,target_shift,label_flip_r_0.020,I_Ym,regime,120,0,0.0,0.0,0.03027297257742007
gate5b_id_ton_iot,target_shift,label_flip_r_0.020,I_XFY,regime,120,0,0.0,0.0,0.03027297257742007
gate5b_id_ton_iot,target_shift,label_flip_r_0.020,integrity_pred_disagreement,sensor_exact,120,0,0.0,0.0,0.03027297257742007
gate5b_id_ton_iot,target_shift,label_flip_r_0.020,integrity_confusion_profile_l1_delta,sensor_exact,120,115,0.9583333333333334,0.9054412000240628,0.9863346158832105
gate5b_id_ton_iot,target_shift,label_flip_r_0.020,integrity_confusion_profile_jsd_delta,sensor_exact,120,115,0.9583333333333334,0.9054412000240628,0.9863346158832105
gate5b_id_ton_iot,target_shift,label_flip_r_0.020,label_flip_rate,sensor_exact,120,120,1.0,0.9697270274225799,1.0
gate5b_id_ton_iot,target_shift,label_flip_r_0.020,I_XF_item_aligned,regime_exact,120,0,0.0,0.0,0.03027297257742007
gate5b_id_ton_iot,target_shift,label_flip_r_0.020,I_XFY_item_aligned,regime_exact,120,120,1.0,0.9697270274225799,1.0
gate5b_id_ton_iot,target_shift,label_flip_r_0.050,integrity_jsd_vs_clean_eval,sensor,120,0,0.0,0.0,0.03027297257742007
gate5b_id_ton_iot,target_shift,label_flip_r_0.050,integrity_mmd_vs_clean_eval,sensor,120,0,0.0,0.0,0.03027297257742007
gate5b_id_ton_iot,target_shift,label_flip_r_0.050,integrity_ks_reject05_vs_clean_eval,sensor,120,0,0.0,0.0,0.03027297257742007
gate5b_id_ton_iot,target_shift,label_flip_r_0.050,integrity_score_jsd_vs_clean_eval,sensor,120,0,0.0,0.0,0.03027297257742007
gate5b_id_ton_iot,target_shift,label_flip_r_0.050,integrity_pred_pos_rate_shift,sensor,120,0,0.0,0.0,0.03027297257742007
gate5b_id_ton_iot,target_shift,label_flip_r_0.050,integrity_pred_jsd,sensor,120,0,0.0,0.0,0.03027297257742007
gate5b_id_ton_iot,target_shift,label_flip_r_0.050,integrity_label_prior_shift,sensor,120,0,0.0,0.0,0.03027297257742007
gate5b_id_ton_iot,target_shift,label_flip_r_0.050,integrity_label_jsd,sensor,120,0,0.0,0.0,0.03027297257742007
gate5b_id_ton_iot,target_shift,label_flip_r_0.050,integrity_confusion_profile_l1,sensor,120,0,0.0,0.0,0.03027297257742007
gate5b_id_ton_iot,target_shift,label_flip_r_0.050,integrity_confusion_profile_jsd,sensor,120,2,0.016666666666666666,0.002024822337693082,0.05890921946702684
gate5b_id_ton_iot,target_shift,label_flip_r_0.050,I_X,regime,120,0,0.0,0.0,0.03027297257742007
gate5b_id_ton_iot,target_shift,label_flip_r_0.050,I_XF,regime,120,0,0.0,0.0,0.03027297257742007
gate5b_id_ton_iot,target_shift,label_flip_r_0.050,I_Ym,regime,120,0,0.0,0.0,0.03027297257742007
gate5b_id_ton_iot,target_shift,label_flip_r_0.050,I_XFY,regime,120,2,0.016666666666666666,0.002024822337693082,0.05890921946702684
gate5b_id_ton_iot,target_shift,label_flip_r_0.050,integrity_pred_disagreement,sensor_exact,120,0,0.0,0.0,0.03027297257742007
gate5b_id_ton_iot,target_shift,label_flip_r_0.050,integrity_confusion_profile_l1_delta,sensor_exact,120,113,0.9416666666666667,0.8835016203543854,0.9762279762094809
gate5b_id_ton_iot,target_shift,label_flip_r_0.050,integrity_confusion_profile_jsd_delta,sensor_exact,120,113,0.9416666666666667,0.8835016203543854,0.9762279762094809
gate5b_id_ton_iot,target_shift,label_flip_r_0.050,label_flip_rate,sensor_exact,120,120,1.0,0.9697270274225799,1.0
gate5b_id_ton_iot,target_shift,label_flip_r_0.050,I_XF_item_aligned,regime_exact,120,0,0.0,0.0,0.03027297257742007
gate5b_id_ton_iot,target_shift,label_flip_r_0.050,I_XFY_item_aligned,regime_exact,120,120,1.0,0.9697270274225799,1.0
gate5b_id_ton_iot,target_shift,label_flip_r_0.100,integrity_jsd_vs_clean_eval,sensor,120,0,0.0,0.0,0.03027297257742007
gate5b_id_ton_iot,target_shift,label_flip_r_0.100,integrity_mmd_vs_clean_eval,sensor,120,0,0.0,0.0,0.03027297257742007
gate5b_id_ton_iot,target_shift,label_flip_r_0.100,integrity_ks_reject05_vs_clean_eval,sensor,120,0,0.0,0.0,0.03027297257742007
gate5b_id_ton_iot,target_shift,label_flip_r_0.100,integrity_score_jsd_vs_clean_eval,sensor,120,0,0.0,0.0,0.03027297257742007
gate5b_id_ton_iot,target_shift,label_flip_r_0.100,integrity_pred_pos_rate_shift,sensor,120,0,0.0,0.0,0.03027297257742007
gate5b_id_ton_iot,target_shift,label_flip_r_0.100,integrity_pred_jsd,sensor,120,0,0.0,0.0,0.03027297257742007
gate5b_id_ton_iot,target_shift,label_flip_r_0.100,integrity_label_prior_shift,sensor,120,0,0.0,0.0,0.03027297257742007
gate5b_id_ton_iot,target_shift,label_flip_r_0.100,integrity_label_jsd,sensor,120,0,0.0,0.0,0.03027297257742007
gate5b_id_ton_iot,target_shift,label_flip_r_0.100,integrity_confusion_profile_l1,sensor,120,2,0.016666666666666666,0.002024822337693082,0.05890921946702684
gate5b_id_ton_iot,target_shift,label_flip_r_0.100,integrity_confusion_profile_jsd,sensor,120,8,0.06666666666666667,0.02921918431379642,0.1271367482392129
gate5b_id_ton_iot,target_shift,label_flip_r_0.100,I_X,regime,120,0,0.0,0.0,0.03027297257742007
gate5b_id_ton_iot,target_shift,label_flip_r_0.100,I_XF,regime,120,0,0.0,0.0,0.03027297257742007
gate5b_id_ton_iot,target_shift,label_flip_r_0.100,I_Ym,regime,120,0,0.0,0.0,0.03027297257742007
gate5b_id_ton_iot,target_shift,label_flip_r_0.100,I_XFY,regime,120,8,0.06666666666666667,0.02921918431379642,0.1271367482392129
gate5b_id_ton_iot,target_shift,label_flip_r_0.100,integrity_pred_disagreement,sensor_exact,120,0,0.0,0.0,0.03027297257742007
gate5b_id_ton_iot,target_shift,label_flip_r_0.100,integrity_confusion_profile_l1_delta,sensor_exact,120,120,1.0,0.9697270274225799,1.0
gate5b_id_ton_iot,target_shift,label_flip_r_0.100,integrity_confusion_profile_jsd_delta,sensor_exact,120,120,1.0,0.9697270274225799,1.0
gate5b_id_ton_iot,target_shift,label_flip_r_0.100,label_flip_rate,sensor_exact,120,120,1.0,0.9697270274225799,1.0
gate5b_id_ton_iot,target_shift,label_flip_r_0.100,I_XF_item_aligned,regime_exact,120,0,0.0,0.0,0.03027297257742007
gate5b_id_ton_iot,target_shift,label_flip_r_0.100,I_XFY_item_aligned,regime_exact,120,120,1.0,0.9697270274225799,1.0
gate6_ood_unsw,corruption,feature_sign_flip_p_0.020,integrity_jsd_vs_clean_eval,sensor,60,0,0.0,0.0,0.059629492286166916
gate6_ood_unsw,corruption,feature_sign_flip_p_0.020,integrity_mmd_vs_clean_eval,sensor,60,0,0.0,0.0,0.059629492286166916
gate6_ood_unsw,corruption,feature_sign_flip_p_0.020,integrity_ks_reject05_vs_clean_eval,sensor,60,0,0.0,0.0,0.059629492286166916
gate6_ood_unsw,corruption,feature_sign_flip_p_0.020,integrity_score_jsd_vs_clean_eval,sensor,60,0,0.0,0.0,0.059629492286166916
gate6_ood_unsw,corruption,feature_sign_flip_p_0.020,integrity_pred_pos_rate_shift,sensor,60,0,0.0,0.0,0.059629492286166916
gate6_ood_unsw,corruption,feature_sign_flip_p_0.020,integrity_pred_jsd,sensor,60,0,0.0,0.0,0.059629492286166916
gate6_ood_unsw,corruption,feature_sign_flip_p_0.020,integrity_label_prior_shift,sensor,60,0,0.0,0.0,0.059629492286166916
gate6_ood_unsw,corruption,feature_sign_flip_p_0.020,integrity_label_jsd,sensor,60,0,0.0,0.0,0.059629492286166916
gate6_ood_unsw,corruption,feature_sign_flip_p_0.020,integrity_confusion_profile_l1,sensor,60,0,0.0,0.0,0.059629492286166916
gate6_ood_unsw,corruption,feature_sign_flip_p_0.020,integrity_confusion_profile_jsd,sensor,60,0,0.0,0.0,0.059629492286166916
gate6_ood_unsw,corruption,feature_sign_flip_p_0.020,I_X,regime,60,0,0.0,0.0,0.059629492286166916
gate6_ood_unsw,corruption,feature_sign_flip_p_0.020,I_XF,regime,60,0,0.0,0.0,0.059629492286166916
gate6_ood_unsw,corruption,feature_sign_flip_p_0.020,I_Ym,regime,60,0,0.0,0.0,0.059629492286166916
gate6_ood_unsw,corruption,feature_sign_flip_p_0.020,I_XFY,regime,60,0,0.0,0.0,0.059629492286166916
gate6_ood_unsw,corruption,feature_sign_flip_p_0.020,integrity_pred_disagreement,sensor_exact,60,58,0.9666666666666667,0.8847189555807483,0.9959373753579065
gate6_ood_unsw,corruption,feature_sign_flip_p_0.020,integrity_confusion_profile_l1_delta,sensor_exact,60,58,0.9666666666666667,0.8847189555807483,0.9959373753579065
gate6_ood_unsw,corruption,feature_sign_flip_p_0.020,integrity_confusion_profile_jsd_delta,sensor_exact,60,58,0.9666666666666667,0.8847189555807483,0.9959373753579065
gate6_ood_unsw,corruption,feature_sign_flip_p_0.020,label_flip_rate,sensor_exact,60,0,0.0,0.0,0.059629492286166916
gate6_ood_unsw,corruption,feature_sign_flip_p_0.020,I_XF_item_aligned,regime_exact,60,58,0.9666666666666667,0.8847189555807483,0.9959373753579065
gate6_ood_unsw,corruption,feature_sign_flip_p_0.020,I_XFY_item_aligned,regime_exact,60,58,0.9666666666666667,0.8847189555807483,0.9959373753579065
gate6_ood_unsw,corruption,feature_sign_flip_p_0.050,integrity_jsd_vs_clean_eval,sensor,60,0,0.0,0.0,0.059629492286166916
gate6_ood_unsw,corruption,feature_sign_flip_p_0.050,integrity_mmd_vs_clean_eval,sensor,60,22,0.36666666666666664,0.24594061043728702,0.5010307176437072
gate6_ood_unsw,corruption,feature_sign_flip_p_0.050,integrity_ks_reject05_vs_clean_eval,sensor,60,0,0.0,0.0,0.059629492286166916
gate6_ood_unsw,corruption,feature_sign_flip_p_0.050,integrity_score_jsd_vs_clean_eval,sensor,60,0,0.0,0.0,0.059629492286166916
gate6_ood_unsw,corruption,feature_sign_flip_p_0.050,integrity_pred_pos_rate_shift,sensor,60,22,0.36666666666666664,0.24594061043728702,0.5010307176437072
gate6_ood_unsw,corruption,feature_sign_flip_p_0.050,integrity_pred_jsd,sensor,60,25,0.4166666666666667,0.2906806664704227,0.5511622022459879
gate6_ood_unsw,corruption,feature_sign_flip_p_0.050,integrity_label_prior_shift,sensor,60,0,0.0,0.0,0.059629492286166916
gate6_ood_unsw,corruption,feature_sign_flip_p_0.050,integrity_label_jsd,sensor,60,0,0.0,0.0,0.059629492286166916
gate6_ood_unsw,corruption,feature_sign_flip_p_0.050,integrity_confusion_profile_l1,sensor,60,14,0.23333333333333334,0.13383734388884805,0.3603827871057576
gate6_ood_unsw,corruption,feature_sign_flip_p_0.050,integrity_confusion_profile_jsd,sensor,60,13,0.21666666666666667,0.12071602446269679,0.3419561787346524
gate6_ood_unsw,corruption,feature_sign_flip_p_0.050,I_X,regime,60,22,0.36666666666666664,0.24594061043728702,0.5010307176437072
gate6_ood_unsw,corruption,feature_sign_flip_p_0.050,I_XF,regime,60,28,0.4666666666666667,0.33669913625045234,0.6000350974156975
gate6_ood_unsw,corruption,feature_sign_flip_p_0.050,I_Ym,regime,60,0,0.0,0.0,0.059629492286166916
gate6_ood_unsw,corruption,feature_sign_flip_p_0.050,I_XFY,regime,60,28,0.4666666666666667,0.33669913625045234,0.6000350974156975
gate6_ood_unsw,corruption,feature_sign_flip_p_0.050,integrity_pred_disagreement,sensor_exact,60,60,1.0,0.9403705077138331,1.0
gate6_ood_unsw,corruption,feature_sign_flip_p_0.050,integrity_confusion_profile_l1_delta,sensor_exact,60,60,1.0,0.9403705077138331,1.0
gate6_ood_unsw,corruption,feature_sign_flip_p_0.050,integrity_confusion_profile_jsd_delta,sensor_exact,60,60,1.0,0.9403705077138331,1.0
gate6_ood_unsw,corruption,feature_sign_flip_p_0.050,label_flip_rate,sensor_exact,60,0,0.0,0.0,0.059629492286166916
gate6_ood_unsw,corruption,feature_sign_flip_p_0.050,I_XF_item_aligned,regime_exact,60,60,1.0,0.9403705077138331,1.0
gate6_ood_unsw,corruption,feature_sign_flip_p_0.050,I_XFY_item_aligned,regime_exact,60,60,1.0,0.9403705077138331,1.0
gate6_ood_unsw,corruption,feature_sign_flip_p_0.100,integrity_jsd_vs_clean_eval,sensor,60,0,0.0,0.0,0.059629492286166916
gate6_ood_unsw,corruption,feature_sign_flip_p_0.100,integrity_mmd_vs_clean_eval,sensor,60,30,0.5,0.368062031942437,0.631937968057563
gate6_ood_unsw,corruption,feature_sign_flip_p_0.100,integrity_ks_reject05_vs_clean_eval,sensor,60,0,0.0,0.0,0.059629492286166916
gate6_ood_unsw,corruption,feature_sign_flip_p_0.100,integrity_score_jsd_vs_clean_eval,sensor,60,18,0.3,0.18845144541972264,0.43208313387606156
gate6_ood_unsw,corruption,feature_sign_flip_p_0.100,integrity_pred_pos_rate_shift,sensor,60,30,0.5,0.368062031942437,0.631937968057563
gate6_ood_unsw,corruption,feature_sign_flip_p_0.100,integrity_pred_jsd,sensor,60,30,0.5,0.368062031942437,0.631937968057563
gate6_ood_unsw,corruption,feature_sign_flip_p_0.100,integrity_label_prior_shift,sensor,60,0,0.0,0.0,0.059629492286166916
gate6_ood_unsw,corruption,feature_sign_flip_p_0.100,integrity_label_jsd,sensor,60,0,0.0,0.0,0.059629492286166916
gate6_ood_unsw,corruption,feature_sign_flip_p_0.100,integrity_confusion_profile_l1,sensor,60,30,0.5,0.368062031942437,0.631937968057563
gate6_ood_unsw,corruption,feature_sign_flip_p_0.100,integrity_confusion_profile_jsd,sensor,60,30,0.5,0.368062031942437,0.631937968057563
gate6_ood_unsw,corruption,feature_sign_flip_p_0.100,I_X,regime,60,30,0.5,0.368062031942437,0.631937968057563
gate6_ood_unsw,corruption,feature_sign_flip_p_0.100,I_XF,regime,60,30,0.5,0.368062031942437,0.631937968057563
gate6_ood_unsw,corruption,feature_sign_flip_p_0.100,I_Ym,regime,60,0,0.0,0.0,0.059629492286166916
gate6_ood_unsw,corruption,feature_sign_flip_p_0.100,I_XFY,regime,60,30,0.5,0.368062031942437,0.631937968057563
gate6_ood_unsw,corruption,feature_sign_flip_p_0.100,integrity_pred_disagreement,sensor_exact,60,60,1.0,0.9403705077138331,1.0
gate6_ood_unsw,corruption,feature_sign_flip_p_0.100,integrity_confusion_profile_l1_delta,sensor_exact,60,60,1.0,0.9403705077138331,1.0
gate6_ood_unsw,corruption,feature_sign_flip_p_0.100,integrity_confusion_profile_jsd_delta,sensor_exact,60,60,1.0,0.9403705077138331,1.0
gate6_ood_unsw,corruption,feature_sign_flip_p_0.100,label_flip_rate,sensor_exact,60,0,0.0,0.0,0.059629492286166916
gate6_ood_unsw,corruption,feature_sign_flip_p_0.100,I_XF_item_aligned,regime_exact,60,60,1.0,0.9403705077138331,1.0
gate6_ood_unsw,corruption,feature_sign_flip_p_0.100,I_XFY_item_aligned,regime_exact,60,60,1.0,0.9403705077138331,1.0
gate6_ood_unsw,covariate_shift,mean_shift_pf_delta_0.020,integrity_jsd_vs_clean_eval,sensor,60,23,0.38333333333333336,0.26070705801599925,0.5178850485688385
gate6_ood_unsw,covariate_shift,mean_shift_pf_delta_0.020,integrity_mmd_vs_clean_eval,sensor,60,0,0.0,0.0,0.059629492286166916
gate6_ood_unsw,covariate_shift,mean_shift_pf_delta_0.020,integrity_ks_reject05_vs_clean_eval,sensor,60,60,1.0,0.9403705077138331,1.0
gate6_ood_unsw,covariate_shift,mean_shift_pf_delta_0.020,integrity_score_jsd_vs_clean_eval,sensor,60,29,0.48333333333333334,0.3523129300021264,0.616053982668403
gate6_ood_unsw,covariate_shift,mean_shift_pf_delta_0.020,integrity_pred_pos_rate_shift,sensor,60,0,0.0,0.0,0.059629492286166916
gate6_ood_unsw,covariate_shift,mean_shift_pf_delta_0.020,integrity_pred_jsd,sensor,60,0,0.0,0.0,0.059629492286166916
gate6_ood_unsw,covariate_shift,mean_shift_pf_delta_0.020,integrity_label_prior_shift,sensor,60,0,0.0,0.0,0.059629492286166916
gate6_ood_unsw,covariate_shift,mean_shift_pf_delta_0.020,integrity_label_jsd,sensor,60,0,0.0,0.0,0.059629492286166916
gate6_ood_unsw,covariate_shift,mean_shift_pf_delta_0.020,integrity_confusion_profile_l1,sensor,60,0,0.0,0.0,0.059629492286166916
gate6_ood_unsw,covariate_shift,mean_shift_pf_delta_0.020,integrity_confusion_profile_jsd,sensor,60,0,0.0,0.0,0.059629492286166916
gate6_ood_unsw,covariate_shift,mean_shift_pf_delta_0.020,I_X,regime,60,60,1.0,0.9403705077138331,1.0
gate6_ood_unsw,covariate_shift,mean_shift_pf_delta_0.020,I_XF,regime,60,60,1.0,0.9403705077138331,1.0
gate6_ood_unsw,covariate_shift,mean_shift_pf_delta_0.020,I_Ym,regime,60,0,0.0,0.0,0.059629492286166916
gate6_ood_unsw,covariate_shift,mean_shift_pf_delta_0.020,I_XFY,regime,60,60,1.0,0.9403705077138331,1.0
gate6_ood_unsw,covariate_shift,mean_shift_pf_delta_0.020,integrity_pred_disagreement,sensor_exact,60,25,0.4166666666666667,0.2906806664704227,0.5511622022459879
gate6_ood_unsw,covariate_shift,mean_shift_pf_delta_0.020,integrity_confusion_profile_l1_delta,sensor_exact,60,22,0.36666666666666664,0.24594061043728702,0.5010307176437072
gate6_ood_unsw,covariate_shift,mean_shift_pf_delta_0.020,integrity_confusion_profile_jsd_delta,sensor_exact,60,22,0.36666666666666664,0.24594061043728702,0.5010307176437072
gate6_ood_unsw,covariate_shift,mean_shift_pf_delta_0.020,label_flip_rate,sensor_exact,60,0,0.0,0.0,0.059629492286166916
gate6_ood_unsw,covariate_shift,mean_shift_pf_delta_0.020,I_XF_item_aligned,regime_exact,60,25,0.4166666666666667,0.2906806664704227,0.5511622022459879
gate6_ood_unsw,covariate_shift,mean_shift_pf_delta_0.020,I_XFY_item_aligned,regime_exact,60,25,0.4166666666666667,0.2906806664704227,0.5511622022459879
gate6_ood_unsw,covariate_shift,mean_shift_pf_delta_0.050,integrity_jsd_vs_clean_eval,sensor,60,58,0.9666666666666667,0.8847189555807483,0.9959373753579065
gate6_ood_unsw,covariate_shift,mean_shift_pf_delta_0.050,integrity_mmd_vs_clean_eval,sensor,60,0,0.0,0.0,0.059629492286166916
gate6_ood_unsw,covariate_shift,mean_shift_pf_delta_0.050,integrity_ks_reject05_vs_clean_eval,sensor,60,60,1.0,0.9403705077138331,1.0
gate6_ood_unsw,covariate_shift,mean_shift_pf_delta_0.050,integrity_score_jsd_vs_clean_eval,sensor,60,39,0.65,0.5159719906294329,0.76867357785154
gate6_ood_unsw,covariate_shift,mean_shift_pf_delta_0.050,integrity_pred_pos_rate_shift,sensor,60,0,0.0,0.0,0.059629492286166916
gate6_ood_unsw,covariate_shift,mean_shift_pf_delta_0.050,integrity_pred_jsd,sensor,60,0,0.0,0.0,0.059629492286166916
gate6_ood_unsw,covariate_shift,mean_shift_pf_delta_0.050,integrity_label_prior_shift,sensor,60,0,0.0,0.0,0.059629492286166916
gate6_ood_unsw,covariate_shift,mean_shift_pf_delta_0.050,integrity_label_jsd,sensor,60,0,0.0,0.0,0.059629492286166916
gate6_ood_unsw,covariate_shift,mean_shift_pf_delta_0.050,integrity_confusion_profile_l1,sensor,60,0,0.0,0.0,0.059629492286166916
gate6_ood_unsw,covariate_shift,mean_shift_pf_delta_0.050,integrity_confusion_profile_jsd,sensor,60,0,0.0,0.0,0.059629492286166916
gate6_ood_unsw,covariate_shift,mean_shift_pf_delta_0.050,I_X,regime,60,60,1.0,0.9403705077138331,1.0
gate6_ood_unsw,covariate_shift,mean_shift_pf_delta_0.050,I_XF,regime,60,60,1.0,0.9403705077138331,1.0
gate6_ood_unsw,covariate_shift,mean_shift_pf_delta_0.050,I_Ym,regime,60,0,0.0,0.0,0.059629492286166916
gate6_ood_unsw,covariate_shift,mean_shift_pf_delta_0.050,I_XFY,regime,60,60,1.0,0.9403705077138331,1.0
gate6_ood_unsw,covariate_shift,mean_shift_pf_delta_0.050,integrity_pred_disagreement,sensor_exact,60,37,0.6166666666666667,0.48211495143116145,0.7392929419840008
gate6_ood_unsw,covariate_shift,mean_shift_pf_delta_0.050,integrity_confusion_profile_l1_delta,sensor_exact,60,36,0.6,0.4654054373114277,0.7243784212644651
gate6_ood_unsw,covariate_shift,mean_shift_pf_delta_0.050,integrity_confusion_profile_jsd_delta,sensor_exact,60,36,0.6,0.4654054373114277,0.7243784212644651
gate6_ood_unsw,covariate_shift,mean_shift_pf_delta_0.050,label_flip_rate,sensor_exact,60,0,0.0,0.0,0.059629492286166916
gate6_ood_unsw,covariate_shift,mean_shift_pf_delta_0.050,I_XF_item_aligned,regime_exact,60,37,0.6166666666666667,0.48211495143116145,0.7392929419840008
gate6_ood_unsw,covariate_shift,mean_shift_pf_delta_0.050,I_XFY_item_aligned,regime_exact,60,37,0.6166666666666667,0.48211495143116145,0.7392929419840008
gate6_ood_unsw,covariate_shift,mean_shift_pf_delta_0.100,integrity_jsd_vs_clean_eval,sensor,60,57,0.95,0.8607567532789272,0.9895676703556517
gate6_ood_unsw,covariate_shift,mean_shift_pf_delta_0.100,integrity_mmd_vs_clean_eval,sensor,60,1,0.016666666666666666,0.00042187445234200915,0.08939905005748702
gate6_ood_unsw,covariate_shift,mean_shift_pf_delta_0.100,integrity_ks_reject05_vs_clean_eval,sensor,60,60,1.0,0.9403705077138331,1.0
gate6_ood_unsw,covariate_shift,mean_shift_pf_delta_0.100,integrity_score_jsd_vs_clean_eval,sensor,60,52,0.8666666666666667,0.75407777886958,0.9406355772946428
gate6_ood_unsw,covariate_shift,mean_shift_pf_delta_0.100,integrity_pred_pos_rate_shift,sensor,60,16,0.26666666666666666,0.16074645159041537,0.39661034002549556
gate6_ood_unsw,covariate_shift,mean_shift_pf_delta_0.100,integrity_pred_jsd,sensor,60,17,0.2833333333333333,0.17450528351437516,0.41443606894983
gate6_ood_unsw,covariate_shift,mean_shift_pf_delta_0.100,integrity_label_prior_shift,sensor,60,0,0.0,0.0,0.059629492286166916
gate6_ood_unsw,covariate_shift,mean_shift_pf_delta_0.100,integrity_label_jsd,sensor,60,0,0.0,0.0,0.059629492286166916
gate6_ood_unsw,covariate_shift,mean_shift_pf_delta_0.100,integrity_confusion_profile_l1,sensor,60,16,0.26666666666666666,0.16074645159041537,0.39661034002549556
gate6_ood_unsw,covariate_shift,mean_shift_pf_delta_0.100,integrity_confusion_profile_jsd,sensor,60,16,0.26666666666666666,0.16074645159041537,0.39661034002549556
gate6_ood_unsw,covariate_shift,mean_shift_pf_delta_0.100,I_X,regime,60,60,1.0,0.9403705077138331,1.0
gate6_ood_unsw,covariate_shift,mean_shift_pf_delta_0.100,I_XF,regime,60,60,1.0,0.9403705077138331,1.0
gate6_ood_unsw,covariate_shift,mean_shift_pf_delta_0.100,I_Ym,regime,60,0,0.0,0.0,0.059629492286166916
gate6_ood_unsw,covariate_shift,mean_shift_pf_delta_0.100,I_XFY,regime,60,60,1.0,0.9403705077138331,1.0
gate6_ood_unsw,covariate_shift,mean_shift_pf_delta_0.100,integrity_pred_disagreement,sensor_exact,60,46,0.7666666666666667,0.6396172128942423,0.866162656111152
gate6_ood_unsw,covariate_shift,mean_shift_pf_delta_0.100,integrity_confusion_profile_l1_delta,sensor_exact,60,46,0.7666666666666667,0.6396172128942423,0.866162656111152
gate6_ood_unsw,covariate_shift,mean_shift_pf_delta_0.100,integrity_confusion_profile_jsd_delta,sensor_exact,60,46,0.7666666666666667,0.6396172128942423,0.866162656111152
gate6_ood_unsw,covariate_shift,mean_shift_pf_delta_0.100,label_flip_rate,sensor_exact,60,0,0.0,0.0,0.059629492286166916
gate6_ood_unsw,covariate_shift,mean_shift_pf_delta_0.100,I_XF_item_aligned,regime_exact,60,46,0.7666666666666667,0.6396172128942423,0.866162656111152
gate6_ood_unsw,covariate_shift,mean_shift_pf_delta_0.100,I_XFY_item_aligned,regime_exact,60,46,0.7666666666666667,0.6396172128942423,0.866162656111152
gate6_ood_unsw,covariate_shift,scaling_drift_alpha_0.020,integrity_jsd_vs_clean_eval,sensor,60,36,0.6,0.4654054373114277,0.7243784212644651
gate6_ood_unsw,covariate_shift,scaling_drift_alpha_0.020,integrity_mmd_vs_clean_eval,sensor,60,0,0.0,0.0,0.059629492286166916
gate6_ood_unsw,covariate_shift,scaling_drift_alpha_0.020,integrity_ks_reject05_vs_clean_eval,sensor,60,60,1.0,0.9403705077138331,1.0
gate6_ood_unsw,covariate_shift,scaling_drift_alpha_0.020,integrity_score_jsd_vs_clean_eval,sensor,60,30,0.5,0.368062031942437,0.631937968057563
gate6_ood_unsw,covariate_shift,scaling_drift_alpha_0.020,integrity_pred_pos_rate_shift,sensor,60,0,0.0,0.0,0.059629492286166916
gate6_ood_unsw,covariate_shift,scaling_drift_alpha_0.020,integrity_pred_jsd,sensor,60,0,0.0,0.0,0.059629492286166916
gate6_ood_unsw,covariate_shift,scaling_drift_alpha_0.020,integrity_label_prior_shift,sensor,60,0,0.0,0.0,0.059629492286166916
gate6_ood_unsw,covariate_shift,scaling_drift_alpha_0.020,integrity_label_jsd,sensor,60,0,0.0,0.0,0.059629492286166916
gate6_ood_unsw,covariate_shift,scaling_drift_alpha_0.020,integrity_confusion_profile_l1,sensor,60,0,0.0,0.0,0.059629492286166916
gate6_ood_unsw,covariate_shift,scaling_drift_alpha_0.020,integrity_confusion_profile_jsd,sensor,60,0,0.0,0.0,0.059629492286166916
gate6_ood_unsw,covariate_shift,scaling_drift_alpha_0.020,I_X,regime,60,60,1.0,0.9403705077138331,1.0
gate6_ood_unsw,covariate_shift,scaling_drift_alpha_0.020,I_XF,regime,60,60,1.0,0.9403705077138331,1.0
gate6_ood_unsw,covariate_shift,scaling_drift_alpha_0.020,I_Ym,regime,60,0,0.0,0.0,0.059629492286166916
gate6_ood_unsw,covariate_shift,scaling_drift_alpha_0.020,I_XFY,regime,60,60,1.0,0.9403705077138331,1.0
gate6_ood_unsw,covariate_shift,scaling_drift_alpha_0.020,integrity_pred_disagreement,sensor_exact,60,32,0.5333333333333333,0.3999649025843025,0.6633008637495477
gate6_ood_unsw,covariate_shift,scaling_drift_alpha_0.020,integrity_confusion_profile_l1_delta,sensor_exact,60,31,0.5166666666666667,0.3839460173315969,0.6476870699978736
gate6_ood_unsw,covariate_shift,scaling_drift_alpha_0.020,integrity_confusion_profile_jsd_delta,sensor_exact,60,31,0.5166666666666667,0.3839460173315969,0.6476870699978736
gate6_ood_unsw,covariate_shift,scaling_drift_alpha_0.020,label_flip_rate,sensor_exact,60,0,0.0,0.0,0.059629492286166916
gate6_ood_unsw,covariate_shift,scaling_drift_alpha_0.020,I_XF_item_aligned,regime_exact,60,32,0.5333333333333333,0.3999649025843025,0.6633008637495477
gate6_ood_unsw,covariate_shift,scaling_drift_alpha_0.020,I_XFY_item_aligned,regime_exact,60,32,0.5333333333333333,0.3999649025843025,0.6633008637495477
gate6_ood_unsw,covariate_shift,scaling_drift_alpha_0.050,integrity_jsd_vs_clean_eval,sensor,60,58,0.9666666666666667,0.8847189555807483,0.9959373753579065
gate6_ood_unsw,covariate_shift,scaling_drift_alpha_0.050,integrity_mmd_vs_clean_eval,sensor,60,0,0.0,0.0,0.059629492286166916
gate6_ood_unsw,covariate_shift,scaling_drift_alpha_0.050,integrity_ks_reject05_vs_clean_eval,sensor,60,60,1.0,0.9403705077138331,1.0
gate6_ood_unsw,covariate_shift,scaling_drift_alpha_0.050,integrity_score_jsd_vs_clean_eval,sensor,60,35,0.5833333333333334,0.44883779775401206,0.7093193335295773
gate6_ood_unsw,covariate_shift,scaling_drift_alpha_0.050,integrity_pred_pos_rate_shift,sensor,60,19,0.31666666666666665,0.20257550711897182,0.4495596877640524
gate6_ood_unsw,covariate_shift,scaling_drift_alpha_0.050,integrity_pred_jsd,sensor,60,19,0.31666666666666665,0.20257550711897182,0.4495596877640524
gate6_ood_unsw,covariate_shift,scaling_drift_alpha_0.050,integrity_label_prior_shift,sensor,60,0,0.0,0.0,0.059629492286166916
gate6_ood_unsw,covariate_shift,scaling_drift_alpha_0.050,integrity_label_jsd,sensor,60,0,0.0,0.0,0.059629492286166916
gate6_ood_unsw,covariate_shift,scaling_drift_alpha_0.050,integrity_confusion_profile_l1,sensor,60,14,0.23333333333333334,0.13383734388884805,0.3603827871057576
gate6_ood_unsw,covariate_shift,scaling_drift_alpha_0.050,integrity_confusion_profile_jsd,sensor,60,16,0.26666666666666666,0.16074645159041537,0.39661034002549556
gate6_ood_unsw,covariate_shift,scaling_drift_alpha_0.050,I_X,regime,60,60,1.0,0.9403705077138331,1.0
gate6_ood_unsw,covariate_shift,scaling_drift_alpha_0.050,I_XF,regime,60,60,1.0,0.9403705077138331,1.0
gate6_ood_unsw,covariate_shift,scaling_drift_alpha_0.050,I_Ym,regime,60,0,0.0,0.0,0.059629492286166916
gate6_ood_unsw,covariate_shift,scaling_drift_alpha_0.050,I_XFY,regime,60,60,1.0,0.9403705077138331,1.0
gate6_ood_unsw,covariate_shift,scaling_drift_alpha_0.050,integrity_pred_disagreement,sensor_exact,60,35,0.5833333333333334,0.44883779775401206,0.7093193335295773
gate6_ood_unsw,covariate_shift,scaling_drift_alpha_0.050,integrity_confusion_profile_l1_delta,sensor_exact,60,35,0.5833333333333334,0.44883779775401206,0.7093193335295773
gate6_ood_unsw,covariate_shift,scaling_drift_alpha_0.050,integrity_confusion_profile_jsd_delta,sensor_exact,60,35,0.5833333333333334,0.44883779775401206,0.7093193335295773
gate6_ood_unsw,covariate_shift,scaling_drift_alpha_0.050,label_flip_rate,sensor_exact,60,0,0.0,0.0,0.059629492286166916
gate6_ood_unsw,covariate_shift,scaling_drift_alpha_0.050,I_XF_item_aligned,regime_exact,60,35,0.5833333333333334,0.44883779775401206,0.7093193335295773
gate6_ood_unsw,covariate_shift,scaling_drift_alpha_0.050,I_XFY_item_aligned,regime_exact,60,35,0.5833333333333334,0.44883779775401206,0.7093193335295773
gate6_ood_unsw,covariate_shift,scaling_drift_alpha_0.100,integrity_jsd_vs_clean_eval,sensor,60,60,1.0,0.9403705077138331,1.0
gate6_ood_unsw,covariate_shift,scaling_drift_alpha_0.100,integrity_mmd_vs_clean_eval,sensor,60,17,0.2833333333333333,0.17450528351437516,0.41443606894983
gate6_ood_unsw,covariate_shift,scaling_drift_alpha_0.100,integrity_ks_reject05_vs_clean_eval,sensor,60,60,1.0,0.9403705077138331,1.0
gate6_ood_unsw,covariate_shift,scaling_drift_alpha_0.100,integrity_score_jsd_vs_clean_eval,sensor,60,47,0.7833333333333333,0.6580438212653477,0.8792839755373032
gate6_ood_unsw,covariate_shift,scaling_drift_alpha_0.100,integrity_pred_pos_rate_shift,sensor,60,29,0.48333333333333334,0.3523129300021264,0.616053982668403
gate6_ood_unsw,covariate_shift,scaling_drift_alpha_0.100,integrity_pred_jsd,sensor,60,29,0.48333333333333334,0.3523129300021264,0.616053982668403
gate6_ood_unsw,covariate_shift,scaling_drift_alpha_0.100,integrity_label_prior_shift,sensor,60,0,0.0,0.0,0.059629492286166916
gate6_ood_unsw,covariate_shift,scaling_drift_alpha_0.100,integrity_label_jsd,sensor,60,0,0.0,0.0,0.059629492286166916
gate6_ood_unsw,covariate_shift,scaling_drift_alpha_0.100,integrity_confusion_profile_l1,sensor,60,29,0.48333333333333334,0.3523129300021264,0.616053982668403
gate6_ood_unsw,covariate_shift,scaling_drift_alpha_0.100,integrity_confusion_profile_jsd,sensor,60,29,0.48333333333333334,0.3523129300021264,0.616053982668403
gate6_ood_unsw,covariate_shift,scaling_drift_alpha_0.100,I_X,regime,60,60,1.0,0.9403705077138331,1.0
gate6_ood_unsw,covariate_shift,scaling_drift_alpha_0.100,I_XF,regime,60,60,1.0,0.9403705077138331,1.0
gate6_ood_unsw,covariate_shift,scaling_drift_alpha_0.100,I_Ym,regime,60,0,0.0,0.0,0.059629492286166916
gate6_ood_unsw,covariate_shift,scaling_drift_alpha_0.100,I_XFY,regime,60,60,1.0,0.9403705077138331,1.0
gate6_ood_unsw,covariate_shift,scaling_drift_alpha_0.100,integrity_pred_disagreement,sensor_exact,60,39,0.65,0.5159719906294329,0.76867357785154
gate6_ood_unsw,covariate_shift,scaling_drift_alpha_0.100,integrity_confusion_profile_l1_delta,sensor_exact,60,39,0.65,0.5159719906294329,0.76867357785154
gate6_ood_unsw,covariate_shift,scaling_drift_alpha_0.100,integrity_confusion_profile_jsd_delta,sensor_exact,60,39,0.65,0.5159719906294329,0.76867357785154
gate6_ood_unsw,covariate_shift,scaling_drift_alpha_0.100,label_flip_rate,sensor_exact,60,0,0.0,0.0,0.059629492286166916
gate6_ood_unsw,covariate_shift,scaling_drift_alpha_0.100,I_XF_item_aligned,regime_exact,60,39,0.65,0.5159719906294329,0.76867357785154
gate6_ood_unsw,covariate_shift,scaling_drift_alpha_0.100,I_XFY_item_aligned,regime_exact,60,39,0.65,0.5159719906294329,0.76867357785154
gate6_ood_unsw,pipeline,feature_dropout_p_0.020,integrity_jsd_vs_clean_eval,sensor,60,0,0.0,0.0,0.059629492286166916
gate6_ood_unsw,pipeline,feature_dropout_p_0.020,integrity_mmd_vs_clean_eval,sensor,60,0,0.0,0.0,0.059629492286166916
gate6_ood_unsw,pipeline,feature_dropout_p_0.020,integrity_ks_reject05_vs_clean_eval,sensor,60,0,0.0,0.0,0.059629492286166916
gate6_ood_unsw,pipeline,feature_dropout_p_0.020,integrity_score_jsd_vs_clean_eval,sensor,60,0,0.0,0.0,0.059629492286166916
gate6_ood_unsw,pipeline,feature_dropout_p_0.020,integrity_pred_pos_rate_shift,sensor,60,0,0.0,0.0,0.059629492286166916
gate6_ood_unsw,pipeline,feature_dropout_p_0.020,integrity_pred_jsd,sensor,60,0,0.0,0.0,0.059629492286166916
gate6_ood_unsw,pipeline,feature_dropout_p_0.020,integrity_label_prior_shift,sensor,60,0,0.0,0.0,0.059629492286166916
gate6_ood_unsw,pipeline,feature_dropout_p_0.020,integrity_label_jsd,sensor,60,0,0.0,0.0,0.059629492286166916
gate6_ood_unsw,pipeline,feature_dropout_p_0.020,integrity_confusion_profile_l1,sensor,60,0,0.0,0.0,0.059629492286166916
gate6_ood_unsw,pipeline,feature_dropout_p_0.020,integrity_confusion_profile_jsd,sensor,60,0,0.0,0.0,0.059629492286166916
gate6_ood_unsw,pipeline,feature_dropout_p_0.020,I_X,regime,60,0,0.0,0.0,0.059629492286166916
gate6_ood_unsw,pipeline,feature_dropout_p_0.020,I_XF,regime,60,0,0.0,0.0,0.059629492286166916
gate6_ood_unsw,pipeline,feature_dropout_p_0.020,I_Ym,regime,60,0,0.0,0.0,0.059629492286166916
gate6_ood_unsw,pipeline,feature_dropout_p_0.020,I_XFY,regime,60,0,0.0,0.0,0.059629492286166916
gate6_ood_unsw,pipeline,feature_dropout_p_0.020,integrity_pred_disagreement,sensor_exact,60,44,0.7333333333333333,0.6033896599745044,0.8392535484095847
gate6_ood_unsw,pipeline,feature_dropout_p_0.020,integrity_confusion_profile_l1_delta,sensor_exact,60,43,0.7166666666666667,0.58556393105017,0.8254947164856248
gate6_ood_unsw,pipeline,feature_dropout_p_0.020,integrity_confusion_profile_jsd_delta,sensor_exact,60,43,0.7166666666666667,0.58556393105017,0.8254947164856248
gate6_ood_unsw,pipeline,feature_dropout_p_0.020,label_flip_rate,sensor_exact,60,0,0.0,0.0,0.059629492286166916
gate6_ood_unsw,pipeline,feature_dropout_p_0.020,I_XF_item_aligned,regime_exact,60,44,0.7333333333333333,0.6033896599745044,0.8392535484095847
gate6_ood_unsw,pipeline,feature_dropout_p_0.020,I_XFY_item_aligned,regime_exact,60,44,0.7333333333333333,0.6033896599745044,0.8392535484095847
gate6_ood_unsw,pipeline,feature_dropout_p_0.050,integrity_jsd_vs_clean_eval,sensor,60,0,0.0,0.0,0.059629492286166916
gate6_ood_unsw,pipeline,feature_dropout_p_0.050,integrity_mmd_vs_clean_eval,sensor,60,0,0.0,0.0,0.059629492286166916
gate6_ood_unsw,pipeline,feature_dropout_p_0.050,integrity_ks_reject05_vs_clean_eval,sensor,60,0,0.0,0.0,0.059629492286166916
gate6_ood_unsw,pipeline,feature_dropout_p_0.050,integrity_score_jsd_vs_clean_eval,sensor,60,0,0.0,0.0,0.059629492286166916
gate6_ood_unsw,pipeline,feature_dropout_p_0.050,integrity_pred_pos_rate_shift,sensor,60,0,0.0,0.0,0.059629492286166916
gate6_ood_unsw,pipeline,feature_dropout_p_0.050,integrity_pred_jsd,sensor,60,0,0.0,0.0,0.059629492286166916
gate6_ood_unsw,pipeline,feature_dropout_p_0.050,integrity_label_prior_shift,sensor,60,0,0.0,0.0,0.059629492286166916
gate6_ood_unsw,pipeline,feature_dropout_p_0.050,integrity_label_jsd,sensor,60,0,0.0,0.0,0.059629492286166916
gate6_ood_unsw,pipeline,feature_dropout_p_0.050,integrity_confusion_profile_l1,sensor,60,0,0.0,0.0,0.059629492286166916
gate6_ood_unsw,pipeline,feature_dropout_p_0.050,integrity_confusion_profile_jsd,sensor,60,0,0.0,0.0,0.059629492286166916
gate6_ood_unsw,pipeline,feature_dropout_p_0.050,I_X,regime,60,0,0.0,0.0,0.059629492286166916
gate6_ood_unsw,pipeline,feature_dropout_p_0.050,I_XF,regime,60,0,0.0,0.0,0.059629492286166916
gate6_ood_unsw,pipeline,feature_dropout_p_0.050,I_Ym,regime,60,0,0.0,0.0,0.059629492286166916
gate6_ood_unsw,pipeline,feature_dropout_p_0.050,I_XFY,regime,60,0,0.0,0.0,0.059629492286166916
gate6_ood_unsw,pipeline,feature_dropout_p_0.050,integrity_pred_disagreement,sensor_exact,60,57,0.95,0.8607567532789272,0.9895676703556517
gate6_ood_unsw,pipeline,feature_dropout_p_0.050,integrity_confusion_profile_l1_delta,sensor_exact,60,57,0.95,0.8607567532789272,0.9895676703556517
gate6_ood_unsw,pipeline,feature_dropout_p_0.050,integrity_confusion_profile_jsd_delta,sensor_exact,60,57,0.95,0.8607567532789272,0.9895676703556517
gate6_ood_unsw,pipeline,feature_dropout_p_0.050,label_flip_rate,sensor_exact,60,0,0.0,0.0,0.059629492286166916
gate6_ood_unsw,pipeline,feature_dropout_p_0.050,I_XF_item_aligned,regime_exact,60,57,0.95,0.8607567532789272,0.9895676703556517
gate6_ood_unsw,pipeline,feature_dropout_p_0.050,I_XFY_item_aligned,regime_exact,60,57,0.95,0.8607567532789272,0.9895676703556517
gate6_ood_unsw,pipeline,feature_dropout_p_0.100,integrity_jsd_vs_clean_eval,sensor,60,0,0.0,0.0,0.059629492286166916
gate6_ood_unsw,pipeline,feature_dropout_p_0.100,integrity_mmd_vs_clean_eval,sensor,60,0,0.0,0.0,0.059629492286166916
gate6_ood_unsw,pipeline,feature_dropout_p_0.100,integrity_ks_reject05_vs_clean_eval,sensor,60,0,0.0,0.0,0.059629492286166916
gate6_ood_unsw,pipeline,feature_dropout_p_0.100,integrity_score_jsd_vs_clean_eval,sensor,60,0,0.0,0.0,0.059629492286166916
gate6_ood_unsw,pipeline,feature_dropout_p_0.100,integrity_pred_pos_rate_shift,sensor,60,0,0.0,0.0,0.059629492286166916
gate6_ood_unsw,pipeline,feature_dropout_p_0.100,integrity_pred_jsd,sensor,60,2,0.03333333333333333,0.004062624642093498,0.11528104441925167
gate6_ood_unsw,pipeline,feature_dropout_p_0.100,integrity_label_prior_shift,sensor,60,0,0.0,0.0,0.059629492286166916
gate6_ood_unsw,pipeline,feature_dropout_p_0.100,integrity_label_jsd,sensor,60,0,0.0,0.0,0.059629492286166916
gate6_ood_unsw,pipeline,feature_dropout_p_0.100,integrity_confusion_profile_l1,sensor,60,0,0.0,0.0,0.059629492286166916
gate6_ood_unsw,pipeline,feature_dropout_p_0.100,integrity_confusion_profile_jsd,sensor,60,0,0.0,0.0,0.059629492286166916
gate6_ood_unsw,pipeline,feature_dropout_p_0.100,I_X,regime,60,0,0.0,0.0,0.059629492286166916
gate6_ood_unsw,pipeline,feature_dropout_p_0.100,I_XF,regime,60,2,0.03333333333333333,0.004062624642093498,0.11528104441925167
gate6_ood_unsw,pipeline,feature_dropout_p_0.100,I_Ym,regime,60,0,0.0,0.0,0.059629492286166916
gate6_ood_unsw,pipeline,feature_dropout_p_0.100,I_XFY,regime,60,2,0.03333333333333333,0.004062624642093498,0.11528104441925167
gate6_ood_unsw,pipeline,feature_dropout_p_0.100,integrity_pred_disagreement,sensor_exact,60,59,0.9833333333333333,0.910600949942513,0.999578125547658
gate6_ood_unsw,pipeline,feature_dropout_p_0.100,integrity_confusion_profile_l1_delta,sensor_exact,60,59,0.9833333333333333,0.910600949942513,0.999578125547658
gate6_ood_unsw,pipeline,feature_dropout_p_0.100,integrity_confusion_profile_jsd_delta,sensor_exact,60,59,0.9833333333333333,0.910600949942513,0.999578125547658
gate6_ood_unsw,pipeline,feature_dropout_p_0.100,label_flip_rate,sensor_exact,60,0,0.0,0.0,0.059629492286166916
gate6_ood_unsw,pipeline,feature_dropout_p_0.100,I_XF_item_aligned,regime_exact,60,59,0.9833333333333333,0.910600949942513,0.999578125547658
gate6_ood_unsw,pipeline,feature_dropout_p_0.100,I_XFY_item_aligned,regime_exact,60,59,0.9833333333333333,0.910600949942513,0.999578125547658
gate6_ood_unsw,target_shift,label_flip_prior_preserving_r_0.020,integrity_jsd_vs_clean_eval,sensor,60,0,0.0,0.0,0.059629492286166916
gate6_ood_unsw,target_shift,label_flip_prior_preserving_r_0.020,integrity_mmd_vs_clean_eval,sensor,60,0,0.0,0.0,0.059629492286166916
gate6_ood_unsw,target_shift,label_flip_prior_preserving_r_0.020,integrity_ks_reject05_vs_clean_eval,sensor,60,0,0.0,0.0,0.059629492286166916
gate6_ood_unsw,target_shift,label_flip_prior_preserving_r_0.020,integrity_score_jsd_vs_clean_eval,sensor,60,0,0.0,0.0,0.059629492286166916
gate6_ood_unsw,target_shift,label_flip_prior_preserving_r_0.020,integrity_pred_pos_rate_shift,sensor,60,0,0.0,0.0,0.059629492286166916
gate6_ood_unsw,target_shift,label_flip_prior_preserving_r_0.020,integrity_pred_jsd,sensor,60,0,0.0,0.0,0.059629492286166916
gate6_ood_unsw,target_shift,label_flip_prior_preserving_r_0.020,integrity_label_prior_shift,sensor,60,0,0.0,0.0,0.059629492286166916
gate6_ood_unsw,target_shift,label_flip_prior_preserving_r_0.020,integrity_label_jsd,sensor,60,0,0.0,0.0,0.059629492286166916
gate6_ood_unsw,target_shift,label_flip_prior_preserving_r_0.020,integrity_confusion_profile_l1,sensor,60,0,0.0,0.0,0.059629492286166916
gate6_ood_unsw,target_shift,label_flip_prior_preserving_r_0.020,integrity_confusion_profile_jsd,sensor,60,0,0.0,0.0,0.059629492286166916
gate6_ood_unsw,target_shift,label_flip_prior_preserving_r_0.020,I_X,regime,60,0,0.0,0.0,0.059629492286166916
gate6_ood_unsw,target_shift,label_flip_prior_preserving_r_0.020,I_XF,regime,60,0,0.0,0.0,0.059629492286166916
gate6_ood_unsw,target_shift,label_flip_prior_preserving_r_0.020,I_Ym,regime,60,0,0.0,0.0,0.059629492286166916
gate6_ood_unsw,target_shift,label_flip_prior_preserving_r_0.020,I_XFY,regime,60,0,0.0,0.0,0.059629492286166916
gate6_ood_unsw,target_shift,label_flip_prior_preserving_r_0.020,integrity_pred_disagreement,sensor_exact,60,0,0.0,0.0,0.059629492286166916
gate6_ood_unsw,target_shift,label_flip_prior_preserving_r_0.020,integrity_confusion_profile_l1_delta,sensor_exact,60,45,0.75,0.6214036445204558,0.8528139262009964
gate6_ood_unsw,target_shift,label_flip_prior_preserving_r_0.020,integrity_confusion_profile_jsd_delta,sensor_exact,60,45,0.75,0.6214036445204558,0.8528139262009964
gate6_ood_unsw,target_shift,label_flip_prior_preserving_r_0.020,label_flip_rate,sensor_exact,60,60,1.0,0.9403705077138331,1.0
gate6_ood_unsw,target_shift,label_flip_prior_preserving_r_0.020,I_XF_item_aligned,regime_exact,60,0,0.0,0.0,0.059629492286166916
gate6_ood_unsw,target_shift,label_flip_prior_preserving_r_0.020,I_XFY_item_aligned,regime_exact,60,60,1.0,0.9403705077138331,1.0
gate6_ood_unsw,target_shift,label_flip_prior_preserving_r_0.050,integrity_jsd_vs_clean_eval,sensor,60,0,0.0,0.0,0.059629492286166916
gate6_ood_unsw,target_shift,label_flip_prior_preserving_r_0.050,integrity_mmd_vs_clean_eval,sensor,60,0,0.0,0.0,0.059629492286166916
gate6_ood_unsw,target_shift,label_flip_prior_preserving_r_0.050,integrity_ks_reject05_vs_clean_eval,sensor,60,0,0.0,0.0,0.059629492286166916
gate6_ood_unsw,target_shift,label_flip_prior_preserving_r_0.050,integrity_score_jsd_vs_clean_eval,sensor,60,0,0.0,0.0,0.059629492286166916
gate6_ood_unsw,target_shift,label_flip_prior_preserving_r_0.050,integrity_pred_pos_rate_shift,sensor,60,0,0.0,0.0,0.059629492286166916
gate6_ood_unsw,target_shift,label_flip_prior_preserving_r_0.050,integrity_pred_jsd,sensor,60,0,0.0,0.0,0.059629492286166916
gate6_ood_unsw,target_shift,label_flip_prior_preserving_r_0.050,integrity_label_prior_shift,sensor,60,0,0.0,0.0,0.059629492286166916
gate6_ood_unsw,target_shift,label_flip_prior_preserving_r_0.050,integrity_label_jsd,sensor,60,0,0.0,0.0,0.059629492286166916
gate6_ood_unsw,target_shift,label_flip_prior_preserving_r_0.050,integrity_confusion_profile_l1,sensor,60,0,0.0,0.0,0.059629492286166916
gate6_ood_unsw,target_shift,label_flip_prior_preserving_r_0.050,integrity_confusion_profile_jsd,sensor,60,0,0.0,0.0,0.059629492286166916
gate6_ood_unsw,target_shift,label_flip_prior_preserving_r_0.050,I_X,regime,60,0,0.0,0.0,0.059629492286166916
gate6_ood_unsw,target_shift,label_flip_prior_preserving_r_0.050,I_XF,regime,60,0,0.0,0.0,0.059629492286166916
gate6_ood_unsw,target_shift,label_flip_prior_preserving_r_0.050,I_Ym,regime,60,0,0.0,0.0,0.059629492286166916
gate6_ood_unsw,target_shift,label_flip_prior_preserving_r_0.050,I_XFY,regime,60,0,0.0,0.0,0.059629492286166916
gate6_ood_unsw,target_shift,label_flip_prior_preserving_r_0.050,integrity_pred_disagreement,sensor_exact,60,0,0.0,0.0,0.059629492286166916
gate6_ood_unsw,target_shift,label_flip_prior_preserving_r_0.050,integrity_confusion_profile_l1_delta,sensor_exact,60,51,0.85,0.7342595522427049,0.9290438047429088
gate6_ood_unsw,target_shift,label_flip_prior_preserving_r_0.050,integrity_confusion_profile_jsd_delta,sensor_exact,60,51,0.85,0.7342595522427049,0.9290438047429088
gate6_ood_unsw,target_shift,label_flip_prior_preserving_r_0.050,label_flip_rate,sensor_exact,60,60,1.0,0.9403705077138331,1.0
gate6_ood_unsw,target_shift,label_flip_prior_preserving_r_0.050,I_XF_item_aligned,regime_exact,60,0,0.0,0.0,0.059629492286166916
gate6_ood_unsw,target_shift,label_flip_prior_preserving_r_0.050,I_XFY_item_aligned,regime_exact,60,60,1.0,0.9403705077138331,1.0
gate6_ood_unsw,target_shift,label_flip_prior_preserving_r_0.100,integrity_jsd_vs_clean_eval,sensor,60,0,0.0,0.0,0.059629492286166916
gate6_ood_unsw,target_shift,label_flip_prior_preserving_r_0.100,integrity_mmd_vs_clean_eval,sensor,60,0,0.0,0.0,0.059629492286166916
gate6_ood_unsw,target_shift,label_flip_prior_preserving_r_0.100,integrity_ks_reject05_vs_clean_eval,sensor,60,0,0.0,0.0,0.059629492286166916
gate6_ood_unsw,target_shift,label_flip_prior_preserving_r_0.100,integrity_score_jsd_vs_clean_eval,sensor,60,0,0.0,0.0,0.059629492286166916
gate6_ood_unsw,target_shift,label_flip_prior_preserving_r_0.100,integrity_pred_pos_rate_shift,sensor,60,0,0.0,0.0,0.059629492286166916
gate6_ood_unsw,target_shift,label_flip_prior_preserving_r_0.100,integrity_pred_jsd,sensor,60,0,0.0,0.0,0.059629492286166916
gate6_ood_unsw,target_shift,label_flip_prior_preserving_r_0.100,integrity_label_prior_shift,sensor,60,0,0.0,0.0,0.059629492286166916
gate6_ood_unsw,target_shift,label_flip_prior_preserving_r_0.100,integrity_label_jsd,sensor,60,0,0.0,0.0,0.059629492286166916
gate6_ood_unsw,target_shift,label_flip_prior_preserving_r_0.100,integrity_confusion_profile_l1,sensor,60,0,0.0,0.0,0.059629492286166916
gate6_ood_unsw,target_shift,label_flip_prior_preserving_r_0.100,integrity_confusion_profile_jsd,sensor,60,0,0.0,0.0,0.059629492286166916
gate6_ood_unsw,target_shift,label_flip_prior_preserving_r_0.100,I_X,regime,60,0,0.0,0.0,0.059629492286166916
gate6_ood_unsw,target_shift,label_flip_prior_preserving_r_0.100,I_XF,regime,60,0,0.0,0.0,0.059629492286166916
gate6_ood_unsw,target_shift,label_flip_prior_preserving_r_0.100,I_Ym,regime,60,0,0.0,0.0,0.059629492286166916
gate6_ood_unsw,target_shift,label_flip_prior_preserving_r_0.100,I_XFY,regime,60,0,0.0,0.0,0.059629492286166916
gate6_ood_unsw,target_shift,label_flip_prior_preserving_r_0.100,integrity_pred_disagreement,sensor_exact,60,0,0.0,0.0,0.059629492286166916
gate6_ood_unsw,target_shift,label_flip_prior_preserving_r_0.100,integrity_confusion_profile_l1_delta,sensor_exact,60,59,0.9833333333333333,0.910600949942513,0.999578125547658
gate6_ood_unsw,target_shift,label_flip_prior_preserving_r_0.100,integrity_confusion_profile_jsd_delta,sensor_exact,60,59,0.9833333333333333,0.910600949942513,0.999578125547658
gate6_ood_unsw,target_shift,label_flip_prior_preserving_r_0.100,label_flip_rate,sensor_exact,60,60,1.0,0.9403705077138331,1.0
gate6_ood_unsw,target_shift,label_flip_prior_preserving_r_0.100,I_XF_item_aligned,regime_exact,60,0,0.0,0.0,0.059629492286166916
gate6_ood_unsw,target_shift,label_flip_prior_preserving_r_0.100,I_XFY_item_aligned,regime_exact,60,60,1.0,0.9403705077138331,1.0
gate6_ood_unsw,target_shift,label_flip_r_0.020,integrity_jsd_vs_clean_eval,sensor,60,0,0.0,0.0,0.059629492286166916
gate6_ood_unsw,target_shift,label_flip_r_0.020,integrity_mmd_vs_clean_eval,sensor,60,0,0.0,0.0,0.059629492286166916
gate6_ood_unsw,target_shift,label_flip_r_0.020,integrity_ks_reject05_vs_clean_eval,sensor,60,0,0.0,0.0,0.059629492286166916
gate6_ood_unsw,target_shift,label_flip_r_0.020,integrity_score_jsd_vs_clean_eval,sensor,60,0,0.0,0.0,0.059629492286166916
gate6_ood_unsw,target_shift,label_flip_r_0.020,integrity_pred_pos_rate_shift,sensor,60,0,0.0,0.0,0.059629492286166916
gate6_ood_unsw,target_shift,label_flip_r_0.020,integrity_pred_jsd,sensor,60,0,0.0,0.0,0.059629492286166916
gate6_ood_unsw,target_shift,label_flip_r_0.020,integrity_label_prior_shift,sensor,60,0,0.0,0.0,0.059629492286166916
gate6_ood_unsw,target_shift,label_flip_r_0.020,integrity_label_jsd,sensor,60,0,0.0,0.0,0.059629492286166916
gate6_ood_unsw,target_shift,label_flip_r_0.020,integrity_confusion_profile_l1,sensor,60,0,0.0,0.0,0.059629492286166916
gate6_ood_unsw,target_shift,label_flip_r_0.020,integrity_confusion_profile_jsd,sensor,60,0,0.0,0.0,0.059629492286166916
gate6_ood_unsw,target_shift,label_flip_r_0.020,I_X,regime,60,0,0.0,0.0,0.059629492286166916
gate6_ood_unsw,target_shift,label_flip_r_0.020,I_XF,regime,60,0,0.0,0.0,0.059629492286166916
gate6_ood_unsw,target_shift,label_flip_r_0.020,I_Ym,regime,60,0,0.0,0.0,0.059629492286166916
gate6_ood_unsw,target_shift,label_flip_r_0.020,I_XFY,regime,60,0,0.0,0.0,0.059629492286166916
gate6_ood_unsw,target_shift,label_flip_r_0.020,integrity_pred_disagreement,sensor_exact,60,0,0.0,0.0,0.059629492286166916
gate6_ood_unsw,target_shift,label_flip_r_0.020,integrity_confusion_profile_l1_delta,sensor_exact,60,60,1.0,0.9403705077138331,1.0
gate6_ood_unsw,target_shift,label_flip_r_0.020,integrity_confusion_profile_jsd_delta,sensor_exact,60,60,1.0,0.9403705077138331,1.0
gate6_ood_unsw,target_shift,label_flip_r_0.020,label_flip_rate,sensor_exact,60,60,1.0,0.9403705077138331,1.0
gate6_ood_unsw,target_shift,label_flip_r_0.020,I_XF_item_aligned,regime_exact,60,0,0.0,0.0,0.059629492286166916
gate6_ood_unsw,target_shift,label_flip_r_0.020,I_XFY_item_aligned,regime_exact,60,60,1.0,0.9403705077138331,1.0
gate6_ood_unsw,target_shift,label_flip_r_0.050,integrity_jsd_vs_clean_eval,sensor,60,0,0.0,0.0,0.059629492286166916
gate6_ood_unsw,target_shift,label_flip_r_0.050,integrity_mmd_vs_clean_eval,sensor,60,0,0.0,0.0,0.059629492286166916
gate6_ood_unsw,target_shift,label_flip_r_0.050,integrity_ks_reject05_vs_clean_eval,sensor,60,0,0.0,0.0,0.059629492286166916
gate6_ood_unsw,target_shift,label_flip_r_0.050,integrity_score_jsd_vs_clean_eval,sensor,60,0,0.0,0.0,0.059629492286166916
gate6_ood_unsw,target_shift,label_flip_r_0.050,integrity_pred_pos_rate_shift,sensor,60,0,0.0,0.0,0.059629492286166916
gate6_ood_unsw,target_shift,label_flip_r_0.050,integrity_pred_jsd,sensor,60,0,0.0,0.0,0.059629492286166916
gate6_ood_unsw,target_shift,label_flip_r_0.050,integrity_label_prior_shift,sensor,60,0,0.0,0.0,0.059629492286166916
gate6_ood_unsw,target_shift,label_flip_r_0.050,integrity_label_jsd,sensor,60,0,0.0,0.0,0.059629492286166916
gate6_ood_unsw,target_shift,label_flip_r_0.050,integrity_confusion_profile_l1,sensor,60,0,0.0,0.0,0.059629492286166916
gate6_ood_unsw,target_shift,label_flip_r_0.050,integrity_confusion_profile_jsd,sensor,60,0,0.0,0.0,0.059629492286166916
gate6_ood_unsw,target_shift,label_flip_r_0.050,I_X,regime,60,0,0.0,0.0,0.059629492286166916
gate6_ood_unsw,target_shift,label_flip_r_0.050,I_XF,regime,60,0,0.0,0.0,0.059629492286166916
gate6_ood_unsw,target_shift,label_flip_r_0.050,I_Ym,regime,60,0,0.0,0.0,0.059629492286166916
gate6_ood_unsw,target_shift,label_flip_r_0.050,I_XFY,regime,60,0,0.0,0.0,0.059629492286166916
gate6_ood_unsw,target_shift,label_flip_r_0.050,integrity_pred_disagreement,sensor_exact,60,0,0.0,0.0,0.059629492286166916
gate6_ood_unsw,target_shift,label_flip_r_0.050,integrity_confusion_profile_l1_delta,sensor_exact,60,60,1.0,0.9403705077138331,1.0
gate6_ood_unsw,target_shift,label_flip_r_0.050,integrity_confusion_profile_jsd_delta,sensor_exact,60,60,1.0,0.9403705077138331,1.0
gate6_ood_unsw,target_shift,label_flip_r_0.050,label_flip_rate,sensor_exact,60,60,1.0,0.9403705077138331,1.0
gate6_ood_unsw,target_shift,label_flip_r_0.050,I_XF_item_aligned,regime_exact,60,0,0.0,0.0,0.059629492286166916
gate6_ood_unsw,target_shift,label_flip_r_0.050,I_XFY_item_aligned,regime_exact,60,60,1.0,0.9403705077138331,1.0
gate6_ood_unsw,target_shift,label_flip_r_0.100,integrity_jsd_vs_clean_eval,sensor,60,0,0.0,0.0,0.059629492286166916
gate6_ood_unsw,target_shift,label_flip_r_0.100,integrity_mmd_vs_clean_eval,sensor,60,0,0.0,0.0,0.059629492286166916
gate6_ood_unsw,target_shift,label_flip_r_0.100,integrity_ks_reject05_vs_clean_eval,sensor,60,0,0.0,0.0,0.059629492286166916
gate6_ood_unsw,target_shift,label_flip_r_0.100,integrity_score_jsd_vs_clean_eval,sensor,60,0,0.0,0.0,0.059629492286166916
gate6_ood_unsw,target_shift,label_flip_r_0.100,integrity_pred_pos_rate_shift,sensor,60,0,0.0,0.0,0.059629492286166916
gate6_ood_unsw,target_shift,label_flip_r_0.100,integrity_pred_jsd,sensor,60,0,0.0,0.0,0.059629492286166916
gate6_ood_unsw,target_shift,label_flip_r_0.100,integrity_label_prior_shift,sensor,60,0,0.0,0.0,0.059629492286166916
gate6_ood_unsw,target_shift,label_flip_r_0.100,integrity_label_jsd,sensor,60,0,0.0,0.0,0.059629492286166916
gate6_ood_unsw,target_shift,label_flip_r_0.100,integrity_confusion_profile_l1,sensor,60,0,0.0,0.0,0.059629492286166916
gate6_ood_unsw,target_shift,label_flip_r_0.100,integrity_confusion_profile_jsd,sensor,60,0,0.0,0.0,0.059629492286166916
gate6_ood_unsw,target_shift,label_flip_r_0.100,I_X,regime,60,0,0.0,0.0,0.059629492286166916
gate6_ood_unsw,target_shift,label_flip_r_0.100,I_XF,regime,60,0,0.0,0.0,0.059629492286166916
gate6_ood_unsw,target_shift,label_flip_r_0.100,I_Ym,regime,60,0,0.0,0.0,0.059629492286166916
gate6_ood_unsw,target_shift,label_flip_r_0.100,I_XFY,regime,60,0,0.0,0.0,0.059629492286166916
gate6_ood_unsw,target_shift,label_flip_r_0.100,integrity_pred_disagreement,sensor_exact,60,0,0.0,0.0,0.059629492286166916
gate6_ood_unsw,target_shift,label_flip_r_0.100,integrity_confusion_profile_l1_delta,sensor_exact,60,60,1.0,0.9403705077138331,1.0
gate6_ood_unsw,target_shift,label_flip_r_0.100,integrity_confusion_profile_jsd_delta,sensor_exact,60,60,1.0,0.9403705077138331,1.0
gate6_ood_unsw,target_shift,label_flip_r_0.100,label_flip_rate,sensor_exact,60,60,1.0,0.9403705077138331,1.0
gate6_ood_unsw,target_shift,label_flip_r_0.100,I_XF_item_aligned,regime_exact,60,0,0.0,0.0,0.059629492286166916
gate6_ood_unsw,target_shift,label_flip_r_0.100,I_XFY_item_aligned,regime_exact,60,60,1.0,0.9403705077138331,1.0
