regime,policy,policy_class,tau,attack,attack_class,mechanism,strength,n,n_material,unsafe_allow,true_hold,true_block,immaterial_allow,integrity_only_hold_block,containment,unsafe_allow_rate
I_X,union_uncalibrated,"uncalibrated, risk-tolerant (1.1.0 union of per-sensor rules)",0.0,cluster_preserving_mean_shift_delta_0.020,adaptive,mean_shift,0.02,600,174,173,1,0,421,5,0.005747126436781609,0.9942528735632183
I_X,union_uncalibrated,"uncalibrated, risk-tolerant (1.1.0 union of per-sensor rules)",0.02,cluster_preserving_mean_shift_delta_0.020,adaptive,mean_shift,0.02,600,17,17,0,0,577,6,0.0,1.0
I_X,union_uncalibrated,"uncalibrated, risk-tolerant (1.1.0 union of per-sensor rules)",0.05,cluster_preserving_mean_shift_delta_0.020,adaptive,mean_shift,0.02,600,2,2,0,0,592,6,0.0,1.0
I_X,union_uncalibrated,"uncalibrated, risk-tolerant (1.1.0 union of per-sensor rules)",0.0,cluster_preserving_mean_shift_delta_0.050,adaptive,mean_shift,0.05,600,237,211,26,0,332,31,0.10970464135021098,0.890295358649789
I_X,union_uncalibrated,"uncalibrated, risk-tolerant (1.1.0 union of per-sensor rules)",0.02,cluster_preserving_mean_shift_delta_0.050,adaptive,mean_shift,0.05,600,59,50,9,0,493,48,0.15254237288135594,0.847457627118644
I_X,union_uncalibrated,"uncalibrated, risk-tolerant (1.1.0 union of per-sensor rules)",0.05,cluster_preserving_mean_shift_delta_0.050,adaptive,mean_shift,0.05,600,8,6,2,0,537,55,0.25,0.75
I_X,union_uncalibrated,"uncalibrated, risk-tolerant (1.1.0 union of per-sensor rules)",0.0,cluster_preserving_mean_shift_delta_0.100,adaptive,mean_shift,0.1,600,322,182,140,0,178,100,0.43478260869565216,0.5652173913043478
I_X,union_uncalibrated,"uncalibrated, risk-tolerant (1.1.0 union of per-sensor rules)",0.02,cluster_preserving_mean_shift_delta_0.100,adaptive,mean_shift,0.1,600,131,75,56,0,285,184,0.42748091603053434,0.5725190839694656
I_X,union_uncalibrated,"uncalibrated, risk-tolerant (1.1.0 union of per-sensor rules)",0.05,cluster_preserving_mean_shift_delta_0.100,adaptive,mean_shift,0.1,600,32,12,20,0,348,220,0.625,0.375
I_X,union_uncalibrated,"uncalibrated, risk-tolerant (1.1.0 union of per-sensor rules)",0.0,cluster_preserving_mean_shift_delta_0.250,adaptive,mean_shift,0.25,600,411,53,358,0,52,137,0.8710462287104623,0.12895377128953772
I_X,union_uncalibrated,"uncalibrated, risk-tolerant (1.1.0 union of per-sensor rules)",0.02,cluster_preserving_mean_shift_delta_0.250,adaptive,mean_shift,0.25,600,253,22,231,0,83,264,0.9130434782608695,0.08695652173913043
I_X,union_uncalibrated,"uncalibrated, risk-tolerant (1.1.0 union of per-sensor rules)",0.05,cluster_preserving_mean_shift_delta_0.250,adaptive,mean_shift,0.25,600,130,2,128,0,103,367,0.9846153846153847,0.015384615384615385
I_X,union_uncalibrated,"uncalibrated, risk-tolerant (1.1.0 union of per-sensor rules)",0.0,cluster_preserving_mean_shift_delta_0.500,adaptive,mean_shift,0.5,600,454,30,424,0,27,119,0.933920704845815,0.06607929515418502
I_X,union_uncalibrated,"uncalibrated, risk-tolerant (1.1.0 union of per-sensor rules)",0.02,cluster_preserving_mean_shift_delta_0.500,adaptive,mean_shift,0.5,600,314,14,300,0,43,243,0.9554140127388535,0.044585987261146494
I_X,union_uncalibrated,"uncalibrated, risk-tolerant (1.1.0 union of per-sensor rules)",0.05,cluster_preserving_mean_shift_delta_0.500,adaptive,mean_shift,0.5,600,209,7,202,0,50,341,0.9665071770334929,0.03349282296650718
I_X,union_uncalibrated,"uncalibrated, risk-tolerant (1.1.0 union of per-sensor rules)",0.0,cluster_preserving_scaling_alpha_0.020,adaptive,scaling_drift,0.02,600,241,204,37,0,354,5,0.15352697095435686,0.8464730290456431
I_X,union_uncalibrated,"uncalibrated, risk-tolerant (1.1.0 union of per-sensor rules)",0.02,cluster_preserving_scaling_alpha_0.020,adaptive,scaling_drift,0.02,600,65,52,13,0,506,29,0.2,0.8
I_X,union_uncalibrated,"uncalibrated, risk-tolerant (1.1.0 union of per-sensor rules)",0.05,cluster_preserving_scaling_alpha_0.020,adaptive,scaling_drift,0.02,600,10,7,3,0,551,39,0.3,0.7
I_X,union_uncalibrated,"uncalibrated, risk-tolerant (1.1.0 union of per-sensor rules)",0.0,cluster_preserving_scaling_alpha_0.050,adaptive,scaling_drift,0.05,600,313,164,149,0,204,83,0.476038338658147,0.5239616613418531
I_X,union_uncalibrated,"uncalibrated, risk-tolerant (1.1.0 union of per-sensor rules)",0.02,cluster_preserving_scaling_alpha_0.050,adaptive,scaling_drift,0.05,600,163,67,96,0,301,136,0.588957055214724,0.4110429447852761
I_X,union_uncalibrated,"uncalibrated, risk-tolerant (1.1.0 union of per-sensor rules)",0.05,cluster_preserving_scaling_alpha_0.050,adaptive,scaling_drift,0.05,600,66,20,46,0,348,186,0.696969696969697,0.30303030303030304
I_X,union_uncalibrated,"uncalibrated, risk-tolerant (1.1.0 union of per-sensor rules)",0.0,cluster_preserving_scaling_alpha_0.100,adaptive,scaling_drift,0.1,600,350,100,250,0,133,117,0.7142857142857143,0.2857142857142857
I_X,union_uncalibrated,"uncalibrated, risk-tolerant (1.1.0 union of per-sensor rules)",0.02,cluster_preserving_scaling_alpha_0.100,adaptive,scaling_drift,0.1,600,215,43,172,0,190,195,0.8,0.2
I_X,union_uncalibrated,"uncalibrated, risk-tolerant (1.1.0 union of per-sensor rules)",0.05,cluster_preserving_scaling_alpha_0.100,adaptive,scaling_drift,0.1,600,124,15,109,0,218,258,0.8790322580645161,0.12096774193548387
I_X,union_uncalibrated,"uncalibrated, risk-tolerant (1.1.0 union of per-sensor rules)",0.0,cluster_preserving_scaling_alpha_0.250,adaptive,scaling_drift,0.25,600,431,54,377,0,71,98,0.8747099767981439,0.12529002320185614
I_X,union_uncalibrated,"uncalibrated, risk-tolerant (1.1.0 union of per-sensor rules)",0.02,cluster_preserving_scaling_alpha_0.250,adaptive,scaling_drift,0.25,600,282,16,266,0,109,209,0.9432624113475178,0.05673758865248227
I_X,union_uncalibrated,"uncalibrated, risk-tolerant (1.1.0 union of per-sensor rules)",0.05,cluster_preserving_scaling_alpha_0.250,adaptive,scaling_drift,0.25,600,196,6,190,0,119,285,0.9693877551020408,0.030612244897959183
I_X,union_uncalibrated,"uncalibrated, risk-tolerant (1.1.0 union of per-sensor rules)",0.0,cluster_preserving_scaling_alpha_0.500,adaptive,scaling_drift,0.5,600,485,36,449,0,20,95,0.9257731958762887,0.07422680412371134
I_X,union_uncalibrated,"uncalibrated, risk-tolerant (1.1.0 union of per-sensor rules)",0.02,cluster_preserving_scaling_alpha_0.500,adaptive,scaling_drift,0.5,600,320,15,305,0,41,239,0.953125,0.046875
I_X,union_uncalibrated,"uncalibrated, risk-tolerant (1.1.0 union of per-sensor rules)",0.05,cluster_preserving_scaling_alpha_0.500,adaptive,scaling_drift,0.5,600,211,1,210,0,55,334,0.995260663507109,0.004739336492890996
I_X,union_uncalibrated,"uncalibrated, risk-tolerant (1.1.0 union of per-sensor rules)",0.0,mean_shift_pf_delta_0.020,control,mean_shift,0.02,600,197,0,197,0,0,403,1.0,0.0
I_X,union_uncalibrated,"uncalibrated, risk-tolerant (1.1.0 union of per-sensor rules)",0.02,mean_shift_pf_delta_0.020,control,mean_shift,0.02,600,59,0,59,0,0,541,1.0,0.0
I_X,union_uncalibrated,"uncalibrated, risk-tolerant (1.1.0 union of per-sensor rules)",0.05,mean_shift_pf_delta_0.020,control,mean_shift,0.02,600,35,0,35,0,0,565,1.0,0.0
I_X,union_uncalibrated,"uncalibrated, risk-tolerant (1.1.0 union of per-sensor rules)",0.0,mean_shift_pf_delta_0.050,control,mean_shift,0.05,600,275,0,275,0,0,325,1.0,0.0
I_X,union_uncalibrated,"uncalibrated, risk-tolerant (1.1.0 union of per-sensor rules)",0.02,mean_shift_pf_delta_0.050,control,mean_shift,0.05,600,118,0,118,0,0,482,1.0,0.0
I_X,union_uncalibrated,"uncalibrated, risk-tolerant (1.1.0 union of per-sensor rules)",0.05,mean_shift_pf_delta_0.050,control,mean_shift,0.05,600,68,0,68,0,0,532,1.0,0.0
I_X,union_uncalibrated,"uncalibrated, risk-tolerant (1.1.0 union of per-sensor rules)",0.0,mean_shift_pf_delta_0.100,control,mean_shift,0.1,600,355,0,355,0,0,245,1.0,0.0
I_X,union_uncalibrated,"uncalibrated, risk-tolerant (1.1.0 union of per-sensor rules)",0.02,mean_shift_pf_delta_0.100,control,mean_shift,0.1,600,212,0,212,0,0,388,1.0,0.0
I_X,union_uncalibrated,"uncalibrated, risk-tolerant (1.1.0 union of per-sensor rules)",0.05,mean_shift_pf_delta_0.100,control,mean_shift,0.1,600,147,0,147,0,0,453,1.0,0.0
I_X,union_uncalibrated,"uncalibrated, risk-tolerant (1.1.0 union of per-sensor rules)",0.0,scaling_drift_alpha_0.020,control,scaling_drift,0.02,600,290,0,290,0,0,310,1.0,0.0
I_X,union_uncalibrated,"uncalibrated, risk-tolerant (1.1.0 union of per-sensor rules)",0.02,scaling_drift_alpha_0.020,control,scaling_drift,0.02,600,135,0,135,0,0,465,1.0,0.0
I_X,union_uncalibrated,"uncalibrated, risk-tolerant (1.1.0 union of per-sensor rules)",0.05,scaling_drift_alpha_0.020,control,scaling_drift,0.02,600,83,0,83,0,0,517,1.0,0.0
I_X,union_uncalibrated,"uncalibrated, risk-tolerant (1.1.0 union of per-sensor rules)",0.0,scaling_drift_alpha_0.050,control,scaling_drift,0.05,600,345,0,345,0,0,255,1.0,0.0
I_X,union_uncalibrated,"uncalibrated, risk-tolerant (1.1.0 union of per-sensor rules)",0.02,scaling_drift_alpha_0.050,control,scaling_drift,0.05,600,250,0,250,0,0,350,1.0,0.0
I_X,union_uncalibrated,"uncalibrated, risk-tolerant (1.1.0 union of per-sensor rules)",0.05,scaling_drift_alpha_0.050,control,scaling_drift,0.05,600,182,0,182,0,0,418,1.0,0.0
I_X,union_uncalibrated,"uncalibrated, risk-tolerant (1.1.0 union of per-sensor rules)",0.0,scaling_drift_alpha_0.100,control,scaling_drift,0.1,600,386,0,386,0,0,214,1.0,0.0
I_X,union_uncalibrated,"uncalibrated, risk-tolerant (1.1.0 union of per-sensor rules)",0.02,scaling_drift_alpha_0.100,control,scaling_drift,0.1,600,301,0,301,0,0,299,1.0,0.0
I_X,union_uncalibrated,"uncalibrated, risk-tolerant (1.1.0 union of per-sensor rules)",0.05,scaling_drift_alpha_0.100,control,scaling_drift,0.1,600,248,0,248,0,0,352,1.0,0.0
I_X,family_calibrated,"calibrated, risk-tolerant (may serve under a declared residual blind region)",0.0,cluster_preserving_mean_shift_delta_0.020,adaptive,mean_shift,0.02,600,174,173,1,0,423,3,0.005747126436781609,0.9942528735632183
I_X,family_calibrated,"calibrated, risk-tolerant (may serve under a declared residual blind region)",0.02,cluster_preserving_mean_shift_delta_0.020,adaptive,mean_shift,0.02,600,17,17,0,0,579,4,0.0,1.0
I_X,family_calibrated,"calibrated, risk-tolerant (may serve under a declared residual blind region)",0.05,cluster_preserving_mean_shift_delta_0.020,adaptive,mean_shift,0.02,600,2,2,0,0,594,4,0.0,1.0
I_X,family_calibrated,"calibrated, risk-tolerant (may serve under a declared residual blind region)",0.0,cluster_preserving_mean_shift_delta_0.050,adaptive,mean_shift,0.05,600,237,215,22,0,338,25,0.09282700421940929,0.9071729957805907
I_X,family_calibrated,"calibrated, risk-tolerant (may serve under a declared residual blind region)",0.02,cluster_preserving_mean_shift_delta_0.050,adaptive,mean_shift,0.05,600,59,51,8,0,502,39,0.13559322033898305,0.864406779661017
I_X,family_calibrated,"calibrated, risk-tolerant (may serve under a declared residual blind region)",0.05,cluster_preserving_mean_shift_delta_0.050,adaptive,mean_shift,0.05,600,8,6,2,0,547,45,0.25,0.75
I_X,family_calibrated,"calibrated, risk-tolerant (may serve under a declared residual blind region)",0.0,cluster_preserving_mean_shift_delta_0.100,adaptive,mean_shift,0.1,600,322,202,120,0,193,85,0.37267080745341613,0.6273291925465838
I_X,family_calibrated,"calibrated, risk-tolerant (may serve under a declared residual blind region)",0.02,cluster_preserving_mean_shift_delta_0.100,adaptive,mean_shift,0.1,600,131,86,45,0,309,160,0.3435114503816794,0.6564885496183206
I_X,family_calibrated,"calibrated, risk-tolerant (may serve under a declared residual blind region)",0.05,cluster_preserving_mean_shift_delta_0.100,adaptive,mean_shift,0.1,600,32,18,14,0,377,191,0.4375,0.5625
I_X,family_calibrated,"calibrated, risk-tolerant (may serve under a declared residual blind region)",0.0,cluster_preserving_mean_shift_delta_0.250,adaptive,mean_shift,0.25,600,411,69,342,0,57,132,0.8321167883211679,0.1678832116788321
I_X,family_calibrated,"calibrated, risk-tolerant (may serve under a declared residual blind region)",0.02,cluster_preserving_mean_shift_delta_0.250,adaptive,mean_shift,0.25,600,253,33,220,0,93,254,0.8695652173913043,0.13043478260869565
I_X,family_calibrated,"calibrated, risk-tolerant (may serve under a declared residual blind region)",0.05,cluster_preserving_mean_shift_delta_0.250,adaptive,mean_shift,0.25,600,130,4,126,0,122,348,0.9692307692307692,0.03076923076923077
I_X,family_calibrated,"calibrated, risk-tolerant (may serve under a declared residual blind region)",0.0,cluster_preserving_mean_shift_delta_0.500,adaptive,mean_shift,0.5,600,454,37,417,0,29,117,0.9185022026431718,0.08149779735682819
I_X,family_calibrated,"calibrated, risk-tolerant (may serve under a declared residual blind region)",0.02,cluster_preserving_mean_shift_delta_0.500,adaptive,mean_shift,0.5,600,314,18,296,0,48,238,0.9426751592356688,0.05732484076433121
I_X,family_calibrated,"calibrated, risk-tolerant (may serve under a declared residual blind region)",0.05,cluster_preserving_mean_shift_delta_0.500,adaptive,mean_shift,0.5,600,209,9,200,0,57,334,0.9569377990430622,0.0430622009569378
I_X,family_calibrated,"calibrated, risk-tolerant (may serve under a declared residual blind region)",0.0,cluster_preserving_scaling_alpha_0.020,adaptive,scaling_drift,0.02,600,241,215,26,0,355,4,0.1078838174273859,0.8921161825726142
I_X,family_calibrated,"calibrated, risk-tolerant (may serve under a declared residual blind region)",0.02,cluster_preserving_scaling_alpha_0.020,adaptive,scaling_drift,0.02,600,65,54,11,0,516,19,0.16923076923076924,0.8307692307692308
I_X,family_calibrated,"calibrated, risk-tolerant (may serve under a declared residual blind region)",0.05,cluster_preserving_scaling_alpha_0.020,adaptive,scaling_drift,0.02,600,10,7,3,0,563,27,0.3,0.7
I_X,family_calibrated,"calibrated, risk-tolerant (may serve under a declared residual blind region)",0.0,cluster_preserving_scaling_alpha_0.050,adaptive,scaling_drift,0.05,600,313,179,134,0,211,76,0.4281150159744409,0.5718849840255591
I_X,family_calibrated,"calibrated, risk-tolerant (may serve under a declared residual blind region)",0.02,cluster_preserving_scaling_alpha_0.050,adaptive,scaling_drift,0.05,600,163,74,89,0,316,121,0.5460122699386503,0.4539877300613497
I_X,family_calibrated,"calibrated, risk-tolerant (may serve under a declared residual blind region)",0.05,cluster_preserving_scaling_alpha_0.050,adaptive,scaling_drift,0.05,600,66,22,44,0,368,166,0.6666666666666666,0.3333333333333333
I_X,family_calibrated,"calibrated, risk-tolerant (may serve under a declared residual blind region)",0.0,cluster_preserving_scaling_alpha_0.100,adaptive,scaling_drift,0.1,600,350,120,230,0,141,109,0.6571428571428571,0.34285714285714286
I_X,family_calibrated,"calibrated, risk-tolerant (may serve under a declared residual blind region)",0.02,cluster_preserving_scaling_alpha_0.100,adaptive,scaling_drift,0.1,600,215,59,156,0,202,183,0.7255813953488373,0.2744186046511628
I_X,family_calibrated,"calibrated, risk-tolerant (may serve under a declared residual blind region)",0.05,cluster_preserving_scaling_alpha_0.100,adaptive,scaling_drift,0.1,600,124,25,99,0,236,240,0.7983870967741935,0.20161290322580644
I_X,family_calibrated,"calibrated, risk-tolerant (may serve under a declared residual blind region)",0.0,cluster_preserving_scaling_alpha_0.250,adaptive,scaling_drift,0.25,600,431,71,360,0,76,93,0.8352668213457076,0.16473317865429235
I_X,family_calibrated,"calibrated, risk-tolerant (may serve under a declared residual blind region)",0.02,cluster_preserving_scaling_alpha_0.250,adaptive,scaling_drift,0.25,600,282,28,254,0,119,199,0.900709219858156,0.09929078014184398
I_X,family_calibrated,"calibrated, risk-tolerant (may serve under a declared residual blind region)",0.05,cluster_preserving_scaling_alpha_0.250,adaptive,scaling_drift,0.25,600,196,10,186,0,137,267,0.9489795918367347,0.05102040816326531
I_X,family_calibrated,"calibrated, risk-tolerant (may serve under a declared residual blind region)",0.0,cluster_preserving_scaling_alpha_0.500,adaptive,scaling_drift,0.5,600,485,47,438,0,28,87,0.9030927835051547,0.09690721649484536
I_X,family_calibrated,"calibrated, risk-tolerant (may serve under a declared residual blind region)",0.02,cluster_preserving_scaling_alpha_0.500,adaptive,scaling_drift,0.5,600,320,19,301,0,56,224,0.940625,0.059375
I_X,family_calibrated,"calibrated, risk-tolerant (may serve under a declared residual blind region)",0.05,cluster_preserving_scaling_alpha_0.500,adaptive,scaling_drift,0.5,600,211,1,210,0,74,315,0.995260663507109,0.004739336492890996
I_X,family_calibrated,"calibrated, risk-tolerant (may serve under a declared residual blind region)",0.0,mean_shift_pf_delta_0.020,control,mean_shift,0.02,600,197,0,197,0,0,403,1.0,0.0
I_X,family_calibrated,"calibrated, risk-tolerant (may serve under a declared residual blind region)",0.02,mean_shift_pf_delta_0.020,control,mean_shift,0.02,600,59,0,59,0,0,541,1.0,0.0
I_X,family_calibrated,"calibrated, risk-tolerant (may serve under a declared residual blind region)",0.05,mean_shift_pf_delta_0.020,control,mean_shift,0.02,600,35,0,35,0,0,565,1.0,0.0
I_X,family_calibrated,"calibrated, risk-tolerant (may serve under a declared residual blind region)",0.0,mean_shift_pf_delta_0.050,control,mean_shift,0.05,600,275,0,275,0,0,325,1.0,0.0
I_X,family_calibrated,"calibrated, risk-tolerant (may serve under a declared residual blind region)",0.02,mean_shift_pf_delta_0.050,control,mean_shift,0.05,600,118,0,118,0,0,482,1.0,0.0
I_X,family_calibrated,"calibrated, risk-tolerant (may serve under a declared residual blind region)",0.05,mean_shift_pf_delta_0.050,control,mean_shift,0.05,600,68,0,68,0,0,532,1.0,0.0
I_X,family_calibrated,"calibrated, risk-tolerant (may serve under a declared residual blind region)",0.0,mean_shift_pf_delta_0.100,control,mean_shift,0.1,600,355,0,355,0,0,245,1.0,0.0
I_X,family_calibrated,"calibrated, risk-tolerant (may serve under a declared residual blind region)",0.02,mean_shift_pf_delta_0.100,control,mean_shift,0.1,600,212,0,212,0,0,388,1.0,0.0
I_X,family_calibrated,"calibrated, risk-tolerant (may serve under a declared residual blind region)",0.05,mean_shift_pf_delta_0.100,control,mean_shift,0.1,600,147,0,147,0,0,453,1.0,0.0
I_X,family_calibrated,"calibrated, risk-tolerant (may serve under a declared residual blind region)",0.0,scaling_drift_alpha_0.020,control,scaling_drift,0.02,600,290,0,290,0,3,307,1.0,0.0
I_X,family_calibrated,"calibrated, risk-tolerant (may serve under a declared residual blind region)",0.02,scaling_drift_alpha_0.020,control,scaling_drift,0.02,600,135,0,135,0,3,462,1.0,0.0
I_X,family_calibrated,"calibrated, risk-tolerant (may serve under a declared residual blind region)",0.05,scaling_drift_alpha_0.020,control,scaling_drift,0.02,600,83,0,83,0,3,514,1.0,0.0
I_X,family_calibrated,"calibrated, risk-tolerant (may serve under a declared residual blind region)",0.0,scaling_drift_alpha_0.050,control,scaling_drift,0.05,600,345,0,345,0,0,255,1.0,0.0
I_X,family_calibrated,"calibrated, risk-tolerant (may serve under a declared residual blind region)",0.02,scaling_drift_alpha_0.050,control,scaling_drift,0.05,600,250,0,250,0,0,350,1.0,0.0
I_X,family_calibrated,"calibrated, risk-tolerant (may serve under a declared residual blind region)",0.05,scaling_drift_alpha_0.050,control,scaling_drift,0.05,600,182,0,182,0,0,418,1.0,0.0
I_X,family_calibrated,"calibrated, risk-tolerant (may serve under a declared residual blind region)",0.0,scaling_drift_alpha_0.100,control,scaling_drift,0.1,600,386,0,386,0,0,214,1.0,0.0
I_X,family_calibrated,"calibrated, risk-tolerant (may serve under a declared residual blind region)",0.02,scaling_drift_alpha_0.100,control,scaling_drift,0.1,600,301,0,301,0,0,299,1.0,0.0
I_X,family_calibrated,"calibrated, risk-tolerant (may serve under a declared residual blind region)",0.05,scaling_drift_alpha_0.100,control,scaling_drift,0.1,600,248,0,248,0,0,352,1.0,0.0
I_X,family_calibrated_strict,coverage-complete abstaining (fail-closed on missing coverage: a mandatory boundary without declared exact or statistical coverage => hold; no minimum-power guarantee),0.0,cluster_preserving_mean_shift_delta_0.020,adaptive,mean_shift,0.02,600,174,0,174,0,0,426,1.0,0.0
I_X,family_calibrated_strict,coverage-complete abstaining (fail-closed on missing coverage: a mandatory boundary without declared exact or statistical coverage => hold; no minimum-power guarantee),0.02,cluster_preserving_mean_shift_delta_0.020,adaptive,mean_shift,0.02,600,17,0,17,0,0,583,1.0,0.0
I_X,family_calibrated_strict,coverage-complete abstaining (fail-closed on missing coverage: a mandatory boundary without declared exact or statistical coverage => hold; no minimum-power guarantee),0.05,cluster_preserving_mean_shift_delta_0.020,adaptive,mean_shift,0.02,600,2,0,2,0,0,598,1.0,0.0
I_X,family_calibrated_strict,coverage-complete abstaining (fail-closed on missing coverage: a mandatory boundary without declared exact or statistical coverage => hold; no minimum-power guarantee),0.0,cluster_preserving_mean_shift_delta_0.050,adaptive,mean_shift,0.05,600,237,0,237,0,0,363,1.0,0.0
I_X,family_calibrated_strict,coverage-complete abstaining (fail-closed on missing coverage: a mandatory boundary without declared exact or statistical coverage => hold; no minimum-power guarantee),0.02,cluster_preserving_mean_shift_delta_0.050,adaptive,mean_shift,0.05,600,59,0,59,0,0,541,1.0,0.0
I_X,family_calibrated_strict,coverage-complete abstaining (fail-closed on missing coverage: a mandatory boundary without declared exact or statistical coverage => hold; no minimum-power guarantee),0.05,cluster_preserving_mean_shift_delta_0.050,adaptive,mean_shift,0.05,600,8,0,8,0,0,592,1.0,0.0
I_X,family_calibrated_strict,coverage-complete abstaining (fail-closed on missing coverage: a mandatory boundary without declared exact or statistical coverage => hold; no minimum-power guarantee),0.0,cluster_preserving_mean_shift_delta_0.100,adaptive,mean_shift,0.1,600,322,0,322,0,0,278,1.0,0.0
I_X,family_calibrated_strict,coverage-complete abstaining (fail-closed on missing coverage: a mandatory boundary without declared exact or statistical coverage => hold; no minimum-power guarantee),0.02,cluster_preserving_mean_shift_delta_0.100,adaptive,mean_shift,0.1,600,131,0,131,0,0,469,1.0,0.0
I_X,family_calibrated_strict,coverage-complete abstaining (fail-closed on missing coverage: a mandatory boundary without declared exact or statistical coverage => hold; no minimum-power guarantee),0.05,cluster_preserving_mean_shift_delta_0.100,adaptive,mean_shift,0.1,600,32,0,32,0,0,568,1.0,0.0
I_X,family_calibrated_strict,coverage-complete abstaining (fail-closed on missing coverage: a mandatory boundary without declared exact or statistical coverage => hold; no minimum-power guarantee),0.0,cluster_preserving_mean_shift_delta_0.250,adaptive,mean_shift,0.25,600,411,0,411,0,0,189,1.0,0.0
I_X,family_calibrated_strict,coverage-complete abstaining (fail-closed on missing coverage: a mandatory boundary without declared exact or statistical coverage => hold; no minimum-power guarantee),0.02,cluster_preserving_mean_shift_delta_0.250,adaptive,mean_shift,0.25,600,253,0,253,0,0,347,1.0,0.0
I_X,family_calibrated_strict,coverage-complete abstaining (fail-closed on missing coverage: a mandatory boundary without declared exact or statistical coverage => hold; no minimum-power guarantee),0.05,cluster_preserving_mean_shift_delta_0.250,adaptive,mean_shift,0.25,600,130,0,130,0,0,470,1.0,0.0
I_X,family_calibrated_strict,coverage-complete abstaining (fail-closed on missing coverage: a mandatory boundary without declared exact or statistical coverage => hold; no minimum-power guarantee),0.0,cluster_preserving_mean_shift_delta_0.500,adaptive,mean_shift,0.5,600,454,0,454,0,0,146,1.0,0.0
I_X,family_calibrated_strict,coverage-complete abstaining (fail-closed on missing coverage: a mandatory boundary without declared exact or statistical coverage => hold; no minimum-power guarantee),0.02,cluster_preserving_mean_shift_delta_0.500,adaptive,mean_shift,0.5,600,314,0,314,0,0,286,1.0,0.0
I_X,family_calibrated_strict,coverage-complete abstaining (fail-closed on missing coverage: a mandatory boundary without declared exact or statistical coverage => hold; no minimum-power guarantee),0.05,cluster_preserving_mean_shift_delta_0.500,adaptive,mean_shift,0.5,600,209,0,209,0,0,391,1.0,0.0
I_X,family_calibrated_strict,coverage-complete abstaining (fail-closed on missing coverage: a mandatory boundary without declared exact or statistical coverage => hold; no minimum-power guarantee),0.0,cluster_preserving_scaling_alpha_0.020,adaptive,scaling_drift,0.02,600,241,0,241,0,0,359,1.0,0.0
I_X,family_calibrated_strict,coverage-complete abstaining (fail-closed on missing coverage: a mandatory boundary without declared exact or statistical coverage => hold; no minimum-power guarantee),0.02,cluster_preserving_scaling_alpha_0.020,adaptive,scaling_drift,0.02,600,65,0,65,0,0,535,1.0,0.0
I_X,family_calibrated_strict,coverage-complete abstaining (fail-closed on missing coverage: a mandatory boundary without declared exact or statistical coverage => hold; no minimum-power guarantee),0.05,cluster_preserving_scaling_alpha_0.020,adaptive,scaling_drift,0.02,600,10,0,10,0,0,590,1.0,0.0
I_X,family_calibrated_strict,coverage-complete abstaining (fail-closed on missing coverage: a mandatory boundary without declared exact or statistical coverage => hold; no minimum-power guarantee),0.0,cluster_preserving_scaling_alpha_0.050,adaptive,scaling_drift,0.05,600,313,0,313,0,0,287,1.0,0.0
I_X,family_calibrated_strict,coverage-complete abstaining (fail-closed on missing coverage: a mandatory boundary without declared exact or statistical coverage => hold; no minimum-power guarantee),0.02,cluster_preserving_scaling_alpha_0.050,adaptive,scaling_drift,0.05,600,163,0,163,0,0,437,1.0,0.0
I_X,family_calibrated_strict,coverage-complete abstaining (fail-closed on missing coverage: a mandatory boundary without declared exact or statistical coverage => hold; no minimum-power guarantee),0.05,cluster_preserving_scaling_alpha_0.050,adaptive,scaling_drift,0.05,600,66,0,66,0,0,534,1.0,0.0
I_X,family_calibrated_strict,coverage-complete abstaining (fail-closed on missing coverage: a mandatory boundary without declared exact or statistical coverage => hold; no minimum-power guarantee),0.0,cluster_preserving_scaling_alpha_0.100,adaptive,scaling_drift,0.1,600,350,0,350,0,0,250,1.0,0.0
I_X,family_calibrated_strict,coverage-complete abstaining (fail-closed on missing coverage: a mandatory boundary without declared exact or statistical coverage => hold; no minimum-power guarantee),0.02,cluster_preserving_scaling_alpha_0.100,adaptive,scaling_drift,0.1,600,215,0,215,0,0,385,1.0,0.0
I_X,family_calibrated_strict,coverage-complete abstaining (fail-closed on missing coverage: a mandatory boundary without declared exact or statistical coverage => hold; no minimum-power guarantee),0.05,cluster_preserving_scaling_alpha_0.100,adaptive,scaling_drift,0.1,600,124,0,124,0,0,476,1.0,0.0
I_X,family_calibrated_strict,coverage-complete abstaining (fail-closed on missing coverage: a mandatory boundary without declared exact or statistical coverage => hold; no minimum-power guarantee),0.0,cluster_preserving_scaling_alpha_0.250,adaptive,scaling_drift,0.25,600,431,0,431,0,0,169,1.0,0.0
I_X,family_calibrated_strict,coverage-complete abstaining (fail-closed on missing coverage: a mandatory boundary without declared exact or statistical coverage => hold; no minimum-power guarantee),0.02,cluster_preserving_scaling_alpha_0.250,adaptive,scaling_drift,0.25,600,282,0,282,0,0,318,1.0,0.0
I_X,family_calibrated_strict,coverage-complete abstaining (fail-closed on missing coverage: a mandatory boundary without declared exact or statistical coverage => hold; no minimum-power guarantee),0.05,cluster_preserving_scaling_alpha_0.250,adaptive,scaling_drift,0.25,600,196,0,196,0,0,404,1.0,0.0
I_X,family_calibrated_strict,coverage-complete abstaining (fail-closed on missing coverage: a mandatory boundary without declared exact or statistical coverage => hold; no minimum-power guarantee),0.0,cluster_preserving_scaling_alpha_0.500,adaptive,scaling_drift,0.5,600,485,0,485,0,0,115,1.0,0.0
I_X,family_calibrated_strict,coverage-complete abstaining (fail-closed on missing coverage: a mandatory boundary without declared exact or statistical coverage => hold; no minimum-power guarantee),0.02,cluster_preserving_scaling_alpha_0.500,adaptive,scaling_drift,0.5,600,320,0,320,0,0,280,1.0,0.0
I_X,family_calibrated_strict,coverage-complete abstaining (fail-closed on missing coverage: a mandatory boundary without declared exact or statistical coverage => hold; no minimum-power guarantee),0.05,cluster_preserving_scaling_alpha_0.500,adaptive,scaling_drift,0.5,600,211,0,211,0,0,389,1.0,0.0
I_X,family_calibrated_strict,coverage-complete abstaining (fail-closed on missing coverage: a mandatory boundary without declared exact or statistical coverage => hold; no minimum-power guarantee),0.0,mean_shift_pf_delta_0.020,control,mean_shift,0.02,600,197,0,197,0,0,403,1.0,0.0
I_X,family_calibrated_strict,coverage-complete abstaining (fail-closed on missing coverage: a mandatory boundary without declared exact or statistical coverage => hold; no minimum-power guarantee),0.02,mean_shift_pf_delta_0.020,control,mean_shift,0.02,600,59,0,59,0,0,541,1.0,0.0
I_X,family_calibrated_strict,coverage-complete abstaining (fail-closed on missing coverage: a mandatory boundary without declared exact or statistical coverage => hold; no minimum-power guarantee),0.05,mean_shift_pf_delta_0.020,control,mean_shift,0.02,600,35,0,35,0,0,565,1.0,0.0
I_X,family_calibrated_strict,coverage-complete abstaining (fail-closed on missing coverage: a mandatory boundary without declared exact or statistical coverage => hold; no minimum-power guarantee),0.0,mean_shift_pf_delta_0.050,control,mean_shift,0.05,600,275,0,275,0,0,325,1.0,0.0
I_X,family_calibrated_strict,coverage-complete abstaining (fail-closed on missing coverage: a mandatory boundary without declared exact or statistical coverage => hold; no minimum-power guarantee),0.02,mean_shift_pf_delta_0.050,control,mean_shift,0.05,600,118,0,118,0,0,482,1.0,0.0
I_X,family_calibrated_strict,coverage-complete abstaining (fail-closed on missing coverage: a mandatory boundary without declared exact or statistical coverage => hold; no minimum-power guarantee),0.05,mean_shift_pf_delta_0.050,control,mean_shift,0.05,600,68,0,68,0,0,532,1.0,0.0
I_X,family_calibrated_strict,coverage-complete abstaining (fail-closed on missing coverage: a mandatory boundary without declared exact or statistical coverage => hold; no minimum-power guarantee),0.0,mean_shift_pf_delta_0.100,control,mean_shift,0.1,600,355,0,355,0,0,245,1.0,0.0
I_X,family_calibrated_strict,coverage-complete abstaining (fail-closed on missing coverage: a mandatory boundary without declared exact or statistical coverage => hold; no minimum-power guarantee),0.02,mean_shift_pf_delta_0.100,control,mean_shift,0.1,600,212,0,212,0,0,388,1.0,0.0
I_X,family_calibrated_strict,coverage-complete abstaining (fail-closed on missing coverage: a mandatory boundary without declared exact or statistical coverage => hold; no minimum-power guarantee),0.05,mean_shift_pf_delta_0.100,control,mean_shift,0.1,600,147,0,147,0,0,453,1.0,0.0
I_X,family_calibrated_strict,coverage-complete abstaining (fail-closed on missing coverage: a mandatory boundary without declared exact or statistical coverage => hold; no minimum-power guarantee),0.0,scaling_drift_alpha_0.020,control,scaling_drift,0.02,600,290,0,290,0,0,310,1.0,0.0
I_X,family_calibrated_strict,coverage-complete abstaining (fail-closed on missing coverage: a mandatory boundary without declared exact or statistical coverage => hold; no minimum-power guarantee),0.02,scaling_drift_alpha_0.020,control,scaling_drift,0.02,600,135,0,135,0,0,465,1.0,0.0
I_X,family_calibrated_strict,coverage-complete abstaining (fail-closed on missing coverage: a mandatory boundary without declared exact or statistical coverage => hold; no minimum-power guarantee),0.05,scaling_drift_alpha_0.020,control,scaling_drift,0.02,600,83,0,83,0,0,517,1.0,0.0
I_X,family_calibrated_strict,coverage-complete abstaining (fail-closed on missing coverage: a mandatory boundary without declared exact or statistical coverage => hold; no minimum-power guarantee),0.0,scaling_drift_alpha_0.050,control,scaling_drift,0.05,600,345,0,345,0,0,255,1.0,0.0
I_X,family_calibrated_strict,coverage-complete abstaining (fail-closed on missing coverage: a mandatory boundary without declared exact or statistical coverage => hold; no minimum-power guarantee),0.02,scaling_drift_alpha_0.050,control,scaling_drift,0.05,600,250,0,250,0,0,350,1.0,0.0
I_X,family_calibrated_strict,coverage-complete abstaining (fail-closed on missing coverage: a mandatory boundary without declared exact or statistical coverage => hold; no minimum-power guarantee),0.05,scaling_drift_alpha_0.050,control,scaling_drift,0.05,600,182,0,182,0,0,418,1.0,0.0
I_X,family_calibrated_strict,coverage-complete abstaining (fail-closed on missing coverage: a mandatory boundary without declared exact or statistical coverage => hold; no minimum-power guarantee),0.0,scaling_drift_alpha_0.100,control,scaling_drift,0.1,600,386,0,386,0,0,214,1.0,0.0
I_X,family_calibrated_strict,coverage-complete abstaining (fail-closed on missing coverage: a mandatory boundary without declared exact or statistical coverage => hold; no minimum-power guarantee),0.02,scaling_drift_alpha_0.100,control,scaling_drift,0.1,600,301,0,301,0,0,299,1.0,0.0
I_X,family_calibrated_strict,coverage-complete abstaining (fail-closed on missing coverage: a mandatory boundary without declared exact or statistical coverage => hold; no minimum-power guarantee),0.05,scaling_drift_alpha_0.100,control,scaling_drift,0.1,600,248,0,248,0,0,352,1.0,0.0
I_XF,union_uncalibrated,"uncalibrated, risk-tolerant (1.1.0 union of per-sensor rules)",0.0,cluster_preserving_mean_shift_delta_0.020,adaptive,mean_shift,0.02,600,174,141,33,0,401,25,0.1896551724137931,0.8103448275862069
I_XF,union_uncalibrated,"uncalibrated, risk-tolerant (1.1.0 union of per-sensor rules)",0.02,cluster_preserving_mean_shift_delta_0.020,adaptive,mean_shift,0.02,600,17,14,3,0,528,55,0.17647058823529413,0.8235294117647058
I_XF,union_uncalibrated,"uncalibrated, risk-tolerant (1.1.0 union of per-sensor rules)",0.05,cluster_preserving_mean_shift_delta_0.020,adaptive,mean_shift,0.02,600,2,0,2,0,542,56,1.0,0.0
I_XF,union_uncalibrated,"uncalibrated, risk-tolerant (1.1.0 union of per-sensor rules)",0.0,cluster_preserving_mean_shift_delta_0.050,adaptive,mean_shift,0.05,600,237,126,111,0,288,75,0.46835443037974683,0.5316455696202531
I_XF,union_uncalibrated,"uncalibrated, risk-tolerant (1.1.0 union of per-sensor rules)",0.02,cluster_preserving_mean_shift_delta_0.050,adaptive,mean_shift,0.05,600,59,34,25,0,380,161,0.423728813559322,0.576271186440678
I_XF,union_uncalibrated,"uncalibrated, risk-tolerant (1.1.0 union of per-sensor rules)",0.05,cluster_preserving_mean_shift_delta_0.050,adaptive,mean_shift,0.05,600,8,3,5,0,411,181,0.625,0.375
I_XF,union_uncalibrated,"uncalibrated, risk-tolerant (1.1.0 union of per-sensor rules)",0.0,cluster_preserving_mean_shift_delta_0.100,adaptive,mean_shift,0.1,600,322,103,219,0,139,139,0.6801242236024845,0.3198757763975155
I_XF,union_uncalibrated,"uncalibrated, risk-tolerant (1.1.0 union of per-sensor rules)",0.02,cluster_preserving_mean_shift_delta_0.100,adaptive,mean_shift,0.1,600,131,36,95,0,206,263,0.7251908396946565,0.2748091603053435
I_XF,union_uncalibrated,"uncalibrated, risk-tolerant (1.1.0 union of per-sensor rules)",0.05,cluster_preserving_mean_shift_delta_0.100,adaptive,mean_shift,0.1,600,32,3,29,0,239,329,0.90625,0.09375
I_XF,union_uncalibrated,"uncalibrated, risk-tolerant (1.1.0 union of per-sensor rules)",0.0,cluster_preserving_mean_shift_delta_0.250,adaptive,mean_shift,0.25,600,411,40,371,0,40,149,0.902676399026764,0.09732360097323602
I_XF,union_uncalibrated,"uncalibrated, risk-tolerant (1.1.0 union of per-sensor rules)",0.02,cluster_preserving_mean_shift_delta_0.250,adaptive,mean_shift,0.25,600,253,13,240,0,67,280,0.9486166007905138,0.05138339920948617
I_XF,union_uncalibrated,"uncalibrated, risk-tolerant (1.1.0 union of per-sensor rules)",0.05,cluster_preserving_mean_shift_delta_0.250,adaptive,mean_shift,0.25,600,130,2,128,0,78,392,0.9846153846153847,0.015384615384615385
I_XF,union_uncalibrated,"uncalibrated, risk-tolerant (1.1.0 union of per-sensor rules)",0.0,cluster_preserving_mean_shift_delta_0.500,adaptive,mean_shift,0.5,600,454,19,435,0,20,126,0.9581497797356828,0.04185022026431718
I_XF,union_uncalibrated,"uncalibrated, risk-tolerant (1.1.0 union of per-sensor rules)",0.02,cluster_preserving_mean_shift_delta_0.500,adaptive,mean_shift,0.5,600,314,6,308,0,33,253,0.9808917197452229,0.01910828025477707
I_XF,union_uncalibrated,"uncalibrated, risk-tolerant (1.1.0 union of per-sensor rules)",0.05,cluster_preserving_mean_shift_delta_0.500,adaptive,mean_shift,0.5,600,209,2,207,0,37,354,0.9904306220095693,0.009569377990430622
I_XF,union_uncalibrated,"uncalibrated, risk-tolerant (1.1.0 union of per-sensor rules)",0.0,cluster_preserving_scaling_alpha_0.020,adaptive,scaling_drift,0.02,600,241,111,130,0,323,36,0.5394190871369294,0.4605809128630705
I_XF,union_uncalibrated,"uncalibrated, risk-tolerant (1.1.0 union of per-sensor rules)",0.02,cluster_preserving_scaling_alpha_0.020,adaptive,scaling_drift,0.02,600,65,22,43,0,412,123,0.6615384615384615,0.3384615384615385
I_XF,union_uncalibrated,"uncalibrated, risk-tolerant (1.1.0 union of per-sensor rules)",0.05,cluster_preserving_scaling_alpha_0.020,adaptive,scaling_drift,0.02,600,10,2,8,0,432,158,0.8,0.2
I_XF,union_uncalibrated,"uncalibrated, risk-tolerant (1.1.0 union of per-sensor rules)",0.0,cluster_preserving_scaling_alpha_0.050,adaptive,scaling_drift,0.05,600,313,70,243,0,189,98,0.7763578274760383,0.22364217252396165
I_XF,union_uncalibrated,"uncalibrated, risk-tolerant (1.1.0 union of per-sensor rules)",0.02,cluster_preserving_scaling_alpha_0.050,adaptive,scaling_drift,0.05,600,163,11,152,0,248,189,0.9325153374233128,0.06748466257668712
I_XF,union_uncalibrated,"uncalibrated, risk-tolerant (1.1.0 union of per-sensor rules)",0.05,cluster_preserving_scaling_alpha_0.050,adaptive,scaling_drift,0.05,600,66,2,64,0,257,277,0.9696969696969697,0.030303030303030304
I_XF,union_uncalibrated,"uncalibrated, risk-tolerant (1.1.0 union of per-sensor rules)",0.0,cluster_preserving_scaling_alpha_0.100,adaptive,scaling_drift,0.1,600,350,58,292,0,113,137,0.8342857142857143,0.1657142857142857
I_XF,union_uncalibrated,"uncalibrated, risk-tolerant (1.1.0 union of per-sensor rules)",0.02,cluster_preserving_scaling_alpha_0.100,adaptive,scaling_drift,0.1,600,215,13,202,0,158,227,0.9395348837209302,0.06046511627906977
I_XF,union_uncalibrated,"uncalibrated, risk-tolerant (1.1.0 union of per-sensor rules)",0.05,cluster_preserving_scaling_alpha_0.100,adaptive,scaling_drift,0.1,600,124,3,121,0,168,308,0.9758064516129032,0.024193548387096774
I_XF,union_uncalibrated,"uncalibrated, risk-tolerant (1.1.0 union of per-sensor rules)",0.0,cluster_preserving_scaling_alpha_0.250,adaptive,scaling_drift,0.25,600,431,32,399,0,57,112,0.925754060324826,0.07424593967517401
I_XF,union_uncalibrated,"uncalibrated, risk-tolerant (1.1.0 union of per-sensor rules)",0.02,cluster_preserving_scaling_alpha_0.250,adaptive,scaling_drift,0.25,600,282,8,274,0,81,237,0.9716312056737588,0.028368794326241134
I_XF,union_uncalibrated,"uncalibrated, risk-tolerant (1.1.0 union of per-sensor rules)",0.05,cluster_preserving_scaling_alpha_0.250,adaptive,scaling_drift,0.25,600,196,3,193,0,86,318,0.9846938775510204,0.015306122448979591
I_XF,union_uncalibrated,"uncalibrated, risk-tolerant (1.1.0 union of per-sensor rules)",0.0,cluster_preserving_scaling_alpha_0.500,adaptive,scaling_drift,0.5,600,485,19,466,0,12,103,0.9608247422680413,0.03917525773195876
I_XF,union_uncalibrated,"uncalibrated, risk-tolerant (1.1.0 union of per-sensor rules)",0.02,cluster_preserving_scaling_alpha_0.500,adaptive,scaling_drift,0.5,600,320,6,314,0,25,255,0.98125,0.01875
I_XF,union_uncalibrated,"uncalibrated, risk-tolerant (1.1.0 union of per-sensor rules)",0.05,cluster_preserving_scaling_alpha_0.500,adaptive,scaling_drift,0.5,600,211,0,211,0,31,358,1.0,0.0
I_XF,union_uncalibrated,"uncalibrated, risk-tolerant (1.1.0 union of per-sensor rules)",0.0,mean_shift_pf_delta_0.020,control,mean_shift,0.02,600,197,0,197,0,0,403,1.0,0.0
I_XF,union_uncalibrated,"uncalibrated, risk-tolerant (1.1.0 union of per-sensor rules)",0.02,mean_shift_pf_delta_0.020,control,mean_shift,0.02,600,59,0,59,0,0,541,1.0,0.0
I_XF,union_uncalibrated,"uncalibrated, risk-tolerant (1.1.0 union of per-sensor rules)",0.05,mean_shift_pf_delta_0.020,control,mean_shift,0.02,600,35,0,35,0,0,565,1.0,0.0
I_XF,union_uncalibrated,"uncalibrated, risk-tolerant (1.1.0 union of per-sensor rules)",0.0,mean_shift_pf_delta_0.050,control,mean_shift,0.05,600,275,0,275,0,0,325,1.0,0.0
I_XF,union_uncalibrated,"uncalibrated, risk-tolerant (1.1.0 union of per-sensor rules)",0.02,mean_shift_pf_delta_0.050,control,mean_shift,0.05,600,118,0,118,0,0,482,1.0,0.0
I_XF,union_uncalibrated,"uncalibrated, risk-tolerant (1.1.0 union of per-sensor rules)",0.05,mean_shift_pf_delta_0.050,control,mean_shift,0.05,600,68,0,68,0,0,532,1.0,0.0
I_XF,union_uncalibrated,"uncalibrated, risk-tolerant (1.1.0 union of per-sensor rules)",0.0,mean_shift_pf_delta_0.100,control,mean_shift,0.1,600,355,0,355,0,0,245,1.0,0.0
I_XF,union_uncalibrated,"uncalibrated, risk-tolerant (1.1.0 union of per-sensor rules)",0.02,mean_shift_pf_delta_0.100,control,mean_shift,0.1,600,212,0,212,0,0,388,1.0,0.0
I_XF,union_uncalibrated,"uncalibrated, risk-tolerant (1.1.0 union of per-sensor rules)",0.05,mean_shift_pf_delta_0.100,control,mean_shift,0.1,600,147,0,147,0,0,453,1.0,0.0
I_XF,union_uncalibrated,"uncalibrated, risk-tolerant (1.1.0 union of per-sensor rules)",0.0,scaling_drift_alpha_0.020,control,scaling_drift,0.02,600,290,0,290,0,0,310,1.0,0.0
I_XF,union_uncalibrated,"uncalibrated, risk-tolerant (1.1.0 union of per-sensor rules)",0.02,scaling_drift_alpha_0.020,control,scaling_drift,0.02,600,135,0,135,0,0,465,1.0,0.0
I_XF,union_uncalibrated,"uncalibrated, risk-tolerant (1.1.0 union of per-sensor rules)",0.05,scaling_drift_alpha_0.020,control,scaling_drift,0.02,600,83,0,83,0,0,517,1.0,0.0
I_XF,union_uncalibrated,"uncalibrated, risk-tolerant (1.1.0 union of per-sensor rules)",0.0,scaling_drift_alpha_0.050,control,scaling_drift,0.05,600,345,0,345,0,0,255,1.0,0.0
I_XF,union_uncalibrated,"uncalibrated, risk-tolerant (1.1.0 union of per-sensor rules)",0.02,scaling_drift_alpha_0.050,control,scaling_drift,0.05,600,250,0,250,0,0,350,1.0,0.0
I_XF,union_uncalibrated,"uncalibrated, risk-tolerant (1.1.0 union of per-sensor rules)",0.05,scaling_drift_alpha_0.050,control,scaling_drift,0.05,600,182,0,182,0,0,418,1.0,0.0
I_XF,union_uncalibrated,"uncalibrated, risk-tolerant (1.1.0 union of per-sensor rules)",0.0,scaling_drift_alpha_0.100,control,scaling_drift,0.1,600,386,0,386,0,0,214,1.0,0.0
I_XF,union_uncalibrated,"uncalibrated, risk-tolerant (1.1.0 union of per-sensor rules)",0.02,scaling_drift_alpha_0.100,control,scaling_drift,0.1,600,301,0,301,0,0,299,1.0,0.0
I_XF,union_uncalibrated,"uncalibrated, risk-tolerant (1.1.0 union of per-sensor rules)",0.05,scaling_drift_alpha_0.100,control,scaling_drift,0.1,600,248,0,248,0,0,352,1.0,0.0
I_XF,family_calibrated,"calibrated, risk-tolerant (may serve under a declared residual blind region)",0.0,cluster_preserving_mean_shift_delta_0.020,adaptive,mean_shift,0.02,600,174,155,19,0,409,17,0.10919540229885058,0.8908045977011494
I_XF,family_calibrated,"calibrated, risk-tolerant (may serve under a declared residual blind region)",0.02,cluster_preserving_mean_shift_delta_0.020,adaptive,mean_shift,0.02,600,17,16,1,0,548,35,0.058823529411764705,0.9411764705882353
I_XF,family_calibrated,"calibrated, risk-tolerant (may serve under a declared residual blind region)",0.05,cluster_preserving_mean_shift_delta_0.020,adaptive,mean_shift,0.02,600,2,1,1,0,563,35,0.5,0.5
I_XF,family_calibrated,"calibrated, risk-tolerant (may serve under a declared residual blind region)",0.0,cluster_preserving_mean_shift_delta_0.050,adaptive,mean_shift,0.05,600,237,151,86,0,307,56,0.3628691983122363,0.6371308016877637
I_XF,family_calibrated,"calibrated, risk-tolerant (may serve under a declared residual blind region)",0.02,cluster_preserving_mean_shift_delta_0.050,adaptive,mean_shift,0.05,600,59,41,18,0,417,124,0.3050847457627119,0.6949152542372882
I_XF,family_calibrated,"calibrated, risk-tolerant (may serve under a declared residual blind region)",0.05,cluster_preserving_mean_shift_delta_0.050,adaptive,mean_shift,0.05,600,8,4,4,0,454,138,0.5,0.5
I_XF,family_calibrated,"calibrated, risk-tolerant (may serve under a declared residual blind region)",0.0,cluster_preserving_mean_shift_delta_0.100,adaptive,mean_shift,0.1,600,322,139,183,0,171,107,0.5683229813664596,0.43167701863354035
I_XF,family_calibrated,"calibrated, risk-tolerant (may serve under a declared residual blind region)",0.02,cluster_preserving_mean_shift_delta_0.100,adaptive,mean_shift,0.1,600,131,47,84,0,263,206,0.6412213740458015,0.35877862595419846
I_XF,family_calibrated,"calibrated, risk-tolerant (may serve under a declared residual blind region)",0.05,cluster_preserving_mean_shift_delta_0.100,adaptive,mean_shift,0.1,600,32,9,23,0,301,267,0.71875,0.28125
I_XF,family_calibrated,"calibrated, risk-tolerant (may serve under a declared residual blind region)",0.0,cluster_preserving_mean_shift_delta_0.250,adaptive,mean_shift,0.25,600,411,65,346,0,54,135,0.8418491484184915,0.15815085158150852
I_XF,family_calibrated,"calibrated, risk-tolerant (may serve under a declared residual blind region)",0.02,cluster_preserving_mean_shift_delta_0.250,adaptive,mean_shift,0.25,600,253,23,230,0,96,251,0.9090909090909091,0.09090909090909091
I_XF,family_calibrated,"calibrated, risk-tolerant (may serve under a declared residual blind region)",0.05,cluster_preserving_mean_shift_delta_0.250,adaptive,mean_shift,0.25,600,130,4,126,0,115,355,0.9692307692307692,0.03076923076923077
I_XF,family_calibrated,"calibrated, risk-tolerant (may serve under a declared residual blind region)",0.0,cluster_preserving_mean_shift_delta_0.500,adaptive,mean_shift,0.5,600,454,33,421,0,27,119,0.9273127753303965,0.07268722466960352
I_XF,family_calibrated,"calibrated, risk-tolerant (may serve under a declared residual blind region)",0.02,cluster_preserving_mean_shift_delta_0.500,adaptive,mean_shift,0.5,600,314,12,302,0,48,238,0.9617834394904459,0.03821656050955414
I_XF,family_calibrated,"calibrated, risk-tolerant (may serve under a declared residual blind region)",0.05,cluster_preserving_mean_shift_delta_0.500,adaptive,mean_shift,0.5,600,209,3,206,0,57,334,0.9856459330143541,0.014354066985645933
I_XF,family_calibrated,"calibrated, risk-tolerant (may serve under a declared residual blind region)",0.0,cluster_preserving_scaling_alpha_0.020,adaptive,scaling_drift,0.02,600,241,131,110,0,334,25,0.45643153526970953,0.5435684647302904
I_XF,family_calibrated,"calibrated, risk-tolerant (may serve under a declared residual blind region)",0.02,cluster_preserving_scaling_alpha_0.020,adaptive,scaling_drift,0.02,600,65,29,36,0,436,99,0.5538461538461539,0.4461538461538462
I_XF,family_calibrated,"calibrated, risk-tolerant (may serve under a declared residual blind region)",0.05,cluster_preserving_scaling_alpha_0.020,adaptive,scaling_drift,0.02,600,10,3,7,0,462,128,0.7,0.3
I_XF,family_calibrated,"calibrated, risk-tolerant (may serve under a declared residual blind region)",0.0,cluster_preserving_scaling_alpha_0.050,adaptive,scaling_drift,0.05,600,313,107,206,0,213,74,0.65814696485623,0.34185303514376997
I_XF,family_calibrated,"calibrated, risk-tolerant (may serve under a declared residual blind region)",0.02,cluster_preserving_scaling_alpha_0.050,adaptive,scaling_drift,0.05,600,163,26,137,0,294,143,0.8404907975460123,0.15950920245398773
I_XF,family_calibrated,"calibrated, risk-tolerant (may serve under a declared residual blind region)",0.05,cluster_preserving_scaling_alpha_0.050,adaptive,scaling_drift,0.05,600,66,6,60,0,314,220,0.9090909090909091,0.09090909090909091
I_XF,family_calibrated,"calibrated, risk-tolerant (may serve under a declared residual blind region)",0.0,cluster_preserving_scaling_alpha_0.100,adaptive,scaling_drift,0.1,600,350,76,274,0,127,123,0.7828571428571428,0.21714285714285714
I_XF,family_calibrated,"calibrated, risk-tolerant (may serve under a declared residual blind region)",0.02,cluster_preserving_scaling_alpha_0.100,adaptive,scaling_drift,0.1,600,215,21,194,0,182,203,0.9023255813953488,0.09767441860465116
I_XF,family_calibrated,"calibrated, risk-tolerant (may serve under a declared residual blind region)",0.05,cluster_preserving_scaling_alpha_0.100,adaptive,scaling_drift,0.1,600,124,6,118,0,197,279,0.9516129032258065,0.04838709677419355
I_XF,family_calibrated,"calibrated, risk-tolerant (may serve under a declared residual blind region)",0.0,cluster_preserving_scaling_alpha_0.250,adaptive,scaling_drift,0.25,600,431,61,370,0,65,104,0.8584686774941995,0.14153132250580047
I_XF,family_calibrated,"calibrated, risk-tolerant (may serve under a declared residual blind region)",0.02,cluster_preserving_scaling_alpha_0.250,adaptive,scaling_drift,0.25,600,282,22,260,0,104,214,0.9219858156028369,0.07801418439716312
I_XF,family_calibrated,"calibrated, risk-tolerant (may serve under a declared residual blind region)",0.05,cluster_preserving_scaling_alpha_0.250,adaptive,scaling_drift,0.25,600,196,7,189,0,119,285,0.9642857142857143,0.03571428571428571
I_XF,family_calibrated,"calibrated, risk-tolerant (may serve under a declared residual blind region)",0.0,cluster_preserving_scaling_alpha_0.500,adaptive,scaling_drift,0.5,600,485,41,444,0,29,86,0.9154639175257732,0.08453608247422681
I_XF,family_calibrated,"calibrated, risk-tolerant (may serve under a declared residual blind region)",0.02,cluster_preserving_scaling_alpha_0.500,adaptive,scaling_drift,0.5,600,320,15,305,0,55,225,0.953125,0.046875
I_XF,family_calibrated,"calibrated, risk-tolerant (may serve under a declared residual blind region)",0.05,cluster_preserving_scaling_alpha_0.500,adaptive,scaling_drift,0.5,600,211,1,210,0,69,320,0.995260663507109,0.004739336492890996
I_XF,family_calibrated,"calibrated, risk-tolerant (may serve under a declared residual blind region)",0.0,mean_shift_pf_delta_0.020,control,mean_shift,0.02,600,197,4,193,0,12,391,0.9796954314720813,0.02030456852791878
I_XF,family_calibrated,"calibrated, risk-tolerant (may serve under a declared residual blind region)",0.02,mean_shift_pf_delta_0.020,control,mean_shift,0.02,600,59,1,58,0,15,526,0.9830508474576272,0.01694915254237288
I_XF,family_calibrated,"calibrated, risk-tolerant (may serve under a declared residual blind region)",0.05,mean_shift_pf_delta_0.020,control,mean_shift,0.02,600,35,0,35,0,16,549,1.0,0.0
I_XF,family_calibrated,"calibrated, risk-tolerant (may serve under a declared residual blind region)",0.0,mean_shift_pf_delta_0.050,control,mean_shift,0.05,600,275,0,275,0,0,325,1.0,0.0
I_XF,family_calibrated,"calibrated, risk-tolerant (may serve under a declared residual blind region)",0.02,mean_shift_pf_delta_0.050,control,mean_shift,0.05,600,118,0,118,0,0,482,1.0,0.0
I_XF,family_calibrated,"calibrated, risk-tolerant (may serve under a declared residual blind region)",0.05,mean_shift_pf_delta_0.050,control,mean_shift,0.05,600,68,0,68,0,0,532,1.0,0.0
I_XF,family_calibrated,"calibrated, risk-tolerant (may serve under a declared residual blind region)",0.0,mean_shift_pf_delta_0.100,control,mean_shift,0.1,600,355,0,355,0,0,245,1.0,0.0
I_XF,family_calibrated,"calibrated, risk-tolerant (may serve under a declared residual blind region)",0.02,mean_shift_pf_delta_0.100,control,mean_shift,0.1,600,212,0,212,0,0,388,1.0,0.0
I_XF,family_calibrated,"calibrated, risk-tolerant (may serve under a declared residual blind region)",0.05,mean_shift_pf_delta_0.100,control,mean_shift,0.1,600,147,0,147,0,0,453,1.0,0.0
I_XF,family_calibrated,"calibrated, risk-tolerant (may serve under a declared residual blind region)",0.0,scaling_drift_alpha_0.020,control,scaling_drift,0.02,600,290,2,288,0,20,290,0.993103448275862,0.006896551724137931
I_XF,family_calibrated,"calibrated, risk-tolerant (may serve under a declared residual blind region)",0.02,scaling_drift_alpha_0.020,control,scaling_drift,0.02,600,135,1,134,0,21,444,0.9925925925925926,0.007407407407407408
I_XF,family_calibrated,"calibrated, risk-tolerant (may serve under a declared residual blind region)",0.05,scaling_drift_alpha_0.020,control,scaling_drift,0.02,600,83,0,83,0,22,495,1.0,0.0
I_XF,family_calibrated,"calibrated, risk-tolerant (may serve under a declared residual blind region)",0.0,scaling_drift_alpha_0.050,control,scaling_drift,0.05,600,345,0,345,0,3,252,1.0,0.0
I_XF,family_calibrated,"calibrated, risk-tolerant (may serve under a declared residual blind region)",0.02,scaling_drift_alpha_0.050,control,scaling_drift,0.05,600,250,0,250,0,3,347,1.0,0.0
I_XF,family_calibrated,"calibrated, risk-tolerant (may serve under a declared residual blind region)",0.05,scaling_drift_alpha_0.050,control,scaling_drift,0.05,600,182,0,182,0,3,415,1.0,0.0
I_XF,family_calibrated,"calibrated, risk-tolerant (may serve under a declared residual blind region)",0.0,scaling_drift_alpha_0.100,control,scaling_drift,0.1,600,386,0,386,0,0,214,1.0,0.0
I_XF,family_calibrated,"calibrated, risk-tolerant (may serve under a declared residual blind region)",0.02,scaling_drift_alpha_0.100,control,scaling_drift,0.1,600,301,0,301,0,0,299,1.0,0.0
I_XF,family_calibrated,"calibrated, risk-tolerant (may serve under a declared residual blind region)",0.05,scaling_drift_alpha_0.100,control,scaling_drift,0.1,600,248,0,248,0,0,352,1.0,0.0
I_XF,family_calibrated_strict,coverage-complete abstaining (fail-closed on missing coverage: a mandatory boundary without declared exact or statistical coverage => hold; no minimum-power guarantee),0.0,cluster_preserving_mean_shift_delta_0.020,adaptive,mean_shift,0.02,600,174,0,174,0,0,426,1.0,0.0
I_XF,family_calibrated_strict,coverage-complete abstaining (fail-closed on missing coverage: a mandatory boundary without declared exact or statistical coverage => hold; no minimum-power guarantee),0.02,cluster_preserving_mean_shift_delta_0.020,adaptive,mean_shift,0.02,600,17,0,17,0,0,583,1.0,0.0
I_XF,family_calibrated_strict,coverage-complete abstaining (fail-closed on missing coverage: a mandatory boundary without declared exact or statistical coverage => hold; no minimum-power guarantee),0.05,cluster_preserving_mean_shift_delta_0.020,adaptive,mean_shift,0.02,600,2,0,2,0,0,598,1.0,0.0
I_XF,family_calibrated_strict,coverage-complete abstaining (fail-closed on missing coverage: a mandatory boundary without declared exact or statistical coverage => hold; no minimum-power guarantee),0.0,cluster_preserving_mean_shift_delta_0.050,adaptive,mean_shift,0.05,600,237,0,237,0,0,363,1.0,0.0
I_XF,family_calibrated_strict,coverage-complete abstaining (fail-closed on missing coverage: a mandatory boundary without declared exact or statistical coverage => hold; no minimum-power guarantee),0.02,cluster_preserving_mean_shift_delta_0.050,adaptive,mean_shift,0.05,600,59,0,59,0,0,541,1.0,0.0
I_XF,family_calibrated_strict,coverage-complete abstaining (fail-closed on missing coverage: a mandatory boundary without declared exact or statistical coverage => hold; no minimum-power guarantee),0.05,cluster_preserving_mean_shift_delta_0.050,adaptive,mean_shift,0.05,600,8,0,8,0,0,592,1.0,0.0
I_XF,family_calibrated_strict,coverage-complete abstaining (fail-closed on missing coverage: a mandatory boundary without declared exact or statistical coverage => hold; no minimum-power guarantee),0.0,cluster_preserving_mean_shift_delta_0.100,adaptive,mean_shift,0.1,600,322,0,322,0,0,278,1.0,0.0
I_XF,family_calibrated_strict,coverage-complete abstaining (fail-closed on missing coverage: a mandatory boundary without declared exact or statistical coverage => hold; no minimum-power guarantee),0.02,cluster_preserving_mean_shift_delta_0.100,adaptive,mean_shift,0.1,600,131,0,131,0,0,469,1.0,0.0
I_XF,family_calibrated_strict,coverage-complete abstaining (fail-closed on missing coverage: a mandatory boundary without declared exact or statistical coverage => hold; no minimum-power guarantee),0.05,cluster_preserving_mean_shift_delta_0.100,adaptive,mean_shift,0.1,600,32,0,32,0,0,568,1.0,0.0
I_XF,family_calibrated_strict,coverage-complete abstaining (fail-closed on missing coverage: a mandatory boundary without declared exact or statistical coverage => hold; no minimum-power guarantee),0.0,cluster_preserving_mean_shift_delta_0.250,adaptive,mean_shift,0.25,600,411,0,411,0,0,189,1.0,0.0
I_XF,family_calibrated_strict,coverage-complete abstaining (fail-closed on missing coverage: a mandatory boundary without declared exact or statistical coverage => hold; no minimum-power guarantee),0.02,cluster_preserving_mean_shift_delta_0.250,adaptive,mean_shift,0.25,600,253,0,253,0,0,347,1.0,0.0
I_XF,family_calibrated_strict,coverage-complete abstaining (fail-closed on missing coverage: a mandatory boundary without declared exact or statistical coverage => hold; no minimum-power guarantee),0.05,cluster_preserving_mean_shift_delta_0.250,adaptive,mean_shift,0.25,600,130,0,130,0,0,470,1.0,0.0
I_XF,family_calibrated_strict,coverage-complete abstaining (fail-closed on missing coverage: a mandatory boundary without declared exact or statistical coverage => hold; no minimum-power guarantee),0.0,cluster_preserving_mean_shift_delta_0.500,adaptive,mean_shift,0.5,600,454,0,454,0,0,146,1.0,0.0
I_XF,family_calibrated_strict,coverage-complete abstaining (fail-closed on missing coverage: a mandatory boundary without declared exact or statistical coverage => hold; no minimum-power guarantee),0.02,cluster_preserving_mean_shift_delta_0.500,adaptive,mean_shift,0.5,600,314,0,314,0,0,286,1.0,0.0
I_XF,family_calibrated_strict,coverage-complete abstaining (fail-closed on missing coverage: a mandatory boundary without declared exact or statistical coverage => hold; no minimum-power guarantee),0.05,cluster_preserving_mean_shift_delta_0.500,adaptive,mean_shift,0.5,600,209,0,209,0,0,391,1.0,0.0
I_XF,family_calibrated_strict,coverage-complete abstaining (fail-closed on missing coverage: a mandatory boundary without declared exact or statistical coverage => hold; no minimum-power guarantee),0.0,cluster_preserving_scaling_alpha_0.020,adaptive,scaling_drift,0.02,600,241,0,241,0,0,359,1.0,0.0
I_XF,family_calibrated_strict,coverage-complete abstaining (fail-closed on missing coverage: a mandatory boundary without declared exact or statistical coverage => hold; no minimum-power guarantee),0.02,cluster_preserving_scaling_alpha_0.020,adaptive,scaling_drift,0.02,600,65,0,65,0,0,535,1.0,0.0
I_XF,family_calibrated_strict,coverage-complete abstaining (fail-closed on missing coverage: a mandatory boundary without declared exact or statistical coverage => hold; no minimum-power guarantee),0.05,cluster_preserving_scaling_alpha_0.020,adaptive,scaling_drift,0.02,600,10,0,10,0,0,590,1.0,0.0
I_XF,family_calibrated_strict,coverage-complete abstaining (fail-closed on missing coverage: a mandatory boundary without declared exact or statistical coverage => hold; no minimum-power guarantee),0.0,cluster_preserving_scaling_alpha_0.050,adaptive,scaling_drift,0.05,600,313,0,313,0,0,287,1.0,0.0
I_XF,family_calibrated_strict,coverage-complete abstaining (fail-closed on missing coverage: a mandatory boundary without declared exact or statistical coverage => hold; no minimum-power guarantee),0.02,cluster_preserving_scaling_alpha_0.050,adaptive,scaling_drift,0.05,600,163,0,163,0,0,437,1.0,0.0
I_XF,family_calibrated_strict,coverage-complete abstaining (fail-closed on missing coverage: a mandatory boundary without declared exact or statistical coverage => hold; no minimum-power guarantee),0.05,cluster_preserving_scaling_alpha_0.050,adaptive,scaling_drift,0.05,600,66,0,66,0,0,534,1.0,0.0
I_XF,family_calibrated_strict,coverage-complete abstaining (fail-closed on missing coverage: a mandatory boundary without declared exact or statistical coverage => hold; no minimum-power guarantee),0.0,cluster_preserving_scaling_alpha_0.100,adaptive,scaling_drift,0.1,600,350,0,350,0,0,250,1.0,0.0
I_XF,family_calibrated_strict,coverage-complete abstaining (fail-closed on missing coverage: a mandatory boundary without declared exact or statistical coverage => hold; no minimum-power guarantee),0.02,cluster_preserving_scaling_alpha_0.100,adaptive,scaling_drift,0.1,600,215,0,215,0,0,385,1.0,0.0
I_XF,family_calibrated_strict,coverage-complete abstaining (fail-closed on missing coverage: a mandatory boundary without declared exact or statistical coverage => hold; no minimum-power guarantee),0.05,cluster_preserving_scaling_alpha_0.100,adaptive,scaling_drift,0.1,600,124,0,124,0,0,476,1.0,0.0
I_XF,family_calibrated_strict,coverage-complete abstaining (fail-closed on missing coverage: a mandatory boundary without declared exact or statistical coverage => hold; no minimum-power guarantee),0.0,cluster_preserving_scaling_alpha_0.250,adaptive,scaling_drift,0.25,600,431,0,431,0,0,169,1.0,0.0
I_XF,family_calibrated_strict,coverage-complete abstaining (fail-closed on missing coverage: a mandatory boundary without declared exact or statistical coverage => hold; no minimum-power guarantee),0.02,cluster_preserving_scaling_alpha_0.250,adaptive,scaling_drift,0.25,600,282,0,282,0,0,318,1.0,0.0
I_XF,family_calibrated_strict,coverage-complete abstaining (fail-closed on missing coverage: a mandatory boundary without declared exact or statistical coverage => hold; no minimum-power guarantee),0.05,cluster_preserving_scaling_alpha_0.250,adaptive,scaling_drift,0.25,600,196,0,196,0,0,404,1.0,0.0
I_XF,family_calibrated_strict,coverage-complete abstaining (fail-closed on missing coverage: a mandatory boundary without declared exact or statistical coverage => hold; no minimum-power guarantee),0.0,cluster_preserving_scaling_alpha_0.500,adaptive,scaling_drift,0.5,600,485,0,485,0,0,115,1.0,0.0
I_XF,family_calibrated_strict,coverage-complete abstaining (fail-closed on missing coverage: a mandatory boundary without declared exact or statistical coverage => hold; no minimum-power guarantee),0.02,cluster_preserving_scaling_alpha_0.500,adaptive,scaling_drift,0.5,600,320,0,320,0,0,280,1.0,0.0
I_XF,family_calibrated_strict,coverage-complete abstaining (fail-closed on missing coverage: a mandatory boundary without declared exact or statistical coverage => hold; no minimum-power guarantee),0.05,cluster_preserving_scaling_alpha_0.500,adaptive,scaling_drift,0.5,600,211,0,211,0,0,389,1.0,0.0
I_XF,family_calibrated_strict,coverage-complete abstaining (fail-closed on missing coverage: a mandatory boundary without declared exact or statistical coverage => hold; no minimum-power guarantee),0.0,mean_shift_pf_delta_0.020,control,mean_shift,0.02,600,197,0,197,0,0,403,1.0,0.0
I_XF,family_calibrated_strict,coverage-complete abstaining (fail-closed on missing coverage: a mandatory boundary without declared exact or statistical coverage => hold; no minimum-power guarantee),0.02,mean_shift_pf_delta_0.020,control,mean_shift,0.02,600,59,0,59,0,0,541,1.0,0.0
I_XF,family_calibrated_strict,coverage-complete abstaining (fail-closed on missing coverage: a mandatory boundary without declared exact or statistical coverage => hold; no minimum-power guarantee),0.05,mean_shift_pf_delta_0.020,control,mean_shift,0.02,600,35,0,35,0,0,565,1.0,0.0
I_XF,family_calibrated_strict,coverage-complete abstaining (fail-closed on missing coverage: a mandatory boundary without declared exact or statistical coverage => hold; no minimum-power guarantee),0.0,mean_shift_pf_delta_0.050,control,mean_shift,0.05,600,275,0,275,0,0,325,1.0,0.0
I_XF,family_calibrated_strict,coverage-complete abstaining (fail-closed on missing coverage: a mandatory boundary without declared exact or statistical coverage => hold; no minimum-power guarantee),0.02,mean_shift_pf_delta_0.050,control,mean_shift,0.05,600,118,0,118,0,0,482,1.0,0.0
I_XF,family_calibrated_strict,coverage-complete abstaining (fail-closed on missing coverage: a mandatory boundary without declared exact or statistical coverage => hold; no minimum-power guarantee),0.05,mean_shift_pf_delta_0.050,control,mean_shift,0.05,600,68,0,68,0,0,532,1.0,0.0
I_XF,family_calibrated_strict,coverage-complete abstaining (fail-closed on missing coverage: a mandatory boundary without declared exact or statistical coverage => hold; no minimum-power guarantee),0.0,mean_shift_pf_delta_0.100,control,mean_shift,0.1,600,355,0,355,0,0,245,1.0,0.0
I_XF,family_calibrated_strict,coverage-complete abstaining (fail-closed on missing coverage: a mandatory boundary without declared exact or statistical coverage => hold; no minimum-power guarantee),0.02,mean_shift_pf_delta_0.100,control,mean_shift,0.1,600,212,0,212,0,0,388,1.0,0.0
I_XF,family_calibrated_strict,coverage-complete abstaining (fail-closed on missing coverage: a mandatory boundary without declared exact or statistical coverage => hold; no minimum-power guarantee),0.05,mean_shift_pf_delta_0.100,control,mean_shift,0.1,600,147,0,147,0,0,453,1.0,0.0
I_XF,family_calibrated_strict,coverage-complete abstaining (fail-closed on missing coverage: a mandatory boundary without declared exact or statistical coverage => hold; no minimum-power guarantee),0.0,scaling_drift_alpha_0.020,control,scaling_drift,0.02,600,290,0,290,0,0,310,1.0,0.0
I_XF,family_calibrated_strict,coverage-complete abstaining (fail-closed on missing coverage: a mandatory boundary without declared exact or statistical coverage => hold; no minimum-power guarantee),0.02,scaling_drift_alpha_0.020,control,scaling_drift,0.02,600,135,0,135,0,0,465,1.0,0.0
I_XF,family_calibrated_strict,coverage-complete abstaining (fail-closed on missing coverage: a mandatory boundary without declared exact or statistical coverage => hold; no minimum-power guarantee),0.05,scaling_drift_alpha_0.020,control,scaling_drift,0.02,600,83,0,83,0,0,517,1.0,0.0
I_XF,family_calibrated_strict,coverage-complete abstaining (fail-closed on missing coverage: a mandatory boundary without declared exact or statistical coverage => hold; no minimum-power guarantee),0.0,scaling_drift_alpha_0.050,control,scaling_drift,0.05,600,345,0,345,0,0,255,1.0,0.0
I_XF,family_calibrated_strict,coverage-complete abstaining (fail-closed on missing coverage: a mandatory boundary without declared exact or statistical coverage => hold; no minimum-power guarantee),0.02,scaling_drift_alpha_0.050,control,scaling_drift,0.05,600,250,0,250,0,0,350,1.0,0.0
I_XF,family_calibrated_strict,coverage-complete abstaining (fail-closed on missing coverage: a mandatory boundary without declared exact or statistical coverage => hold; no minimum-power guarantee),0.05,scaling_drift_alpha_0.050,control,scaling_drift,0.05,600,182,0,182,0,0,418,1.0,0.0
I_XF,family_calibrated_strict,coverage-complete abstaining (fail-closed on missing coverage: a mandatory boundary without declared exact or statistical coverage => hold; no minimum-power guarantee),0.0,scaling_drift_alpha_0.100,control,scaling_drift,0.1,600,386,0,386,0,0,214,1.0,0.0
I_XF,family_calibrated_strict,coverage-complete abstaining (fail-closed on missing coverage: a mandatory boundary without declared exact or statistical coverage => hold; no minimum-power guarantee),0.02,scaling_drift_alpha_0.100,control,scaling_drift,0.1,600,301,0,301,0,0,299,1.0,0.0
I_XF,family_calibrated_strict,coverage-complete abstaining (fail-closed on missing coverage: a mandatory boundary without declared exact or statistical coverage => hold; no minimum-power guarantee),0.05,scaling_drift_alpha_0.100,control,scaling_drift,0.1,600,248,0,248,0,0,352,1.0,0.0
I_XFY,union_uncalibrated,"uncalibrated, risk-tolerant (1.1.0 union of per-sensor rules)",0.0,cluster_preserving_mean_shift_delta_0.020,adaptive,mean_shift,0.02,600,174,141,33,0,401,25,0.1896551724137931,0.8103448275862069
I_XFY,union_uncalibrated,"uncalibrated, risk-tolerant (1.1.0 union of per-sensor rules)",0.02,cluster_preserving_mean_shift_delta_0.020,adaptive,mean_shift,0.02,600,17,14,3,0,528,55,0.17647058823529413,0.8235294117647058
I_XFY,union_uncalibrated,"uncalibrated, risk-tolerant (1.1.0 union of per-sensor rules)",0.05,cluster_preserving_mean_shift_delta_0.020,adaptive,mean_shift,0.02,600,2,0,2,0,542,56,1.0,0.0
I_XFY,union_uncalibrated,"uncalibrated, risk-tolerant (1.1.0 union of per-sensor rules)",0.0,cluster_preserving_mean_shift_delta_0.050,adaptive,mean_shift,0.05,600,237,126,111,0,288,75,0.46835443037974683,0.5316455696202531
I_XFY,union_uncalibrated,"uncalibrated, risk-tolerant (1.1.0 union of per-sensor rules)",0.02,cluster_preserving_mean_shift_delta_0.050,adaptive,mean_shift,0.05,600,59,34,25,0,380,161,0.423728813559322,0.576271186440678
I_XFY,union_uncalibrated,"uncalibrated, risk-tolerant (1.1.0 union of per-sensor rules)",0.05,cluster_preserving_mean_shift_delta_0.050,adaptive,mean_shift,0.05,600,8,3,5,0,411,181,0.625,0.375
I_XFY,union_uncalibrated,"uncalibrated, risk-tolerant (1.1.0 union of per-sensor rules)",0.0,cluster_preserving_mean_shift_delta_0.100,adaptive,mean_shift,0.1,600,322,103,219,0,139,139,0.6801242236024845,0.3198757763975155
I_XFY,union_uncalibrated,"uncalibrated, risk-tolerant (1.1.0 union of per-sensor rules)",0.02,cluster_preserving_mean_shift_delta_0.100,adaptive,mean_shift,0.1,600,131,36,95,0,206,263,0.7251908396946565,0.2748091603053435
I_XFY,union_uncalibrated,"uncalibrated, risk-tolerant (1.1.0 union of per-sensor rules)",0.05,cluster_preserving_mean_shift_delta_0.100,adaptive,mean_shift,0.1,600,32,3,29,0,239,329,0.90625,0.09375
I_XFY,union_uncalibrated,"uncalibrated, risk-tolerant (1.1.0 union of per-sensor rules)",0.0,cluster_preserving_mean_shift_delta_0.250,adaptive,mean_shift,0.25,600,411,40,371,0,40,149,0.902676399026764,0.09732360097323602
I_XFY,union_uncalibrated,"uncalibrated, risk-tolerant (1.1.0 union of per-sensor rules)",0.02,cluster_preserving_mean_shift_delta_0.250,adaptive,mean_shift,0.25,600,253,13,240,0,67,280,0.9486166007905138,0.05138339920948617
I_XFY,union_uncalibrated,"uncalibrated, risk-tolerant (1.1.0 union of per-sensor rules)",0.05,cluster_preserving_mean_shift_delta_0.250,adaptive,mean_shift,0.25,600,130,2,128,0,78,392,0.9846153846153847,0.015384615384615385
I_XFY,union_uncalibrated,"uncalibrated, risk-tolerant (1.1.0 union of per-sensor rules)",0.0,cluster_preserving_mean_shift_delta_0.500,adaptive,mean_shift,0.5,600,454,17,437,0,20,126,0.9625550660792952,0.037444933920704845
I_XFY,union_uncalibrated,"uncalibrated, risk-tolerant (1.1.0 union of per-sensor rules)",0.02,cluster_preserving_mean_shift_delta_0.500,adaptive,mean_shift,0.5,600,314,4,310,0,33,253,0.9872611464968153,0.012738853503184714
I_XFY,union_uncalibrated,"uncalibrated, risk-tolerant (1.1.0 union of per-sensor rules)",0.05,cluster_preserving_mean_shift_delta_0.500,adaptive,mean_shift,0.5,600,209,1,208,0,36,355,0.9952153110047847,0.004784688995215311
I_XFY,union_uncalibrated,"uncalibrated, risk-tolerant (1.1.0 union of per-sensor rules)",0.0,cluster_preserving_scaling_alpha_0.020,adaptive,scaling_drift,0.02,600,241,111,130,0,323,36,0.5394190871369294,0.4605809128630705
I_XFY,union_uncalibrated,"uncalibrated, risk-tolerant (1.1.0 union of per-sensor rules)",0.02,cluster_preserving_scaling_alpha_0.020,adaptive,scaling_drift,0.02,600,65,22,43,0,412,123,0.6615384615384615,0.3384615384615385
I_XFY,union_uncalibrated,"uncalibrated, risk-tolerant (1.1.0 union of per-sensor rules)",0.05,cluster_preserving_scaling_alpha_0.020,adaptive,scaling_drift,0.02,600,10,2,8,0,432,158,0.8,0.2
I_XFY,union_uncalibrated,"uncalibrated, risk-tolerant (1.1.0 union of per-sensor rules)",0.0,cluster_preserving_scaling_alpha_0.050,adaptive,scaling_drift,0.05,600,313,70,243,0,189,98,0.7763578274760383,0.22364217252396165
I_XFY,union_uncalibrated,"uncalibrated, risk-tolerant (1.1.0 union of per-sensor rules)",0.02,cluster_preserving_scaling_alpha_0.050,adaptive,scaling_drift,0.05,600,163,11,152,0,248,189,0.9325153374233128,0.06748466257668712
I_XFY,union_uncalibrated,"uncalibrated, risk-tolerant (1.1.0 union of per-sensor rules)",0.05,cluster_preserving_scaling_alpha_0.050,adaptive,scaling_drift,0.05,600,66,2,64,0,257,277,0.9696969696969697,0.030303030303030304
I_XFY,union_uncalibrated,"uncalibrated, risk-tolerant (1.1.0 union of per-sensor rules)",0.0,cluster_preserving_scaling_alpha_0.100,adaptive,scaling_drift,0.1,600,350,58,292,0,113,137,0.8342857142857143,0.1657142857142857
I_XFY,union_uncalibrated,"uncalibrated, risk-tolerant (1.1.0 union of per-sensor rules)",0.02,cluster_preserving_scaling_alpha_0.100,adaptive,scaling_drift,0.1,600,215,13,202,0,158,227,0.9395348837209302,0.06046511627906977
I_XFY,union_uncalibrated,"uncalibrated, risk-tolerant (1.1.0 union of per-sensor rules)",0.05,cluster_preserving_scaling_alpha_0.100,adaptive,scaling_drift,0.1,600,124,3,121,0,168,308,0.9758064516129032,0.024193548387096774
I_XFY,union_uncalibrated,"uncalibrated, risk-tolerant (1.1.0 union of per-sensor rules)",0.0,cluster_preserving_scaling_alpha_0.250,adaptive,scaling_drift,0.25,600,431,31,400,0,57,112,0.9280742459396751,0.07192575406032482
I_XFY,union_uncalibrated,"uncalibrated, risk-tolerant (1.1.0 union of per-sensor rules)",0.02,cluster_preserving_scaling_alpha_0.250,adaptive,scaling_drift,0.25,600,282,7,275,0,81,237,0.975177304964539,0.024822695035460994
I_XFY,union_uncalibrated,"uncalibrated, risk-tolerant (1.1.0 union of per-sensor rules)",0.05,cluster_preserving_scaling_alpha_0.250,adaptive,scaling_drift,0.25,600,196,2,194,0,86,318,0.9897959183673469,0.01020408163265306
I_XFY,union_uncalibrated,"uncalibrated, risk-tolerant (1.1.0 union of per-sensor rules)",0.0,cluster_preserving_scaling_alpha_0.500,adaptive,scaling_drift,0.5,600,485,19,466,0,12,103,0.9608247422680413,0.03917525773195876
I_XFY,union_uncalibrated,"uncalibrated, risk-tolerant (1.1.0 union of per-sensor rules)",0.02,cluster_preserving_scaling_alpha_0.500,adaptive,scaling_drift,0.5,600,320,6,314,0,25,255,0.98125,0.01875
I_XFY,union_uncalibrated,"uncalibrated, risk-tolerant (1.1.0 union of per-sensor rules)",0.05,cluster_preserving_scaling_alpha_0.500,adaptive,scaling_drift,0.5,600,211,0,211,0,31,358,1.0,0.0
I_XFY,union_uncalibrated,"uncalibrated, risk-tolerant (1.1.0 union of per-sensor rules)",0.0,mean_shift_pf_delta_0.020,control,mean_shift,0.02,600,197,0,197,0,0,403,1.0,0.0
I_XFY,union_uncalibrated,"uncalibrated, risk-tolerant (1.1.0 union of per-sensor rules)",0.02,mean_shift_pf_delta_0.020,control,mean_shift,0.02,600,59,0,59,0,0,541,1.0,0.0
I_XFY,union_uncalibrated,"uncalibrated, risk-tolerant (1.1.0 union of per-sensor rules)",0.05,mean_shift_pf_delta_0.020,control,mean_shift,0.02,600,35,0,35,0,0,565,1.0,0.0
I_XFY,union_uncalibrated,"uncalibrated, risk-tolerant (1.1.0 union of per-sensor rules)",0.0,mean_shift_pf_delta_0.050,control,mean_shift,0.05,600,275,0,275,0,0,325,1.0,0.0
I_XFY,union_uncalibrated,"uncalibrated, risk-tolerant (1.1.0 union of per-sensor rules)",0.02,mean_shift_pf_delta_0.050,control,mean_shift,0.05,600,118,0,118,0,0,482,1.0,0.0
I_XFY,union_uncalibrated,"uncalibrated, risk-tolerant (1.1.0 union of per-sensor rules)",0.05,mean_shift_pf_delta_0.050,control,mean_shift,0.05,600,68,0,68,0,0,532,1.0,0.0
I_XFY,union_uncalibrated,"uncalibrated, risk-tolerant (1.1.0 union of per-sensor rules)",0.0,mean_shift_pf_delta_0.100,control,mean_shift,0.1,600,355,0,355,0,0,245,1.0,0.0
I_XFY,union_uncalibrated,"uncalibrated, risk-tolerant (1.1.0 union of per-sensor rules)",0.02,mean_shift_pf_delta_0.100,control,mean_shift,0.1,600,212,0,212,0,0,388,1.0,0.0
I_XFY,union_uncalibrated,"uncalibrated, risk-tolerant (1.1.0 union of per-sensor rules)",0.05,mean_shift_pf_delta_0.100,control,mean_shift,0.1,600,147,0,147,0,0,453,1.0,0.0
I_XFY,union_uncalibrated,"uncalibrated, risk-tolerant (1.1.0 union of per-sensor rules)",0.0,scaling_drift_alpha_0.020,control,scaling_drift,0.02,600,290,0,290,0,0,310,1.0,0.0
I_XFY,union_uncalibrated,"uncalibrated, risk-tolerant (1.1.0 union of per-sensor rules)",0.02,scaling_drift_alpha_0.020,control,scaling_drift,0.02,600,135,0,135,0,0,465,1.0,0.0
I_XFY,union_uncalibrated,"uncalibrated, risk-tolerant (1.1.0 union of per-sensor rules)",0.05,scaling_drift_alpha_0.020,control,scaling_drift,0.02,600,83,0,83,0,0,517,1.0,0.0
I_XFY,union_uncalibrated,"uncalibrated, risk-tolerant (1.1.0 union of per-sensor rules)",0.0,scaling_drift_alpha_0.050,control,scaling_drift,0.05,600,345,0,345,0,0,255,1.0,0.0
I_XFY,union_uncalibrated,"uncalibrated, risk-tolerant (1.1.0 union of per-sensor rules)",0.02,scaling_drift_alpha_0.050,control,scaling_drift,0.05,600,250,0,250,0,0,350,1.0,0.0
I_XFY,union_uncalibrated,"uncalibrated, risk-tolerant (1.1.0 union of per-sensor rules)",0.05,scaling_drift_alpha_0.050,control,scaling_drift,0.05,600,182,0,182,0,0,418,1.0,0.0
I_XFY,union_uncalibrated,"uncalibrated, risk-tolerant (1.1.0 union of per-sensor rules)",0.0,scaling_drift_alpha_0.100,control,scaling_drift,0.1,600,386,0,386,0,0,214,1.0,0.0
I_XFY,union_uncalibrated,"uncalibrated, risk-tolerant (1.1.0 union of per-sensor rules)",0.02,scaling_drift_alpha_0.100,control,scaling_drift,0.1,600,301,0,301,0,0,299,1.0,0.0
I_XFY,union_uncalibrated,"uncalibrated, risk-tolerant (1.1.0 union of per-sensor rules)",0.05,scaling_drift_alpha_0.100,control,scaling_drift,0.1,600,248,0,248,0,0,352,1.0,0.0
I_XFY,family_calibrated,"calibrated, risk-tolerant (may serve under a declared residual blind region)",0.0,cluster_preserving_mean_shift_delta_0.020,adaptive,mean_shift,0.02,600,174,156,18,0,410,16,0.10344827586206896,0.896551724137931
I_XFY,family_calibrated,"calibrated, risk-tolerant (may serve under a declared residual blind region)",0.02,cluster_preserving_mean_shift_delta_0.020,adaptive,mean_shift,0.02,600,17,16,1,0,550,33,0.058823529411764705,0.9411764705882353
I_XFY,family_calibrated,"calibrated, risk-tolerant (may serve under a declared residual blind region)",0.05,cluster_preserving_mean_shift_delta_0.020,adaptive,mean_shift,0.02,600,2,1,1,0,565,33,0.5,0.5
I_XFY,family_calibrated,"calibrated, risk-tolerant (may serve under a declared residual blind region)",0.0,cluster_preserving_mean_shift_delta_0.050,adaptive,mean_shift,0.05,600,237,159,78,0,311,52,0.3291139240506329,0.6708860759493671
I_XFY,family_calibrated,"calibrated, risk-tolerant (may serve under a declared residual blind region)",0.02,cluster_preserving_mean_shift_delta_0.050,adaptive,mean_shift,0.05,600,59,40,19,0,430,111,0.3220338983050847,0.6779661016949152
I_XFY,family_calibrated,"calibrated, risk-tolerant (may serve under a declared residual blind region)",0.05,cluster_preserving_mean_shift_delta_0.050,adaptive,mean_shift,0.05,600,8,3,5,0,467,125,0.625,0.375
I_XFY,family_calibrated,"calibrated, risk-tolerant (may serve under a declared residual blind region)",0.0,cluster_preserving_mean_shift_delta_0.100,adaptive,mean_shift,0.1,600,322,148,174,0,180,98,0.5403726708074534,0.45962732919254656
I_XFY,family_calibrated,"calibrated, risk-tolerant (may serve under a declared residual blind region)",0.02,cluster_preserving_mean_shift_delta_0.100,adaptive,mean_shift,0.1,600,131,52,79,0,276,193,0.6030534351145038,0.3969465648854962
I_XFY,family_calibrated,"calibrated, risk-tolerant (may serve under a declared residual blind region)",0.05,cluster_preserving_mean_shift_delta_0.100,adaptive,mean_shift,0.1,600,32,10,22,0,318,250,0.6875,0.3125
I_XFY,family_calibrated,"calibrated, risk-tolerant (may serve under a declared residual blind region)",0.0,cluster_preserving_mean_shift_delta_0.250,adaptive,mean_shift,0.25,600,411,67,344,0,59,130,0.8369829683698297,0.1630170316301703
I_XFY,family_calibrated,"calibrated, risk-tolerant (may serve under a declared residual blind region)",0.02,cluster_preserving_mean_shift_delta_0.250,adaptive,mean_shift,0.25,600,253,24,229,0,102,245,0.9051383399209486,0.09486166007905138
I_XFY,family_calibrated,"calibrated, risk-tolerant (may serve under a declared residual blind region)",0.05,cluster_preserving_mean_shift_delta_0.250,adaptive,mean_shift,0.25,600,130,4,126,0,122,348,0.9692307692307692,0.03076923076923077
I_XFY,family_calibrated,"calibrated, risk-tolerant (may serve under a declared residual blind region)",0.0,cluster_preserving_mean_shift_delta_0.500,adaptive,mean_shift,0.5,600,454,35,419,0,30,116,0.9229074889867841,0.07709251101321586
I_XFY,family_calibrated,"calibrated, risk-tolerant (may serve under a declared residual blind region)",0.02,cluster_preserving_mean_shift_delta_0.500,adaptive,mean_shift,0.5,600,314,12,302,0,53,233,0.9617834394904459,0.03821656050955414
I_XFY,family_calibrated,"calibrated, risk-tolerant (may serve under a declared residual blind region)",0.05,cluster_preserving_mean_shift_delta_0.500,adaptive,mean_shift,0.5,600,209,3,206,0,62,329,0.9856459330143541,0.014354066985645933
I_XFY,family_calibrated,"calibrated, risk-tolerant (may serve under a declared residual blind region)",0.0,cluster_preserving_scaling_alpha_0.020,adaptive,scaling_drift,0.02,600,241,132,109,0,335,24,0.45228215767634855,0.5477178423236515
I_XFY,family_calibrated,"calibrated, risk-tolerant (may serve under a declared residual blind region)",0.02,cluster_preserving_scaling_alpha_0.020,adaptive,scaling_drift,0.02,600,65,29,36,0,438,97,0.5538461538461539,0.4461538461538462
I_XFY,family_calibrated,"calibrated, risk-tolerant (may serve under a declared residual blind region)",0.05,cluster_preserving_scaling_alpha_0.020,adaptive,scaling_drift,0.02,600,10,3,7,0,464,126,0.7,0.3
I_XFY,family_calibrated,"calibrated, risk-tolerant (may serve under a declared residual blind region)",0.0,cluster_preserving_scaling_alpha_0.050,adaptive,scaling_drift,0.05,600,313,114,199,0,217,70,0.6357827476038339,0.36421725239616615
I_XFY,family_calibrated,"calibrated, risk-tolerant (may serve under a declared residual blind region)",0.02,cluster_preserving_scaling_alpha_0.050,adaptive,scaling_drift,0.05,600,163,29,134,0,302,135,0.8220858895705522,0.17791411042944785
I_XFY,family_calibrated,"calibrated, risk-tolerant (may serve under a declared residual blind region)",0.05,cluster_preserving_scaling_alpha_0.050,adaptive,scaling_drift,0.05,600,66,7,59,0,324,210,0.8939393939393939,0.10606060606060606
I_XFY,family_calibrated,"calibrated, risk-tolerant (may serve under a declared residual blind region)",0.0,cluster_preserving_scaling_alpha_0.100,adaptive,scaling_drift,0.1,600,350,78,272,0,130,120,0.7771428571428571,0.22285714285714286
I_XFY,family_calibrated,"calibrated, risk-tolerant (may serve under a declared residual blind region)",0.02,cluster_preserving_scaling_alpha_0.100,adaptive,scaling_drift,0.1,600,215,23,192,0,185,200,0.8930232558139535,0.10697674418604651
I_XFY,family_calibrated,"calibrated, risk-tolerant (may serve under a declared residual blind region)",0.05,cluster_preserving_scaling_alpha_0.100,adaptive,scaling_drift,0.1,600,124,7,117,0,201,275,0.9435483870967742,0.056451612903225805
I_XFY,family_calibrated,"calibrated, risk-tolerant (may serve under a declared residual blind region)",0.0,cluster_preserving_scaling_alpha_0.250,adaptive,scaling_drift,0.25,600,431,68,363,0,69,100,0.8422273781902552,0.15777262180974477
I_XFY,family_calibrated,"calibrated, risk-tolerant (may serve under a declared residual blind region)",0.02,cluster_preserving_scaling_alpha_0.250,adaptive,scaling_drift,0.25,600,282,25,257,0,112,206,0.9113475177304965,0.08865248226950355
I_XFY,family_calibrated,"calibrated, risk-tolerant (may serve under a declared residual blind region)",0.05,cluster_preserving_scaling_alpha_0.250,adaptive,scaling_drift,0.25,600,196,8,188,0,129,275,0.9591836734693877,0.04081632653061224
I_XFY,family_calibrated,"calibrated, risk-tolerant (may serve under a declared residual blind region)",0.0,cluster_preserving_scaling_alpha_0.500,adaptive,scaling_drift,0.5,600,485,49,436,0,33,82,0.8989690721649485,0.10103092783505155
I_XFY,family_calibrated,"calibrated, risk-tolerant (may serve under a declared residual blind region)",0.02,cluster_preserving_scaling_alpha_0.500,adaptive,scaling_drift,0.5,600,320,17,303,0,65,215,0.946875,0.053125
I_XFY,family_calibrated,"calibrated, risk-tolerant (may serve under a declared residual blind region)",0.05,cluster_preserving_scaling_alpha_0.500,adaptive,scaling_drift,0.5,600,211,1,210,0,81,308,0.995260663507109,0.004739336492890996
I_XFY,family_calibrated,"calibrated, risk-tolerant (may serve under a declared residual blind region)",0.0,mean_shift_pf_delta_0.020,control,mean_shift,0.02,600,197,4,193,0,12,391,0.9796954314720813,0.02030456852791878
I_XFY,family_calibrated,"calibrated, risk-tolerant (may serve under a declared residual blind region)",0.02,mean_shift_pf_delta_0.020,control,mean_shift,0.02,600,59,1,58,0,15,526,0.9830508474576272,0.01694915254237288
I_XFY,family_calibrated,"calibrated, risk-tolerant (may serve under a declared residual blind region)",0.05,mean_shift_pf_delta_0.020,control,mean_shift,0.02,600,35,0,35,0,16,549,1.0,0.0
I_XFY,family_calibrated,"calibrated, risk-tolerant (may serve under a declared residual blind region)",0.0,mean_shift_pf_delta_0.050,control,mean_shift,0.05,600,275,0,275,0,1,324,1.0,0.0
I_XFY,family_calibrated,"calibrated, risk-tolerant (may serve under a declared residual blind region)",0.02,mean_shift_pf_delta_0.050,control,mean_shift,0.05,600,118,0,118,0,1,481,1.0,0.0
I_XFY,family_calibrated,"calibrated, risk-tolerant (may serve under a declared residual blind region)",0.05,mean_shift_pf_delta_0.050,control,mean_shift,0.05,600,68,0,68,0,1,531,1.0,0.0
I_XFY,family_calibrated,"calibrated, risk-tolerant (may serve under a declared residual blind region)",0.0,mean_shift_pf_delta_0.100,control,mean_shift,0.1,600,355,0,355,0,0,245,1.0,0.0
I_XFY,family_calibrated,"calibrated, risk-tolerant (may serve under a declared residual blind region)",0.02,mean_shift_pf_delta_0.100,control,mean_shift,0.1,600,212,0,212,0,0,388,1.0,0.0
I_XFY,family_calibrated,"calibrated, risk-tolerant (may serve under a declared residual blind region)",0.05,mean_shift_pf_delta_0.100,control,mean_shift,0.1,600,147,0,147,0,0,453,1.0,0.0
I_XFY,family_calibrated,"calibrated, risk-tolerant (may serve under a declared residual blind region)",0.0,scaling_drift_alpha_0.020,control,scaling_drift,0.02,600,290,5,285,0,26,284,0.9827586206896551,0.017241379310344827
I_XFY,family_calibrated,"calibrated, risk-tolerant (may serve under a declared residual blind region)",0.02,scaling_drift_alpha_0.020,control,scaling_drift,0.02,600,135,2,133,0,29,436,0.9851851851851852,0.014814814814814815
I_XFY,family_calibrated,"calibrated, risk-tolerant (may serve under a declared residual blind region)",0.05,scaling_drift_alpha_0.020,control,scaling_drift,0.02,600,83,0,83,0,31,486,1.0,0.0
I_XFY,family_calibrated,"calibrated, risk-tolerant (may serve under a declared residual blind region)",0.0,scaling_drift_alpha_0.050,control,scaling_drift,0.05,600,345,1,344,0,5,250,0.9971014492753624,0.002898550724637681
I_XFY,family_calibrated,"calibrated, risk-tolerant (may serve under a declared residual blind region)",0.02,scaling_drift_alpha_0.050,control,scaling_drift,0.05,600,250,0,250,0,6,344,1.0,0.0
I_XFY,family_calibrated,"calibrated, risk-tolerant (may serve under a declared residual blind region)",0.05,scaling_drift_alpha_0.050,control,scaling_drift,0.05,600,182,0,182,0,6,412,1.0,0.0
I_XFY,family_calibrated,"calibrated, risk-tolerant (may serve under a declared residual blind region)",0.0,scaling_drift_alpha_0.100,control,scaling_drift,0.1,600,386,0,386,0,0,214,1.0,0.0
I_XFY,family_calibrated,"calibrated, risk-tolerant (may serve under a declared residual blind region)",0.02,scaling_drift_alpha_0.100,control,scaling_drift,0.1,600,301,0,301,0,0,299,1.0,0.0
I_XFY,family_calibrated,"calibrated, risk-tolerant (may serve under a declared residual blind region)",0.05,scaling_drift_alpha_0.100,control,scaling_drift,0.1,600,248,0,248,0,0,352,1.0,0.0
I_XFY,family_calibrated_strict,coverage-complete abstaining (fail-closed on missing coverage: a mandatory boundary without declared exact or statistical coverage => hold; no minimum-power guarantee),0.0,cluster_preserving_mean_shift_delta_0.020,adaptive,mean_shift,0.02,600,174,156,18,0,410,16,0.10344827586206896,0.896551724137931
I_XFY,family_calibrated_strict,coverage-complete abstaining (fail-closed on missing coverage: a mandatory boundary without declared exact or statistical coverage => hold; no minimum-power guarantee),0.02,cluster_preserving_mean_shift_delta_0.020,adaptive,mean_shift,0.02,600,17,16,1,0,550,33,0.058823529411764705,0.9411764705882353
I_XFY,family_calibrated_strict,coverage-complete abstaining (fail-closed on missing coverage: a mandatory boundary without declared exact or statistical coverage => hold; no minimum-power guarantee),0.05,cluster_preserving_mean_shift_delta_0.020,adaptive,mean_shift,0.02,600,2,1,1,0,565,33,0.5,0.5
I_XFY,family_calibrated_strict,coverage-complete abstaining (fail-closed on missing coverage: a mandatory boundary without declared exact or statistical coverage => hold; no minimum-power guarantee),0.0,cluster_preserving_mean_shift_delta_0.050,adaptive,mean_shift,0.05,600,237,159,78,0,311,52,0.3291139240506329,0.6708860759493671
I_XFY,family_calibrated_strict,coverage-complete abstaining (fail-closed on missing coverage: a mandatory boundary without declared exact or statistical coverage => hold; no minimum-power guarantee),0.02,cluster_preserving_mean_shift_delta_0.050,adaptive,mean_shift,0.05,600,59,40,19,0,430,111,0.3220338983050847,0.6779661016949152
I_XFY,family_calibrated_strict,coverage-complete abstaining (fail-closed on missing coverage: a mandatory boundary without declared exact or statistical coverage => hold; no minimum-power guarantee),0.05,cluster_preserving_mean_shift_delta_0.050,adaptive,mean_shift,0.05,600,8,3,5,0,467,125,0.625,0.375
I_XFY,family_calibrated_strict,coverage-complete abstaining (fail-closed on missing coverage: a mandatory boundary without declared exact or statistical coverage => hold; no minimum-power guarantee),0.0,cluster_preserving_mean_shift_delta_0.100,adaptive,mean_shift,0.1,600,322,148,174,0,180,98,0.5403726708074534,0.45962732919254656
I_XFY,family_calibrated_strict,coverage-complete abstaining (fail-closed on missing coverage: a mandatory boundary without declared exact or statistical coverage => hold; no minimum-power guarantee),0.02,cluster_preserving_mean_shift_delta_0.100,adaptive,mean_shift,0.1,600,131,52,79,0,276,193,0.6030534351145038,0.3969465648854962
I_XFY,family_calibrated_strict,coverage-complete abstaining (fail-closed on missing coverage: a mandatory boundary without declared exact or statistical coverage => hold; no minimum-power guarantee),0.05,cluster_preserving_mean_shift_delta_0.100,adaptive,mean_shift,0.1,600,32,10,22,0,318,250,0.6875,0.3125
I_XFY,family_calibrated_strict,coverage-complete abstaining (fail-closed on missing coverage: a mandatory boundary without declared exact or statistical coverage => hold; no minimum-power guarantee),0.0,cluster_preserving_mean_shift_delta_0.250,adaptive,mean_shift,0.25,600,411,67,344,0,59,130,0.8369829683698297,0.1630170316301703
I_XFY,family_calibrated_strict,coverage-complete abstaining (fail-closed on missing coverage: a mandatory boundary without declared exact or statistical coverage => hold; no minimum-power guarantee),0.02,cluster_preserving_mean_shift_delta_0.250,adaptive,mean_shift,0.25,600,253,24,229,0,102,245,0.9051383399209486,0.09486166007905138
I_XFY,family_calibrated_strict,coverage-complete abstaining (fail-closed on missing coverage: a mandatory boundary without declared exact or statistical coverage => hold; no minimum-power guarantee),0.05,cluster_preserving_mean_shift_delta_0.250,adaptive,mean_shift,0.25,600,130,4,126,0,122,348,0.9692307692307692,0.03076923076923077
I_XFY,family_calibrated_strict,coverage-complete abstaining (fail-closed on missing coverage: a mandatory boundary without declared exact or statistical coverage => hold; no minimum-power guarantee),0.0,cluster_preserving_mean_shift_delta_0.500,adaptive,mean_shift,0.5,600,454,35,419,0,30,116,0.9229074889867841,0.07709251101321586
I_XFY,family_calibrated_strict,coverage-complete abstaining (fail-closed on missing coverage: a mandatory boundary without declared exact or statistical coverage => hold; no minimum-power guarantee),0.02,cluster_preserving_mean_shift_delta_0.500,adaptive,mean_shift,0.5,600,314,12,302,0,53,233,0.9617834394904459,0.03821656050955414
I_XFY,family_calibrated_strict,coverage-complete abstaining (fail-closed on missing coverage: a mandatory boundary without declared exact or statistical coverage => hold; no minimum-power guarantee),0.05,cluster_preserving_mean_shift_delta_0.500,adaptive,mean_shift,0.5,600,209,3,206,0,62,329,0.9856459330143541,0.014354066985645933
I_XFY,family_calibrated_strict,coverage-complete abstaining (fail-closed on missing coverage: a mandatory boundary without declared exact or statistical coverage => hold; no minimum-power guarantee),0.0,cluster_preserving_scaling_alpha_0.020,adaptive,scaling_drift,0.02,600,241,132,109,0,335,24,0.45228215767634855,0.5477178423236515
I_XFY,family_calibrated_strict,coverage-complete abstaining (fail-closed on missing coverage: a mandatory boundary without declared exact or statistical coverage => hold; no minimum-power guarantee),0.02,cluster_preserving_scaling_alpha_0.020,adaptive,scaling_drift,0.02,600,65,29,36,0,438,97,0.5538461538461539,0.4461538461538462
I_XFY,family_calibrated_strict,coverage-complete abstaining (fail-closed on missing coverage: a mandatory boundary without declared exact or statistical coverage => hold; no minimum-power guarantee),0.05,cluster_preserving_scaling_alpha_0.020,adaptive,scaling_drift,0.02,600,10,3,7,0,464,126,0.7,0.3
I_XFY,family_calibrated_strict,coverage-complete abstaining (fail-closed on missing coverage: a mandatory boundary without declared exact or statistical coverage => hold; no minimum-power guarantee),0.0,cluster_preserving_scaling_alpha_0.050,adaptive,scaling_drift,0.05,600,313,114,199,0,217,70,0.6357827476038339,0.36421725239616615
I_XFY,family_calibrated_strict,coverage-complete abstaining (fail-closed on missing coverage: a mandatory boundary without declared exact or statistical coverage => hold; no minimum-power guarantee),0.02,cluster_preserving_scaling_alpha_0.050,adaptive,scaling_drift,0.05,600,163,29,134,0,302,135,0.8220858895705522,0.17791411042944785
I_XFY,family_calibrated_strict,coverage-complete abstaining (fail-closed on missing coverage: a mandatory boundary without declared exact or statistical coverage => hold; no minimum-power guarantee),0.05,cluster_preserving_scaling_alpha_0.050,adaptive,scaling_drift,0.05,600,66,7,59,0,324,210,0.8939393939393939,0.10606060606060606
I_XFY,family_calibrated_strict,coverage-complete abstaining (fail-closed on missing coverage: a mandatory boundary without declared exact or statistical coverage => hold; no minimum-power guarantee),0.0,cluster_preserving_scaling_alpha_0.100,adaptive,scaling_drift,0.1,600,350,78,272,0,130,120,0.7771428571428571,0.22285714285714286
I_XFY,family_calibrated_strict,coverage-complete abstaining (fail-closed on missing coverage: a mandatory boundary without declared exact or statistical coverage => hold; no minimum-power guarantee),0.02,cluster_preserving_scaling_alpha_0.100,adaptive,scaling_drift,0.1,600,215,23,192,0,185,200,0.8930232558139535,0.10697674418604651
I_XFY,family_calibrated_strict,coverage-complete abstaining (fail-closed on missing coverage: a mandatory boundary without declared exact or statistical coverage => hold; no minimum-power guarantee),0.05,cluster_preserving_scaling_alpha_0.100,adaptive,scaling_drift,0.1,600,124,7,117,0,201,275,0.9435483870967742,0.056451612903225805
I_XFY,family_calibrated_strict,coverage-complete abstaining (fail-closed on missing coverage: a mandatory boundary without declared exact or statistical coverage => hold; no minimum-power guarantee),0.0,cluster_preserving_scaling_alpha_0.250,adaptive,scaling_drift,0.25,600,431,68,363,0,69,100,0.8422273781902552,0.15777262180974477
I_XFY,family_calibrated_strict,coverage-complete abstaining (fail-closed on missing coverage: a mandatory boundary without declared exact or statistical coverage => hold; no minimum-power guarantee),0.02,cluster_preserving_scaling_alpha_0.250,adaptive,scaling_drift,0.25,600,282,25,257,0,112,206,0.9113475177304965,0.08865248226950355
I_XFY,family_calibrated_strict,coverage-complete abstaining (fail-closed on missing coverage: a mandatory boundary without declared exact or statistical coverage => hold; no minimum-power guarantee),0.05,cluster_preserving_scaling_alpha_0.250,adaptive,scaling_drift,0.25,600,196,8,188,0,129,275,0.9591836734693877,0.04081632653061224
I_XFY,family_calibrated_strict,coverage-complete abstaining (fail-closed on missing coverage: a mandatory boundary without declared exact or statistical coverage => hold; no minimum-power guarantee),0.0,cluster_preserving_scaling_alpha_0.500,adaptive,scaling_drift,0.5,600,485,49,436,0,33,82,0.8989690721649485,0.10103092783505155
I_XFY,family_calibrated_strict,coverage-complete abstaining (fail-closed on missing coverage: a mandatory boundary without declared exact or statistical coverage => hold; no minimum-power guarantee),0.02,cluster_preserving_scaling_alpha_0.500,adaptive,scaling_drift,0.5,600,320,17,303,0,65,215,0.946875,0.053125
I_XFY,family_calibrated_strict,coverage-complete abstaining (fail-closed on missing coverage: a mandatory boundary without declared exact or statistical coverage => hold; no minimum-power guarantee),0.05,cluster_preserving_scaling_alpha_0.500,adaptive,scaling_drift,0.5,600,211,1,210,0,81,308,0.995260663507109,0.004739336492890996
I_XFY,family_calibrated_strict,coverage-complete abstaining (fail-closed on missing coverage: a mandatory boundary without declared exact or statistical coverage => hold; no minimum-power guarantee),0.0,mean_shift_pf_delta_0.020,control,mean_shift,0.02,600,197,4,193,0,12,391,0.9796954314720813,0.02030456852791878
I_XFY,family_calibrated_strict,coverage-complete abstaining (fail-closed on missing coverage: a mandatory boundary without declared exact or statistical coverage => hold; no minimum-power guarantee),0.02,mean_shift_pf_delta_0.020,control,mean_shift,0.02,600,59,1,58,0,15,526,0.9830508474576272,0.01694915254237288
I_XFY,family_calibrated_strict,coverage-complete abstaining (fail-closed on missing coverage: a mandatory boundary without declared exact or statistical coverage => hold; no minimum-power guarantee),0.05,mean_shift_pf_delta_0.020,control,mean_shift,0.02,600,35,0,35,0,16,549,1.0,0.0
I_XFY,family_calibrated_strict,coverage-complete abstaining (fail-closed on missing coverage: a mandatory boundary without declared exact or statistical coverage => hold; no minimum-power guarantee),0.0,mean_shift_pf_delta_0.050,control,mean_shift,0.05,600,275,0,275,0,1,324,1.0,0.0
I_XFY,family_calibrated_strict,coverage-complete abstaining (fail-closed on missing coverage: a mandatory boundary without declared exact or statistical coverage => hold; no minimum-power guarantee),0.02,mean_shift_pf_delta_0.050,control,mean_shift,0.05,600,118,0,118,0,1,481,1.0,0.0
I_XFY,family_calibrated_strict,coverage-complete abstaining (fail-closed on missing coverage: a mandatory boundary without declared exact or statistical coverage => hold; no minimum-power guarantee),0.05,mean_shift_pf_delta_0.050,control,mean_shift,0.05,600,68,0,68,0,1,531,1.0,0.0
I_XFY,family_calibrated_strict,coverage-complete abstaining (fail-closed on missing coverage: a mandatory boundary without declared exact or statistical coverage => hold; no minimum-power guarantee),0.0,mean_shift_pf_delta_0.100,control,mean_shift,0.1,600,355,0,355,0,0,245,1.0,0.0
I_XFY,family_calibrated_strict,coverage-complete abstaining (fail-closed on missing coverage: a mandatory boundary without declared exact or statistical coverage => hold; no minimum-power guarantee),0.02,mean_shift_pf_delta_0.100,control,mean_shift,0.1,600,212,0,212,0,0,388,1.0,0.0
I_XFY,family_calibrated_strict,coverage-complete abstaining (fail-closed on missing coverage: a mandatory boundary without declared exact or statistical coverage => hold; no minimum-power guarantee),0.05,mean_shift_pf_delta_0.100,control,mean_shift,0.1,600,147,0,147,0,0,453,1.0,0.0
I_XFY,family_calibrated_strict,coverage-complete abstaining (fail-closed on missing coverage: a mandatory boundary without declared exact or statistical coverage => hold; no minimum-power guarantee),0.0,scaling_drift_alpha_0.020,control,scaling_drift,0.02,600,290,5,285,0,26,284,0.9827586206896551,0.017241379310344827
I_XFY,family_calibrated_strict,coverage-complete abstaining (fail-closed on missing coverage: a mandatory boundary without declared exact or statistical coverage => hold; no minimum-power guarantee),0.02,scaling_drift_alpha_0.020,control,scaling_drift,0.02,600,135,2,133,0,29,436,0.9851851851851852,0.014814814814814815
I_XFY,family_calibrated_strict,coverage-complete abstaining (fail-closed on missing coverage: a mandatory boundary without declared exact or statistical coverage => hold; no minimum-power guarantee),0.05,scaling_drift_alpha_0.020,control,scaling_drift,0.02,600,83,0,83,0,31,486,1.0,0.0
I_XFY,family_calibrated_strict,coverage-complete abstaining (fail-closed on missing coverage: a mandatory boundary without declared exact or statistical coverage => hold; no minimum-power guarantee),0.0,scaling_drift_alpha_0.050,control,scaling_drift,0.05,600,345,1,344,0,5,250,0.9971014492753624,0.002898550724637681
I_XFY,family_calibrated_strict,coverage-complete abstaining (fail-closed on missing coverage: a mandatory boundary without declared exact or statistical coverage => hold; no minimum-power guarantee),0.02,scaling_drift_alpha_0.050,control,scaling_drift,0.05,600,250,0,250,0,6,344,1.0,0.0
I_XFY,family_calibrated_strict,coverage-complete abstaining (fail-closed on missing coverage: a mandatory boundary without declared exact or statistical coverage => hold; no minimum-power guarantee),0.05,scaling_drift_alpha_0.050,control,scaling_drift,0.05,600,182,0,182,0,6,412,1.0,0.0
I_XFY,family_calibrated_strict,coverage-complete abstaining (fail-closed on missing coverage: a mandatory boundary without declared exact or statistical coverage => hold; no minimum-power guarantee),0.0,scaling_drift_alpha_0.100,control,scaling_drift,0.1,600,386,0,386,0,0,214,1.0,0.0
I_XFY,family_calibrated_strict,coverage-complete abstaining (fail-closed on missing coverage: a mandatory boundary without declared exact or statistical coverage => hold; no minimum-power guarantee),0.02,scaling_drift_alpha_0.100,control,scaling_drift,0.1,600,301,0,301,0,0,299,1.0,0.0
I_XFY,family_calibrated_strict,coverage-complete abstaining (fail-closed on missing coverage: a mandatory boundary without declared exact or statistical coverage => hold; no minimum-power guarantee),0.05,scaling_drift_alpha_0.100,control,scaling_drift,0.1,600,248,0,248,0,0,352,1.0,0.0
I_XFY_trusted,union_uncalibrated,"uncalibrated, risk-tolerant (1.1.0 union of per-sensor rules)",0.0,cluster_preserving_mean_shift_delta_0.020,adaptive,mean_shift,0.02,600,174,0,0,174,383,43,1.0,0.0
I_XFY_trusted,union_uncalibrated,"uncalibrated, risk-tolerant (1.1.0 union of per-sensor rules)",0.02,cluster_preserving_mean_shift_delta_0.020,adaptive,mean_shift,0.02,600,17,0,0,17,383,200,1.0,0.0
I_XFY_trusted,union_uncalibrated,"uncalibrated, risk-tolerant (1.1.0 union of per-sensor rules)",0.05,cluster_preserving_mean_shift_delta_0.020,adaptive,mean_shift,0.02,600,2,0,0,2,383,215,1.0,0.0
I_XFY_trusted,union_uncalibrated,"uncalibrated, risk-tolerant (1.1.0 union of per-sensor rules)",0.0,cluster_preserving_mean_shift_delta_0.050,adaptive,mean_shift,0.05,600,237,0,0,237,277,86,1.0,0.0
I_XFY_trusted,union_uncalibrated,"uncalibrated, risk-tolerant (1.1.0 union of per-sensor rules)",0.02,cluster_preserving_mean_shift_delta_0.050,adaptive,mean_shift,0.05,600,59,0,0,59,277,264,1.0,0.0
I_XFY_trusted,union_uncalibrated,"uncalibrated, risk-tolerant (1.1.0 union of per-sensor rules)",0.05,cluster_preserving_mean_shift_delta_0.050,adaptive,mean_shift,0.05,600,8,0,0,8,277,315,1.0,0.0
I_XFY_trusted,union_uncalibrated,"uncalibrated, risk-tolerant (1.1.0 union of per-sensor rules)",0.0,cluster_preserving_mean_shift_delta_0.100,adaptive,mean_shift,0.1,600,322,0,0,322,127,151,1.0,0.0
I_XFY_trusted,union_uncalibrated,"uncalibrated, risk-tolerant (1.1.0 union of per-sensor rules)",0.02,cluster_preserving_mean_shift_delta_0.100,adaptive,mean_shift,0.1,600,131,0,0,131,127,342,1.0,0.0
I_XFY_trusted,union_uncalibrated,"uncalibrated, risk-tolerant (1.1.0 union of per-sensor rules)",0.05,cluster_preserving_mean_shift_delta_0.100,adaptive,mean_shift,0.1,600,32,0,0,32,127,441,1.0,0.0
I_XFY_trusted,union_uncalibrated,"uncalibrated, risk-tolerant (1.1.0 union of per-sensor rules)",0.0,cluster_preserving_mean_shift_delta_0.250,adaptive,mean_shift,0.25,600,411,0,0,411,33,156,1.0,0.0
I_XFY_trusted,union_uncalibrated,"uncalibrated, risk-tolerant (1.1.0 union of per-sensor rules)",0.02,cluster_preserving_mean_shift_delta_0.250,adaptive,mean_shift,0.25,600,253,0,0,253,33,314,1.0,0.0
I_XFY_trusted,union_uncalibrated,"uncalibrated, risk-tolerant (1.1.0 union of per-sensor rules)",0.05,cluster_preserving_mean_shift_delta_0.250,adaptive,mean_shift,0.25,600,130,0,0,130,33,437,1.0,0.0
I_XFY_trusted,union_uncalibrated,"uncalibrated, risk-tolerant (1.1.0 union of per-sensor rules)",0.0,cluster_preserving_mean_shift_delta_0.500,adaptive,mean_shift,0.5,600,454,0,0,454,15,131,1.0,0.0
I_XFY_trusted,union_uncalibrated,"uncalibrated, risk-tolerant (1.1.0 union of per-sensor rules)",0.02,cluster_preserving_mean_shift_delta_0.500,adaptive,mean_shift,0.5,600,314,0,0,314,15,271,1.0,0.0
I_XFY_trusted,union_uncalibrated,"uncalibrated, risk-tolerant (1.1.0 union of per-sensor rules)",0.05,cluster_preserving_mean_shift_delta_0.500,adaptive,mean_shift,0.5,600,209,0,0,209,15,376,1.0,0.0
I_XFY_trusted,union_uncalibrated,"uncalibrated, risk-tolerant (1.1.0 union of per-sensor rules)",0.0,cluster_preserving_scaling_alpha_0.020,adaptive,scaling_drift,0.02,600,241,0,0,241,309,50,1.0,0.0
I_XFY_trusted,union_uncalibrated,"uncalibrated, risk-tolerant (1.1.0 union of per-sensor rules)",0.02,cluster_preserving_scaling_alpha_0.020,adaptive,scaling_drift,0.02,600,65,0,0,65,309,226,1.0,0.0
I_XFY_trusted,union_uncalibrated,"uncalibrated, risk-tolerant (1.1.0 union of per-sensor rules)",0.05,cluster_preserving_scaling_alpha_0.020,adaptive,scaling_drift,0.02,600,10,0,0,10,309,281,1.0,0.0
I_XFY_trusted,union_uncalibrated,"uncalibrated, risk-tolerant (1.1.0 union of per-sensor rules)",0.0,cluster_preserving_scaling_alpha_0.050,adaptive,scaling_drift,0.05,600,313,0,0,313,183,104,1.0,0.0
I_XFY_trusted,union_uncalibrated,"uncalibrated, risk-tolerant (1.1.0 union of per-sensor rules)",0.02,cluster_preserving_scaling_alpha_0.050,adaptive,scaling_drift,0.05,600,163,0,0,163,183,254,1.0,0.0
I_XFY_trusted,union_uncalibrated,"uncalibrated, risk-tolerant (1.1.0 union of per-sensor rules)",0.05,cluster_preserving_scaling_alpha_0.050,adaptive,scaling_drift,0.05,600,66,0,0,66,183,351,1.0,0.0
I_XFY_trusted,union_uncalibrated,"uncalibrated, risk-tolerant (1.1.0 union of per-sensor rules)",0.0,cluster_preserving_scaling_alpha_0.100,adaptive,scaling_drift,0.1,600,350,0,0,350,101,149,1.0,0.0
I_XFY_trusted,union_uncalibrated,"uncalibrated, risk-tolerant (1.1.0 union of per-sensor rules)",0.02,cluster_preserving_scaling_alpha_0.100,adaptive,scaling_drift,0.1,600,215,0,0,215,101,284,1.0,0.0
I_XFY_trusted,union_uncalibrated,"uncalibrated, risk-tolerant (1.1.0 union of per-sensor rules)",0.05,cluster_preserving_scaling_alpha_0.100,adaptive,scaling_drift,0.1,600,124,0,0,124,101,375,1.0,0.0
I_XFY_trusted,union_uncalibrated,"uncalibrated, risk-tolerant (1.1.0 union of per-sensor rules)",0.0,cluster_preserving_scaling_alpha_0.250,adaptive,scaling_drift,0.25,600,431,0,0,431,49,120,1.0,0.0
I_XFY_trusted,union_uncalibrated,"uncalibrated, risk-tolerant (1.1.0 union of per-sensor rules)",0.02,cluster_preserving_scaling_alpha_0.250,adaptive,scaling_drift,0.25,600,282,0,0,282,49,269,1.0,0.0
I_XFY_trusted,union_uncalibrated,"uncalibrated, risk-tolerant (1.1.0 union of per-sensor rules)",0.05,cluster_preserving_scaling_alpha_0.250,adaptive,scaling_drift,0.25,600,196,0,0,196,49,355,1.0,0.0
I_XFY_trusted,union_uncalibrated,"uncalibrated, risk-tolerant (1.1.0 union of per-sensor rules)",0.0,cluster_preserving_scaling_alpha_0.500,adaptive,scaling_drift,0.5,600,485,0,0,485,11,104,1.0,0.0
I_XFY_trusted,union_uncalibrated,"uncalibrated, risk-tolerant (1.1.0 union of per-sensor rules)",0.02,cluster_preserving_scaling_alpha_0.500,adaptive,scaling_drift,0.5,600,320,0,0,320,11,269,1.0,0.0
I_XFY_trusted,union_uncalibrated,"uncalibrated, risk-tolerant (1.1.0 union of per-sensor rules)",0.05,cluster_preserving_scaling_alpha_0.500,adaptive,scaling_drift,0.5,600,211,0,0,211,11,378,1.0,0.0
I_XFY_trusted,union_uncalibrated,"uncalibrated, risk-tolerant (1.1.0 union of per-sensor rules)",0.0,mean_shift_pf_delta_0.020,control,mean_shift,0.02,600,197,0,0,197,0,403,1.0,0.0
I_XFY_trusted,union_uncalibrated,"uncalibrated, risk-tolerant (1.1.0 union of per-sensor rules)",0.02,mean_shift_pf_delta_0.020,control,mean_shift,0.02,600,59,0,0,59,0,541,1.0,0.0
I_XFY_trusted,union_uncalibrated,"uncalibrated, risk-tolerant (1.1.0 union of per-sensor rules)",0.05,mean_shift_pf_delta_0.020,control,mean_shift,0.02,600,35,0,0,35,0,565,1.0,0.0
I_XFY_trusted,union_uncalibrated,"uncalibrated, risk-tolerant (1.1.0 union of per-sensor rules)",0.0,mean_shift_pf_delta_0.050,control,mean_shift,0.05,600,275,0,0,275,0,325,1.0,0.0
I_XFY_trusted,union_uncalibrated,"uncalibrated, risk-tolerant (1.1.0 union of per-sensor rules)",0.02,mean_shift_pf_delta_0.050,control,mean_shift,0.05,600,118,0,0,118,0,482,1.0,0.0
I_XFY_trusted,union_uncalibrated,"uncalibrated, risk-tolerant (1.1.0 union of per-sensor rules)",0.05,mean_shift_pf_delta_0.050,control,mean_shift,0.05,600,68,0,0,68,0,532,1.0,0.0
I_XFY_trusted,union_uncalibrated,"uncalibrated, risk-tolerant (1.1.0 union of per-sensor rules)",0.0,mean_shift_pf_delta_0.100,control,mean_shift,0.1,600,355,0,0,355,0,245,1.0,0.0
I_XFY_trusted,union_uncalibrated,"uncalibrated, risk-tolerant (1.1.0 union of per-sensor rules)",0.02,mean_shift_pf_delta_0.100,control,mean_shift,0.1,600,212,0,0,212,0,388,1.0,0.0
I_XFY_trusted,union_uncalibrated,"uncalibrated, risk-tolerant (1.1.0 union of per-sensor rules)",0.05,mean_shift_pf_delta_0.100,control,mean_shift,0.1,600,147,0,0,147,0,453,1.0,0.0
I_XFY_trusted,union_uncalibrated,"uncalibrated, risk-tolerant (1.1.0 union of per-sensor rules)",0.0,scaling_drift_alpha_0.020,control,scaling_drift,0.02,600,290,0,0,290,0,310,1.0,0.0
I_XFY_trusted,union_uncalibrated,"uncalibrated, risk-tolerant (1.1.0 union of per-sensor rules)",0.02,scaling_drift_alpha_0.020,control,scaling_drift,0.02,600,135,0,0,135,0,465,1.0,0.0
I_XFY_trusted,union_uncalibrated,"uncalibrated, risk-tolerant (1.1.0 union of per-sensor rules)",0.05,scaling_drift_alpha_0.020,control,scaling_drift,0.02,600,83,0,0,83,0,517,1.0,0.0
I_XFY_trusted,union_uncalibrated,"uncalibrated, risk-tolerant (1.1.0 union of per-sensor rules)",0.0,scaling_drift_alpha_0.050,control,scaling_drift,0.05,600,345,0,0,345,0,255,1.0,0.0
I_XFY_trusted,union_uncalibrated,"uncalibrated, risk-tolerant (1.1.0 union of per-sensor rules)",0.02,scaling_drift_alpha_0.050,control,scaling_drift,0.05,600,250,0,0,250,0,350,1.0,0.0
I_XFY_trusted,union_uncalibrated,"uncalibrated, risk-tolerant (1.1.0 union of per-sensor rules)",0.05,scaling_drift_alpha_0.050,control,scaling_drift,0.05,600,182,0,0,182,0,418,1.0,0.0
I_XFY_trusted,union_uncalibrated,"uncalibrated, risk-tolerant (1.1.0 union of per-sensor rules)",0.0,scaling_drift_alpha_0.100,control,scaling_drift,0.1,600,386,0,0,386,0,214,1.0,0.0
I_XFY_trusted,union_uncalibrated,"uncalibrated, risk-tolerant (1.1.0 union of per-sensor rules)",0.02,scaling_drift_alpha_0.100,control,scaling_drift,0.1,600,301,0,0,301,0,299,1.0,0.0
I_XFY_trusted,union_uncalibrated,"uncalibrated, risk-tolerant (1.1.0 union of per-sensor rules)",0.05,scaling_drift_alpha_0.100,control,scaling_drift,0.1,600,248,0,0,248,0,352,1.0,0.0
I_XFY_trusted,family_calibrated,"calibrated, risk-tolerant (may serve under a declared residual blind region)",0.0,cluster_preserving_mean_shift_delta_0.020,adaptive,mean_shift,0.02,600,174,0,0,174,390,36,1.0,0.0
I_XFY_trusted,family_calibrated,"calibrated, risk-tolerant (may serve under a declared residual blind region)",0.02,cluster_preserving_mean_shift_delta_0.020,adaptive,mean_shift,0.02,600,17,0,0,17,390,193,1.0,0.0
I_XFY_trusted,family_calibrated,"calibrated, risk-tolerant (may serve under a declared residual blind region)",0.05,cluster_preserving_mean_shift_delta_0.020,adaptive,mean_shift,0.02,600,2,0,0,2,390,208,1.0,0.0
I_XFY_trusted,family_calibrated,"calibrated, risk-tolerant (may serve under a declared residual blind region)",0.0,cluster_preserving_mean_shift_delta_0.050,adaptive,mean_shift,0.05,600,237,0,0,237,295,68,1.0,0.0
I_XFY_trusted,family_calibrated,"calibrated, risk-tolerant (may serve under a declared residual blind region)",0.02,cluster_preserving_mean_shift_delta_0.050,adaptive,mean_shift,0.05,600,59,0,0,59,295,246,1.0,0.0
I_XFY_trusted,family_calibrated,"calibrated, risk-tolerant (may serve under a declared residual blind region)",0.05,cluster_preserving_mean_shift_delta_0.050,adaptive,mean_shift,0.05,600,8,0,0,8,295,297,1.0,0.0
I_XFY_trusted,family_calibrated,"calibrated, risk-tolerant (may serve under a declared residual blind region)",0.0,cluster_preserving_mean_shift_delta_0.100,adaptive,mean_shift,0.1,600,322,0,0,322,162,116,1.0,0.0
I_XFY_trusted,family_calibrated,"calibrated, risk-tolerant (may serve under a declared residual blind region)",0.02,cluster_preserving_mean_shift_delta_0.100,adaptive,mean_shift,0.1,600,131,0,0,131,162,307,1.0,0.0
I_XFY_trusted,family_calibrated,"calibrated, risk-tolerant (may serve under a declared residual blind region)",0.05,cluster_preserving_mean_shift_delta_0.100,adaptive,mean_shift,0.1,600,32,0,0,32,162,406,1.0,0.0
I_XFY_trusted,family_calibrated,"calibrated, risk-tolerant (may serve under a declared residual blind region)",0.0,cluster_preserving_mean_shift_delta_0.250,adaptive,mean_shift,0.25,600,411,0,0,411,47,142,1.0,0.0
I_XFY_trusted,family_calibrated,"calibrated, risk-tolerant (may serve under a declared residual blind region)",0.02,cluster_preserving_mean_shift_delta_0.250,adaptive,mean_shift,0.25,600,253,0,0,253,47,300,1.0,0.0
I_XFY_trusted,family_calibrated,"calibrated, risk-tolerant (may serve under a declared residual blind region)",0.05,cluster_preserving_mean_shift_delta_0.250,adaptive,mean_shift,0.25,600,130,0,0,130,47,423,1.0,0.0
I_XFY_trusted,family_calibrated,"calibrated, risk-tolerant (may serve under a declared residual blind region)",0.0,cluster_preserving_mean_shift_delta_0.500,adaptive,mean_shift,0.5,600,454,0,0,454,24,122,1.0,0.0
I_XFY_trusted,family_calibrated,"calibrated, risk-tolerant (may serve under a declared residual blind region)",0.02,cluster_preserving_mean_shift_delta_0.500,adaptive,mean_shift,0.5,600,314,0,0,314,24,262,1.0,0.0
I_XFY_trusted,family_calibrated,"calibrated, risk-tolerant (may serve under a declared residual blind region)",0.05,cluster_preserving_mean_shift_delta_0.500,adaptive,mean_shift,0.5,600,209,0,0,209,24,367,1.0,0.0
I_XFY_trusted,family_calibrated,"calibrated, risk-tolerant (may serve under a declared residual blind region)",0.0,cluster_preserving_scaling_alpha_0.020,adaptive,scaling_drift,0.02,600,241,0,0,241,312,47,1.0,0.0
I_XFY_trusted,family_calibrated,"calibrated, risk-tolerant (may serve under a declared residual blind region)",0.02,cluster_preserving_scaling_alpha_0.020,adaptive,scaling_drift,0.02,600,65,0,0,65,312,223,1.0,0.0
I_XFY_trusted,family_calibrated,"calibrated, risk-tolerant (may serve under a declared residual blind region)",0.05,cluster_preserving_scaling_alpha_0.020,adaptive,scaling_drift,0.02,600,10,0,0,10,312,278,1.0,0.0
I_XFY_trusted,family_calibrated,"calibrated, risk-tolerant (may serve under a declared residual blind region)",0.0,cluster_preserving_scaling_alpha_0.050,adaptive,scaling_drift,0.05,600,313,0,0,313,203,84,1.0,0.0
I_XFY_trusted,family_calibrated,"calibrated, risk-tolerant (may serve under a declared residual blind region)",0.02,cluster_preserving_scaling_alpha_0.050,adaptive,scaling_drift,0.05,600,163,0,0,163,203,234,1.0,0.0
I_XFY_trusted,family_calibrated,"calibrated, risk-tolerant (may serve under a declared residual blind region)",0.05,cluster_preserving_scaling_alpha_0.050,adaptive,scaling_drift,0.05,600,66,0,0,66,203,331,1.0,0.0
I_XFY_trusted,family_calibrated,"calibrated, risk-tolerant (may serve under a declared residual blind region)",0.0,cluster_preserving_scaling_alpha_0.100,adaptive,scaling_drift,0.1,600,350,0,0,350,117,133,1.0,0.0
I_XFY_trusted,family_calibrated,"calibrated, risk-tolerant (may serve under a declared residual blind region)",0.02,cluster_preserving_scaling_alpha_0.100,adaptive,scaling_drift,0.1,600,215,0,0,215,117,268,1.0,0.0
I_XFY_trusted,family_calibrated,"calibrated, risk-tolerant (may serve under a declared residual blind region)",0.05,cluster_preserving_scaling_alpha_0.100,adaptive,scaling_drift,0.1,600,124,0,0,124,117,359,1.0,0.0
I_XFY_trusted,family_calibrated,"calibrated, risk-tolerant (may serve under a declared residual blind region)",0.0,cluster_preserving_scaling_alpha_0.250,adaptive,scaling_drift,0.25,600,431,0,0,431,60,109,1.0,0.0
I_XFY_trusted,family_calibrated,"calibrated, risk-tolerant (may serve under a declared residual blind region)",0.02,cluster_preserving_scaling_alpha_0.250,adaptive,scaling_drift,0.25,600,282,0,0,282,60,258,1.0,0.0
I_XFY_trusted,family_calibrated,"calibrated, risk-tolerant (may serve under a declared residual blind region)",0.05,cluster_preserving_scaling_alpha_0.250,adaptive,scaling_drift,0.25,600,196,0,0,196,60,344,1.0,0.0
I_XFY_trusted,family_calibrated,"calibrated, risk-tolerant (may serve under a declared residual blind region)",0.0,cluster_preserving_scaling_alpha_0.500,adaptive,scaling_drift,0.5,600,485,0,0,485,25,90,1.0,0.0
I_XFY_trusted,family_calibrated,"calibrated, risk-tolerant (may serve under a declared residual blind region)",0.02,cluster_preserving_scaling_alpha_0.500,adaptive,scaling_drift,0.5,600,320,0,0,320,25,255,1.0,0.0
I_XFY_trusted,family_calibrated,"calibrated, risk-tolerant (may serve under a declared residual blind region)",0.05,cluster_preserving_scaling_alpha_0.500,adaptive,scaling_drift,0.5,600,211,0,0,211,25,364,1.0,0.0
I_XFY_trusted,family_calibrated,"calibrated, risk-tolerant (may serve under a declared residual blind region)",0.0,mean_shift_pf_delta_0.020,control,mean_shift,0.02,600,197,0,0,197,12,391,1.0,0.0
I_XFY_trusted,family_calibrated,"calibrated, risk-tolerant (may serve under a declared residual blind region)",0.02,mean_shift_pf_delta_0.020,control,mean_shift,0.02,600,59,0,0,59,12,529,1.0,0.0
I_XFY_trusted,family_calibrated,"calibrated, risk-tolerant (may serve under a declared residual blind region)",0.05,mean_shift_pf_delta_0.020,control,mean_shift,0.02,600,35,0,0,35,12,553,1.0,0.0
I_XFY_trusted,family_calibrated,"calibrated, risk-tolerant (may serve under a declared residual blind region)",0.0,mean_shift_pf_delta_0.050,control,mean_shift,0.05,600,275,0,0,275,1,324,1.0,0.0
I_XFY_trusted,family_calibrated,"calibrated, risk-tolerant (may serve under a declared residual blind region)",0.02,mean_shift_pf_delta_0.050,control,mean_shift,0.05,600,118,0,0,118,1,481,1.0,0.0
I_XFY_trusted,family_calibrated,"calibrated, risk-tolerant (may serve under a declared residual blind region)",0.05,mean_shift_pf_delta_0.050,control,mean_shift,0.05,600,68,0,0,68,1,531,1.0,0.0
I_XFY_trusted,family_calibrated,"calibrated, risk-tolerant (may serve under a declared residual blind region)",0.0,mean_shift_pf_delta_0.100,control,mean_shift,0.1,600,355,0,0,355,0,245,1.0,0.0
I_XFY_trusted,family_calibrated,"calibrated, risk-tolerant (may serve under a declared residual blind region)",0.02,mean_shift_pf_delta_0.100,control,mean_shift,0.1,600,212,0,0,212,0,388,1.0,0.0
I_XFY_trusted,family_calibrated,"calibrated, risk-tolerant (may serve under a declared residual blind region)",0.05,mean_shift_pf_delta_0.100,control,mean_shift,0.1,600,147,0,0,147,0,453,1.0,0.0
I_XFY_trusted,family_calibrated,"calibrated, risk-tolerant (may serve under a declared residual blind region)",0.0,scaling_drift_alpha_0.020,control,scaling_drift,0.02,600,290,0,0,290,24,286,1.0,0.0
I_XFY_trusted,family_calibrated,"calibrated, risk-tolerant (may serve under a declared residual blind region)",0.02,scaling_drift_alpha_0.020,control,scaling_drift,0.02,600,135,0,0,135,24,441,1.0,0.0
I_XFY_trusted,family_calibrated,"calibrated, risk-tolerant (may serve under a declared residual blind region)",0.05,scaling_drift_alpha_0.020,control,scaling_drift,0.02,600,83,0,0,83,24,493,1.0,0.0
I_XFY_trusted,family_calibrated,"calibrated, risk-tolerant (may serve under a declared residual blind region)",0.0,scaling_drift_alpha_0.050,control,scaling_drift,0.05,600,345,0,0,345,4,251,1.0,0.0
I_XFY_trusted,family_calibrated,"calibrated, risk-tolerant (may serve under a declared residual blind region)",0.02,scaling_drift_alpha_0.050,control,scaling_drift,0.05,600,250,0,0,250,4,346,1.0,0.0
I_XFY_trusted,family_calibrated,"calibrated, risk-tolerant (may serve under a declared residual blind region)",0.05,scaling_drift_alpha_0.050,control,scaling_drift,0.05,600,182,0,0,182,4,414,1.0,0.0
I_XFY_trusted,family_calibrated,"calibrated, risk-tolerant (may serve under a declared residual blind region)",0.0,scaling_drift_alpha_0.100,control,scaling_drift,0.1,600,386,0,0,386,0,214,1.0,0.0
I_XFY_trusted,family_calibrated,"calibrated, risk-tolerant (may serve under a declared residual blind region)",0.02,scaling_drift_alpha_0.100,control,scaling_drift,0.1,600,301,0,0,301,0,299,1.0,0.0
I_XFY_trusted,family_calibrated,"calibrated, risk-tolerant (may serve under a declared residual blind region)",0.05,scaling_drift_alpha_0.100,control,scaling_drift,0.1,600,248,0,0,248,0,352,1.0,0.0
I_XFY_trusted,family_calibrated_strict,coverage-complete abstaining (fail-closed on missing coverage: a mandatory boundary without declared exact or statistical coverage => hold; no minimum-power guarantee),0.0,cluster_preserving_mean_shift_delta_0.020,adaptive,mean_shift,0.02,600,174,0,0,174,390,36,1.0,0.0
I_XFY_trusted,family_calibrated_strict,coverage-complete abstaining (fail-closed on missing coverage: a mandatory boundary without declared exact or statistical coverage => hold; no minimum-power guarantee),0.02,cluster_preserving_mean_shift_delta_0.020,adaptive,mean_shift,0.02,600,17,0,0,17,390,193,1.0,0.0
I_XFY_trusted,family_calibrated_strict,coverage-complete abstaining (fail-closed on missing coverage: a mandatory boundary without declared exact or statistical coverage => hold; no minimum-power guarantee),0.05,cluster_preserving_mean_shift_delta_0.020,adaptive,mean_shift,0.02,600,2,0,0,2,390,208,1.0,0.0
I_XFY_trusted,family_calibrated_strict,coverage-complete abstaining (fail-closed on missing coverage: a mandatory boundary without declared exact or statistical coverage => hold; no minimum-power guarantee),0.0,cluster_preserving_mean_shift_delta_0.050,adaptive,mean_shift,0.05,600,237,0,0,237,295,68,1.0,0.0
I_XFY_trusted,family_calibrated_strict,coverage-complete abstaining (fail-closed on missing coverage: a mandatory boundary without declared exact or statistical coverage => hold; no minimum-power guarantee),0.02,cluster_preserving_mean_shift_delta_0.050,adaptive,mean_shift,0.05,600,59,0,0,59,295,246,1.0,0.0
I_XFY_trusted,family_calibrated_strict,coverage-complete abstaining (fail-closed on missing coverage: a mandatory boundary without declared exact or statistical coverage => hold; no minimum-power guarantee),0.05,cluster_preserving_mean_shift_delta_0.050,adaptive,mean_shift,0.05,600,8,0,0,8,295,297,1.0,0.0
I_XFY_trusted,family_calibrated_strict,coverage-complete abstaining (fail-closed on missing coverage: a mandatory boundary without declared exact or statistical coverage => hold; no minimum-power guarantee),0.0,cluster_preserving_mean_shift_delta_0.100,adaptive,mean_shift,0.1,600,322,0,0,322,162,116,1.0,0.0
I_XFY_trusted,family_calibrated_strict,coverage-complete abstaining (fail-closed on missing coverage: a mandatory boundary without declared exact or statistical coverage => hold; no minimum-power guarantee),0.02,cluster_preserving_mean_shift_delta_0.100,adaptive,mean_shift,0.1,600,131,0,0,131,162,307,1.0,0.0
I_XFY_trusted,family_calibrated_strict,coverage-complete abstaining (fail-closed on missing coverage: a mandatory boundary without declared exact or statistical coverage => hold; no minimum-power guarantee),0.05,cluster_preserving_mean_shift_delta_0.100,adaptive,mean_shift,0.1,600,32,0,0,32,162,406,1.0,0.0
I_XFY_trusted,family_calibrated_strict,coverage-complete abstaining (fail-closed on missing coverage: a mandatory boundary without declared exact or statistical coverage => hold; no minimum-power guarantee),0.0,cluster_preserving_mean_shift_delta_0.250,adaptive,mean_shift,0.25,600,411,0,0,411,47,142,1.0,0.0
I_XFY_trusted,family_calibrated_strict,coverage-complete abstaining (fail-closed on missing coverage: a mandatory boundary without declared exact or statistical coverage => hold; no minimum-power guarantee),0.02,cluster_preserving_mean_shift_delta_0.250,adaptive,mean_shift,0.25,600,253,0,0,253,47,300,1.0,0.0
I_XFY_trusted,family_calibrated_strict,coverage-complete abstaining (fail-closed on missing coverage: a mandatory boundary without declared exact or statistical coverage => hold; no minimum-power guarantee),0.05,cluster_preserving_mean_shift_delta_0.250,adaptive,mean_shift,0.25,600,130,0,0,130,47,423,1.0,0.0
I_XFY_trusted,family_calibrated_strict,coverage-complete abstaining (fail-closed on missing coverage: a mandatory boundary without declared exact or statistical coverage => hold; no minimum-power guarantee),0.0,cluster_preserving_mean_shift_delta_0.500,adaptive,mean_shift,0.5,600,454,0,0,454,24,122,1.0,0.0
I_XFY_trusted,family_calibrated_strict,coverage-complete abstaining (fail-closed on missing coverage: a mandatory boundary without declared exact or statistical coverage => hold; no minimum-power guarantee),0.02,cluster_preserving_mean_shift_delta_0.500,adaptive,mean_shift,0.5,600,314,0,0,314,24,262,1.0,0.0
I_XFY_trusted,family_calibrated_strict,coverage-complete abstaining (fail-closed on missing coverage: a mandatory boundary without declared exact or statistical coverage => hold; no minimum-power guarantee),0.05,cluster_preserving_mean_shift_delta_0.500,adaptive,mean_shift,0.5,600,209,0,0,209,24,367,1.0,0.0
I_XFY_trusted,family_calibrated_strict,coverage-complete abstaining (fail-closed on missing coverage: a mandatory boundary without declared exact or statistical coverage => hold; no minimum-power guarantee),0.0,cluster_preserving_scaling_alpha_0.020,adaptive,scaling_drift,0.02,600,241,0,0,241,312,47,1.0,0.0
I_XFY_trusted,family_calibrated_strict,coverage-complete abstaining (fail-closed on missing coverage: a mandatory boundary without declared exact or statistical coverage => hold; no minimum-power guarantee),0.02,cluster_preserving_scaling_alpha_0.020,adaptive,scaling_drift,0.02,600,65,0,0,65,312,223,1.0,0.0
I_XFY_trusted,family_calibrated_strict,coverage-complete abstaining (fail-closed on missing coverage: a mandatory boundary without declared exact or statistical coverage => hold; no minimum-power guarantee),0.05,cluster_preserving_scaling_alpha_0.020,adaptive,scaling_drift,0.02,600,10,0,0,10,312,278,1.0,0.0
I_XFY_trusted,family_calibrated_strict,coverage-complete abstaining (fail-closed on missing coverage: a mandatory boundary without declared exact or statistical coverage => hold; no minimum-power guarantee),0.0,cluster_preserving_scaling_alpha_0.050,adaptive,scaling_drift,0.05,600,313,0,0,313,203,84,1.0,0.0
I_XFY_trusted,family_calibrated_strict,coverage-complete abstaining (fail-closed on missing coverage: a mandatory boundary without declared exact or statistical coverage => hold; no minimum-power guarantee),0.02,cluster_preserving_scaling_alpha_0.050,adaptive,scaling_drift,0.05,600,163,0,0,163,203,234,1.0,0.0
I_XFY_trusted,family_calibrated_strict,coverage-complete abstaining (fail-closed on missing coverage: a mandatory boundary without declared exact or statistical coverage => hold; no minimum-power guarantee),0.05,cluster_preserving_scaling_alpha_0.050,adaptive,scaling_drift,0.05,600,66,0,0,66,203,331,1.0,0.0
I_XFY_trusted,family_calibrated_strict,coverage-complete abstaining (fail-closed on missing coverage: a mandatory boundary without declared exact or statistical coverage => hold; no minimum-power guarantee),0.0,cluster_preserving_scaling_alpha_0.100,adaptive,scaling_drift,0.1,600,350,0,0,350,117,133,1.0,0.0
I_XFY_trusted,family_calibrated_strict,coverage-complete abstaining (fail-closed on missing coverage: a mandatory boundary without declared exact or statistical coverage => hold; no minimum-power guarantee),0.02,cluster_preserving_scaling_alpha_0.100,adaptive,scaling_drift,0.1,600,215,0,0,215,117,268,1.0,0.0
I_XFY_trusted,family_calibrated_strict,coverage-complete abstaining (fail-closed on missing coverage: a mandatory boundary without declared exact or statistical coverage => hold; no minimum-power guarantee),0.05,cluster_preserving_scaling_alpha_0.100,adaptive,scaling_drift,0.1,600,124,0,0,124,117,359,1.0,0.0
I_XFY_trusted,family_calibrated_strict,coverage-complete abstaining (fail-closed on missing coverage: a mandatory boundary without declared exact or statistical coverage => hold; no minimum-power guarantee),0.0,cluster_preserving_scaling_alpha_0.250,adaptive,scaling_drift,0.25,600,431,0,0,431,60,109,1.0,0.0
I_XFY_trusted,family_calibrated_strict,coverage-complete abstaining (fail-closed on missing coverage: a mandatory boundary without declared exact or statistical coverage => hold; no minimum-power guarantee),0.02,cluster_preserving_scaling_alpha_0.250,adaptive,scaling_drift,0.25,600,282,0,0,282,60,258,1.0,0.0
I_XFY_trusted,family_calibrated_strict,coverage-complete abstaining (fail-closed on missing coverage: a mandatory boundary without declared exact or statistical coverage => hold; no minimum-power guarantee),0.05,cluster_preserving_scaling_alpha_0.250,adaptive,scaling_drift,0.25,600,196,0,0,196,60,344,1.0,0.0
I_XFY_trusted,family_calibrated_strict,coverage-complete abstaining (fail-closed on missing coverage: a mandatory boundary without declared exact or statistical coverage => hold; no minimum-power guarantee),0.0,cluster_preserving_scaling_alpha_0.500,adaptive,scaling_drift,0.5,600,485,0,0,485,25,90,1.0,0.0
I_XFY_trusted,family_calibrated_strict,coverage-complete abstaining (fail-closed on missing coverage: a mandatory boundary without declared exact or statistical coverage => hold; no minimum-power guarantee),0.02,cluster_preserving_scaling_alpha_0.500,adaptive,scaling_drift,0.5,600,320,0,0,320,25,255,1.0,0.0
I_XFY_trusted,family_calibrated_strict,coverage-complete abstaining (fail-closed on missing coverage: a mandatory boundary without declared exact or statistical coverage => hold; no minimum-power guarantee),0.05,cluster_preserving_scaling_alpha_0.500,adaptive,scaling_drift,0.5,600,211,0,0,211,25,364,1.0,0.0
I_XFY_trusted,family_calibrated_strict,coverage-complete abstaining (fail-closed on missing coverage: a mandatory boundary without declared exact or statistical coverage => hold; no minimum-power guarantee),0.0,mean_shift_pf_delta_0.020,control,mean_shift,0.02,600,197,0,0,197,12,391,1.0,0.0
I_XFY_trusted,family_calibrated_strict,coverage-complete abstaining (fail-closed on missing coverage: a mandatory boundary without declared exact or statistical coverage => hold; no minimum-power guarantee),0.02,mean_shift_pf_delta_0.020,control,mean_shift,0.02,600,59,0,0,59,12,529,1.0,0.0
I_XFY_trusted,family_calibrated_strict,coverage-complete abstaining (fail-closed on missing coverage: a mandatory boundary without declared exact or statistical coverage => hold; no minimum-power guarantee),0.05,mean_shift_pf_delta_0.020,control,mean_shift,0.02,600,35,0,0,35,12,553,1.0,0.0
I_XFY_trusted,family_calibrated_strict,coverage-complete abstaining (fail-closed on missing coverage: a mandatory boundary without declared exact or statistical coverage => hold; no minimum-power guarantee),0.0,mean_shift_pf_delta_0.050,control,mean_shift,0.05,600,275,0,0,275,1,324,1.0,0.0
I_XFY_trusted,family_calibrated_strict,coverage-complete abstaining (fail-closed on missing coverage: a mandatory boundary without declared exact or statistical coverage => hold; no minimum-power guarantee),0.02,mean_shift_pf_delta_0.050,control,mean_shift,0.05,600,118,0,0,118,1,481,1.0,0.0
I_XFY_trusted,family_calibrated_strict,coverage-complete abstaining (fail-closed on missing coverage: a mandatory boundary without declared exact or statistical coverage => hold; no minimum-power guarantee),0.05,mean_shift_pf_delta_0.050,control,mean_shift,0.05,600,68,0,0,68,1,531,1.0,0.0
I_XFY_trusted,family_calibrated_strict,coverage-complete abstaining (fail-closed on missing coverage: a mandatory boundary without declared exact or statistical coverage => hold; no minimum-power guarantee),0.0,mean_shift_pf_delta_0.100,control,mean_shift,0.1,600,355,0,0,355,0,245,1.0,0.0
I_XFY_trusted,family_calibrated_strict,coverage-complete abstaining (fail-closed on missing coverage: a mandatory boundary without declared exact or statistical coverage => hold; no minimum-power guarantee),0.02,mean_shift_pf_delta_0.100,control,mean_shift,0.1,600,212,0,0,212,0,388,1.0,0.0
I_XFY_trusted,family_calibrated_strict,coverage-complete abstaining (fail-closed on missing coverage: a mandatory boundary without declared exact or statistical coverage => hold; no minimum-power guarantee),0.05,mean_shift_pf_delta_0.100,control,mean_shift,0.1,600,147,0,0,147,0,453,1.0,0.0
I_XFY_trusted,family_calibrated_strict,coverage-complete abstaining (fail-closed on missing coverage: a mandatory boundary without declared exact or statistical coverage => hold; no minimum-power guarantee),0.0,scaling_drift_alpha_0.020,control,scaling_drift,0.02,600,290,0,0,290,24,286,1.0,0.0
I_XFY_trusted,family_calibrated_strict,coverage-complete abstaining (fail-closed on missing coverage: a mandatory boundary without declared exact or statistical coverage => hold; no minimum-power guarantee),0.02,scaling_drift_alpha_0.020,control,scaling_drift,0.02,600,135,0,0,135,24,441,1.0,0.0
I_XFY_trusted,family_calibrated_strict,coverage-complete abstaining (fail-closed on missing coverage: a mandatory boundary without declared exact or statistical coverage => hold; no minimum-power guarantee),0.05,scaling_drift_alpha_0.020,control,scaling_drift,0.02,600,83,0,0,83,24,493,1.0,0.0
I_XFY_trusted,family_calibrated_strict,coverage-complete abstaining (fail-closed on missing coverage: a mandatory boundary without declared exact or statistical coverage => hold; no minimum-power guarantee),0.0,scaling_drift_alpha_0.050,control,scaling_drift,0.05,600,345,0,0,345,4,251,1.0,0.0
I_XFY_trusted,family_calibrated_strict,coverage-complete abstaining (fail-closed on missing coverage: a mandatory boundary without declared exact or statistical coverage => hold; no minimum-power guarantee),0.02,scaling_drift_alpha_0.050,control,scaling_drift,0.05,600,250,0,0,250,4,346,1.0,0.0
I_XFY_trusted,family_calibrated_strict,coverage-complete abstaining (fail-closed on missing coverage: a mandatory boundary without declared exact or statistical coverage => hold; no minimum-power guarantee),0.05,scaling_drift_alpha_0.050,control,scaling_drift,0.05,600,182,0,0,182,4,414,1.0,0.0
I_XFY_trusted,family_calibrated_strict,coverage-complete abstaining (fail-closed on missing coverage: a mandatory boundary without declared exact or statistical coverage => hold; no minimum-power guarantee),0.0,scaling_drift_alpha_0.100,control,scaling_drift,0.1,600,386,0,0,386,0,214,1.0,0.0
I_XFY_trusted,family_calibrated_strict,coverage-complete abstaining (fail-closed on missing coverage: a mandatory boundary without declared exact or statistical coverage => hold; no minimum-power guarantee),0.02,scaling_drift_alpha_0.100,control,scaling_drift,0.1,600,301,0,0,301,0,299,1.0,0.0
I_XFY_trusted,family_calibrated_strict,coverage-complete abstaining (fail-closed on missing coverage: a mandatory boundary without declared exact or statistical coverage => hold; no minimum-power guarantee),0.05,scaling_drift_alpha_0.100,control,scaling_drift,0.1,600,248,0,0,248,0,352,1.0,0.0
