gate,attack,attack_class,mechanism,strength,regime,rule,n,n_fire,detection_rate
gate2_id_256,cluster_preserving_mean_shift_delta_0.020,adaptive,mean_shift,0.02,I_X,union,60,0,0.0
gate2_id_256,cluster_preserving_mean_shift_delta_0.020,adaptive,mean_shift,0.02,I_X,family_v12,60,0,0.0
gate2_id_256,cluster_preserving_mean_shift_delta_0.020,adaptive,mean_shift,0.02,I_X,family,60,0,0.0
gate2_id_256,cluster_preserving_mean_shift_delta_0.020,adaptive,mean_shift,0.02,I_XF,union,60,4,0.06666666666666667
gate2_id_256,cluster_preserving_mean_shift_delta_0.020,adaptive,mean_shift,0.02,I_XF,family_v12,60,2,0.03333333333333333
gate2_id_256,cluster_preserving_mean_shift_delta_0.020,adaptive,mean_shift,0.02,I_XF,family,60,2,0.03333333333333333
gate2_id_256,cluster_preserving_mean_shift_delta_0.020,adaptive,mean_shift,0.02,I_Ym,union,60,0,0.0
gate2_id_256,cluster_preserving_mean_shift_delta_0.020,adaptive,mean_shift,0.02,I_Ym,family_v12,60,0,0.0
gate2_id_256,cluster_preserving_mean_shift_delta_0.020,adaptive,mean_shift,0.02,I_Ym,family,60,0,0.0
gate2_id_256,cluster_preserving_mean_shift_delta_0.020,adaptive,mean_shift,0.02,I_XFY,union,60,4,0.06666666666666667
gate2_id_256,cluster_preserving_mean_shift_delta_0.020,adaptive,mean_shift,0.02,I_XFY,family_v12,60,2,0.03333333333333333
gate2_id_256,cluster_preserving_mean_shift_delta_0.020,adaptive,mean_shift,0.02,I_XFY,family,60,2,0.03333333333333333
gate2_id_256,cluster_preserving_mean_shift_delta_0.020,adaptive,mean_shift,0.02,I_XFY_trusted,exact,60,16,0.26666666666666666
gate2_id_256,cluster_preserving_mean_shift_delta_0.050,adaptive,mean_shift,0.05,I_X,union,60,1,0.016666666666666666
gate2_id_256,cluster_preserving_mean_shift_delta_0.050,adaptive,mean_shift,0.05,I_X,family_v12,60,1,0.016666666666666666
gate2_id_256,cluster_preserving_mean_shift_delta_0.050,adaptive,mean_shift,0.05,I_X,family,60,1,0.016666666666666666
gate2_id_256,cluster_preserving_mean_shift_delta_0.050,adaptive,mean_shift,0.05,I_XF,union,60,26,0.43333333333333335
gate2_id_256,cluster_preserving_mean_shift_delta_0.050,adaptive,mean_shift,0.05,I_XF,family_v12,60,26,0.43333333333333335
gate2_id_256,cluster_preserving_mean_shift_delta_0.050,adaptive,mean_shift,0.05,I_XF,family,60,26,0.43333333333333335
gate2_id_256,cluster_preserving_mean_shift_delta_0.050,adaptive,mean_shift,0.05,I_Ym,union,60,0,0.0
gate2_id_256,cluster_preserving_mean_shift_delta_0.050,adaptive,mean_shift,0.05,I_Ym,family_v12,60,0,0.0
gate2_id_256,cluster_preserving_mean_shift_delta_0.050,adaptive,mean_shift,0.05,I_Ym,family,60,0,0.0
gate2_id_256,cluster_preserving_mean_shift_delta_0.050,adaptive,mean_shift,0.05,I_XFY,union,60,26,0.43333333333333335
gate2_id_256,cluster_preserving_mean_shift_delta_0.050,adaptive,mean_shift,0.05,I_XFY,family_v12,60,26,0.43333333333333335
gate2_id_256,cluster_preserving_mean_shift_delta_0.050,adaptive,mean_shift,0.05,I_XFY,family,60,25,0.4166666666666667
gate2_id_256,cluster_preserving_mean_shift_delta_0.050,adaptive,mean_shift,0.05,I_XFY_trusted,exact,60,26,0.43333333333333335
gate2_id_256,cluster_preserving_mean_shift_delta_0.100,adaptive,mean_shift,0.1,I_X,union,60,54,0.9
gate2_id_256,cluster_preserving_mean_shift_delta_0.100,adaptive,mean_shift,0.1,I_X,family_v12,60,51,0.85
gate2_id_256,cluster_preserving_mean_shift_delta_0.100,adaptive,mean_shift,0.1,I_X,family,60,51,0.85
gate2_id_256,cluster_preserving_mean_shift_delta_0.100,adaptive,mean_shift,0.1,I_XF,union,60,57,0.95
gate2_id_256,cluster_preserving_mean_shift_delta_0.100,adaptive,mean_shift,0.1,I_XF,family_v12,60,55,0.9166666666666666
gate2_id_256,cluster_preserving_mean_shift_delta_0.100,adaptive,mean_shift,0.1,I_XF,family,60,54,0.9
gate2_id_256,cluster_preserving_mean_shift_delta_0.100,adaptive,mean_shift,0.1,I_Ym,union,60,0,0.0
gate2_id_256,cluster_preserving_mean_shift_delta_0.100,adaptive,mean_shift,0.1,I_Ym,family_v12,60,0,0.0
gate2_id_256,cluster_preserving_mean_shift_delta_0.100,adaptive,mean_shift,0.1,I_Ym,family,60,0,0.0
gate2_id_256,cluster_preserving_mean_shift_delta_0.100,adaptive,mean_shift,0.1,I_XFY,union,60,57,0.95
gate2_id_256,cluster_preserving_mean_shift_delta_0.100,adaptive,mean_shift,0.1,I_XFY,family_v12,60,54,0.9
gate2_id_256,cluster_preserving_mean_shift_delta_0.100,adaptive,mean_shift,0.1,I_XFY,family,60,54,0.9
gate2_id_256,cluster_preserving_mean_shift_delta_0.100,adaptive,mean_shift,0.1,I_XFY_trusted,exact,60,31,0.5166666666666667
gate2_id_256,cluster_preserving_mean_shift_delta_0.250,adaptive,mean_shift,0.25,I_X,union,60,60,1.0
gate2_id_256,cluster_preserving_mean_shift_delta_0.250,adaptive,mean_shift,0.25,I_X,family_v12,60,60,1.0
gate2_id_256,cluster_preserving_mean_shift_delta_0.250,adaptive,mean_shift,0.25,I_X,family,60,60,1.0
gate2_id_256,cluster_preserving_mean_shift_delta_0.250,adaptive,mean_shift,0.25,I_XF,union,60,60,1.0
gate2_id_256,cluster_preserving_mean_shift_delta_0.250,adaptive,mean_shift,0.25,I_XF,family_v12,60,60,1.0
gate2_id_256,cluster_preserving_mean_shift_delta_0.250,adaptive,mean_shift,0.25,I_XF,family,60,60,1.0
gate2_id_256,cluster_preserving_mean_shift_delta_0.250,adaptive,mean_shift,0.25,I_Ym,union,60,0,0.0
gate2_id_256,cluster_preserving_mean_shift_delta_0.250,adaptive,mean_shift,0.25,I_Ym,family_v12,60,0,0.0
gate2_id_256,cluster_preserving_mean_shift_delta_0.250,adaptive,mean_shift,0.25,I_Ym,family,60,0,0.0
gate2_id_256,cluster_preserving_mean_shift_delta_0.250,adaptive,mean_shift,0.25,I_XFY,union,60,60,1.0
gate2_id_256,cluster_preserving_mean_shift_delta_0.250,adaptive,mean_shift,0.25,I_XFY,family_v12,60,60,1.0
gate2_id_256,cluster_preserving_mean_shift_delta_0.250,adaptive,mean_shift,0.25,I_XFY,family,60,60,1.0
gate2_id_256,cluster_preserving_mean_shift_delta_0.250,adaptive,mean_shift,0.25,I_XFY_trusted,exact,60,38,0.6333333333333333
gate2_id_256,cluster_preserving_mean_shift_delta_0.500,adaptive,mean_shift,0.5,I_X,union,60,60,1.0
gate2_id_256,cluster_preserving_mean_shift_delta_0.500,adaptive,mean_shift,0.5,I_X,family_v12,60,60,1.0
gate2_id_256,cluster_preserving_mean_shift_delta_0.500,adaptive,mean_shift,0.5,I_X,family,60,60,1.0
gate2_id_256,cluster_preserving_mean_shift_delta_0.500,adaptive,mean_shift,0.5,I_XF,union,60,60,1.0
gate2_id_256,cluster_preserving_mean_shift_delta_0.500,adaptive,mean_shift,0.5,I_XF,family_v12,60,60,1.0
gate2_id_256,cluster_preserving_mean_shift_delta_0.500,adaptive,mean_shift,0.5,I_XF,family,60,60,1.0
gate2_id_256,cluster_preserving_mean_shift_delta_0.500,adaptive,mean_shift,0.5,I_Ym,union,60,0,0.0
gate2_id_256,cluster_preserving_mean_shift_delta_0.500,adaptive,mean_shift,0.5,I_Ym,family_v12,60,0,0.0
gate2_id_256,cluster_preserving_mean_shift_delta_0.500,adaptive,mean_shift,0.5,I_Ym,family,60,0,0.0
gate2_id_256,cluster_preserving_mean_shift_delta_0.500,adaptive,mean_shift,0.5,I_XFY,union,60,60,1.0
gate2_id_256,cluster_preserving_mean_shift_delta_0.500,adaptive,mean_shift,0.5,I_XFY,family_v12,60,60,1.0
gate2_id_256,cluster_preserving_mean_shift_delta_0.500,adaptive,mean_shift,0.5,I_XFY,family,60,60,1.0
gate2_id_256,cluster_preserving_mean_shift_delta_0.500,adaptive,mean_shift,0.5,I_XFY_trusted,exact,60,52,0.8666666666666667
gate2_id_256,cluster_preserving_scaling_alpha_0.020,adaptive,scaling_drift,0.02,I_X,union,60,16,0.26666666666666666
gate2_id_256,cluster_preserving_scaling_alpha_0.020,adaptive,scaling_drift,0.02,I_X,family_v12,60,13,0.21666666666666667
gate2_id_256,cluster_preserving_scaling_alpha_0.020,adaptive,scaling_drift,0.02,I_X,family,60,13,0.21666666666666667
gate2_id_256,cluster_preserving_scaling_alpha_0.020,adaptive,scaling_drift,0.02,I_XF,union,60,30,0.5
gate2_id_256,cluster_preserving_scaling_alpha_0.020,adaptive,scaling_drift,0.02,I_XF,family_v12,60,30,0.5
gate2_id_256,cluster_preserving_scaling_alpha_0.020,adaptive,scaling_drift,0.02,I_XF,family,60,30,0.5
gate2_id_256,cluster_preserving_scaling_alpha_0.020,adaptive,scaling_drift,0.02,I_Ym,union,60,0,0.0
gate2_id_256,cluster_preserving_scaling_alpha_0.020,adaptive,scaling_drift,0.02,I_Ym,family_v12,60,0,0.0
gate2_id_256,cluster_preserving_scaling_alpha_0.020,adaptive,scaling_drift,0.02,I_Ym,family,60,0,0.0
gate2_id_256,cluster_preserving_scaling_alpha_0.020,adaptive,scaling_drift,0.02,I_XFY,union,60,30,0.5
gate2_id_256,cluster_preserving_scaling_alpha_0.020,adaptive,scaling_drift,0.02,I_XFY,family_v12,60,30,0.5
gate2_id_256,cluster_preserving_scaling_alpha_0.020,adaptive,scaling_drift,0.02,I_XFY,family,60,30,0.5
gate2_id_256,cluster_preserving_scaling_alpha_0.020,adaptive,scaling_drift,0.02,I_XFY_trusted,exact,60,30,0.5
gate2_id_256,cluster_preserving_scaling_alpha_0.050,adaptive,scaling_drift,0.05,I_X,union,60,43,0.7166666666666667
gate2_id_256,cluster_preserving_scaling_alpha_0.050,adaptive,scaling_drift,0.05,I_X,family_v12,60,42,0.7
gate2_id_256,cluster_preserving_scaling_alpha_0.050,adaptive,scaling_drift,0.05,I_X,family,60,42,0.7
gate2_id_256,cluster_preserving_scaling_alpha_0.050,adaptive,scaling_drift,0.05,I_XF,union,60,43,0.7166666666666667
gate2_id_256,cluster_preserving_scaling_alpha_0.050,adaptive,scaling_drift,0.05,I_XF,family_v12,60,41,0.6833333333333333
gate2_id_256,cluster_preserving_scaling_alpha_0.050,adaptive,scaling_drift,0.05,I_XF,family,60,40,0.6666666666666666
gate2_id_256,cluster_preserving_scaling_alpha_0.050,adaptive,scaling_drift,0.05,I_Ym,union,60,0,0.0
gate2_id_256,cluster_preserving_scaling_alpha_0.050,adaptive,scaling_drift,0.05,I_Ym,family_v12,60,0,0.0
gate2_id_256,cluster_preserving_scaling_alpha_0.050,adaptive,scaling_drift,0.05,I_Ym,family,60,0,0.0
gate2_id_256,cluster_preserving_scaling_alpha_0.050,adaptive,scaling_drift,0.05,I_XFY,union,60,43,0.7166666666666667
gate2_id_256,cluster_preserving_scaling_alpha_0.050,adaptive,scaling_drift,0.05,I_XFY,family_v12,60,40,0.6666666666666666
gate2_id_256,cluster_preserving_scaling_alpha_0.050,adaptive,scaling_drift,0.05,I_XFY,family,60,39,0.65
gate2_id_256,cluster_preserving_scaling_alpha_0.050,adaptive,scaling_drift,0.05,I_XFY_trusted,exact,60,34,0.5666666666666667
gate2_id_256,cluster_preserving_scaling_alpha_0.100,adaptive,scaling_drift,0.1,I_X,union,60,60,1.0
gate2_id_256,cluster_preserving_scaling_alpha_0.100,adaptive,scaling_drift,0.1,I_X,family_v12,60,60,1.0
gate2_id_256,cluster_preserving_scaling_alpha_0.100,adaptive,scaling_drift,0.1,I_X,family,60,60,1.0
gate2_id_256,cluster_preserving_scaling_alpha_0.100,adaptive,scaling_drift,0.1,I_XF,union,60,60,1.0
gate2_id_256,cluster_preserving_scaling_alpha_0.100,adaptive,scaling_drift,0.1,I_XF,family_v12,60,60,1.0
gate2_id_256,cluster_preserving_scaling_alpha_0.100,adaptive,scaling_drift,0.1,I_XF,family,60,60,1.0
gate2_id_256,cluster_preserving_scaling_alpha_0.100,adaptive,scaling_drift,0.1,I_Ym,union,60,0,0.0
gate2_id_256,cluster_preserving_scaling_alpha_0.100,adaptive,scaling_drift,0.1,I_Ym,family_v12,60,0,0.0
gate2_id_256,cluster_preserving_scaling_alpha_0.100,adaptive,scaling_drift,0.1,I_Ym,family,60,0,0.0
gate2_id_256,cluster_preserving_scaling_alpha_0.100,adaptive,scaling_drift,0.1,I_XFY,union,60,60,1.0
gate2_id_256,cluster_preserving_scaling_alpha_0.100,adaptive,scaling_drift,0.1,I_XFY,family_v12,60,60,1.0
gate2_id_256,cluster_preserving_scaling_alpha_0.100,adaptive,scaling_drift,0.1,I_XFY,family,60,60,1.0
gate2_id_256,cluster_preserving_scaling_alpha_0.100,adaptive,scaling_drift,0.1,I_XFY_trusted,exact,60,37,0.6166666666666667
gate2_id_256,cluster_preserving_scaling_alpha_0.250,adaptive,scaling_drift,0.25,I_X,union,60,60,1.0
gate2_id_256,cluster_preserving_scaling_alpha_0.250,adaptive,scaling_drift,0.25,I_X,family_v12,60,60,1.0
gate2_id_256,cluster_preserving_scaling_alpha_0.250,adaptive,scaling_drift,0.25,I_X,family,60,60,1.0
gate2_id_256,cluster_preserving_scaling_alpha_0.250,adaptive,scaling_drift,0.25,I_XF,union,60,60,1.0
gate2_id_256,cluster_preserving_scaling_alpha_0.250,adaptive,scaling_drift,0.25,I_XF,family_v12,60,60,1.0
gate2_id_256,cluster_preserving_scaling_alpha_0.250,adaptive,scaling_drift,0.25,I_XF,family,60,60,1.0
gate2_id_256,cluster_preserving_scaling_alpha_0.250,adaptive,scaling_drift,0.25,I_Ym,union,60,0,0.0
gate2_id_256,cluster_preserving_scaling_alpha_0.250,adaptive,scaling_drift,0.25,I_Ym,family_v12,60,0,0.0
gate2_id_256,cluster_preserving_scaling_alpha_0.250,adaptive,scaling_drift,0.25,I_Ym,family,60,0,0.0
gate2_id_256,cluster_preserving_scaling_alpha_0.250,adaptive,scaling_drift,0.25,I_XFY,union,60,60,1.0
gate2_id_256,cluster_preserving_scaling_alpha_0.250,adaptive,scaling_drift,0.25,I_XFY,family_v12,60,60,1.0
gate2_id_256,cluster_preserving_scaling_alpha_0.250,adaptive,scaling_drift,0.25,I_XFY,family,60,60,1.0
gate2_id_256,cluster_preserving_scaling_alpha_0.250,adaptive,scaling_drift,0.25,I_XFY_trusted,exact,60,45,0.75
gate2_id_256,cluster_preserving_scaling_alpha_0.500,adaptive,scaling_drift,0.5,I_X,union,60,60,1.0
gate2_id_256,cluster_preserving_scaling_alpha_0.500,adaptive,scaling_drift,0.5,I_X,family_v12,60,60,1.0
gate2_id_256,cluster_preserving_scaling_alpha_0.500,adaptive,scaling_drift,0.5,I_X,family,60,60,1.0
gate2_id_256,cluster_preserving_scaling_alpha_0.500,adaptive,scaling_drift,0.5,I_XF,union,60,60,1.0
gate2_id_256,cluster_preserving_scaling_alpha_0.500,adaptive,scaling_drift,0.5,I_XF,family_v12,60,60,1.0
gate2_id_256,cluster_preserving_scaling_alpha_0.500,adaptive,scaling_drift,0.5,I_XF,family,60,60,1.0
gate2_id_256,cluster_preserving_scaling_alpha_0.500,adaptive,scaling_drift,0.5,I_Ym,union,60,0,0.0
gate2_id_256,cluster_preserving_scaling_alpha_0.500,adaptive,scaling_drift,0.5,I_Ym,family_v12,60,0,0.0
gate2_id_256,cluster_preserving_scaling_alpha_0.500,adaptive,scaling_drift,0.5,I_Ym,family,60,0,0.0
gate2_id_256,cluster_preserving_scaling_alpha_0.500,adaptive,scaling_drift,0.5,I_XFY,union,60,60,1.0
gate2_id_256,cluster_preserving_scaling_alpha_0.500,adaptive,scaling_drift,0.5,I_XFY,family_v12,60,60,1.0
gate2_id_256,cluster_preserving_scaling_alpha_0.500,adaptive,scaling_drift,0.5,I_XFY,family,60,60,1.0
gate2_id_256,cluster_preserving_scaling_alpha_0.500,adaptive,scaling_drift,0.5,I_XFY_trusted,exact,60,56,0.9333333333333333
gate2_id_256,mean_shift_pf_delta_0.020,control,mean_shift,0.02,I_X,union,60,60,1.0
gate2_id_256,mean_shift_pf_delta_0.020,control,mean_shift,0.02,I_X,family_v12,60,60,1.0
gate2_id_256,mean_shift_pf_delta_0.020,control,mean_shift,0.02,I_X,family,60,60,1.0
gate2_id_256,mean_shift_pf_delta_0.020,control,mean_shift,0.02,I_XF,union,60,60,1.0
gate2_id_256,mean_shift_pf_delta_0.020,control,mean_shift,0.02,I_XF,family_v12,60,60,1.0
gate2_id_256,mean_shift_pf_delta_0.020,control,mean_shift,0.02,I_XF,family,60,60,1.0
gate2_id_256,mean_shift_pf_delta_0.020,control,mean_shift,0.02,I_Ym,union,60,0,0.0
gate2_id_256,mean_shift_pf_delta_0.020,control,mean_shift,0.02,I_Ym,family_v12,60,0,0.0
gate2_id_256,mean_shift_pf_delta_0.020,control,mean_shift,0.02,I_Ym,family,60,0,0.0
gate2_id_256,mean_shift_pf_delta_0.020,control,mean_shift,0.02,I_XFY,union,60,60,1.0
gate2_id_256,mean_shift_pf_delta_0.020,control,mean_shift,0.02,I_XFY,family_v12,60,60,1.0
gate2_id_256,mean_shift_pf_delta_0.020,control,mean_shift,0.02,I_XFY,family,60,60,1.0
gate2_id_256,mean_shift_pf_delta_0.020,control,mean_shift,0.02,I_XFY_trusted,exact,60,14,0.23333333333333334
gate2_id_256,mean_shift_pf_delta_0.050,control,mean_shift,0.05,I_X,union,60,60,1.0
gate2_id_256,mean_shift_pf_delta_0.050,control,mean_shift,0.05,I_X,family_v12,60,60,1.0
gate2_id_256,mean_shift_pf_delta_0.050,control,mean_shift,0.05,I_X,family,60,60,1.0
gate2_id_256,mean_shift_pf_delta_0.050,control,mean_shift,0.05,I_XF,union,60,60,1.0
gate2_id_256,mean_shift_pf_delta_0.050,control,mean_shift,0.05,I_XF,family_v12,60,60,1.0
gate2_id_256,mean_shift_pf_delta_0.050,control,mean_shift,0.05,I_XF,family,60,60,1.0
gate2_id_256,mean_shift_pf_delta_0.050,control,mean_shift,0.05,I_Ym,union,60,0,0.0
gate2_id_256,mean_shift_pf_delta_0.050,control,mean_shift,0.05,I_Ym,family_v12,60,0,0.0
gate2_id_256,mean_shift_pf_delta_0.050,control,mean_shift,0.05,I_Ym,family,60,0,0.0
gate2_id_256,mean_shift_pf_delta_0.050,control,mean_shift,0.05,I_XFY,union,60,60,1.0
gate2_id_256,mean_shift_pf_delta_0.050,control,mean_shift,0.05,I_XFY,family_v12,60,60,1.0
gate2_id_256,mean_shift_pf_delta_0.050,control,mean_shift,0.05,I_XFY,family,60,60,1.0
gate2_id_256,mean_shift_pf_delta_0.050,control,mean_shift,0.05,I_XFY_trusted,exact,60,26,0.43333333333333335
gate2_id_256,mean_shift_pf_delta_0.100,control,mean_shift,0.1,I_X,union,60,60,1.0
gate2_id_256,mean_shift_pf_delta_0.100,control,mean_shift,0.1,I_X,family_v12,60,60,1.0
gate2_id_256,mean_shift_pf_delta_0.100,control,mean_shift,0.1,I_X,family,60,60,1.0
gate2_id_256,mean_shift_pf_delta_0.100,control,mean_shift,0.1,I_XF,union,60,60,1.0
gate2_id_256,mean_shift_pf_delta_0.100,control,mean_shift,0.1,I_XF,family_v12,60,60,1.0
gate2_id_256,mean_shift_pf_delta_0.100,control,mean_shift,0.1,I_XF,family,60,60,1.0
gate2_id_256,mean_shift_pf_delta_0.100,control,mean_shift,0.1,I_Ym,union,60,0,0.0
gate2_id_256,mean_shift_pf_delta_0.100,control,mean_shift,0.1,I_Ym,family_v12,60,0,0.0
gate2_id_256,mean_shift_pf_delta_0.100,control,mean_shift,0.1,I_Ym,family,60,0,0.0
gate2_id_256,mean_shift_pf_delta_0.100,control,mean_shift,0.1,I_XFY,union,60,60,1.0
gate2_id_256,mean_shift_pf_delta_0.100,control,mean_shift,0.1,I_XFY,family_v12,60,60,1.0
gate2_id_256,mean_shift_pf_delta_0.100,control,mean_shift,0.1,I_XFY,family,60,60,1.0
gate2_id_256,mean_shift_pf_delta_0.100,control,mean_shift,0.1,I_XFY_trusted,exact,60,33,0.55
gate2_id_256,scaling_drift_alpha_0.020,control,scaling_drift,0.02,I_X,union,60,60,1.0
gate2_id_256,scaling_drift_alpha_0.020,control,scaling_drift,0.02,I_X,family_v12,60,60,1.0
gate2_id_256,scaling_drift_alpha_0.020,control,scaling_drift,0.02,I_X,family,60,60,1.0
gate2_id_256,scaling_drift_alpha_0.020,control,scaling_drift,0.02,I_XF,union,60,60,1.0
gate2_id_256,scaling_drift_alpha_0.020,control,scaling_drift,0.02,I_XF,family_v12,60,60,1.0
gate2_id_256,scaling_drift_alpha_0.020,control,scaling_drift,0.02,I_XF,family,60,60,1.0
gate2_id_256,scaling_drift_alpha_0.020,control,scaling_drift,0.02,I_Ym,union,60,0,0.0
gate2_id_256,scaling_drift_alpha_0.020,control,scaling_drift,0.02,I_Ym,family_v12,60,0,0.0
gate2_id_256,scaling_drift_alpha_0.020,control,scaling_drift,0.02,I_Ym,family,60,0,0.0
gate2_id_256,scaling_drift_alpha_0.020,control,scaling_drift,0.02,I_XFY,union,60,60,1.0
gate2_id_256,scaling_drift_alpha_0.020,control,scaling_drift,0.02,I_XFY,family_v12,60,60,1.0
gate2_id_256,scaling_drift_alpha_0.020,control,scaling_drift,0.02,I_XFY,family,60,60,1.0
gate2_id_256,scaling_drift_alpha_0.020,control,scaling_drift,0.02,I_XFY_trusted,exact,60,31,0.5166666666666667
gate2_id_256,scaling_drift_alpha_0.050,control,scaling_drift,0.05,I_X,union,60,60,1.0
gate2_id_256,scaling_drift_alpha_0.050,control,scaling_drift,0.05,I_X,family_v12,60,60,1.0
gate2_id_256,scaling_drift_alpha_0.050,control,scaling_drift,0.05,I_X,family,60,60,1.0
gate2_id_256,scaling_drift_alpha_0.050,control,scaling_drift,0.05,I_XF,union,60,60,1.0
gate2_id_256,scaling_drift_alpha_0.050,control,scaling_drift,0.05,I_XF,family_v12,60,60,1.0
gate2_id_256,scaling_drift_alpha_0.050,control,scaling_drift,0.05,I_XF,family,60,60,1.0
gate2_id_256,scaling_drift_alpha_0.050,control,scaling_drift,0.05,I_Ym,union,60,0,0.0
gate2_id_256,scaling_drift_alpha_0.050,control,scaling_drift,0.05,I_Ym,family_v12,60,0,0.0
gate2_id_256,scaling_drift_alpha_0.050,control,scaling_drift,0.05,I_Ym,family,60,0,0.0
gate2_id_256,scaling_drift_alpha_0.050,control,scaling_drift,0.05,I_XFY,union,60,60,1.0
gate2_id_256,scaling_drift_alpha_0.050,control,scaling_drift,0.05,I_XFY,family_v12,60,60,1.0
gate2_id_256,scaling_drift_alpha_0.050,control,scaling_drift,0.05,I_XFY,family,60,60,1.0
gate2_id_256,scaling_drift_alpha_0.050,control,scaling_drift,0.05,I_XFY_trusted,exact,60,33,0.55
gate2_id_256,scaling_drift_alpha_0.100,control,scaling_drift,0.1,I_X,union,60,60,1.0
gate2_id_256,scaling_drift_alpha_0.100,control,scaling_drift,0.1,I_X,family_v12,60,60,1.0
gate2_id_256,scaling_drift_alpha_0.100,control,scaling_drift,0.1,I_X,family,60,60,1.0
gate2_id_256,scaling_drift_alpha_0.100,control,scaling_drift,0.1,I_XF,union,60,60,1.0
gate2_id_256,scaling_drift_alpha_0.100,control,scaling_drift,0.1,I_XF,family_v12,60,60,1.0
gate2_id_256,scaling_drift_alpha_0.100,control,scaling_drift,0.1,I_XF,family,60,60,1.0
gate2_id_256,scaling_drift_alpha_0.100,control,scaling_drift,0.1,I_Ym,union,60,0,0.0
gate2_id_256,scaling_drift_alpha_0.100,control,scaling_drift,0.1,I_Ym,family_v12,60,0,0.0
gate2_id_256,scaling_drift_alpha_0.100,control,scaling_drift,0.1,I_Ym,family,60,0,0.0
gate2_id_256,scaling_drift_alpha_0.100,control,scaling_drift,0.1,I_XFY,union,60,60,1.0
gate2_id_256,scaling_drift_alpha_0.100,control,scaling_drift,0.1,I_XFY,family_v12,60,60,1.0
gate2_id_256,scaling_drift_alpha_0.100,control,scaling_drift,0.1,I_XFY,family,60,60,1.0
gate2_id_256,scaling_drift_alpha_0.100,control,scaling_drift,0.1,I_XFY_trusted,exact,60,37,0.6166666666666667
gate3a_ood_tue_wed,cluster_preserving_mean_shift_delta_0.020,adaptive,mean_shift,0.02,I_X,union,60,0,0.0
gate3a_ood_tue_wed,cluster_preserving_mean_shift_delta_0.020,adaptive,mean_shift,0.02,I_X,family_v12,60,0,0.0
gate3a_ood_tue_wed,cluster_preserving_mean_shift_delta_0.020,adaptive,mean_shift,0.02,I_X,family,60,0,0.0
gate3a_ood_tue_wed,cluster_preserving_mean_shift_delta_0.020,adaptive,mean_shift,0.02,I_XF,union,60,0,0.0
gate3a_ood_tue_wed,cluster_preserving_mean_shift_delta_0.020,adaptive,mean_shift,0.02,I_XF,family_v12,60,0,0.0
gate3a_ood_tue_wed,cluster_preserving_mean_shift_delta_0.020,adaptive,mean_shift,0.02,I_XF,family,60,0,0.0
gate3a_ood_tue_wed,cluster_preserving_mean_shift_delta_0.020,adaptive,mean_shift,0.02,I_Ym,union,60,0,0.0
gate3a_ood_tue_wed,cluster_preserving_mean_shift_delta_0.020,adaptive,mean_shift,0.02,I_Ym,family_v12,60,0,0.0
gate3a_ood_tue_wed,cluster_preserving_mean_shift_delta_0.020,adaptive,mean_shift,0.02,I_Ym,family,60,0,0.0
gate3a_ood_tue_wed,cluster_preserving_mean_shift_delta_0.020,adaptive,mean_shift,0.02,I_XFY,union,60,0,0.0
gate3a_ood_tue_wed,cluster_preserving_mean_shift_delta_0.020,adaptive,mean_shift,0.02,I_XFY,family_v12,60,0,0.0
gate3a_ood_tue_wed,cluster_preserving_mean_shift_delta_0.020,adaptive,mean_shift,0.02,I_XFY,family,60,0,0.0
gate3a_ood_tue_wed,cluster_preserving_mean_shift_delta_0.020,adaptive,mean_shift,0.02,I_XFY_trusted,exact,60,9,0.15
gate3a_ood_tue_wed,cluster_preserving_mean_shift_delta_0.050,adaptive,mean_shift,0.05,I_X,union,60,0,0.0
gate3a_ood_tue_wed,cluster_preserving_mean_shift_delta_0.050,adaptive,mean_shift,0.05,I_X,family_v12,60,0,0.0
gate3a_ood_tue_wed,cluster_preserving_mean_shift_delta_0.050,adaptive,mean_shift,0.05,I_X,family,60,0,0.0
gate3a_ood_tue_wed,cluster_preserving_mean_shift_delta_0.050,adaptive,mean_shift,0.05,I_XF,union,60,0,0.0
gate3a_ood_tue_wed,cluster_preserving_mean_shift_delta_0.050,adaptive,mean_shift,0.05,I_XF,family_v12,60,0,0.0
gate3a_ood_tue_wed,cluster_preserving_mean_shift_delta_0.050,adaptive,mean_shift,0.05,I_XF,family,60,0,0.0
gate3a_ood_tue_wed,cluster_preserving_mean_shift_delta_0.050,adaptive,mean_shift,0.05,I_Ym,union,60,0,0.0
gate3a_ood_tue_wed,cluster_preserving_mean_shift_delta_0.050,adaptive,mean_shift,0.05,I_Ym,family_v12,60,0,0.0
gate3a_ood_tue_wed,cluster_preserving_mean_shift_delta_0.050,adaptive,mean_shift,0.05,I_Ym,family,60,0,0.0
gate3a_ood_tue_wed,cluster_preserving_mean_shift_delta_0.050,adaptive,mean_shift,0.05,I_XFY,union,60,0,0.0
gate3a_ood_tue_wed,cluster_preserving_mean_shift_delta_0.050,adaptive,mean_shift,0.05,I_XFY,family_v12,60,0,0.0
gate3a_ood_tue_wed,cluster_preserving_mean_shift_delta_0.050,adaptive,mean_shift,0.05,I_XFY,family,60,0,0.0
gate3a_ood_tue_wed,cluster_preserving_mean_shift_delta_0.050,adaptive,mean_shift,0.05,I_XFY_trusted,exact,60,9,0.15
gate3a_ood_tue_wed,cluster_preserving_mean_shift_delta_0.100,adaptive,mean_shift,0.1,I_X,union,60,0,0.0
gate3a_ood_tue_wed,cluster_preserving_mean_shift_delta_0.100,adaptive,mean_shift,0.1,I_X,family_v12,60,0,0.0
gate3a_ood_tue_wed,cluster_preserving_mean_shift_delta_0.100,adaptive,mean_shift,0.1,I_X,family,60,0,0.0
gate3a_ood_tue_wed,cluster_preserving_mean_shift_delta_0.100,adaptive,mean_shift,0.1,I_XF,union,60,1,0.016666666666666666
gate3a_ood_tue_wed,cluster_preserving_mean_shift_delta_0.100,adaptive,mean_shift,0.1,I_XF,family_v12,60,0,0.0
gate3a_ood_tue_wed,cluster_preserving_mean_shift_delta_0.100,adaptive,mean_shift,0.1,I_XF,family,60,0,0.0
gate3a_ood_tue_wed,cluster_preserving_mean_shift_delta_0.100,adaptive,mean_shift,0.1,I_Ym,union,60,0,0.0
gate3a_ood_tue_wed,cluster_preserving_mean_shift_delta_0.100,adaptive,mean_shift,0.1,I_Ym,family_v12,60,0,0.0
gate3a_ood_tue_wed,cluster_preserving_mean_shift_delta_0.100,adaptive,mean_shift,0.1,I_Ym,family,60,0,0.0
gate3a_ood_tue_wed,cluster_preserving_mean_shift_delta_0.100,adaptive,mean_shift,0.1,I_XFY,union,60,1,0.016666666666666666
gate3a_ood_tue_wed,cluster_preserving_mean_shift_delta_0.100,adaptive,mean_shift,0.1,I_XFY,family_v12,60,0,0.0
gate3a_ood_tue_wed,cluster_preserving_mean_shift_delta_0.100,adaptive,mean_shift,0.1,I_XFY,family,60,0,0.0
gate3a_ood_tue_wed,cluster_preserving_mean_shift_delta_0.100,adaptive,mean_shift,0.1,I_XFY_trusted,exact,60,24,0.4
gate3a_ood_tue_wed,cluster_preserving_mean_shift_delta_0.250,adaptive,mean_shift,0.25,I_X,union,60,20,0.3333333333333333
gate3a_ood_tue_wed,cluster_preserving_mean_shift_delta_0.250,adaptive,mean_shift,0.25,I_X,family_v12,60,17,0.2833333333333333
gate3a_ood_tue_wed,cluster_preserving_mean_shift_delta_0.250,adaptive,mean_shift,0.25,I_X,family,60,16,0.26666666666666666
gate3a_ood_tue_wed,cluster_preserving_mean_shift_delta_0.250,adaptive,mean_shift,0.25,I_XF,union,60,23,0.38333333333333336
gate3a_ood_tue_wed,cluster_preserving_mean_shift_delta_0.250,adaptive,mean_shift,0.25,I_XF,family_v12,60,16,0.26666666666666666
gate3a_ood_tue_wed,cluster_preserving_mean_shift_delta_0.250,adaptive,mean_shift,0.25,I_XF,family,60,15,0.25
gate3a_ood_tue_wed,cluster_preserving_mean_shift_delta_0.250,adaptive,mean_shift,0.25,I_Ym,union,60,0,0.0
gate3a_ood_tue_wed,cluster_preserving_mean_shift_delta_0.250,adaptive,mean_shift,0.25,I_Ym,family_v12,60,0,0.0
gate3a_ood_tue_wed,cluster_preserving_mean_shift_delta_0.250,adaptive,mean_shift,0.25,I_Ym,family,60,0,0.0
gate3a_ood_tue_wed,cluster_preserving_mean_shift_delta_0.250,adaptive,mean_shift,0.25,I_XFY,union,60,23,0.38333333333333336
gate3a_ood_tue_wed,cluster_preserving_mean_shift_delta_0.250,adaptive,mean_shift,0.25,I_XFY,family_v12,60,15,0.25
gate3a_ood_tue_wed,cluster_preserving_mean_shift_delta_0.250,adaptive,mean_shift,0.25,I_XFY,family,60,14,0.23333333333333334
gate3a_ood_tue_wed,cluster_preserving_mean_shift_delta_0.250,adaptive,mean_shift,0.25,I_XFY_trusted,exact,60,39,0.65
gate3a_ood_tue_wed,cluster_preserving_mean_shift_delta_0.500,adaptive,mean_shift,0.5,I_X,union,60,40,0.6666666666666666
gate3a_ood_tue_wed,cluster_preserving_mean_shift_delta_0.500,adaptive,mean_shift,0.5,I_X,family_v12,60,38,0.6333333333333333
gate3a_ood_tue_wed,cluster_preserving_mean_shift_delta_0.500,adaptive,mean_shift,0.5,I_X,family,60,38,0.6333333333333333
gate3a_ood_tue_wed,cluster_preserving_mean_shift_delta_0.500,adaptive,mean_shift,0.5,I_XF,union,60,42,0.7
gate3a_ood_tue_wed,cluster_preserving_mean_shift_delta_0.500,adaptive,mean_shift,0.5,I_XF,family_v12,60,35,0.5833333333333334
gate3a_ood_tue_wed,cluster_preserving_mean_shift_delta_0.500,adaptive,mean_shift,0.5,I_XF,family,60,33,0.55
gate3a_ood_tue_wed,cluster_preserving_mean_shift_delta_0.500,adaptive,mean_shift,0.5,I_Ym,union,60,0,0.0
gate3a_ood_tue_wed,cluster_preserving_mean_shift_delta_0.500,adaptive,mean_shift,0.5,I_Ym,family_v12,60,0,0.0
gate3a_ood_tue_wed,cluster_preserving_mean_shift_delta_0.500,adaptive,mean_shift,0.5,I_Ym,family,60,0,0.0
gate3a_ood_tue_wed,cluster_preserving_mean_shift_delta_0.500,adaptive,mean_shift,0.5,I_XFY,union,60,42,0.7
gate3a_ood_tue_wed,cluster_preserving_mean_shift_delta_0.500,adaptive,mean_shift,0.5,I_XFY,family_v12,60,32,0.5333333333333333
gate3a_ood_tue_wed,cluster_preserving_mean_shift_delta_0.500,adaptive,mean_shift,0.5,I_XFY,family,60,31,0.5166666666666667
gate3a_ood_tue_wed,cluster_preserving_mean_shift_delta_0.500,adaptive,mean_shift,0.5,I_XFY_trusted,exact,60,36,0.6
gate3a_ood_tue_wed,cluster_preserving_scaling_alpha_0.020,adaptive,scaling_drift,0.02,I_X,union,60,0,0.0
gate3a_ood_tue_wed,cluster_preserving_scaling_alpha_0.020,adaptive,scaling_drift,0.02,I_X,family_v12,60,0,0.0
gate3a_ood_tue_wed,cluster_preserving_scaling_alpha_0.020,adaptive,scaling_drift,0.02,I_X,family,60,0,0.0
gate3a_ood_tue_wed,cluster_preserving_scaling_alpha_0.020,adaptive,scaling_drift,0.02,I_XF,union,60,0,0.0
gate3a_ood_tue_wed,cluster_preserving_scaling_alpha_0.020,adaptive,scaling_drift,0.02,I_XF,family_v12,60,0,0.0
gate3a_ood_tue_wed,cluster_preserving_scaling_alpha_0.020,adaptive,scaling_drift,0.02,I_XF,family,60,0,0.0
gate3a_ood_tue_wed,cluster_preserving_scaling_alpha_0.020,adaptive,scaling_drift,0.02,I_Ym,union,60,0,0.0
gate3a_ood_tue_wed,cluster_preserving_scaling_alpha_0.020,adaptive,scaling_drift,0.02,I_Ym,family_v12,60,0,0.0
gate3a_ood_tue_wed,cluster_preserving_scaling_alpha_0.020,adaptive,scaling_drift,0.02,I_Ym,family,60,0,0.0
gate3a_ood_tue_wed,cluster_preserving_scaling_alpha_0.020,adaptive,scaling_drift,0.02,I_XFY,union,60,0,0.0
gate3a_ood_tue_wed,cluster_preserving_scaling_alpha_0.020,adaptive,scaling_drift,0.02,I_XFY,family_v12,60,0,0.0
gate3a_ood_tue_wed,cluster_preserving_scaling_alpha_0.020,adaptive,scaling_drift,0.02,I_XFY,family,60,0,0.0
gate3a_ood_tue_wed,cluster_preserving_scaling_alpha_0.020,adaptive,scaling_drift,0.02,I_XFY_trusted,exact,60,5,0.08333333333333333
gate3a_ood_tue_wed,cluster_preserving_scaling_alpha_0.050,adaptive,scaling_drift,0.05,I_X,union,60,55,0.9166666666666666
gate3a_ood_tue_wed,cluster_preserving_scaling_alpha_0.050,adaptive,scaling_drift,0.05,I_X,family_v12,60,52,0.8666666666666667
gate3a_ood_tue_wed,cluster_preserving_scaling_alpha_0.050,adaptive,scaling_drift,0.05,I_X,family,60,52,0.8666666666666667
gate3a_ood_tue_wed,cluster_preserving_scaling_alpha_0.050,adaptive,scaling_drift,0.05,I_XF,union,60,55,0.9166666666666666
gate3a_ood_tue_wed,cluster_preserving_scaling_alpha_0.050,adaptive,scaling_drift,0.05,I_XF,family_v12,60,50,0.8333333333333334
gate3a_ood_tue_wed,cluster_preserving_scaling_alpha_0.050,adaptive,scaling_drift,0.05,I_XF,family,60,49,0.8166666666666667
gate3a_ood_tue_wed,cluster_preserving_scaling_alpha_0.050,adaptive,scaling_drift,0.05,I_Ym,union,60,0,0.0
gate3a_ood_tue_wed,cluster_preserving_scaling_alpha_0.050,adaptive,scaling_drift,0.05,I_Ym,family_v12,60,0,0.0
gate3a_ood_tue_wed,cluster_preserving_scaling_alpha_0.050,adaptive,scaling_drift,0.05,I_Ym,family,60,0,0.0
gate3a_ood_tue_wed,cluster_preserving_scaling_alpha_0.050,adaptive,scaling_drift,0.05,I_XFY,union,60,55,0.9166666666666666
gate3a_ood_tue_wed,cluster_preserving_scaling_alpha_0.050,adaptive,scaling_drift,0.05,I_XFY,family_v12,60,50,0.8333333333333334
gate3a_ood_tue_wed,cluster_preserving_scaling_alpha_0.050,adaptive,scaling_drift,0.05,I_XFY,family,60,47,0.7833333333333333
gate3a_ood_tue_wed,cluster_preserving_scaling_alpha_0.050,adaptive,scaling_drift,0.05,I_XFY_trusted,exact,60,11,0.18333333333333332
gate3a_ood_tue_wed,cluster_preserving_scaling_alpha_0.100,adaptive,scaling_drift,0.1,I_X,union,60,60,1.0
gate3a_ood_tue_wed,cluster_preserving_scaling_alpha_0.100,adaptive,scaling_drift,0.1,I_X,family_v12,60,60,1.0
gate3a_ood_tue_wed,cluster_preserving_scaling_alpha_0.100,adaptive,scaling_drift,0.1,I_X,family,60,60,1.0
gate3a_ood_tue_wed,cluster_preserving_scaling_alpha_0.100,adaptive,scaling_drift,0.1,I_XF,union,60,60,1.0
gate3a_ood_tue_wed,cluster_preserving_scaling_alpha_0.100,adaptive,scaling_drift,0.1,I_XF,family_v12,60,60,1.0
gate3a_ood_tue_wed,cluster_preserving_scaling_alpha_0.100,adaptive,scaling_drift,0.1,I_XF,family,60,60,1.0
gate3a_ood_tue_wed,cluster_preserving_scaling_alpha_0.100,adaptive,scaling_drift,0.1,I_Ym,union,60,0,0.0
gate3a_ood_tue_wed,cluster_preserving_scaling_alpha_0.100,adaptive,scaling_drift,0.1,I_Ym,family_v12,60,0,0.0
gate3a_ood_tue_wed,cluster_preserving_scaling_alpha_0.100,adaptive,scaling_drift,0.1,I_Ym,family,60,0,0.0
gate3a_ood_tue_wed,cluster_preserving_scaling_alpha_0.100,adaptive,scaling_drift,0.1,I_XFY,union,60,60,1.0
gate3a_ood_tue_wed,cluster_preserving_scaling_alpha_0.100,adaptive,scaling_drift,0.1,I_XFY,family_v12,60,60,1.0
gate3a_ood_tue_wed,cluster_preserving_scaling_alpha_0.100,adaptive,scaling_drift,0.1,I_XFY,family,60,60,1.0
gate3a_ood_tue_wed,cluster_preserving_scaling_alpha_0.100,adaptive,scaling_drift,0.1,I_XFY_trusted,exact,60,21,0.35
gate3a_ood_tue_wed,cluster_preserving_scaling_alpha_0.250,adaptive,scaling_drift,0.25,I_X,union,60,60,1.0
gate3a_ood_tue_wed,cluster_preserving_scaling_alpha_0.250,adaptive,scaling_drift,0.25,I_X,family_v12,60,60,1.0
gate3a_ood_tue_wed,cluster_preserving_scaling_alpha_0.250,adaptive,scaling_drift,0.25,I_X,family,60,60,1.0
gate3a_ood_tue_wed,cluster_preserving_scaling_alpha_0.250,adaptive,scaling_drift,0.25,I_XF,union,60,60,1.0
gate3a_ood_tue_wed,cluster_preserving_scaling_alpha_0.250,adaptive,scaling_drift,0.25,I_XF,family_v12,60,60,1.0
gate3a_ood_tue_wed,cluster_preserving_scaling_alpha_0.250,adaptive,scaling_drift,0.25,I_XF,family,60,60,1.0
gate3a_ood_tue_wed,cluster_preserving_scaling_alpha_0.250,adaptive,scaling_drift,0.25,I_Ym,union,60,0,0.0
gate3a_ood_tue_wed,cluster_preserving_scaling_alpha_0.250,adaptive,scaling_drift,0.25,I_Ym,family_v12,60,0,0.0
gate3a_ood_tue_wed,cluster_preserving_scaling_alpha_0.250,adaptive,scaling_drift,0.25,I_Ym,family,60,0,0.0
gate3a_ood_tue_wed,cluster_preserving_scaling_alpha_0.250,adaptive,scaling_drift,0.25,I_XFY,union,60,60,1.0
gate3a_ood_tue_wed,cluster_preserving_scaling_alpha_0.250,adaptive,scaling_drift,0.25,I_XFY,family_v12,60,60,1.0
gate3a_ood_tue_wed,cluster_preserving_scaling_alpha_0.250,adaptive,scaling_drift,0.25,I_XFY,family,60,60,1.0
gate3a_ood_tue_wed,cluster_preserving_scaling_alpha_0.250,adaptive,scaling_drift,0.25,I_XFY_trusted,exact,60,42,0.7
gate3a_ood_tue_wed,cluster_preserving_scaling_alpha_0.500,adaptive,scaling_drift,0.5,I_X,union,60,60,1.0
gate3a_ood_tue_wed,cluster_preserving_scaling_alpha_0.500,adaptive,scaling_drift,0.5,I_X,family_v12,60,60,1.0
gate3a_ood_tue_wed,cluster_preserving_scaling_alpha_0.500,adaptive,scaling_drift,0.5,I_X,family,60,60,1.0
gate3a_ood_tue_wed,cluster_preserving_scaling_alpha_0.500,adaptive,scaling_drift,0.5,I_XF,union,60,60,1.0
gate3a_ood_tue_wed,cluster_preserving_scaling_alpha_0.500,adaptive,scaling_drift,0.5,I_XF,family_v12,60,60,1.0
gate3a_ood_tue_wed,cluster_preserving_scaling_alpha_0.500,adaptive,scaling_drift,0.5,I_XF,family,60,60,1.0
gate3a_ood_tue_wed,cluster_preserving_scaling_alpha_0.500,adaptive,scaling_drift,0.5,I_Ym,union,60,0,0.0
gate3a_ood_tue_wed,cluster_preserving_scaling_alpha_0.500,adaptive,scaling_drift,0.5,I_Ym,family_v12,60,0,0.0
gate3a_ood_tue_wed,cluster_preserving_scaling_alpha_0.500,adaptive,scaling_drift,0.5,I_Ym,family,60,0,0.0
gate3a_ood_tue_wed,cluster_preserving_scaling_alpha_0.500,adaptive,scaling_drift,0.5,I_XFY,union,60,60,1.0
gate3a_ood_tue_wed,cluster_preserving_scaling_alpha_0.500,adaptive,scaling_drift,0.5,I_XFY,family_v12,60,60,1.0
gate3a_ood_tue_wed,cluster_preserving_scaling_alpha_0.500,adaptive,scaling_drift,0.5,I_XFY,family,60,60,1.0
gate3a_ood_tue_wed,cluster_preserving_scaling_alpha_0.500,adaptive,scaling_drift,0.5,I_XFY_trusted,exact,60,53,0.8833333333333333
gate3a_ood_tue_wed,mean_shift_pf_delta_0.020,control,mean_shift,0.02,I_X,union,60,60,1.0
gate3a_ood_tue_wed,mean_shift_pf_delta_0.020,control,mean_shift,0.02,I_X,family_v12,60,60,1.0
gate3a_ood_tue_wed,mean_shift_pf_delta_0.020,control,mean_shift,0.02,I_X,family,60,60,1.0
gate3a_ood_tue_wed,mean_shift_pf_delta_0.020,control,mean_shift,0.02,I_XF,union,60,60,1.0
gate3a_ood_tue_wed,mean_shift_pf_delta_0.020,control,mean_shift,0.02,I_XF,family_v12,60,60,1.0
gate3a_ood_tue_wed,mean_shift_pf_delta_0.020,control,mean_shift,0.02,I_XF,family,60,60,1.0
gate3a_ood_tue_wed,mean_shift_pf_delta_0.020,control,mean_shift,0.02,I_Ym,union,60,0,0.0
gate3a_ood_tue_wed,mean_shift_pf_delta_0.020,control,mean_shift,0.02,I_Ym,family_v12,60,0,0.0
gate3a_ood_tue_wed,mean_shift_pf_delta_0.020,control,mean_shift,0.02,I_Ym,family,60,0,0.0
gate3a_ood_tue_wed,mean_shift_pf_delta_0.020,control,mean_shift,0.02,I_XFY,union,60,60,1.0
gate3a_ood_tue_wed,mean_shift_pf_delta_0.020,control,mean_shift,0.02,I_XFY,family_v12,60,60,1.0
gate3a_ood_tue_wed,mean_shift_pf_delta_0.020,control,mean_shift,0.02,I_XFY,family,60,60,1.0
gate3a_ood_tue_wed,mean_shift_pf_delta_0.020,control,mean_shift,0.02,I_XFY_trusted,exact,60,15,0.25
gate3a_ood_tue_wed,mean_shift_pf_delta_0.050,control,mean_shift,0.05,I_X,union,60,60,1.0
gate3a_ood_tue_wed,mean_shift_pf_delta_0.050,control,mean_shift,0.05,I_X,family_v12,60,60,1.0
gate3a_ood_tue_wed,mean_shift_pf_delta_0.050,control,mean_shift,0.05,I_X,family,60,60,1.0
gate3a_ood_tue_wed,mean_shift_pf_delta_0.050,control,mean_shift,0.05,I_XF,union,60,60,1.0
gate3a_ood_tue_wed,mean_shift_pf_delta_0.050,control,mean_shift,0.05,I_XF,family_v12,60,60,1.0
gate3a_ood_tue_wed,mean_shift_pf_delta_0.050,control,mean_shift,0.05,I_XF,family,60,60,1.0
gate3a_ood_tue_wed,mean_shift_pf_delta_0.050,control,mean_shift,0.05,I_Ym,union,60,0,0.0
gate3a_ood_tue_wed,mean_shift_pf_delta_0.050,control,mean_shift,0.05,I_Ym,family_v12,60,0,0.0
gate3a_ood_tue_wed,mean_shift_pf_delta_0.050,control,mean_shift,0.05,I_Ym,family,60,0,0.0
gate3a_ood_tue_wed,mean_shift_pf_delta_0.050,control,mean_shift,0.05,I_XFY,union,60,60,1.0
gate3a_ood_tue_wed,mean_shift_pf_delta_0.050,control,mean_shift,0.05,I_XFY,family_v12,60,60,1.0
gate3a_ood_tue_wed,mean_shift_pf_delta_0.050,control,mean_shift,0.05,I_XFY,family,60,60,1.0
gate3a_ood_tue_wed,mean_shift_pf_delta_0.050,control,mean_shift,0.05,I_XFY_trusted,exact,60,17,0.2833333333333333
gate3a_ood_tue_wed,mean_shift_pf_delta_0.100,control,mean_shift,0.1,I_X,union,60,60,1.0
gate3a_ood_tue_wed,mean_shift_pf_delta_0.100,control,mean_shift,0.1,I_X,family_v12,60,60,1.0
gate3a_ood_tue_wed,mean_shift_pf_delta_0.100,control,mean_shift,0.1,I_X,family,60,60,1.0
gate3a_ood_tue_wed,mean_shift_pf_delta_0.100,control,mean_shift,0.1,I_XF,union,60,60,1.0
gate3a_ood_tue_wed,mean_shift_pf_delta_0.100,control,mean_shift,0.1,I_XF,family_v12,60,60,1.0
gate3a_ood_tue_wed,mean_shift_pf_delta_0.100,control,mean_shift,0.1,I_XF,family,60,60,1.0
gate3a_ood_tue_wed,mean_shift_pf_delta_0.100,control,mean_shift,0.1,I_Ym,union,60,0,0.0
gate3a_ood_tue_wed,mean_shift_pf_delta_0.100,control,mean_shift,0.1,I_Ym,family_v12,60,0,0.0
gate3a_ood_tue_wed,mean_shift_pf_delta_0.100,control,mean_shift,0.1,I_Ym,family,60,0,0.0
gate3a_ood_tue_wed,mean_shift_pf_delta_0.100,control,mean_shift,0.1,I_XFY,union,60,60,1.0
gate3a_ood_tue_wed,mean_shift_pf_delta_0.100,control,mean_shift,0.1,I_XFY,family_v12,60,60,1.0
gate3a_ood_tue_wed,mean_shift_pf_delta_0.100,control,mean_shift,0.1,I_XFY,family,60,60,1.0
gate3a_ood_tue_wed,mean_shift_pf_delta_0.100,control,mean_shift,0.1,I_XFY_trusted,exact,60,30,0.5
gate3a_ood_tue_wed,scaling_drift_alpha_0.020,control,scaling_drift,0.02,I_X,union,60,60,1.0
gate3a_ood_tue_wed,scaling_drift_alpha_0.020,control,scaling_drift,0.02,I_X,family_v12,60,60,1.0
gate3a_ood_tue_wed,scaling_drift_alpha_0.020,control,scaling_drift,0.02,I_X,family,60,60,1.0
gate3a_ood_tue_wed,scaling_drift_alpha_0.020,control,scaling_drift,0.02,I_XF,union,60,60,1.0
gate3a_ood_tue_wed,scaling_drift_alpha_0.020,control,scaling_drift,0.02,I_XF,family_v12,60,60,1.0
gate3a_ood_tue_wed,scaling_drift_alpha_0.020,control,scaling_drift,0.02,I_XF,family,60,60,1.0
gate3a_ood_tue_wed,scaling_drift_alpha_0.020,control,scaling_drift,0.02,I_Ym,union,60,0,0.0
gate3a_ood_tue_wed,scaling_drift_alpha_0.020,control,scaling_drift,0.02,I_Ym,family_v12,60,0,0.0
gate3a_ood_tue_wed,scaling_drift_alpha_0.020,control,scaling_drift,0.02,I_Ym,family,60,0,0.0
gate3a_ood_tue_wed,scaling_drift_alpha_0.020,control,scaling_drift,0.02,I_XFY,union,60,60,1.0
gate3a_ood_tue_wed,scaling_drift_alpha_0.020,control,scaling_drift,0.02,I_XFY,family_v12,60,60,1.0
gate3a_ood_tue_wed,scaling_drift_alpha_0.020,control,scaling_drift,0.02,I_XFY,family,60,60,1.0
gate3a_ood_tue_wed,scaling_drift_alpha_0.020,control,scaling_drift,0.02,I_XFY_trusted,exact,60,24,0.4
gate3a_ood_tue_wed,scaling_drift_alpha_0.050,control,scaling_drift,0.05,I_X,union,60,60,1.0
gate3a_ood_tue_wed,scaling_drift_alpha_0.050,control,scaling_drift,0.05,I_X,family_v12,60,60,1.0
gate3a_ood_tue_wed,scaling_drift_alpha_0.050,control,scaling_drift,0.05,I_X,family,60,60,1.0
gate3a_ood_tue_wed,scaling_drift_alpha_0.050,control,scaling_drift,0.05,I_XF,union,60,60,1.0
gate3a_ood_tue_wed,scaling_drift_alpha_0.050,control,scaling_drift,0.05,I_XF,family_v12,60,60,1.0
gate3a_ood_tue_wed,scaling_drift_alpha_0.050,control,scaling_drift,0.05,I_XF,family,60,60,1.0
gate3a_ood_tue_wed,scaling_drift_alpha_0.050,control,scaling_drift,0.05,I_Ym,union,60,0,0.0
gate3a_ood_tue_wed,scaling_drift_alpha_0.050,control,scaling_drift,0.05,I_Ym,family_v12,60,0,0.0
gate3a_ood_tue_wed,scaling_drift_alpha_0.050,control,scaling_drift,0.05,I_Ym,family,60,0,0.0
gate3a_ood_tue_wed,scaling_drift_alpha_0.050,control,scaling_drift,0.05,I_XFY,union,60,60,1.0
gate3a_ood_tue_wed,scaling_drift_alpha_0.050,control,scaling_drift,0.05,I_XFY,family_v12,60,60,1.0
gate3a_ood_tue_wed,scaling_drift_alpha_0.050,control,scaling_drift,0.05,I_XFY,family,60,60,1.0
gate3a_ood_tue_wed,scaling_drift_alpha_0.050,control,scaling_drift,0.05,I_XFY_trusted,exact,60,28,0.4666666666666667
gate3a_ood_tue_wed,scaling_drift_alpha_0.100,control,scaling_drift,0.1,I_X,union,60,60,1.0
gate3a_ood_tue_wed,scaling_drift_alpha_0.100,control,scaling_drift,0.1,I_X,family_v12,60,60,1.0
gate3a_ood_tue_wed,scaling_drift_alpha_0.100,control,scaling_drift,0.1,I_X,family,60,60,1.0
gate3a_ood_tue_wed,scaling_drift_alpha_0.100,control,scaling_drift,0.1,I_XF,union,60,60,1.0
gate3a_ood_tue_wed,scaling_drift_alpha_0.100,control,scaling_drift,0.1,I_XF,family_v12,60,60,1.0
gate3a_ood_tue_wed,scaling_drift_alpha_0.100,control,scaling_drift,0.1,I_XF,family,60,60,1.0
gate3a_ood_tue_wed,scaling_drift_alpha_0.100,control,scaling_drift,0.1,I_Ym,union,60,0,0.0
gate3a_ood_tue_wed,scaling_drift_alpha_0.100,control,scaling_drift,0.1,I_Ym,family_v12,60,0,0.0
gate3a_ood_tue_wed,scaling_drift_alpha_0.100,control,scaling_drift,0.1,I_Ym,family,60,0,0.0
gate3a_ood_tue_wed,scaling_drift_alpha_0.100,control,scaling_drift,0.1,I_XFY,union,60,60,1.0
gate3a_ood_tue_wed,scaling_drift_alpha_0.100,control,scaling_drift,0.1,I_XFY,family_v12,60,60,1.0
gate3a_ood_tue_wed,scaling_drift_alpha_0.100,control,scaling_drift,0.1,I_XFY,family,60,60,1.0
gate3a_ood_tue_wed,scaling_drift_alpha_0.100,control,scaling_drift,0.1,I_XFY_trusted,exact,60,34,0.5666666666666667
gate3b_ood_tue_fri_portscan,cluster_preserving_mean_shift_delta_0.020,adaptive,mean_shift,0.02,I_X,union,60,0,0.0
gate3b_ood_tue_fri_portscan,cluster_preserving_mean_shift_delta_0.020,adaptive,mean_shift,0.02,I_X,family_v12,60,0,0.0
gate3b_ood_tue_fri_portscan,cluster_preserving_mean_shift_delta_0.020,adaptive,mean_shift,0.02,I_X,family,60,0,0.0
gate3b_ood_tue_fri_portscan,cluster_preserving_mean_shift_delta_0.020,adaptive,mean_shift,0.02,I_XF,union,60,2,0.03333333333333333
gate3b_ood_tue_fri_portscan,cluster_preserving_mean_shift_delta_0.020,adaptive,mean_shift,0.02,I_XF,family_v12,60,0,0.0
gate3b_ood_tue_fri_portscan,cluster_preserving_mean_shift_delta_0.020,adaptive,mean_shift,0.02,I_XF,family,60,0,0.0
gate3b_ood_tue_fri_portscan,cluster_preserving_mean_shift_delta_0.020,adaptive,mean_shift,0.02,I_Ym,union,60,0,0.0
gate3b_ood_tue_fri_portscan,cluster_preserving_mean_shift_delta_0.020,adaptive,mean_shift,0.02,I_Ym,family_v12,60,0,0.0
gate3b_ood_tue_fri_portscan,cluster_preserving_mean_shift_delta_0.020,adaptive,mean_shift,0.02,I_Ym,family,60,0,0.0
gate3b_ood_tue_fri_portscan,cluster_preserving_mean_shift_delta_0.020,adaptive,mean_shift,0.02,I_XFY,union,60,2,0.03333333333333333
gate3b_ood_tue_fri_portscan,cluster_preserving_mean_shift_delta_0.020,adaptive,mean_shift,0.02,I_XFY,family_v12,60,0,0.0
gate3b_ood_tue_fri_portscan,cluster_preserving_mean_shift_delta_0.020,adaptive,mean_shift,0.02,I_XFY,family,60,0,0.0
gate3b_ood_tue_fri_portscan,cluster_preserving_mean_shift_delta_0.020,adaptive,mean_shift,0.02,I_XFY_trusted,exact,60,20,0.3333333333333333
gate3b_ood_tue_fri_portscan,cluster_preserving_mean_shift_delta_0.050,adaptive,mean_shift,0.05,I_X,union,60,2,0.03333333333333333
gate3b_ood_tue_fri_portscan,cluster_preserving_mean_shift_delta_0.050,adaptive,mean_shift,0.05,I_X,family_v12,60,1,0.016666666666666666
gate3b_ood_tue_fri_portscan,cluster_preserving_mean_shift_delta_0.050,adaptive,mean_shift,0.05,I_X,family,60,1,0.016666666666666666
gate3b_ood_tue_fri_portscan,cluster_preserving_mean_shift_delta_0.050,adaptive,mean_shift,0.05,I_XF,union,60,4,0.06666666666666667
gate3b_ood_tue_fri_portscan,cluster_preserving_mean_shift_delta_0.050,adaptive,mean_shift,0.05,I_XF,family_v12,60,1,0.016666666666666666
gate3b_ood_tue_fri_portscan,cluster_preserving_mean_shift_delta_0.050,adaptive,mean_shift,0.05,I_XF,family,60,1,0.016666666666666666
gate3b_ood_tue_fri_portscan,cluster_preserving_mean_shift_delta_0.050,adaptive,mean_shift,0.05,I_Ym,union,60,0,0.0
gate3b_ood_tue_fri_portscan,cluster_preserving_mean_shift_delta_0.050,adaptive,mean_shift,0.05,I_Ym,family_v12,60,0,0.0
gate3b_ood_tue_fri_portscan,cluster_preserving_mean_shift_delta_0.050,adaptive,mean_shift,0.05,I_Ym,family,60,0,0.0
gate3b_ood_tue_fri_portscan,cluster_preserving_mean_shift_delta_0.050,adaptive,mean_shift,0.05,I_XFY,union,60,4,0.06666666666666667
gate3b_ood_tue_fri_portscan,cluster_preserving_mean_shift_delta_0.050,adaptive,mean_shift,0.05,I_XFY,family_v12,60,2,0.03333333333333333
gate3b_ood_tue_fri_portscan,cluster_preserving_mean_shift_delta_0.050,adaptive,mean_shift,0.05,I_XFY,family,60,2,0.03333333333333333
gate3b_ood_tue_fri_portscan,cluster_preserving_mean_shift_delta_0.050,adaptive,mean_shift,0.05,I_XFY_trusted,exact,60,19,0.31666666666666665
gate3b_ood_tue_fri_portscan,cluster_preserving_mean_shift_delta_0.100,adaptive,mean_shift,0.1,I_X,union,60,23,0.38333333333333336
gate3b_ood_tue_fri_portscan,cluster_preserving_mean_shift_delta_0.100,adaptive,mean_shift,0.1,I_X,family_v12,60,21,0.35
gate3b_ood_tue_fri_portscan,cluster_preserving_mean_shift_delta_0.100,adaptive,mean_shift,0.1,I_X,family,60,20,0.3333333333333333
gate3b_ood_tue_fri_portscan,cluster_preserving_mean_shift_delta_0.100,adaptive,mean_shift,0.1,I_XF,union,60,27,0.45
gate3b_ood_tue_fri_portscan,cluster_preserving_mean_shift_delta_0.100,adaptive,mean_shift,0.1,I_XF,family_v12,60,22,0.36666666666666664
gate3b_ood_tue_fri_portscan,cluster_preserving_mean_shift_delta_0.100,adaptive,mean_shift,0.1,I_XF,family,60,19,0.31666666666666665
gate3b_ood_tue_fri_portscan,cluster_preserving_mean_shift_delta_0.100,adaptive,mean_shift,0.1,I_Ym,union,60,0,0.0
gate3b_ood_tue_fri_portscan,cluster_preserving_mean_shift_delta_0.100,adaptive,mean_shift,0.1,I_Ym,family_v12,60,0,0.0
gate3b_ood_tue_fri_portscan,cluster_preserving_mean_shift_delta_0.100,adaptive,mean_shift,0.1,I_Ym,family,60,0,0.0
gate3b_ood_tue_fri_portscan,cluster_preserving_mean_shift_delta_0.100,adaptive,mean_shift,0.1,I_XFY,union,60,27,0.45
gate3b_ood_tue_fri_portscan,cluster_preserving_mean_shift_delta_0.100,adaptive,mean_shift,0.1,I_XFY,family_v12,60,21,0.35
gate3b_ood_tue_fri_portscan,cluster_preserving_mean_shift_delta_0.100,adaptive,mean_shift,0.1,I_XFY,family,60,18,0.3
gate3b_ood_tue_fri_portscan,cluster_preserving_mean_shift_delta_0.100,adaptive,mean_shift,0.1,I_XFY_trusted,exact,60,23,0.38333333333333336
gate3b_ood_tue_fri_portscan,cluster_preserving_mean_shift_delta_0.250,adaptive,mean_shift,0.25,I_X,union,60,44,0.7333333333333333
gate3b_ood_tue_fri_portscan,cluster_preserving_mean_shift_delta_0.250,adaptive,mean_shift,0.25,I_X,family_v12,60,40,0.6666666666666666
gate3b_ood_tue_fri_portscan,cluster_preserving_mean_shift_delta_0.250,adaptive,mean_shift,0.25,I_X,family,60,40,0.6666666666666666
gate3b_ood_tue_fri_portscan,cluster_preserving_mean_shift_delta_0.250,adaptive,mean_shift,0.25,I_XF,union,60,47,0.7833333333333333
gate3b_ood_tue_fri_portscan,cluster_preserving_mean_shift_delta_0.250,adaptive,mean_shift,0.25,I_XF,family_v12,60,41,0.6833333333333333
gate3b_ood_tue_fri_portscan,cluster_preserving_mean_shift_delta_0.250,adaptive,mean_shift,0.25,I_XF,family,60,39,0.65
gate3b_ood_tue_fri_portscan,cluster_preserving_mean_shift_delta_0.250,adaptive,mean_shift,0.25,I_Ym,union,60,0,0.0
gate3b_ood_tue_fri_portscan,cluster_preserving_mean_shift_delta_0.250,adaptive,mean_shift,0.25,I_Ym,family_v12,60,0,0.0
gate3b_ood_tue_fri_portscan,cluster_preserving_mean_shift_delta_0.250,adaptive,mean_shift,0.25,I_Ym,family,60,0,0.0
gate3b_ood_tue_fri_portscan,cluster_preserving_mean_shift_delta_0.250,adaptive,mean_shift,0.25,I_XFY,union,60,47,0.7833333333333333
gate3b_ood_tue_fri_portscan,cluster_preserving_mean_shift_delta_0.250,adaptive,mean_shift,0.25,I_XFY,family_v12,60,40,0.6666666666666666
gate3b_ood_tue_fri_portscan,cluster_preserving_mean_shift_delta_0.250,adaptive,mean_shift,0.25,I_XFY,family,60,36,0.6
gate3b_ood_tue_fri_portscan,cluster_preserving_mean_shift_delta_0.250,adaptive,mean_shift,0.25,I_XFY_trusted,exact,60,33,0.55
gate3b_ood_tue_fri_portscan,cluster_preserving_mean_shift_delta_0.500,adaptive,mean_shift,0.5,I_X,union,60,47,0.7833333333333333
gate3b_ood_tue_fri_portscan,cluster_preserving_mean_shift_delta_0.500,adaptive,mean_shift,0.5,I_X,family_v12,60,47,0.7833333333333333
gate3b_ood_tue_fri_portscan,cluster_preserving_mean_shift_delta_0.500,adaptive,mean_shift,0.5,I_X,family,60,47,0.7833333333333333
gate3b_ood_tue_fri_portscan,cluster_preserving_mean_shift_delta_0.500,adaptive,mean_shift,0.5,I_XF,union,60,48,0.8
gate3b_ood_tue_fri_portscan,cluster_preserving_mean_shift_delta_0.500,adaptive,mean_shift,0.5,I_XF,family_v12,60,48,0.8
gate3b_ood_tue_fri_portscan,cluster_preserving_mean_shift_delta_0.500,adaptive,mean_shift,0.5,I_XF,family,60,45,0.75
gate3b_ood_tue_fri_portscan,cluster_preserving_mean_shift_delta_0.500,adaptive,mean_shift,0.5,I_Ym,union,60,0,0.0
gate3b_ood_tue_fri_portscan,cluster_preserving_mean_shift_delta_0.500,adaptive,mean_shift,0.5,I_Ym,family_v12,60,0,0.0
gate3b_ood_tue_fri_portscan,cluster_preserving_mean_shift_delta_0.500,adaptive,mean_shift,0.5,I_Ym,family,60,0,0.0
gate3b_ood_tue_fri_portscan,cluster_preserving_mean_shift_delta_0.500,adaptive,mean_shift,0.5,I_XFY,union,60,48,0.8
gate3b_ood_tue_fri_portscan,cluster_preserving_mean_shift_delta_0.500,adaptive,mean_shift,0.5,I_XFY,family_v12,60,47,0.7833333333333333
gate3b_ood_tue_fri_portscan,cluster_preserving_mean_shift_delta_0.500,adaptive,mean_shift,0.5,I_XFY,family,60,43,0.7166666666666667
gate3b_ood_tue_fri_portscan,cluster_preserving_mean_shift_delta_0.500,adaptive,mean_shift,0.5,I_XFY_trusted,exact,60,34,0.5666666666666667
gate3b_ood_tue_fri_portscan,cluster_preserving_scaling_alpha_0.020,adaptive,scaling_drift,0.02,I_X,union,60,1,0.016666666666666666
gate3b_ood_tue_fri_portscan,cluster_preserving_scaling_alpha_0.020,adaptive,scaling_drift,0.02,I_X,family_v12,60,1,0.016666666666666666
gate3b_ood_tue_fri_portscan,cluster_preserving_scaling_alpha_0.020,adaptive,scaling_drift,0.02,I_X,family,60,0,0.0
gate3b_ood_tue_fri_portscan,cluster_preserving_scaling_alpha_0.020,adaptive,scaling_drift,0.02,I_XF,union,60,1,0.016666666666666666
gate3b_ood_tue_fri_portscan,cluster_preserving_scaling_alpha_0.020,adaptive,scaling_drift,0.02,I_XF,family_v12,60,0,0.0
gate3b_ood_tue_fri_portscan,cluster_preserving_scaling_alpha_0.020,adaptive,scaling_drift,0.02,I_XF,family,60,0,0.0
gate3b_ood_tue_fri_portscan,cluster_preserving_scaling_alpha_0.020,adaptive,scaling_drift,0.02,I_Ym,union,60,0,0.0
gate3b_ood_tue_fri_portscan,cluster_preserving_scaling_alpha_0.020,adaptive,scaling_drift,0.02,I_Ym,family_v12,60,0,0.0
gate3b_ood_tue_fri_portscan,cluster_preserving_scaling_alpha_0.020,adaptive,scaling_drift,0.02,I_Ym,family,60,0,0.0
gate3b_ood_tue_fri_portscan,cluster_preserving_scaling_alpha_0.020,adaptive,scaling_drift,0.02,I_XFY,union,60,1,0.016666666666666666
gate3b_ood_tue_fri_portscan,cluster_preserving_scaling_alpha_0.020,adaptive,scaling_drift,0.02,I_XFY,family_v12,60,0,0.0
gate3b_ood_tue_fri_portscan,cluster_preserving_scaling_alpha_0.020,adaptive,scaling_drift,0.02,I_XFY,family,60,0,0.0
gate3b_ood_tue_fri_portscan,cluster_preserving_scaling_alpha_0.020,adaptive,scaling_drift,0.02,I_XFY_trusted,exact,60,9,0.15
gate3b_ood_tue_fri_portscan,cluster_preserving_scaling_alpha_0.050,adaptive,scaling_drift,0.05,I_X,union,60,10,0.16666666666666666
gate3b_ood_tue_fri_portscan,cluster_preserving_scaling_alpha_0.050,adaptive,scaling_drift,0.05,I_X,family_v12,60,9,0.15
gate3b_ood_tue_fri_portscan,cluster_preserving_scaling_alpha_0.050,adaptive,scaling_drift,0.05,I_X,family,60,8,0.13333333333333333
gate3b_ood_tue_fri_portscan,cluster_preserving_scaling_alpha_0.050,adaptive,scaling_drift,0.05,I_XF,union,60,11,0.18333333333333332
gate3b_ood_tue_fri_portscan,cluster_preserving_scaling_alpha_0.050,adaptive,scaling_drift,0.05,I_XF,family_v12,60,8,0.13333333333333333
gate3b_ood_tue_fri_portscan,cluster_preserving_scaling_alpha_0.050,adaptive,scaling_drift,0.05,I_XF,family,60,7,0.11666666666666667
gate3b_ood_tue_fri_portscan,cluster_preserving_scaling_alpha_0.050,adaptive,scaling_drift,0.05,I_Ym,union,60,0,0.0
gate3b_ood_tue_fri_portscan,cluster_preserving_scaling_alpha_0.050,adaptive,scaling_drift,0.05,I_Ym,family_v12,60,0,0.0
gate3b_ood_tue_fri_portscan,cluster_preserving_scaling_alpha_0.050,adaptive,scaling_drift,0.05,I_Ym,family,60,0,0.0
gate3b_ood_tue_fri_portscan,cluster_preserving_scaling_alpha_0.050,adaptive,scaling_drift,0.05,I_XFY,union,60,11,0.18333333333333332
gate3b_ood_tue_fri_portscan,cluster_preserving_scaling_alpha_0.050,adaptive,scaling_drift,0.05,I_XFY,family_v12,60,7,0.11666666666666667
gate3b_ood_tue_fri_portscan,cluster_preserving_scaling_alpha_0.050,adaptive,scaling_drift,0.05,I_XFY,family,60,7,0.11666666666666667
gate3b_ood_tue_fri_portscan,cluster_preserving_scaling_alpha_0.050,adaptive,scaling_drift,0.05,I_XFY_trusted,exact,60,16,0.26666666666666666
gate3b_ood_tue_fri_portscan,cluster_preserving_scaling_alpha_0.100,adaptive,scaling_drift,0.1,I_X,union,60,20,0.3333333333333333
gate3b_ood_tue_fri_portscan,cluster_preserving_scaling_alpha_0.100,adaptive,scaling_drift,0.1,I_X,family_v12,60,18,0.3
gate3b_ood_tue_fri_portscan,cluster_preserving_scaling_alpha_0.100,adaptive,scaling_drift,0.1,I_X,family,60,18,0.3
gate3b_ood_tue_fri_portscan,cluster_preserving_scaling_alpha_0.100,adaptive,scaling_drift,0.1,I_XF,union,60,21,0.35
gate3b_ood_tue_fri_portscan,cluster_preserving_scaling_alpha_0.100,adaptive,scaling_drift,0.1,I_XF,family_v12,60,18,0.3
gate3b_ood_tue_fri_portscan,cluster_preserving_scaling_alpha_0.100,adaptive,scaling_drift,0.1,I_XF,family,60,15,0.25
gate3b_ood_tue_fri_portscan,cluster_preserving_scaling_alpha_0.100,adaptive,scaling_drift,0.1,I_Ym,union,60,0,0.0
gate3b_ood_tue_fri_portscan,cluster_preserving_scaling_alpha_0.100,adaptive,scaling_drift,0.1,I_Ym,family_v12,60,0,0.0
gate3b_ood_tue_fri_portscan,cluster_preserving_scaling_alpha_0.100,adaptive,scaling_drift,0.1,I_Ym,family,60,0,0.0
gate3b_ood_tue_fri_portscan,cluster_preserving_scaling_alpha_0.100,adaptive,scaling_drift,0.1,I_XFY,union,60,21,0.35
gate3b_ood_tue_fri_portscan,cluster_preserving_scaling_alpha_0.100,adaptive,scaling_drift,0.1,I_XFY,family_v12,60,16,0.26666666666666666
gate3b_ood_tue_fri_portscan,cluster_preserving_scaling_alpha_0.100,adaptive,scaling_drift,0.1,I_XFY,family,60,14,0.23333333333333334
gate3b_ood_tue_fri_portscan,cluster_preserving_scaling_alpha_0.100,adaptive,scaling_drift,0.1,I_XFY_trusted,exact,60,20,0.3333333333333333
gate3b_ood_tue_fri_portscan,cluster_preserving_scaling_alpha_0.250,adaptive,scaling_drift,0.25,I_X,union,60,29,0.48333333333333334
gate3b_ood_tue_fri_portscan,cluster_preserving_scaling_alpha_0.250,adaptive,scaling_drift,0.25,I_X,family_v12,60,25,0.4166666666666667
gate3b_ood_tue_fri_portscan,cluster_preserving_scaling_alpha_0.250,adaptive,scaling_drift,0.25,I_X,family,60,24,0.4
gate3b_ood_tue_fri_portscan,cluster_preserving_scaling_alpha_0.250,adaptive,scaling_drift,0.25,I_XF,union,60,37,0.6166666666666667
gate3b_ood_tue_fri_portscan,cluster_preserving_scaling_alpha_0.250,adaptive,scaling_drift,0.25,I_XF,family_v12,60,29,0.48333333333333334
gate3b_ood_tue_fri_portscan,cluster_preserving_scaling_alpha_0.250,adaptive,scaling_drift,0.25,I_XF,family,60,26,0.43333333333333335
gate3b_ood_tue_fri_portscan,cluster_preserving_scaling_alpha_0.250,adaptive,scaling_drift,0.25,I_Ym,union,60,0,0.0
gate3b_ood_tue_fri_portscan,cluster_preserving_scaling_alpha_0.250,adaptive,scaling_drift,0.25,I_Ym,family_v12,60,0,0.0
gate3b_ood_tue_fri_portscan,cluster_preserving_scaling_alpha_0.250,adaptive,scaling_drift,0.25,I_Ym,family,60,0,0.0
gate3b_ood_tue_fri_portscan,cluster_preserving_scaling_alpha_0.250,adaptive,scaling_drift,0.25,I_XFY,union,60,37,0.6166666666666667
gate3b_ood_tue_fri_portscan,cluster_preserving_scaling_alpha_0.250,adaptive,scaling_drift,0.25,I_XFY,family_v12,60,28,0.4666666666666667
gate3b_ood_tue_fri_portscan,cluster_preserving_scaling_alpha_0.250,adaptive,scaling_drift,0.25,I_XFY,family,60,24,0.4
gate3b_ood_tue_fri_portscan,cluster_preserving_scaling_alpha_0.250,adaptive,scaling_drift,0.25,I_XFY_trusted,exact,60,32,0.5333333333333333
gate3b_ood_tue_fri_portscan,cluster_preserving_scaling_alpha_0.500,adaptive,scaling_drift,0.5,I_X,union,60,43,0.7166666666666667
gate3b_ood_tue_fri_portscan,cluster_preserving_scaling_alpha_0.500,adaptive,scaling_drift,0.5,I_X,family_v12,60,38,0.6333333333333333
gate3b_ood_tue_fri_portscan,cluster_preserving_scaling_alpha_0.500,adaptive,scaling_drift,0.5,I_X,family,60,37,0.6166666666666667
gate3b_ood_tue_fri_portscan,cluster_preserving_scaling_alpha_0.500,adaptive,scaling_drift,0.5,I_XF,union,60,52,0.8666666666666667
gate3b_ood_tue_fri_portscan,cluster_preserving_scaling_alpha_0.500,adaptive,scaling_drift,0.5,I_XF,family_v12,60,39,0.65
gate3b_ood_tue_fri_portscan,cluster_preserving_scaling_alpha_0.500,adaptive,scaling_drift,0.5,I_XF,family,60,36,0.6
gate3b_ood_tue_fri_portscan,cluster_preserving_scaling_alpha_0.500,adaptive,scaling_drift,0.5,I_Ym,union,60,0,0.0
gate3b_ood_tue_fri_portscan,cluster_preserving_scaling_alpha_0.500,adaptive,scaling_drift,0.5,I_Ym,family_v12,60,0,0.0
gate3b_ood_tue_fri_portscan,cluster_preserving_scaling_alpha_0.500,adaptive,scaling_drift,0.5,I_Ym,family,60,0,0.0
gate3b_ood_tue_fri_portscan,cluster_preserving_scaling_alpha_0.500,adaptive,scaling_drift,0.5,I_XFY,union,60,52,0.8666666666666667
gate3b_ood_tue_fri_portscan,cluster_preserving_scaling_alpha_0.500,adaptive,scaling_drift,0.5,I_XFY,family_v12,60,39,0.65
gate3b_ood_tue_fri_portscan,cluster_preserving_scaling_alpha_0.500,adaptive,scaling_drift,0.5,I_XFY,family,60,31,0.5166666666666667
gate3b_ood_tue_fri_portscan,cluster_preserving_scaling_alpha_0.500,adaptive,scaling_drift,0.5,I_XFY_trusted,exact,60,41,0.6833333333333333
gate3b_ood_tue_fri_portscan,mean_shift_pf_delta_0.020,control,mean_shift,0.02,I_X,union,60,60,1.0
gate3b_ood_tue_fri_portscan,mean_shift_pf_delta_0.020,control,mean_shift,0.02,I_X,family_v12,60,60,1.0
gate3b_ood_tue_fri_portscan,mean_shift_pf_delta_0.020,control,mean_shift,0.02,I_X,family,60,60,1.0
gate3b_ood_tue_fri_portscan,mean_shift_pf_delta_0.020,control,mean_shift,0.02,I_XF,union,60,60,1.0
gate3b_ood_tue_fri_portscan,mean_shift_pf_delta_0.020,control,mean_shift,0.02,I_XF,family_v12,60,60,1.0
gate3b_ood_tue_fri_portscan,mean_shift_pf_delta_0.020,control,mean_shift,0.02,I_XF,family,60,60,1.0
gate3b_ood_tue_fri_portscan,mean_shift_pf_delta_0.020,control,mean_shift,0.02,I_Ym,union,60,0,0.0
gate3b_ood_tue_fri_portscan,mean_shift_pf_delta_0.020,control,mean_shift,0.02,I_Ym,family_v12,60,0,0.0
gate3b_ood_tue_fri_portscan,mean_shift_pf_delta_0.020,control,mean_shift,0.02,I_Ym,family,60,0,0.0
gate3b_ood_tue_fri_portscan,mean_shift_pf_delta_0.020,control,mean_shift,0.02,I_XFY,union,60,60,1.0
gate3b_ood_tue_fri_portscan,mean_shift_pf_delta_0.020,control,mean_shift,0.02,I_XFY,family_v12,60,60,1.0
gate3b_ood_tue_fri_portscan,mean_shift_pf_delta_0.020,control,mean_shift,0.02,I_XFY,family,60,60,1.0
gate3b_ood_tue_fri_portscan,mean_shift_pf_delta_0.020,control,mean_shift,0.02,I_XFY_trusted,exact,60,18,0.3
gate3b_ood_tue_fri_portscan,mean_shift_pf_delta_0.050,control,mean_shift,0.05,I_X,union,60,60,1.0
gate3b_ood_tue_fri_portscan,mean_shift_pf_delta_0.050,control,mean_shift,0.05,I_X,family_v12,60,60,1.0
gate3b_ood_tue_fri_portscan,mean_shift_pf_delta_0.050,control,mean_shift,0.05,I_X,family,60,60,1.0
gate3b_ood_tue_fri_portscan,mean_shift_pf_delta_0.050,control,mean_shift,0.05,I_XF,union,60,60,1.0
gate3b_ood_tue_fri_portscan,mean_shift_pf_delta_0.050,control,mean_shift,0.05,I_XF,family_v12,60,60,1.0
gate3b_ood_tue_fri_portscan,mean_shift_pf_delta_0.050,control,mean_shift,0.05,I_XF,family,60,60,1.0
gate3b_ood_tue_fri_portscan,mean_shift_pf_delta_0.050,control,mean_shift,0.05,I_Ym,union,60,0,0.0
gate3b_ood_tue_fri_portscan,mean_shift_pf_delta_0.050,control,mean_shift,0.05,I_Ym,family_v12,60,0,0.0
gate3b_ood_tue_fri_portscan,mean_shift_pf_delta_0.050,control,mean_shift,0.05,I_Ym,family,60,0,0.0
gate3b_ood_tue_fri_portscan,mean_shift_pf_delta_0.050,control,mean_shift,0.05,I_XFY,union,60,60,1.0
gate3b_ood_tue_fri_portscan,mean_shift_pf_delta_0.050,control,mean_shift,0.05,I_XFY,family_v12,60,60,1.0
gate3b_ood_tue_fri_portscan,mean_shift_pf_delta_0.050,control,mean_shift,0.05,I_XFY,family,60,60,1.0
gate3b_ood_tue_fri_portscan,mean_shift_pf_delta_0.050,control,mean_shift,0.05,I_XFY_trusted,exact,60,19,0.31666666666666665
gate3b_ood_tue_fri_portscan,mean_shift_pf_delta_0.100,control,mean_shift,0.1,I_X,union,60,60,1.0
gate3b_ood_tue_fri_portscan,mean_shift_pf_delta_0.100,control,mean_shift,0.1,I_X,family_v12,60,60,1.0
gate3b_ood_tue_fri_portscan,mean_shift_pf_delta_0.100,control,mean_shift,0.1,I_X,family,60,60,1.0
gate3b_ood_tue_fri_portscan,mean_shift_pf_delta_0.100,control,mean_shift,0.1,I_XF,union,60,60,1.0
gate3b_ood_tue_fri_portscan,mean_shift_pf_delta_0.100,control,mean_shift,0.1,I_XF,family_v12,60,60,1.0
gate3b_ood_tue_fri_portscan,mean_shift_pf_delta_0.100,control,mean_shift,0.1,I_XF,family,60,60,1.0
gate3b_ood_tue_fri_portscan,mean_shift_pf_delta_0.100,control,mean_shift,0.1,I_Ym,union,60,0,0.0
gate3b_ood_tue_fri_portscan,mean_shift_pf_delta_0.100,control,mean_shift,0.1,I_Ym,family_v12,60,0,0.0
gate3b_ood_tue_fri_portscan,mean_shift_pf_delta_0.100,control,mean_shift,0.1,I_Ym,family,60,0,0.0
gate3b_ood_tue_fri_portscan,mean_shift_pf_delta_0.100,control,mean_shift,0.1,I_XFY,union,60,60,1.0
gate3b_ood_tue_fri_portscan,mean_shift_pf_delta_0.100,control,mean_shift,0.1,I_XFY,family_v12,60,60,1.0
gate3b_ood_tue_fri_portscan,mean_shift_pf_delta_0.100,control,mean_shift,0.1,I_XFY,family,60,60,1.0
gate3b_ood_tue_fri_portscan,mean_shift_pf_delta_0.100,control,mean_shift,0.1,I_XFY_trusted,exact,60,22,0.36666666666666664
gate3b_ood_tue_fri_portscan,scaling_drift_alpha_0.020,control,scaling_drift,0.02,I_X,union,60,60,1.0
gate3b_ood_tue_fri_portscan,scaling_drift_alpha_0.020,control,scaling_drift,0.02,I_X,family_v12,60,60,1.0
gate3b_ood_tue_fri_portscan,scaling_drift_alpha_0.020,control,scaling_drift,0.02,I_X,family,60,60,1.0
gate3b_ood_tue_fri_portscan,scaling_drift_alpha_0.020,control,scaling_drift,0.02,I_XF,union,60,60,1.0
gate3b_ood_tue_fri_portscan,scaling_drift_alpha_0.020,control,scaling_drift,0.02,I_XF,family_v12,60,60,1.0
gate3b_ood_tue_fri_portscan,scaling_drift_alpha_0.020,control,scaling_drift,0.02,I_XF,family,60,60,1.0
gate3b_ood_tue_fri_portscan,scaling_drift_alpha_0.020,control,scaling_drift,0.02,I_Ym,union,60,0,0.0
gate3b_ood_tue_fri_portscan,scaling_drift_alpha_0.020,control,scaling_drift,0.02,I_Ym,family_v12,60,0,0.0
gate3b_ood_tue_fri_portscan,scaling_drift_alpha_0.020,control,scaling_drift,0.02,I_Ym,family,60,0,0.0
gate3b_ood_tue_fri_portscan,scaling_drift_alpha_0.020,control,scaling_drift,0.02,I_XFY,union,60,60,1.0
gate3b_ood_tue_fri_portscan,scaling_drift_alpha_0.020,control,scaling_drift,0.02,I_XFY,family_v12,60,60,1.0
gate3b_ood_tue_fri_portscan,scaling_drift_alpha_0.020,control,scaling_drift,0.02,I_XFY,family,60,60,1.0
gate3b_ood_tue_fri_portscan,scaling_drift_alpha_0.020,control,scaling_drift,0.02,I_XFY_trusted,exact,60,20,0.3333333333333333
gate3b_ood_tue_fri_portscan,scaling_drift_alpha_0.050,control,scaling_drift,0.05,I_X,union,60,60,1.0
gate3b_ood_tue_fri_portscan,scaling_drift_alpha_0.050,control,scaling_drift,0.05,I_X,family_v12,60,60,1.0
gate3b_ood_tue_fri_portscan,scaling_drift_alpha_0.050,control,scaling_drift,0.05,I_X,family,60,60,1.0
gate3b_ood_tue_fri_portscan,scaling_drift_alpha_0.050,control,scaling_drift,0.05,I_XF,union,60,60,1.0
gate3b_ood_tue_fri_portscan,scaling_drift_alpha_0.050,control,scaling_drift,0.05,I_XF,family_v12,60,60,1.0
gate3b_ood_tue_fri_portscan,scaling_drift_alpha_0.050,control,scaling_drift,0.05,I_XF,family,60,60,1.0
gate3b_ood_tue_fri_portscan,scaling_drift_alpha_0.050,control,scaling_drift,0.05,I_Ym,union,60,0,0.0
gate3b_ood_tue_fri_portscan,scaling_drift_alpha_0.050,control,scaling_drift,0.05,I_Ym,family_v12,60,0,0.0
gate3b_ood_tue_fri_portscan,scaling_drift_alpha_0.050,control,scaling_drift,0.05,I_Ym,family,60,0,0.0
gate3b_ood_tue_fri_portscan,scaling_drift_alpha_0.050,control,scaling_drift,0.05,I_XFY,union,60,60,1.0
gate3b_ood_tue_fri_portscan,scaling_drift_alpha_0.050,control,scaling_drift,0.05,I_XFY,family_v12,60,60,1.0
gate3b_ood_tue_fri_portscan,scaling_drift_alpha_0.050,control,scaling_drift,0.05,I_XFY,family,60,60,1.0
gate3b_ood_tue_fri_portscan,scaling_drift_alpha_0.050,control,scaling_drift,0.05,I_XFY_trusted,exact,60,20,0.3333333333333333
gate3b_ood_tue_fri_portscan,scaling_drift_alpha_0.100,control,scaling_drift,0.1,I_X,union,60,60,1.0
gate3b_ood_tue_fri_portscan,scaling_drift_alpha_0.100,control,scaling_drift,0.1,I_X,family_v12,60,60,1.0
gate3b_ood_tue_fri_portscan,scaling_drift_alpha_0.100,control,scaling_drift,0.1,I_X,family,60,60,1.0
gate3b_ood_tue_fri_portscan,scaling_drift_alpha_0.100,control,scaling_drift,0.1,I_XF,union,60,60,1.0
gate3b_ood_tue_fri_portscan,scaling_drift_alpha_0.100,control,scaling_drift,0.1,I_XF,family_v12,60,60,1.0
gate3b_ood_tue_fri_portscan,scaling_drift_alpha_0.100,control,scaling_drift,0.1,I_XF,family,60,60,1.0
gate3b_ood_tue_fri_portscan,scaling_drift_alpha_0.100,control,scaling_drift,0.1,I_Ym,union,60,0,0.0
gate3b_ood_tue_fri_portscan,scaling_drift_alpha_0.100,control,scaling_drift,0.1,I_Ym,family_v12,60,0,0.0
gate3b_ood_tue_fri_portscan,scaling_drift_alpha_0.100,control,scaling_drift,0.1,I_Ym,family,60,0,0.0
gate3b_ood_tue_fri_portscan,scaling_drift_alpha_0.100,control,scaling_drift,0.1,I_XFY,union,60,60,1.0
gate3b_ood_tue_fri_portscan,scaling_drift_alpha_0.100,control,scaling_drift,0.1,I_XFY,family_v12,60,60,1.0
gate3b_ood_tue_fri_portscan,scaling_drift_alpha_0.100,control,scaling_drift,0.1,I_XFY,family,60,60,1.0
gate3b_ood_tue_fri_portscan,scaling_drift_alpha_0.100,control,scaling_drift,0.1,I_XFY_trusted,exact,60,24,0.4
gate3c_ood_wed_thu_webattacks,cluster_preserving_mean_shift_delta_0.020,adaptive,mean_shift,0.02,I_X,union,60,6,0.1
gate3c_ood_wed_thu_webattacks,cluster_preserving_mean_shift_delta_0.020,adaptive,mean_shift,0.02,I_X,family_v12,60,4,0.06666666666666667
gate3c_ood_wed_thu_webattacks,cluster_preserving_mean_shift_delta_0.020,adaptive,mean_shift,0.02,I_X,family,60,4,0.06666666666666667
gate3c_ood_wed_thu_webattacks,cluster_preserving_mean_shift_delta_0.020,adaptive,mean_shift,0.02,I_XF,union,60,7,0.11666666666666667
gate3c_ood_wed_thu_webattacks,cluster_preserving_mean_shift_delta_0.020,adaptive,mean_shift,0.02,I_XF,family_v12,60,3,0.05
gate3c_ood_wed_thu_webattacks,cluster_preserving_mean_shift_delta_0.020,adaptive,mean_shift,0.02,I_XF,family,60,3,0.05
gate3c_ood_wed_thu_webattacks,cluster_preserving_mean_shift_delta_0.020,adaptive,mean_shift,0.02,I_Ym,union,60,0,0.0
gate3c_ood_wed_thu_webattacks,cluster_preserving_mean_shift_delta_0.020,adaptive,mean_shift,0.02,I_Ym,family_v12,60,0,0.0
gate3c_ood_wed_thu_webattacks,cluster_preserving_mean_shift_delta_0.020,adaptive,mean_shift,0.02,I_Ym,family,60,0,0.0
gate3c_ood_wed_thu_webattacks,cluster_preserving_mean_shift_delta_0.020,adaptive,mean_shift,0.02,I_XFY,union,60,7,0.11666666666666667
gate3c_ood_wed_thu_webattacks,cluster_preserving_mean_shift_delta_0.020,adaptive,mean_shift,0.02,I_XFY,family_v12,60,3,0.05
gate3c_ood_wed_thu_webattacks,cluster_preserving_mean_shift_delta_0.020,adaptive,mean_shift,0.02,I_XFY,family,60,3,0.05
gate3c_ood_wed_thu_webattacks,cluster_preserving_mean_shift_delta_0.020,adaptive,mean_shift,0.02,I_XFY_trusted,exact,60,16,0.26666666666666666
gate3c_ood_wed_thu_webattacks,cluster_preserving_mean_shift_delta_0.050,adaptive,mean_shift,0.05,I_X,union,60,23,0.38333333333333336
gate3c_ood_wed_thu_webattacks,cluster_preserving_mean_shift_delta_0.050,adaptive,mean_shift,0.05,I_X,family_v12,60,18,0.3
gate3c_ood_wed_thu_webattacks,cluster_preserving_mean_shift_delta_0.050,adaptive,mean_shift,0.05,I_X,family,60,18,0.3
gate3c_ood_wed_thu_webattacks,cluster_preserving_mean_shift_delta_0.050,adaptive,mean_shift,0.05,I_XF,union,60,33,0.55
gate3c_ood_wed_thu_webattacks,cluster_preserving_mean_shift_delta_0.050,adaptive,mean_shift,0.05,I_XF,family_v12,60,20,0.3333333333333333
gate3c_ood_wed_thu_webattacks,cluster_preserving_mean_shift_delta_0.050,adaptive,mean_shift,0.05,I_XF,family,60,16,0.26666666666666666
gate3c_ood_wed_thu_webattacks,cluster_preserving_mean_shift_delta_0.050,adaptive,mean_shift,0.05,I_Ym,union,60,0,0.0
gate3c_ood_wed_thu_webattacks,cluster_preserving_mean_shift_delta_0.050,adaptive,mean_shift,0.05,I_Ym,family_v12,60,0,0.0
gate3c_ood_wed_thu_webattacks,cluster_preserving_mean_shift_delta_0.050,adaptive,mean_shift,0.05,I_Ym,family,60,0,0.0
gate3c_ood_wed_thu_webattacks,cluster_preserving_mean_shift_delta_0.050,adaptive,mean_shift,0.05,I_XFY,union,60,33,0.55
gate3c_ood_wed_thu_webattacks,cluster_preserving_mean_shift_delta_0.050,adaptive,mean_shift,0.05,I_XFY,family_v12,60,19,0.31666666666666665
gate3c_ood_wed_thu_webattacks,cluster_preserving_mean_shift_delta_0.050,adaptive,mean_shift,0.05,I_XFY,family,60,16,0.26666666666666666
gate3c_ood_wed_thu_webattacks,cluster_preserving_mean_shift_delta_0.050,adaptive,mean_shift,0.05,I_XFY_trusted,exact,60,21,0.35
gate3c_ood_wed_thu_webattacks,cluster_preserving_mean_shift_delta_0.100,adaptive,mean_shift,0.1,I_X,union,60,42,0.7
gate3c_ood_wed_thu_webattacks,cluster_preserving_mean_shift_delta_0.100,adaptive,mean_shift,0.1,I_X,family_v12,60,30,0.5
gate3c_ood_wed_thu_webattacks,cluster_preserving_mean_shift_delta_0.100,adaptive,mean_shift,0.1,I_X,family,60,30,0.5
gate3c_ood_wed_thu_webattacks,cluster_preserving_mean_shift_delta_0.100,adaptive,mean_shift,0.1,I_XF,union,60,55,0.9166666666666666
gate3c_ood_wed_thu_webattacks,cluster_preserving_mean_shift_delta_0.100,adaptive,mean_shift,0.1,I_XF,family_v12,60,46,0.7666666666666667
gate3c_ood_wed_thu_webattacks,cluster_preserving_mean_shift_delta_0.100,adaptive,mean_shift,0.1,I_XF,family,60,45,0.75
gate3c_ood_wed_thu_webattacks,cluster_preserving_mean_shift_delta_0.100,adaptive,mean_shift,0.1,I_Ym,union,60,0,0.0
gate3c_ood_wed_thu_webattacks,cluster_preserving_mean_shift_delta_0.100,adaptive,mean_shift,0.1,I_Ym,family_v12,60,0,0.0
gate3c_ood_wed_thu_webattacks,cluster_preserving_mean_shift_delta_0.100,adaptive,mean_shift,0.1,I_Ym,family,60,0,0.0
gate3c_ood_wed_thu_webattacks,cluster_preserving_mean_shift_delta_0.100,adaptive,mean_shift,0.1,I_XFY,union,60,55,0.9166666666666666
gate3c_ood_wed_thu_webattacks,cluster_preserving_mean_shift_delta_0.100,adaptive,mean_shift,0.1,I_XFY,family_v12,60,45,0.75
gate3c_ood_wed_thu_webattacks,cluster_preserving_mean_shift_delta_0.100,adaptive,mean_shift,0.1,I_XFY,family,60,44,0.7333333333333333
gate3c_ood_wed_thu_webattacks,cluster_preserving_mean_shift_delta_0.100,adaptive,mean_shift,0.1,I_XFY_trusted,exact,60,29,0.48333333333333334
gate3c_ood_wed_thu_webattacks,cluster_preserving_mean_shift_delta_0.250,adaptive,mean_shift,0.25,I_X,union,60,60,1.0
gate3c_ood_wed_thu_webattacks,cluster_preserving_mean_shift_delta_0.250,adaptive,mean_shift,0.25,I_X,family_v12,60,60,1.0
gate3c_ood_wed_thu_webattacks,cluster_preserving_mean_shift_delta_0.250,adaptive,mean_shift,0.25,I_X,family,60,60,1.0
gate3c_ood_wed_thu_webattacks,cluster_preserving_mean_shift_delta_0.250,adaptive,mean_shift,0.25,I_XF,union,60,60,1.0
gate3c_ood_wed_thu_webattacks,cluster_preserving_mean_shift_delta_0.250,adaptive,mean_shift,0.25,I_XF,family_v12,60,60,1.0
gate3c_ood_wed_thu_webattacks,cluster_preserving_mean_shift_delta_0.250,adaptive,mean_shift,0.25,I_XF,family,60,59,0.9833333333333333
gate3c_ood_wed_thu_webattacks,cluster_preserving_mean_shift_delta_0.250,adaptive,mean_shift,0.25,I_Ym,union,60,0,0.0
gate3c_ood_wed_thu_webattacks,cluster_preserving_mean_shift_delta_0.250,adaptive,mean_shift,0.25,I_Ym,family_v12,60,0,0.0
gate3c_ood_wed_thu_webattacks,cluster_preserving_mean_shift_delta_0.250,adaptive,mean_shift,0.25,I_Ym,family,60,0,0.0
gate3c_ood_wed_thu_webattacks,cluster_preserving_mean_shift_delta_0.250,adaptive,mean_shift,0.25,I_XFY,union,60,60,1.0
gate3c_ood_wed_thu_webattacks,cluster_preserving_mean_shift_delta_0.250,adaptive,mean_shift,0.25,I_XFY,family_v12,60,60,1.0
gate3c_ood_wed_thu_webattacks,cluster_preserving_mean_shift_delta_0.250,adaptive,mean_shift,0.25,I_XFY,family,60,59,0.9833333333333333
gate3c_ood_wed_thu_webattacks,cluster_preserving_mean_shift_delta_0.250,adaptive,mean_shift,0.25,I_XFY_trusted,exact,60,30,0.5
gate3c_ood_wed_thu_webattacks,cluster_preserving_mean_shift_delta_0.500,adaptive,mean_shift,0.5,I_X,union,60,60,1.0
gate3c_ood_wed_thu_webattacks,cluster_preserving_mean_shift_delta_0.500,adaptive,mean_shift,0.5,I_X,family_v12,60,60,1.0
gate3c_ood_wed_thu_webattacks,cluster_preserving_mean_shift_delta_0.500,adaptive,mean_shift,0.5,I_X,family,60,60,1.0
gate3c_ood_wed_thu_webattacks,cluster_preserving_mean_shift_delta_0.500,adaptive,mean_shift,0.5,I_XF,union,60,60,1.0
gate3c_ood_wed_thu_webattacks,cluster_preserving_mean_shift_delta_0.500,adaptive,mean_shift,0.5,I_XF,family_v12,60,60,1.0
gate3c_ood_wed_thu_webattacks,cluster_preserving_mean_shift_delta_0.500,adaptive,mean_shift,0.5,I_XF,family,60,60,1.0
gate3c_ood_wed_thu_webattacks,cluster_preserving_mean_shift_delta_0.500,adaptive,mean_shift,0.5,I_Ym,union,60,0,0.0
gate3c_ood_wed_thu_webattacks,cluster_preserving_mean_shift_delta_0.500,adaptive,mean_shift,0.5,I_Ym,family_v12,60,0,0.0
gate3c_ood_wed_thu_webattacks,cluster_preserving_mean_shift_delta_0.500,adaptive,mean_shift,0.5,I_Ym,family,60,0,0.0
gate3c_ood_wed_thu_webattacks,cluster_preserving_mean_shift_delta_0.500,adaptive,mean_shift,0.5,I_XFY,union,60,60,1.0
gate3c_ood_wed_thu_webattacks,cluster_preserving_mean_shift_delta_0.500,adaptive,mean_shift,0.5,I_XFY,family_v12,60,60,1.0
gate3c_ood_wed_thu_webattacks,cluster_preserving_mean_shift_delta_0.500,adaptive,mean_shift,0.5,I_XFY,family,60,60,1.0
gate3c_ood_wed_thu_webattacks,cluster_preserving_mean_shift_delta_0.500,adaptive,mean_shift,0.5,I_XFY_trusted,exact,60,32,0.5333333333333333
gate3c_ood_wed_thu_webattacks,cluster_preserving_scaling_alpha_0.020,adaptive,scaling_drift,0.02,I_X,union,60,19,0.31666666666666665
gate3c_ood_wed_thu_webattacks,cluster_preserving_scaling_alpha_0.020,adaptive,scaling_drift,0.02,I_X,family_v12,60,15,0.25
gate3c_ood_wed_thu_webattacks,cluster_preserving_scaling_alpha_0.020,adaptive,scaling_drift,0.02,I_X,family,60,15,0.25
gate3c_ood_wed_thu_webattacks,cluster_preserving_scaling_alpha_0.020,adaptive,scaling_drift,0.02,I_XF,union,60,29,0.48333333333333334
gate3c_ood_wed_thu_webattacks,cluster_preserving_scaling_alpha_0.020,adaptive,scaling_drift,0.02,I_XF,family_v12,60,23,0.38333333333333336
gate3c_ood_wed_thu_webattacks,cluster_preserving_scaling_alpha_0.020,adaptive,scaling_drift,0.02,I_XF,family,60,22,0.36666666666666664
gate3c_ood_wed_thu_webattacks,cluster_preserving_scaling_alpha_0.020,adaptive,scaling_drift,0.02,I_Ym,union,60,0,0.0
gate3c_ood_wed_thu_webattacks,cluster_preserving_scaling_alpha_0.020,adaptive,scaling_drift,0.02,I_Ym,family_v12,60,0,0.0
gate3c_ood_wed_thu_webattacks,cluster_preserving_scaling_alpha_0.020,adaptive,scaling_drift,0.02,I_Ym,family,60,0,0.0
gate3c_ood_wed_thu_webattacks,cluster_preserving_scaling_alpha_0.020,adaptive,scaling_drift,0.02,I_XFY,union,60,29,0.48333333333333334
gate3c_ood_wed_thu_webattacks,cluster_preserving_scaling_alpha_0.020,adaptive,scaling_drift,0.02,I_XFY,family_v12,60,23,0.38333333333333336
gate3c_ood_wed_thu_webattacks,cluster_preserving_scaling_alpha_0.020,adaptive,scaling_drift,0.02,I_XFY,family,60,22,0.36666666666666664
gate3c_ood_wed_thu_webattacks,cluster_preserving_scaling_alpha_0.020,adaptive,scaling_drift,0.02,I_XFY_trusted,exact,60,28,0.4666666666666667
gate3c_ood_wed_thu_webattacks,cluster_preserving_scaling_alpha_0.050,adaptive,scaling_drift,0.05,I_X,union,60,30,0.5
gate3c_ood_wed_thu_webattacks,cluster_preserving_scaling_alpha_0.050,adaptive,scaling_drift,0.05,I_X,family_v12,60,30,0.5
gate3c_ood_wed_thu_webattacks,cluster_preserving_scaling_alpha_0.050,adaptive,scaling_drift,0.05,I_X,family,60,30,0.5
gate3c_ood_wed_thu_webattacks,cluster_preserving_scaling_alpha_0.050,adaptive,scaling_drift,0.05,I_XF,union,60,35,0.5833333333333334
gate3c_ood_wed_thu_webattacks,cluster_preserving_scaling_alpha_0.050,adaptive,scaling_drift,0.05,I_XF,family_v12,60,32,0.5333333333333333
gate3c_ood_wed_thu_webattacks,cluster_preserving_scaling_alpha_0.050,adaptive,scaling_drift,0.05,I_XF,family,60,32,0.5333333333333333
gate3c_ood_wed_thu_webattacks,cluster_preserving_scaling_alpha_0.050,adaptive,scaling_drift,0.05,I_Ym,union,60,0,0.0
gate3c_ood_wed_thu_webattacks,cluster_preserving_scaling_alpha_0.050,adaptive,scaling_drift,0.05,I_Ym,family_v12,60,0,0.0
gate3c_ood_wed_thu_webattacks,cluster_preserving_scaling_alpha_0.050,adaptive,scaling_drift,0.05,I_Ym,family,60,0,0.0
gate3c_ood_wed_thu_webattacks,cluster_preserving_scaling_alpha_0.050,adaptive,scaling_drift,0.05,I_XFY,union,60,35,0.5833333333333334
gate3c_ood_wed_thu_webattacks,cluster_preserving_scaling_alpha_0.050,adaptive,scaling_drift,0.05,I_XFY,family_v12,60,32,0.5333333333333333
gate3c_ood_wed_thu_webattacks,cluster_preserving_scaling_alpha_0.050,adaptive,scaling_drift,0.05,I_XFY,family,60,32,0.5333333333333333
gate3c_ood_wed_thu_webattacks,cluster_preserving_scaling_alpha_0.050,adaptive,scaling_drift,0.05,I_XFY_trusted,exact,60,31,0.5166666666666667
gate3c_ood_wed_thu_webattacks,cluster_preserving_scaling_alpha_0.100,adaptive,scaling_drift,0.1,I_X,union,60,52,0.8666666666666667
gate3c_ood_wed_thu_webattacks,cluster_preserving_scaling_alpha_0.100,adaptive,scaling_drift,0.1,I_X,family_v12,60,46,0.7666666666666667
gate3c_ood_wed_thu_webattacks,cluster_preserving_scaling_alpha_0.100,adaptive,scaling_drift,0.1,I_X,family,60,46,0.7666666666666667
gate3c_ood_wed_thu_webattacks,cluster_preserving_scaling_alpha_0.100,adaptive,scaling_drift,0.1,I_XF,union,60,57,0.95
gate3c_ood_wed_thu_webattacks,cluster_preserving_scaling_alpha_0.100,adaptive,scaling_drift,0.1,I_XF,family_v12,60,50,0.8333333333333334
gate3c_ood_wed_thu_webattacks,cluster_preserving_scaling_alpha_0.100,adaptive,scaling_drift,0.1,I_XF,family,60,49,0.8166666666666667
gate3c_ood_wed_thu_webattacks,cluster_preserving_scaling_alpha_0.100,adaptive,scaling_drift,0.1,I_Ym,union,60,0,0.0
gate3c_ood_wed_thu_webattacks,cluster_preserving_scaling_alpha_0.100,adaptive,scaling_drift,0.1,I_Ym,family_v12,60,0,0.0
gate3c_ood_wed_thu_webattacks,cluster_preserving_scaling_alpha_0.100,adaptive,scaling_drift,0.1,I_Ym,family,60,0,0.0
gate3c_ood_wed_thu_webattacks,cluster_preserving_scaling_alpha_0.100,adaptive,scaling_drift,0.1,I_XFY,union,60,57,0.95
gate3c_ood_wed_thu_webattacks,cluster_preserving_scaling_alpha_0.100,adaptive,scaling_drift,0.1,I_XFY,family_v12,60,49,0.8166666666666667
gate3c_ood_wed_thu_webattacks,cluster_preserving_scaling_alpha_0.100,adaptive,scaling_drift,0.1,I_XFY,family,60,49,0.8166666666666667
gate3c_ood_wed_thu_webattacks,cluster_preserving_scaling_alpha_0.100,adaptive,scaling_drift,0.1,I_XFY_trusted,exact,60,32,0.5333333333333333
gate3c_ood_wed_thu_webattacks,cluster_preserving_scaling_alpha_0.250,adaptive,scaling_drift,0.25,I_X,union,60,60,1.0
gate3c_ood_wed_thu_webattacks,cluster_preserving_scaling_alpha_0.250,adaptive,scaling_drift,0.25,I_X,family_v12,60,59,0.9833333333333333
gate3c_ood_wed_thu_webattacks,cluster_preserving_scaling_alpha_0.250,adaptive,scaling_drift,0.25,I_X,family,60,59,0.9833333333333333
gate3c_ood_wed_thu_webattacks,cluster_preserving_scaling_alpha_0.250,adaptive,scaling_drift,0.25,I_XF,union,60,60,1.0
gate3c_ood_wed_thu_webattacks,cluster_preserving_scaling_alpha_0.250,adaptive,scaling_drift,0.25,I_XF,family_v12,60,60,1.0
gate3c_ood_wed_thu_webattacks,cluster_preserving_scaling_alpha_0.250,adaptive,scaling_drift,0.25,I_XF,family,60,60,1.0
gate3c_ood_wed_thu_webattacks,cluster_preserving_scaling_alpha_0.250,adaptive,scaling_drift,0.25,I_Ym,union,60,0,0.0
gate3c_ood_wed_thu_webattacks,cluster_preserving_scaling_alpha_0.250,adaptive,scaling_drift,0.25,I_Ym,family_v12,60,0,0.0
gate3c_ood_wed_thu_webattacks,cluster_preserving_scaling_alpha_0.250,adaptive,scaling_drift,0.25,I_Ym,family,60,0,0.0
gate3c_ood_wed_thu_webattacks,cluster_preserving_scaling_alpha_0.250,adaptive,scaling_drift,0.25,I_XFY,union,60,60,1.0
gate3c_ood_wed_thu_webattacks,cluster_preserving_scaling_alpha_0.250,adaptive,scaling_drift,0.25,I_XFY,family_v12,60,60,1.0
gate3c_ood_wed_thu_webattacks,cluster_preserving_scaling_alpha_0.250,adaptive,scaling_drift,0.25,I_XFY,family,60,60,1.0
gate3c_ood_wed_thu_webattacks,cluster_preserving_scaling_alpha_0.250,adaptive,scaling_drift,0.25,I_XFY_trusted,exact,60,38,0.6333333333333333
gate3c_ood_wed_thu_webattacks,cluster_preserving_scaling_alpha_0.500,adaptive,scaling_drift,0.5,I_X,union,60,60,1.0
gate3c_ood_wed_thu_webattacks,cluster_preserving_scaling_alpha_0.500,adaptive,scaling_drift,0.5,I_X,family_v12,60,60,1.0
gate3c_ood_wed_thu_webattacks,cluster_preserving_scaling_alpha_0.500,adaptive,scaling_drift,0.5,I_X,family,60,60,1.0
gate3c_ood_wed_thu_webattacks,cluster_preserving_scaling_alpha_0.500,adaptive,scaling_drift,0.5,I_XF,union,60,60,1.0
gate3c_ood_wed_thu_webattacks,cluster_preserving_scaling_alpha_0.500,adaptive,scaling_drift,0.5,I_XF,family_v12,60,60,1.0
gate3c_ood_wed_thu_webattacks,cluster_preserving_scaling_alpha_0.500,adaptive,scaling_drift,0.5,I_XF,family,60,60,1.0
gate3c_ood_wed_thu_webattacks,cluster_preserving_scaling_alpha_0.500,adaptive,scaling_drift,0.5,I_Ym,union,60,0,0.0
gate3c_ood_wed_thu_webattacks,cluster_preserving_scaling_alpha_0.500,adaptive,scaling_drift,0.5,I_Ym,family_v12,60,0,0.0
gate3c_ood_wed_thu_webattacks,cluster_preserving_scaling_alpha_0.500,adaptive,scaling_drift,0.5,I_Ym,family,60,0,0.0
gate3c_ood_wed_thu_webattacks,cluster_preserving_scaling_alpha_0.500,adaptive,scaling_drift,0.5,I_XFY,union,60,60,1.0
gate3c_ood_wed_thu_webattacks,cluster_preserving_scaling_alpha_0.500,adaptive,scaling_drift,0.5,I_XFY,family_v12,60,60,1.0
gate3c_ood_wed_thu_webattacks,cluster_preserving_scaling_alpha_0.500,adaptive,scaling_drift,0.5,I_XFY,family,60,60,1.0
gate3c_ood_wed_thu_webattacks,cluster_preserving_scaling_alpha_0.500,adaptive,scaling_drift,0.5,I_XFY_trusted,exact,60,41,0.6833333333333333
gate3c_ood_wed_thu_webattacks,mean_shift_pf_delta_0.020,control,mean_shift,0.02,I_X,union,60,60,1.0
gate3c_ood_wed_thu_webattacks,mean_shift_pf_delta_0.020,control,mean_shift,0.02,I_X,family_v12,60,60,1.0
gate3c_ood_wed_thu_webattacks,mean_shift_pf_delta_0.020,control,mean_shift,0.02,I_X,family,60,60,1.0
gate3c_ood_wed_thu_webattacks,mean_shift_pf_delta_0.020,control,mean_shift,0.02,I_XF,union,60,60,1.0
gate3c_ood_wed_thu_webattacks,mean_shift_pf_delta_0.020,control,mean_shift,0.02,I_XF,family_v12,60,60,1.0
gate3c_ood_wed_thu_webattacks,mean_shift_pf_delta_0.020,control,mean_shift,0.02,I_XF,family,60,60,1.0
gate3c_ood_wed_thu_webattacks,mean_shift_pf_delta_0.020,control,mean_shift,0.02,I_Ym,union,60,0,0.0
gate3c_ood_wed_thu_webattacks,mean_shift_pf_delta_0.020,control,mean_shift,0.02,I_Ym,family_v12,60,0,0.0
gate3c_ood_wed_thu_webattacks,mean_shift_pf_delta_0.020,control,mean_shift,0.02,I_Ym,family,60,0,0.0
gate3c_ood_wed_thu_webattacks,mean_shift_pf_delta_0.020,control,mean_shift,0.02,I_XFY,union,60,60,1.0
gate3c_ood_wed_thu_webattacks,mean_shift_pf_delta_0.020,control,mean_shift,0.02,I_XFY,family_v12,60,60,1.0
gate3c_ood_wed_thu_webattacks,mean_shift_pf_delta_0.020,control,mean_shift,0.02,I_XFY,family,60,60,1.0
gate3c_ood_wed_thu_webattacks,mean_shift_pf_delta_0.020,control,mean_shift,0.02,I_XFY_trusted,exact,60,17,0.2833333333333333
gate3c_ood_wed_thu_webattacks,mean_shift_pf_delta_0.050,control,mean_shift,0.05,I_X,union,60,60,1.0
gate3c_ood_wed_thu_webattacks,mean_shift_pf_delta_0.050,control,mean_shift,0.05,I_X,family_v12,60,60,1.0
gate3c_ood_wed_thu_webattacks,mean_shift_pf_delta_0.050,control,mean_shift,0.05,I_X,family,60,60,1.0
gate3c_ood_wed_thu_webattacks,mean_shift_pf_delta_0.050,control,mean_shift,0.05,I_XF,union,60,60,1.0
gate3c_ood_wed_thu_webattacks,mean_shift_pf_delta_0.050,control,mean_shift,0.05,I_XF,family_v12,60,60,1.0
gate3c_ood_wed_thu_webattacks,mean_shift_pf_delta_0.050,control,mean_shift,0.05,I_XF,family,60,60,1.0
gate3c_ood_wed_thu_webattacks,mean_shift_pf_delta_0.050,control,mean_shift,0.05,I_Ym,union,60,0,0.0
gate3c_ood_wed_thu_webattacks,mean_shift_pf_delta_0.050,control,mean_shift,0.05,I_Ym,family_v12,60,0,0.0
gate3c_ood_wed_thu_webattacks,mean_shift_pf_delta_0.050,control,mean_shift,0.05,I_Ym,family,60,0,0.0
gate3c_ood_wed_thu_webattacks,mean_shift_pf_delta_0.050,control,mean_shift,0.05,I_XFY,union,60,60,1.0
gate3c_ood_wed_thu_webattacks,mean_shift_pf_delta_0.050,control,mean_shift,0.05,I_XFY,family_v12,60,60,1.0
gate3c_ood_wed_thu_webattacks,mean_shift_pf_delta_0.050,control,mean_shift,0.05,I_XFY,family,60,60,1.0
gate3c_ood_wed_thu_webattacks,mean_shift_pf_delta_0.050,control,mean_shift,0.05,I_XFY_trusted,exact,60,22,0.36666666666666664
gate3c_ood_wed_thu_webattacks,mean_shift_pf_delta_0.100,control,mean_shift,0.1,I_X,union,60,60,1.0
gate3c_ood_wed_thu_webattacks,mean_shift_pf_delta_0.100,control,mean_shift,0.1,I_X,family_v12,60,60,1.0
gate3c_ood_wed_thu_webattacks,mean_shift_pf_delta_0.100,control,mean_shift,0.1,I_X,family,60,60,1.0
gate3c_ood_wed_thu_webattacks,mean_shift_pf_delta_0.100,control,mean_shift,0.1,I_XF,union,60,60,1.0
gate3c_ood_wed_thu_webattacks,mean_shift_pf_delta_0.100,control,mean_shift,0.1,I_XF,family_v12,60,60,1.0
gate3c_ood_wed_thu_webattacks,mean_shift_pf_delta_0.100,control,mean_shift,0.1,I_XF,family,60,60,1.0
gate3c_ood_wed_thu_webattacks,mean_shift_pf_delta_0.100,control,mean_shift,0.1,I_Ym,union,60,0,0.0
gate3c_ood_wed_thu_webattacks,mean_shift_pf_delta_0.100,control,mean_shift,0.1,I_Ym,family_v12,60,0,0.0
gate3c_ood_wed_thu_webattacks,mean_shift_pf_delta_0.100,control,mean_shift,0.1,I_Ym,family,60,0,0.0
gate3c_ood_wed_thu_webattacks,mean_shift_pf_delta_0.100,control,mean_shift,0.1,I_XFY,union,60,60,1.0
gate3c_ood_wed_thu_webattacks,mean_shift_pf_delta_0.100,control,mean_shift,0.1,I_XFY,family_v12,60,60,1.0
gate3c_ood_wed_thu_webattacks,mean_shift_pf_delta_0.100,control,mean_shift,0.1,I_XFY,family,60,60,1.0
gate3c_ood_wed_thu_webattacks,mean_shift_pf_delta_0.100,control,mean_shift,0.1,I_XFY_trusted,exact,60,28,0.4666666666666667
gate3c_ood_wed_thu_webattacks,scaling_drift_alpha_0.020,control,scaling_drift,0.02,I_X,union,60,60,1.0
gate3c_ood_wed_thu_webattacks,scaling_drift_alpha_0.020,control,scaling_drift,0.02,I_X,family_v12,60,60,1.0
gate3c_ood_wed_thu_webattacks,scaling_drift_alpha_0.020,control,scaling_drift,0.02,I_X,family,60,60,1.0
gate3c_ood_wed_thu_webattacks,scaling_drift_alpha_0.020,control,scaling_drift,0.02,I_XF,union,60,60,1.0
gate3c_ood_wed_thu_webattacks,scaling_drift_alpha_0.020,control,scaling_drift,0.02,I_XF,family_v12,60,60,1.0
gate3c_ood_wed_thu_webattacks,scaling_drift_alpha_0.020,control,scaling_drift,0.02,I_XF,family,60,60,1.0
gate3c_ood_wed_thu_webattacks,scaling_drift_alpha_0.020,control,scaling_drift,0.02,I_Ym,union,60,0,0.0
gate3c_ood_wed_thu_webattacks,scaling_drift_alpha_0.020,control,scaling_drift,0.02,I_Ym,family_v12,60,0,0.0
gate3c_ood_wed_thu_webattacks,scaling_drift_alpha_0.020,control,scaling_drift,0.02,I_Ym,family,60,0,0.0
gate3c_ood_wed_thu_webattacks,scaling_drift_alpha_0.020,control,scaling_drift,0.02,I_XFY,union,60,60,1.0
gate3c_ood_wed_thu_webattacks,scaling_drift_alpha_0.020,control,scaling_drift,0.02,I_XFY,family_v12,60,60,1.0
gate3c_ood_wed_thu_webattacks,scaling_drift_alpha_0.020,control,scaling_drift,0.02,I_XFY,family,60,60,1.0
gate3c_ood_wed_thu_webattacks,scaling_drift_alpha_0.020,control,scaling_drift,0.02,I_XFY_trusted,exact,60,29,0.48333333333333334
gate3c_ood_wed_thu_webattacks,scaling_drift_alpha_0.050,control,scaling_drift,0.05,I_X,union,60,60,1.0
gate3c_ood_wed_thu_webattacks,scaling_drift_alpha_0.050,control,scaling_drift,0.05,I_X,family_v12,60,60,1.0
gate3c_ood_wed_thu_webattacks,scaling_drift_alpha_0.050,control,scaling_drift,0.05,I_X,family,60,60,1.0
gate3c_ood_wed_thu_webattacks,scaling_drift_alpha_0.050,control,scaling_drift,0.05,I_XF,union,60,60,1.0
gate3c_ood_wed_thu_webattacks,scaling_drift_alpha_0.050,control,scaling_drift,0.05,I_XF,family_v12,60,60,1.0
gate3c_ood_wed_thu_webattacks,scaling_drift_alpha_0.050,control,scaling_drift,0.05,I_XF,family,60,60,1.0
gate3c_ood_wed_thu_webattacks,scaling_drift_alpha_0.050,control,scaling_drift,0.05,I_Ym,union,60,0,0.0
gate3c_ood_wed_thu_webattacks,scaling_drift_alpha_0.050,control,scaling_drift,0.05,I_Ym,family_v12,60,0,0.0
gate3c_ood_wed_thu_webattacks,scaling_drift_alpha_0.050,control,scaling_drift,0.05,I_Ym,family,60,0,0.0
gate3c_ood_wed_thu_webattacks,scaling_drift_alpha_0.050,control,scaling_drift,0.05,I_XFY,union,60,60,1.0
gate3c_ood_wed_thu_webattacks,scaling_drift_alpha_0.050,control,scaling_drift,0.05,I_XFY,family_v12,60,60,1.0
gate3c_ood_wed_thu_webattacks,scaling_drift_alpha_0.050,control,scaling_drift,0.05,I_XFY,family,60,60,1.0
gate3c_ood_wed_thu_webattacks,scaling_drift_alpha_0.050,control,scaling_drift,0.05,I_XFY_trusted,exact,60,30,0.5
gate3c_ood_wed_thu_webattacks,scaling_drift_alpha_0.100,control,scaling_drift,0.1,I_X,union,60,60,1.0
gate3c_ood_wed_thu_webattacks,scaling_drift_alpha_0.100,control,scaling_drift,0.1,I_X,family_v12,60,60,1.0
gate3c_ood_wed_thu_webattacks,scaling_drift_alpha_0.100,control,scaling_drift,0.1,I_X,family,60,60,1.0
gate3c_ood_wed_thu_webattacks,scaling_drift_alpha_0.100,control,scaling_drift,0.1,I_XF,union,60,60,1.0
gate3c_ood_wed_thu_webattacks,scaling_drift_alpha_0.100,control,scaling_drift,0.1,I_XF,family_v12,60,60,1.0
gate3c_ood_wed_thu_webattacks,scaling_drift_alpha_0.100,control,scaling_drift,0.1,I_XF,family,60,60,1.0
gate3c_ood_wed_thu_webattacks,scaling_drift_alpha_0.100,control,scaling_drift,0.1,I_Ym,union,60,0,0.0
gate3c_ood_wed_thu_webattacks,scaling_drift_alpha_0.100,control,scaling_drift,0.1,I_Ym,family_v12,60,0,0.0
gate3c_ood_wed_thu_webattacks,scaling_drift_alpha_0.100,control,scaling_drift,0.1,I_Ym,family,60,0,0.0
gate3c_ood_wed_thu_webattacks,scaling_drift_alpha_0.100,control,scaling_drift,0.1,I_XFY,union,60,60,1.0
gate3c_ood_wed_thu_webattacks,scaling_drift_alpha_0.100,control,scaling_drift,0.1,I_XFY,family_v12,60,60,1.0
gate3c_ood_wed_thu_webattacks,scaling_drift_alpha_0.100,control,scaling_drift,0.1,I_XFY,family,60,60,1.0
gate3c_ood_wed_thu_webattacks,scaling_drift_alpha_0.100,control,scaling_drift,0.1,I_XFY_trusted,exact,60,31,0.5166666666666667
gate3d_ood_wed_fri_morning,cluster_preserving_mean_shift_delta_0.020,adaptive,mean_shift,0.02,I_X,union,60,0,0.0
gate3d_ood_wed_fri_morning,cluster_preserving_mean_shift_delta_0.020,adaptive,mean_shift,0.02,I_X,family_v12,60,0,0.0
gate3d_ood_wed_fri_morning,cluster_preserving_mean_shift_delta_0.020,adaptive,mean_shift,0.02,I_X,family,60,0,0.0
gate3d_ood_wed_fri_morning,cluster_preserving_mean_shift_delta_0.020,adaptive,mean_shift,0.02,I_XF,union,60,1,0.016666666666666666
gate3d_ood_wed_fri_morning,cluster_preserving_mean_shift_delta_0.020,adaptive,mean_shift,0.02,I_XF,family_v12,60,0,0.0
gate3d_ood_wed_fri_morning,cluster_preserving_mean_shift_delta_0.020,adaptive,mean_shift,0.02,I_XF,family,60,0,0.0
gate3d_ood_wed_fri_morning,cluster_preserving_mean_shift_delta_0.020,adaptive,mean_shift,0.02,I_Ym,union,60,0,0.0
gate3d_ood_wed_fri_morning,cluster_preserving_mean_shift_delta_0.020,adaptive,mean_shift,0.02,I_Ym,family_v12,60,0,0.0
gate3d_ood_wed_fri_morning,cluster_preserving_mean_shift_delta_0.020,adaptive,mean_shift,0.02,I_Ym,family,60,0,0.0
gate3d_ood_wed_fri_morning,cluster_preserving_mean_shift_delta_0.020,adaptive,mean_shift,0.02,I_XFY,union,60,1,0.016666666666666666
gate3d_ood_wed_fri_morning,cluster_preserving_mean_shift_delta_0.020,adaptive,mean_shift,0.02,I_XFY,family_v12,60,0,0.0
gate3d_ood_wed_fri_morning,cluster_preserving_mean_shift_delta_0.020,adaptive,mean_shift,0.02,I_XFY,family,60,0,0.0
gate3d_ood_wed_fri_morning,cluster_preserving_mean_shift_delta_0.020,adaptive,mean_shift,0.02,I_XFY_trusted,exact,60,12,0.2
gate3d_ood_wed_fri_morning,cluster_preserving_mean_shift_delta_0.050,adaptive,mean_shift,0.05,I_X,union,60,11,0.18333333333333332
gate3d_ood_wed_fri_morning,cluster_preserving_mean_shift_delta_0.050,adaptive,mean_shift,0.05,I_X,family_v12,60,7,0.11666666666666667
gate3d_ood_wed_fri_morning,cluster_preserving_mean_shift_delta_0.050,adaptive,mean_shift,0.05,I_X,family,60,7,0.11666666666666667
gate3d_ood_wed_fri_morning,cluster_preserving_mean_shift_delta_0.050,adaptive,mean_shift,0.05,I_XF,union,60,12,0.2
gate3d_ood_wed_fri_morning,cluster_preserving_mean_shift_delta_0.050,adaptive,mean_shift,0.05,I_XF,family_v12,60,8,0.13333333333333333
gate3d_ood_wed_fri_morning,cluster_preserving_mean_shift_delta_0.050,adaptive,mean_shift,0.05,I_XF,family,60,5,0.08333333333333333
gate3d_ood_wed_fri_morning,cluster_preserving_mean_shift_delta_0.050,adaptive,mean_shift,0.05,I_Ym,union,60,0,0.0
gate3d_ood_wed_fri_morning,cluster_preserving_mean_shift_delta_0.050,adaptive,mean_shift,0.05,I_Ym,family_v12,60,0,0.0
gate3d_ood_wed_fri_morning,cluster_preserving_mean_shift_delta_0.050,adaptive,mean_shift,0.05,I_Ym,family,60,0,0.0
gate3d_ood_wed_fri_morning,cluster_preserving_mean_shift_delta_0.050,adaptive,mean_shift,0.05,I_XFY,union,60,12,0.2
gate3d_ood_wed_fri_morning,cluster_preserving_mean_shift_delta_0.050,adaptive,mean_shift,0.05,I_XFY,family_v12,60,4,0.06666666666666667
gate3d_ood_wed_fri_morning,cluster_preserving_mean_shift_delta_0.050,adaptive,mean_shift,0.05,I_XFY,family,60,3,0.05
gate3d_ood_wed_fri_morning,cluster_preserving_mean_shift_delta_0.050,adaptive,mean_shift,0.05,I_XFY_trusted,exact,60,19,0.31666666666666665
gate3d_ood_wed_fri_morning,cluster_preserving_mean_shift_delta_0.100,adaptive,mean_shift,0.1,I_X,union,60,22,0.36666666666666664
gate3d_ood_wed_fri_morning,cluster_preserving_mean_shift_delta_0.100,adaptive,mean_shift,0.1,I_X,family_v12,60,19,0.31666666666666665
gate3d_ood_wed_fri_morning,cluster_preserving_mean_shift_delta_0.100,adaptive,mean_shift,0.1,I_X,family,60,19,0.31666666666666665
gate3d_ood_wed_fri_morning,cluster_preserving_mean_shift_delta_0.100,adaptive,mean_shift,0.1,I_XF,union,60,28,0.4666666666666667
gate3d_ood_wed_fri_morning,cluster_preserving_mean_shift_delta_0.100,adaptive,mean_shift,0.1,I_XF,family_v12,60,25,0.4166666666666667
gate3d_ood_wed_fri_morning,cluster_preserving_mean_shift_delta_0.100,adaptive,mean_shift,0.1,I_XF,family,60,22,0.36666666666666664
gate3d_ood_wed_fri_morning,cluster_preserving_mean_shift_delta_0.100,adaptive,mean_shift,0.1,I_Ym,union,60,0,0.0
gate3d_ood_wed_fri_morning,cluster_preserving_mean_shift_delta_0.100,adaptive,mean_shift,0.1,I_Ym,family_v12,60,0,0.0
gate3d_ood_wed_fri_morning,cluster_preserving_mean_shift_delta_0.100,adaptive,mean_shift,0.1,I_Ym,family,60,0,0.0
gate3d_ood_wed_fri_morning,cluster_preserving_mean_shift_delta_0.100,adaptive,mean_shift,0.1,I_XFY,union,60,28,0.4666666666666667
gate3d_ood_wed_fri_morning,cluster_preserving_mean_shift_delta_0.100,adaptive,mean_shift,0.1,I_XFY,family_v12,60,23,0.38333333333333336
gate3d_ood_wed_fri_morning,cluster_preserving_mean_shift_delta_0.100,adaptive,mean_shift,0.1,I_XFY,family,60,21,0.35
gate3d_ood_wed_fri_morning,cluster_preserving_mean_shift_delta_0.100,adaptive,mean_shift,0.1,I_XFY_trusted,exact,60,28,0.4666666666666667
gate3d_ood_wed_fri_morning,cluster_preserving_mean_shift_delta_0.250,adaptive,mean_shift,0.25,I_X,union,60,58,0.9666666666666667
gate3d_ood_wed_fri_morning,cluster_preserving_mean_shift_delta_0.250,adaptive,mean_shift,0.25,I_X,family_v12,60,56,0.9333333333333333
gate3d_ood_wed_fri_morning,cluster_preserving_mean_shift_delta_0.250,adaptive,mean_shift,0.25,I_X,family,60,56,0.9333333333333333
gate3d_ood_wed_fri_morning,cluster_preserving_mean_shift_delta_0.250,adaptive,mean_shift,0.25,I_XF,union,60,58,0.9666666666666667
gate3d_ood_wed_fri_morning,cluster_preserving_mean_shift_delta_0.250,adaptive,mean_shift,0.25,I_XF,family_v12,60,57,0.95
gate3d_ood_wed_fri_morning,cluster_preserving_mean_shift_delta_0.250,adaptive,mean_shift,0.25,I_XF,family,60,57,0.95
gate3d_ood_wed_fri_morning,cluster_preserving_mean_shift_delta_0.250,adaptive,mean_shift,0.25,I_Ym,union,60,0,0.0
gate3d_ood_wed_fri_morning,cluster_preserving_mean_shift_delta_0.250,adaptive,mean_shift,0.25,I_Ym,family_v12,60,0,0.0
gate3d_ood_wed_fri_morning,cluster_preserving_mean_shift_delta_0.250,adaptive,mean_shift,0.25,I_Ym,family,60,0,0.0
gate3d_ood_wed_fri_morning,cluster_preserving_mean_shift_delta_0.250,adaptive,mean_shift,0.25,I_XFY,union,60,58,0.9666666666666667
gate3d_ood_wed_fri_morning,cluster_preserving_mean_shift_delta_0.250,adaptive,mean_shift,0.25,I_XFY,family_v12,60,57,0.95
gate3d_ood_wed_fri_morning,cluster_preserving_mean_shift_delta_0.250,adaptive,mean_shift,0.25,I_XFY,family,60,55,0.9166666666666666
gate3d_ood_wed_fri_morning,cluster_preserving_mean_shift_delta_0.250,adaptive,mean_shift,0.25,I_XFY_trusted,exact,60,28,0.4666666666666667
gate3d_ood_wed_fri_morning,cluster_preserving_mean_shift_delta_0.500,adaptive,mean_shift,0.5,I_X,union,60,56,0.9333333333333333
gate3d_ood_wed_fri_morning,cluster_preserving_mean_shift_delta_0.500,adaptive,mean_shift,0.5,I_X,family_v12,60,54,0.9
gate3d_ood_wed_fri_morning,cluster_preserving_mean_shift_delta_0.500,adaptive,mean_shift,0.5,I_X,family,60,54,0.9
gate3d_ood_wed_fri_morning,cluster_preserving_mean_shift_delta_0.500,adaptive,mean_shift,0.5,I_XF,union,60,59,0.9833333333333333
gate3d_ood_wed_fri_morning,cluster_preserving_mean_shift_delta_0.500,adaptive,mean_shift,0.5,I_XF,family_v12,60,53,0.8833333333333333
gate3d_ood_wed_fri_morning,cluster_preserving_mean_shift_delta_0.500,adaptive,mean_shift,0.5,I_XF,family,60,53,0.8833333333333333
gate3d_ood_wed_fri_morning,cluster_preserving_mean_shift_delta_0.500,adaptive,mean_shift,0.5,I_Ym,union,60,0,0.0
gate3d_ood_wed_fri_morning,cluster_preserving_mean_shift_delta_0.500,adaptive,mean_shift,0.5,I_Ym,family_v12,60,0,0.0
gate3d_ood_wed_fri_morning,cluster_preserving_mean_shift_delta_0.500,adaptive,mean_shift,0.5,I_Ym,family,60,0,0.0
gate3d_ood_wed_fri_morning,cluster_preserving_mean_shift_delta_0.500,adaptive,mean_shift,0.5,I_XFY,union,60,59,0.9833333333333333
gate3d_ood_wed_fri_morning,cluster_preserving_mean_shift_delta_0.500,adaptive,mean_shift,0.5,I_XFY,family_v12,60,53,0.8833333333333333
gate3d_ood_wed_fri_morning,cluster_preserving_mean_shift_delta_0.500,adaptive,mean_shift,0.5,I_XFY,family,60,52,0.8666666666666667
gate3d_ood_wed_fri_morning,cluster_preserving_mean_shift_delta_0.500,adaptive,mean_shift,0.5,I_XFY_trusted,exact,60,37,0.6166666666666667
gate3d_ood_wed_fri_morning,cluster_preserving_scaling_alpha_0.020,adaptive,scaling_drift,0.02,I_X,union,60,3,0.05
gate3d_ood_wed_fri_morning,cluster_preserving_scaling_alpha_0.020,adaptive,scaling_drift,0.02,I_X,family_v12,60,2,0.03333333333333333
gate3d_ood_wed_fri_morning,cluster_preserving_scaling_alpha_0.020,adaptive,scaling_drift,0.02,I_X,family,60,2,0.03333333333333333
gate3d_ood_wed_fri_morning,cluster_preserving_scaling_alpha_0.020,adaptive,scaling_drift,0.02,I_XF,union,60,7,0.11666666666666667
gate3d_ood_wed_fri_morning,cluster_preserving_scaling_alpha_0.020,adaptive,scaling_drift,0.02,I_XF,family_v12,60,5,0.08333333333333333
gate3d_ood_wed_fri_morning,cluster_preserving_scaling_alpha_0.020,adaptive,scaling_drift,0.02,I_XF,family,60,5,0.08333333333333333
gate3d_ood_wed_fri_morning,cluster_preserving_scaling_alpha_0.020,adaptive,scaling_drift,0.02,I_Ym,union,60,0,0.0
gate3d_ood_wed_fri_morning,cluster_preserving_scaling_alpha_0.020,adaptive,scaling_drift,0.02,I_Ym,family_v12,60,0,0.0
gate3d_ood_wed_fri_morning,cluster_preserving_scaling_alpha_0.020,adaptive,scaling_drift,0.02,I_Ym,family,60,0,0.0
gate3d_ood_wed_fri_morning,cluster_preserving_scaling_alpha_0.020,adaptive,scaling_drift,0.02,I_XFY,union,60,7,0.11666666666666667
gate3d_ood_wed_fri_morning,cluster_preserving_scaling_alpha_0.020,adaptive,scaling_drift,0.02,I_XFY,family_v12,60,5,0.08333333333333333
gate3d_ood_wed_fri_morning,cluster_preserving_scaling_alpha_0.020,adaptive,scaling_drift,0.02,I_XFY,family,60,5,0.08333333333333333
gate3d_ood_wed_fri_morning,cluster_preserving_scaling_alpha_0.020,adaptive,scaling_drift,0.02,I_XFY_trusted,exact,60,25,0.4166666666666667
gate3d_ood_wed_fri_morning,cluster_preserving_scaling_alpha_0.050,adaptive,scaling_drift,0.05,I_X,union,60,19,0.31666666666666665
gate3d_ood_wed_fri_morning,cluster_preserving_scaling_alpha_0.050,adaptive,scaling_drift,0.05,I_X,family_v12,60,9,0.15
gate3d_ood_wed_fri_morning,cluster_preserving_scaling_alpha_0.050,adaptive,scaling_drift,0.05,I_X,family,60,9,0.15
gate3d_ood_wed_fri_morning,cluster_preserving_scaling_alpha_0.050,adaptive,scaling_drift,0.05,I_XF,union,60,23,0.38333333333333336
gate3d_ood_wed_fri_morning,cluster_preserving_scaling_alpha_0.050,adaptive,scaling_drift,0.05,I_XF,family_v12,60,11,0.18333333333333332
gate3d_ood_wed_fri_morning,cluster_preserving_scaling_alpha_0.050,adaptive,scaling_drift,0.05,I_XF,family,60,11,0.18333333333333332
gate3d_ood_wed_fri_morning,cluster_preserving_scaling_alpha_0.050,adaptive,scaling_drift,0.05,I_Ym,union,60,0,0.0
gate3d_ood_wed_fri_morning,cluster_preserving_scaling_alpha_0.050,adaptive,scaling_drift,0.05,I_Ym,family_v12,60,0,0.0
gate3d_ood_wed_fri_morning,cluster_preserving_scaling_alpha_0.050,adaptive,scaling_drift,0.05,I_Ym,family,60,0,0.0
gate3d_ood_wed_fri_morning,cluster_preserving_scaling_alpha_0.050,adaptive,scaling_drift,0.05,I_XFY,union,60,23,0.38333333333333336
gate3d_ood_wed_fri_morning,cluster_preserving_scaling_alpha_0.050,adaptive,scaling_drift,0.05,I_XFY,family_v12,60,11,0.18333333333333332
gate3d_ood_wed_fri_morning,cluster_preserving_scaling_alpha_0.050,adaptive,scaling_drift,0.05,I_XFY,family,60,10,0.16666666666666666
gate3d_ood_wed_fri_morning,cluster_preserving_scaling_alpha_0.050,adaptive,scaling_drift,0.05,I_XFY_trusted,exact,60,29,0.48333333333333334
gate3d_ood_wed_fri_morning,cluster_preserving_scaling_alpha_0.100,adaptive,scaling_drift,0.1,I_X,union,60,22,0.36666666666666664
gate3d_ood_wed_fri_morning,cluster_preserving_scaling_alpha_0.100,adaptive,scaling_drift,0.1,I_X,family_v12,60,20,0.3333333333333333
gate3d_ood_wed_fri_morning,cluster_preserving_scaling_alpha_0.100,adaptive,scaling_drift,0.1,I_X,family,60,20,0.3333333333333333
gate3d_ood_wed_fri_morning,cluster_preserving_scaling_alpha_0.100,adaptive,scaling_drift,0.1,I_XF,union,60,22,0.36666666666666664
gate3d_ood_wed_fri_morning,cluster_preserving_scaling_alpha_0.100,adaptive,scaling_drift,0.1,I_XF,family_v12,60,19,0.31666666666666665
gate3d_ood_wed_fri_morning,cluster_preserving_scaling_alpha_0.100,adaptive,scaling_drift,0.1,I_XF,family,60,18,0.3
gate3d_ood_wed_fri_morning,cluster_preserving_scaling_alpha_0.100,adaptive,scaling_drift,0.1,I_Ym,union,60,0,0.0
gate3d_ood_wed_fri_morning,cluster_preserving_scaling_alpha_0.100,adaptive,scaling_drift,0.1,I_Ym,family_v12,60,0,0.0
gate3d_ood_wed_fri_morning,cluster_preserving_scaling_alpha_0.100,adaptive,scaling_drift,0.1,I_Ym,family,60,0,0.0
gate3d_ood_wed_fri_morning,cluster_preserving_scaling_alpha_0.100,adaptive,scaling_drift,0.1,I_XFY,union,60,22,0.36666666666666664
gate3d_ood_wed_fri_morning,cluster_preserving_scaling_alpha_0.100,adaptive,scaling_drift,0.1,I_XFY,family_v12,60,17,0.2833333333333333
gate3d_ood_wed_fri_morning,cluster_preserving_scaling_alpha_0.100,adaptive,scaling_drift,0.1,I_XFY,family,60,17,0.2833333333333333
gate3d_ood_wed_fri_morning,cluster_preserving_scaling_alpha_0.100,adaptive,scaling_drift,0.1,I_XFY_trusted,exact,60,31,0.5166666666666667
gate3d_ood_wed_fri_morning,cluster_preserving_scaling_alpha_0.250,adaptive,scaling_drift,0.25,I_X,union,60,31,0.5166666666666667
gate3d_ood_wed_fri_morning,cluster_preserving_scaling_alpha_0.250,adaptive,scaling_drift,0.25,I_X,family_v12,60,29,0.48333333333333334
gate3d_ood_wed_fri_morning,cluster_preserving_scaling_alpha_0.250,adaptive,scaling_drift,0.25,I_X,family,60,29,0.48333333333333334
gate3d_ood_wed_fri_morning,cluster_preserving_scaling_alpha_0.250,adaptive,scaling_drift,0.25,I_XF,union,60,33,0.55
gate3d_ood_wed_fri_morning,cluster_preserving_scaling_alpha_0.250,adaptive,scaling_drift,0.25,I_XF,family_v12,60,31,0.5166666666666667
gate3d_ood_wed_fri_morning,cluster_preserving_scaling_alpha_0.250,adaptive,scaling_drift,0.25,I_XF,family,60,30,0.5
gate3d_ood_wed_fri_morning,cluster_preserving_scaling_alpha_0.250,adaptive,scaling_drift,0.25,I_Ym,union,60,0,0.0
gate3d_ood_wed_fri_morning,cluster_preserving_scaling_alpha_0.250,adaptive,scaling_drift,0.25,I_Ym,family_v12,60,0,0.0
gate3d_ood_wed_fri_morning,cluster_preserving_scaling_alpha_0.250,adaptive,scaling_drift,0.25,I_Ym,family,60,0,0.0
gate3d_ood_wed_fri_morning,cluster_preserving_scaling_alpha_0.250,adaptive,scaling_drift,0.25,I_XFY,union,60,33,0.55
gate3d_ood_wed_fri_morning,cluster_preserving_scaling_alpha_0.250,adaptive,scaling_drift,0.25,I_XFY,family_v12,60,30,0.5
gate3d_ood_wed_fri_morning,cluster_preserving_scaling_alpha_0.250,adaptive,scaling_drift,0.25,I_XFY,family,60,22,0.36666666666666664
gate3d_ood_wed_fri_morning,cluster_preserving_scaling_alpha_0.250,adaptive,scaling_drift,0.25,I_XFY_trusted,exact,60,35,0.5833333333333334
gate3d_ood_wed_fri_morning,cluster_preserving_scaling_alpha_0.500,adaptive,scaling_drift,0.5,I_X,union,60,42,0.7
gate3d_ood_wed_fri_morning,cluster_preserving_scaling_alpha_0.500,adaptive,scaling_drift,0.5,I_X,family_v12,60,37,0.6166666666666667
gate3d_ood_wed_fri_morning,cluster_preserving_scaling_alpha_0.500,adaptive,scaling_drift,0.5,I_X,family,60,36,0.6
gate3d_ood_wed_fri_morning,cluster_preserving_scaling_alpha_0.500,adaptive,scaling_drift,0.5,I_XF,union,60,47,0.7833333333333333
gate3d_ood_wed_fri_morning,cluster_preserving_scaling_alpha_0.500,adaptive,scaling_drift,0.5,I_XF,family_v12,60,38,0.6333333333333333
gate3d_ood_wed_fri_morning,cluster_preserving_scaling_alpha_0.500,adaptive,scaling_drift,0.5,I_XF,family,60,36,0.6
gate3d_ood_wed_fri_morning,cluster_preserving_scaling_alpha_0.500,adaptive,scaling_drift,0.5,I_Ym,union,60,0,0.0
gate3d_ood_wed_fri_morning,cluster_preserving_scaling_alpha_0.500,adaptive,scaling_drift,0.5,I_Ym,family_v12,60,0,0.0
gate3d_ood_wed_fri_morning,cluster_preserving_scaling_alpha_0.500,adaptive,scaling_drift,0.5,I_Ym,family,60,0,0.0
gate3d_ood_wed_fri_morning,cluster_preserving_scaling_alpha_0.500,adaptive,scaling_drift,0.5,I_XFY,union,60,47,0.7833333333333333
gate3d_ood_wed_fri_morning,cluster_preserving_scaling_alpha_0.500,adaptive,scaling_drift,0.5,I_XFY,family_v12,60,36,0.6
gate3d_ood_wed_fri_morning,cluster_preserving_scaling_alpha_0.500,adaptive,scaling_drift,0.5,I_XFY,family,60,35,0.5833333333333334
gate3d_ood_wed_fri_morning,cluster_preserving_scaling_alpha_0.500,adaptive,scaling_drift,0.5,I_XFY_trusted,exact,60,42,0.7
gate3d_ood_wed_fri_morning,mean_shift_pf_delta_0.020,control,mean_shift,0.02,I_X,union,60,60,1.0
gate3d_ood_wed_fri_morning,mean_shift_pf_delta_0.020,control,mean_shift,0.02,I_X,family_v12,60,60,1.0
gate3d_ood_wed_fri_morning,mean_shift_pf_delta_0.020,control,mean_shift,0.02,I_X,family,60,60,1.0
gate3d_ood_wed_fri_morning,mean_shift_pf_delta_0.020,control,mean_shift,0.02,I_XF,union,60,60,1.0
gate3d_ood_wed_fri_morning,mean_shift_pf_delta_0.020,control,mean_shift,0.02,I_XF,family_v12,60,60,1.0
gate3d_ood_wed_fri_morning,mean_shift_pf_delta_0.020,control,mean_shift,0.02,I_XF,family,60,60,1.0
gate3d_ood_wed_fri_morning,mean_shift_pf_delta_0.020,control,mean_shift,0.02,I_Ym,union,60,0,0.0
gate3d_ood_wed_fri_morning,mean_shift_pf_delta_0.020,control,mean_shift,0.02,I_Ym,family_v12,60,0,0.0
gate3d_ood_wed_fri_morning,mean_shift_pf_delta_0.020,control,mean_shift,0.02,I_Ym,family,60,0,0.0
gate3d_ood_wed_fri_morning,mean_shift_pf_delta_0.020,control,mean_shift,0.02,I_XFY,union,60,60,1.0
gate3d_ood_wed_fri_morning,mean_shift_pf_delta_0.020,control,mean_shift,0.02,I_XFY,family_v12,60,60,1.0
gate3d_ood_wed_fri_morning,mean_shift_pf_delta_0.020,control,mean_shift,0.02,I_XFY,family,60,60,1.0
gate3d_ood_wed_fri_morning,mean_shift_pf_delta_0.020,control,mean_shift,0.02,I_XFY_trusted,exact,60,11,0.18333333333333332
gate3d_ood_wed_fri_morning,mean_shift_pf_delta_0.050,control,mean_shift,0.05,I_X,union,60,60,1.0
gate3d_ood_wed_fri_morning,mean_shift_pf_delta_0.050,control,mean_shift,0.05,I_X,family_v12,60,60,1.0
gate3d_ood_wed_fri_morning,mean_shift_pf_delta_0.050,control,mean_shift,0.05,I_X,family,60,60,1.0
gate3d_ood_wed_fri_morning,mean_shift_pf_delta_0.050,control,mean_shift,0.05,I_XF,union,60,60,1.0
gate3d_ood_wed_fri_morning,mean_shift_pf_delta_0.050,control,mean_shift,0.05,I_XF,family_v12,60,60,1.0
gate3d_ood_wed_fri_morning,mean_shift_pf_delta_0.050,control,mean_shift,0.05,I_XF,family,60,60,1.0
gate3d_ood_wed_fri_morning,mean_shift_pf_delta_0.050,control,mean_shift,0.05,I_Ym,union,60,0,0.0
gate3d_ood_wed_fri_morning,mean_shift_pf_delta_0.050,control,mean_shift,0.05,I_Ym,family_v12,60,0,0.0
gate3d_ood_wed_fri_morning,mean_shift_pf_delta_0.050,control,mean_shift,0.05,I_Ym,family,60,0,0.0
gate3d_ood_wed_fri_morning,mean_shift_pf_delta_0.050,control,mean_shift,0.05,I_XFY,union,60,60,1.0
gate3d_ood_wed_fri_morning,mean_shift_pf_delta_0.050,control,mean_shift,0.05,I_XFY,family_v12,60,60,1.0
gate3d_ood_wed_fri_morning,mean_shift_pf_delta_0.050,control,mean_shift,0.05,I_XFY,family,60,60,1.0
gate3d_ood_wed_fri_morning,mean_shift_pf_delta_0.050,control,mean_shift,0.05,I_XFY_trusted,exact,60,22,0.36666666666666664
gate3d_ood_wed_fri_morning,mean_shift_pf_delta_0.100,control,mean_shift,0.1,I_X,union,60,60,1.0
gate3d_ood_wed_fri_morning,mean_shift_pf_delta_0.100,control,mean_shift,0.1,I_X,family_v12,60,60,1.0
gate3d_ood_wed_fri_morning,mean_shift_pf_delta_0.100,control,mean_shift,0.1,I_X,family,60,60,1.0
gate3d_ood_wed_fri_morning,mean_shift_pf_delta_0.100,control,mean_shift,0.1,I_XF,union,60,60,1.0
gate3d_ood_wed_fri_morning,mean_shift_pf_delta_0.100,control,mean_shift,0.1,I_XF,family_v12,60,60,1.0
gate3d_ood_wed_fri_morning,mean_shift_pf_delta_0.100,control,mean_shift,0.1,I_XF,family,60,60,1.0
gate3d_ood_wed_fri_morning,mean_shift_pf_delta_0.100,control,mean_shift,0.1,I_Ym,union,60,0,0.0
gate3d_ood_wed_fri_morning,mean_shift_pf_delta_0.100,control,mean_shift,0.1,I_Ym,family_v12,60,0,0.0
gate3d_ood_wed_fri_morning,mean_shift_pf_delta_0.100,control,mean_shift,0.1,I_Ym,family,60,0,0.0
gate3d_ood_wed_fri_morning,mean_shift_pf_delta_0.100,control,mean_shift,0.1,I_XFY,union,60,60,1.0
gate3d_ood_wed_fri_morning,mean_shift_pf_delta_0.100,control,mean_shift,0.1,I_XFY,family_v12,60,60,1.0
gate3d_ood_wed_fri_morning,mean_shift_pf_delta_0.100,control,mean_shift,0.1,I_XFY,family,60,60,1.0
gate3d_ood_wed_fri_morning,mean_shift_pf_delta_0.100,control,mean_shift,0.1,I_XFY_trusted,exact,60,25,0.4166666666666667
gate3d_ood_wed_fri_morning,scaling_drift_alpha_0.020,control,scaling_drift,0.02,I_X,union,60,60,1.0
gate3d_ood_wed_fri_morning,scaling_drift_alpha_0.020,control,scaling_drift,0.02,I_X,family_v12,60,60,1.0
gate3d_ood_wed_fri_morning,scaling_drift_alpha_0.020,control,scaling_drift,0.02,I_X,family,60,60,1.0
gate3d_ood_wed_fri_morning,scaling_drift_alpha_0.020,control,scaling_drift,0.02,I_XF,union,60,60,1.0
gate3d_ood_wed_fri_morning,scaling_drift_alpha_0.020,control,scaling_drift,0.02,I_XF,family_v12,60,60,1.0
gate3d_ood_wed_fri_morning,scaling_drift_alpha_0.020,control,scaling_drift,0.02,I_XF,family,60,60,1.0
gate3d_ood_wed_fri_morning,scaling_drift_alpha_0.020,control,scaling_drift,0.02,I_Ym,union,60,0,0.0
gate3d_ood_wed_fri_morning,scaling_drift_alpha_0.020,control,scaling_drift,0.02,I_Ym,family_v12,60,0,0.0
gate3d_ood_wed_fri_morning,scaling_drift_alpha_0.020,control,scaling_drift,0.02,I_Ym,family,60,0,0.0
gate3d_ood_wed_fri_morning,scaling_drift_alpha_0.020,control,scaling_drift,0.02,I_XFY,union,60,60,1.0
gate3d_ood_wed_fri_morning,scaling_drift_alpha_0.020,control,scaling_drift,0.02,I_XFY,family_v12,60,60,1.0
gate3d_ood_wed_fri_morning,scaling_drift_alpha_0.020,control,scaling_drift,0.02,I_XFY,family,60,60,1.0
gate3d_ood_wed_fri_morning,scaling_drift_alpha_0.020,control,scaling_drift,0.02,I_XFY_trusted,exact,60,26,0.43333333333333335
gate3d_ood_wed_fri_morning,scaling_drift_alpha_0.050,control,scaling_drift,0.05,I_X,union,60,60,1.0
gate3d_ood_wed_fri_morning,scaling_drift_alpha_0.050,control,scaling_drift,0.05,I_X,family_v12,60,60,1.0
gate3d_ood_wed_fri_morning,scaling_drift_alpha_0.050,control,scaling_drift,0.05,I_X,family,60,60,1.0
gate3d_ood_wed_fri_morning,scaling_drift_alpha_0.050,control,scaling_drift,0.05,I_XF,union,60,60,1.0
gate3d_ood_wed_fri_morning,scaling_drift_alpha_0.050,control,scaling_drift,0.05,I_XF,family_v12,60,60,1.0
gate3d_ood_wed_fri_morning,scaling_drift_alpha_0.050,control,scaling_drift,0.05,I_XF,family,60,60,1.0
gate3d_ood_wed_fri_morning,scaling_drift_alpha_0.050,control,scaling_drift,0.05,I_Ym,union,60,0,0.0
gate3d_ood_wed_fri_morning,scaling_drift_alpha_0.050,control,scaling_drift,0.05,I_Ym,family_v12,60,0,0.0
gate3d_ood_wed_fri_morning,scaling_drift_alpha_0.050,control,scaling_drift,0.05,I_Ym,family,60,0,0.0
gate3d_ood_wed_fri_morning,scaling_drift_alpha_0.050,control,scaling_drift,0.05,I_XFY,union,60,60,1.0
gate3d_ood_wed_fri_morning,scaling_drift_alpha_0.050,control,scaling_drift,0.05,I_XFY,family_v12,60,60,1.0
gate3d_ood_wed_fri_morning,scaling_drift_alpha_0.050,control,scaling_drift,0.05,I_XFY,family,60,60,1.0
gate3d_ood_wed_fri_morning,scaling_drift_alpha_0.050,control,scaling_drift,0.05,I_XFY_trusted,exact,60,29,0.48333333333333334
gate3d_ood_wed_fri_morning,scaling_drift_alpha_0.100,control,scaling_drift,0.1,I_X,union,60,60,1.0
gate3d_ood_wed_fri_morning,scaling_drift_alpha_0.100,control,scaling_drift,0.1,I_X,family_v12,60,60,1.0
gate3d_ood_wed_fri_morning,scaling_drift_alpha_0.100,control,scaling_drift,0.1,I_X,family,60,60,1.0
gate3d_ood_wed_fri_morning,scaling_drift_alpha_0.100,control,scaling_drift,0.1,I_XF,union,60,60,1.0
gate3d_ood_wed_fri_morning,scaling_drift_alpha_0.100,control,scaling_drift,0.1,I_XF,family_v12,60,60,1.0
gate3d_ood_wed_fri_morning,scaling_drift_alpha_0.100,control,scaling_drift,0.1,I_XF,family,60,60,1.0
gate3d_ood_wed_fri_morning,scaling_drift_alpha_0.100,control,scaling_drift,0.1,I_Ym,union,60,0,0.0
gate3d_ood_wed_fri_morning,scaling_drift_alpha_0.100,control,scaling_drift,0.1,I_Ym,family_v12,60,0,0.0
gate3d_ood_wed_fri_morning,scaling_drift_alpha_0.100,control,scaling_drift,0.1,I_Ym,family,60,0,0.0
gate3d_ood_wed_fri_morning,scaling_drift_alpha_0.100,control,scaling_drift,0.1,I_XFY,union,60,60,1.0
gate3d_ood_wed_fri_morning,scaling_drift_alpha_0.100,control,scaling_drift,0.1,I_XFY,family_v12,60,60,1.0
gate3d_ood_wed_fri_morning,scaling_drift_alpha_0.100,control,scaling_drift,0.1,I_XFY,family,60,60,1.0
gate3d_ood_wed_fri_morning,scaling_drift_alpha_0.100,control,scaling_drift,0.1,I_XFY_trusted,exact,60,29,0.48333333333333334
gate5a_id_unsw,cluster_preserving_mean_shift_delta_0.020,adaptive,mean_shift,0.02,I_X,union,120,0,0.0
gate5a_id_unsw,cluster_preserving_mean_shift_delta_0.020,adaptive,mean_shift,0.02,I_X,family_v12,120,0,0.0
gate5a_id_unsw,cluster_preserving_mean_shift_delta_0.020,adaptive,mean_shift,0.02,I_X,family,120,0,0.0
gate5a_id_unsw,cluster_preserving_mean_shift_delta_0.020,adaptive,mean_shift,0.02,I_XF,union,120,24,0.2
gate5a_id_unsw,cluster_preserving_mean_shift_delta_0.020,adaptive,mean_shift,0.02,I_XF,family_v12,120,17,0.14166666666666666
gate5a_id_unsw,cluster_preserving_mean_shift_delta_0.020,adaptive,mean_shift,0.02,I_XF,family,120,16,0.13333333333333333
gate5a_id_unsw,cluster_preserving_mean_shift_delta_0.020,adaptive,mean_shift,0.02,I_Ym,union,120,0,0.0
gate5a_id_unsw,cluster_preserving_mean_shift_delta_0.020,adaptive,mean_shift,0.02,I_Ym,family_v12,120,0,0.0
gate5a_id_unsw,cluster_preserving_mean_shift_delta_0.020,adaptive,mean_shift,0.02,I_Ym,family,120,0,0.0
gate5a_id_unsw,cluster_preserving_mean_shift_delta_0.020,adaptive,mean_shift,0.02,I_XFY,union,120,24,0.2
gate5a_id_unsw,cluster_preserving_mean_shift_delta_0.020,adaptive,mean_shift,0.02,I_XFY,family_v12,120,16,0.13333333333333333
gate5a_id_unsw,cluster_preserving_mean_shift_delta_0.020,adaptive,mean_shift,0.02,I_XFY,family,120,15,0.125
gate5a_id_unsw,cluster_preserving_mean_shift_delta_0.020,adaptive,mean_shift,0.02,I_XFY_trusted,exact,120,52,0.43333333333333335
gate5a_id_unsw,cluster_preserving_mean_shift_delta_0.050,adaptive,mean_shift,0.05,I_X,union,120,6,0.05
gate5a_id_unsw,cluster_preserving_mean_shift_delta_0.050,adaptive,mean_shift,0.05,I_X,family_v12,120,6,0.05
gate5a_id_unsw,cluster_preserving_mean_shift_delta_0.050,adaptive,mean_shift,0.05,I_X,family,120,6,0.05
gate5a_id_unsw,cluster_preserving_mean_shift_delta_0.050,adaptive,mean_shift,0.05,I_XF,union,120,48,0.4
gate5a_id_unsw,cluster_preserving_mean_shift_delta_0.050,adaptive,mean_shift,0.05,I_XF,family_v12,120,44,0.36666666666666664
gate5a_id_unsw,cluster_preserving_mean_shift_delta_0.050,adaptive,mean_shift,0.05,I_XF,family,120,39,0.325
gate5a_id_unsw,cluster_preserving_mean_shift_delta_0.050,adaptive,mean_shift,0.05,I_Ym,union,120,0,0.0
gate5a_id_unsw,cluster_preserving_mean_shift_delta_0.050,adaptive,mean_shift,0.05,I_Ym,family_v12,120,0,0.0
gate5a_id_unsw,cluster_preserving_mean_shift_delta_0.050,adaptive,mean_shift,0.05,I_Ym,family,120,0,0.0
gate5a_id_unsw,cluster_preserving_mean_shift_delta_0.050,adaptive,mean_shift,0.05,I_XFY,union,120,48,0.4
gate5a_id_unsw,cluster_preserving_mean_shift_delta_0.050,adaptive,mean_shift,0.05,I_XFY,family_v12,120,38,0.31666666666666665
gate5a_id_unsw,cluster_preserving_mean_shift_delta_0.050,adaptive,mean_shift,0.05,I_XFY,family,120,34,0.2833333333333333
gate5a_id_unsw,cluster_preserving_mean_shift_delta_0.050,adaptive,mean_shift,0.05,I_XFY_trusted,exact,120,77,0.6416666666666667
gate5a_id_unsw,cluster_preserving_mean_shift_delta_0.100,adaptive,mean_shift,0.1,I_X,union,120,37,0.30833333333333335
gate5a_id_unsw,cluster_preserving_mean_shift_delta_0.100,adaptive,mean_shift,0.1,I_X,family_v12,120,36,0.3
gate5a_id_unsw,cluster_preserving_mean_shift_delta_0.100,adaptive,mean_shift,0.1,I_X,family,120,36,0.3
gate5a_id_unsw,cluster_preserving_mean_shift_delta_0.100,adaptive,mean_shift,0.1,I_XF,union,120,72,0.6
gate5a_id_unsw,cluster_preserving_mean_shift_delta_0.100,adaptive,mean_shift,0.1,I_XF,family_v12,120,62,0.5166666666666667
gate5a_id_unsw,cluster_preserving_mean_shift_delta_0.100,adaptive,mean_shift,0.1,I_XF,family,120,58,0.48333333333333334
gate5a_id_unsw,cluster_preserving_mean_shift_delta_0.100,adaptive,mean_shift,0.1,I_Ym,union,120,0,0.0
gate5a_id_unsw,cluster_preserving_mean_shift_delta_0.100,adaptive,mean_shift,0.1,I_Ym,family_v12,120,0,0.0
gate5a_id_unsw,cluster_preserving_mean_shift_delta_0.100,adaptive,mean_shift,0.1,I_Ym,family,120,0,0.0
gate5a_id_unsw,cluster_preserving_mean_shift_delta_0.100,adaptive,mean_shift,0.1,I_XFY,union,120,72,0.6
gate5a_id_unsw,cluster_preserving_mean_shift_delta_0.100,adaptive,mean_shift,0.1,I_XFY,family_v12,120,59,0.49166666666666664
gate5a_id_unsw,cluster_preserving_mean_shift_delta_0.100,adaptive,mean_shift,0.1,I_XFY,family,120,50,0.4166666666666667
gate5a_id_unsw,cluster_preserving_mean_shift_delta_0.100,adaptive,mean_shift,0.1,I_XFY_trusted,exact,120,95,0.7916666666666666
gate5a_id_unsw,cluster_preserving_mean_shift_delta_0.250,adaptive,mean_shift,0.25,I_X,union,120,110,0.9166666666666666
gate5a_id_unsw,cluster_preserving_mean_shift_delta_0.250,adaptive,mean_shift,0.25,I_X,family_v12,120,109,0.9083333333333333
gate5a_id_unsw,cluster_preserving_mean_shift_delta_0.250,adaptive,mean_shift,0.25,I_X,family,120,109,0.9083333333333333
gate5a_id_unsw,cluster_preserving_mean_shift_delta_0.250,adaptive,mean_shift,0.25,I_XF,union,120,117,0.975
gate5a_id_unsw,cluster_preserving_mean_shift_delta_0.250,adaptive,mean_shift,0.25,I_XF,family_v12,120,117,0.975
gate5a_id_unsw,cluster_preserving_mean_shift_delta_0.250,adaptive,mean_shift,0.25,I_XF,family,120,112,0.9333333333333333
gate5a_id_unsw,cluster_preserving_mean_shift_delta_0.250,adaptive,mean_shift,0.25,I_Ym,union,120,0,0.0
gate5a_id_unsw,cluster_preserving_mean_shift_delta_0.250,adaptive,mean_shift,0.25,I_Ym,family_v12,120,0,0.0
gate5a_id_unsw,cluster_preserving_mean_shift_delta_0.250,adaptive,mean_shift,0.25,I_Ym,family,120,0,0.0
gate5a_id_unsw,cluster_preserving_mean_shift_delta_0.250,adaptive,mean_shift,0.25,I_XFY,union,120,117,0.975
gate5a_id_unsw,cluster_preserving_mean_shift_delta_0.250,adaptive,mean_shift,0.25,I_XFY,family_v12,120,112,0.9333333333333333
gate5a_id_unsw,cluster_preserving_mean_shift_delta_0.250,adaptive,mean_shift,0.25,I_XFY,family,120,112,0.9333333333333333
gate5a_id_unsw,cluster_preserving_mean_shift_delta_0.250,adaptive,mean_shift,0.25,I_XFY_trusted,exact,120,112,0.9333333333333333
gate5a_id_unsw,cluster_preserving_mean_shift_delta_0.500,adaptive,mean_shift,0.5,I_X,union,120,112,0.9333333333333333
gate5a_id_unsw,cluster_preserving_mean_shift_delta_0.500,adaptive,mean_shift,0.5,I_X,family_v12,120,112,0.9333333333333333
gate5a_id_unsw,cluster_preserving_mean_shift_delta_0.500,adaptive,mean_shift,0.5,I_X,family,120,112,0.9333333333333333
gate5a_id_unsw,cluster_preserving_mean_shift_delta_0.500,adaptive,mean_shift,0.5,I_XF,union,120,120,1.0
gate5a_id_unsw,cluster_preserving_mean_shift_delta_0.500,adaptive,mean_shift,0.5,I_XF,family_v12,120,120,1.0
gate5a_id_unsw,cluster_preserving_mean_shift_delta_0.500,adaptive,mean_shift,0.5,I_XF,family,120,119,0.9916666666666667
gate5a_id_unsw,cluster_preserving_mean_shift_delta_0.500,adaptive,mean_shift,0.5,I_Ym,union,120,0,0.0
gate5a_id_unsw,cluster_preserving_mean_shift_delta_0.500,adaptive,mean_shift,0.5,I_Ym,family_v12,120,0,0.0
gate5a_id_unsw,cluster_preserving_mean_shift_delta_0.500,adaptive,mean_shift,0.5,I_Ym,family,120,0,0.0
gate5a_id_unsw,cluster_preserving_mean_shift_delta_0.500,adaptive,mean_shift,0.5,I_XFY,union,120,120,1.0
gate5a_id_unsw,cluster_preserving_mean_shift_delta_0.500,adaptive,mean_shift,0.5,I_XFY,family_v12,120,119,0.9916666666666667
gate5a_id_unsw,cluster_preserving_mean_shift_delta_0.500,adaptive,mean_shift,0.5,I_XFY,family,120,119,0.9916666666666667
gate5a_id_unsw,cluster_preserving_mean_shift_delta_0.500,adaptive,mean_shift,0.5,I_XFY_trusted,exact,120,113,0.9416666666666667
gate5a_id_unsw,cluster_preserving_scaling_alpha_0.020,adaptive,scaling_drift,0.02,I_X,union,120,0,0.0
gate5a_id_unsw,cluster_preserving_scaling_alpha_0.020,adaptive,scaling_drift,0.02,I_X,family_v12,120,0,0.0
gate5a_id_unsw,cluster_preserving_scaling_alpha_0.020,adaptive,scaling_drift,0.02,I_X,family,120,0,0.0
gate5a_id_unsw,cluster_preserving_scaling_alpha_0.020,adaptive,scaling_drift,0.02,I_XF,union,120,40,0.3333333333333333
gate5a_id_unsw,cluster_preserving_scaling_alpha_0.020,adaptive,scaling_drift,0.02,I_XF,family_v12,120,33,0.275
gate5a_id_unsw,cluster_preserving_scaling_alpha_0.020,adaptive,scaling_drift,0.02,I_XF,family,120,29,0.24166666666666667
gate5a_id_unsw,cluster_preserving_scaling_alpha_0.020,adaptive,scaling_drift,0.02,I_Ym,union,120,0,0.0
gate5a_id_unsw,cluster_preserving_scaling_alpha_0.020,adaptive,scaling_drift,0.02,I_Ym,family_v12,120,0,0.0
gate5a_id_unsw,cluster_preserving_scaling_alpha_0.020,adaptive,scaling_drift,0.02,I_Ym,family,120,0,0.0
gate5a_id_unsw,cluster_preserving_scaling_alpha_0.020,adaptive,scaling_drift,0.02,I_XFY,union,120,40,0.3333333333333333
gate5a_id_unsw,cluster_preserving_scaling_alpha_0.020,adaptive,scaling_drift,0.02,I_XFY,family_v12,120,29,0.24166666666666667
gate5a_id_unsw,cluster_preserving_scaling_alpha_0.020,adaptive,scaling_drift,0.02,I_XFY,family,120,28,0.23333333333333334
gate5a_id_unsw,cluster_preserving_scaling_alpha_0.020,adaptive,scaling_drift,0.02,I_XFY_trusted,exact,120,81,0.675
gate5a_id_unsw,cluster_preserving_scaling_alpha_0.050,adaptive,scaling_drift,0.05,I_X,union,120,24,0.2
gate5a_id_unsw,cluster_preserving_scaling_alpha_0.050,adaptive,scaling_drift,0.05,I_X,family_v12,120,18,0.15
gate5a_id_unsw,cluster_preserving_scaling_alpha_0.050,adaptive,scaling_drift,0.05,I_X,family,120,18,0.15
gate5a_id_unsw,cluster_preserving_scaling_alpha_0.050,adaptive,scaling_drift,0.05,I_XF,union,120,75,0.625
gate5a_id_unsw,cluster_preserving_scaling_alpha_0.050,adaptive,scaling_drift,0.05,I_XF,family_v12,120,63,0.525
gate5a_id_unsw,cluster_preserving_scaling_alpha_0.050,adaptive,scaling_drift,0.05,I_XF,family,120,60,0.5
gate5a_id_unsw,cluster_preserving_scaling_alpha_0.050,adaptive,scaling_drift,0.05,I_Ym,union,120,0,0.0
gate5a_id_unsw,cluster_preserving_scaling_alpha_0.050,adaptive,scaling_drift,0.05,I_Ym,family_v12,120,0,0.0
gate5a_id_unsw,cluster_preserving_scaling_alpha_0.050,adaptive,scaling_drift,0.05,I_Ym,family,120,0,0.0
gate5a_id_unsw,cluster_preserving_scaling_alpha_0.050,adaptive,scaling_drift,0.05,I_XFY,union,120,75,0.625
gate5a_id_unsw,cluster_preserving_scaling_alpha_0.050,adaptive,scaling_drift,0.05,I_XFY,family_v12,120,59,0.49166666666666664
gate5a_id_unsw,cluster_preserving_scaling_alpha_0.050,adaptive,scaling_drift,0.05,I_XFY,family,120,57,0.475
gate5a_id_unsw,cluster_preserving_scaling_alpha_0.050,adaptive,scaling_drift,0.05,I_XFY_trusted,exact,120,96,0.8
gate5a_id_unsw,cluster_preserving_scaling_alpha_0.100,adaptive,scaling_drift,0.1,I_X,union,120,66,0.55
gate5a_id_unsw,cluster_preserving_scaling_alpha_0.100,adaptive,scaling_drift,0.1,I_X,family_v12,120,63,0.525
gate5a_id_unsw,cluster_preserving_scaling_alpha_0.100,adaptive,scaling_drift,0.1,I_X,family,120,63,0.525
gate5a_id_unsw,cluster_preserving_scaling_alpha_0.100,adaptive,scaling_drift,0.1,I_XF,union,120,93,0.775
gate5a_id_unsw,cluster_preserving_scaling_alpha_0.100,adaptive,scaling_drift,0.1,I_XF,family_v12,120,93,0.775
gate5a_id_unsw,cluster_preserving_scaling_alpha_0.100,adaptive,scaling_drift,0.1,I_XF,family,120,92,0.7666666666666667
gate5a_id_unsw,cluster_preserving_scaling_alpha_0.100,adaptive,scaling_drift,0.1,I_Ym,union,120,0,0.0
gate5a_id_unsw,cluster_preserving_scaling_alpha_0.100,adaptive,scaling_drift,0.1,I_Ym,family_v12,120,0,0.0
gate5a_id_unsw,cluster_preserving_scaling_alpha_0.100,adaptive,scaling_drift,0.1,I_Ym,family,120,0,0.0
gate5a_id_unsw,cluster_preserving_scaling_alpha_0.100,adaptive,scaling_drift,0.1,I_XFY,union,120,93,0.775
gate5a_id_unsw,cluster_preserving_scaling_alpha_0.100,adaptive,scaling_drift,0.1,I_XFY,family_v12,120,92,0.7666666666666667
gate5a_id_unsw,cluster_preserving_scaling_alpha_0.100,adaptive,scaling_drift,0.1,I_XFY,family,120,90,0.75
gate5a_id_unsw,cluster_preserving_scaling_alpha_0.100,adaptive,scaling_drift,0.1,I_XFY_trusted,exact,120,108,0.9
gate5a_id_unsw,cluster_preserving_scaling_alpha_0.250,adaptive,scaling_drift,0.25,I_X,union,120,102,0.85
gate5a_id_unsw,cluster_preserving_scaling_alpha_0.250,adaptive,scaling_drift,0.25,I_X,family_v12,120,99,0.825
gate5a_id_unsw,cluster_preserving_scaling_alpha_0.250,adaptive,scaling_drift,0.25,I_X,family,120,99,0.825
gate5a_id_unsw,cluster_preserving_scaling_alpha_0.250,adaptive,scaling_drift,0.25,I_XF,union,120,110,0.9166666666666666
gate5a_id_unsw,cluster_preserving_scaling_alpha_0.250,adaptive,scaling_drift,0.25,I_XF,family_v12,120,106,0.8833333333333333
gate5a_id_unsw,cluster_preserving_scaling_alpha_0.250,adaptive,scaling_drift,0.25,I_XF,family,120,106,0.8833333333333333
gate5a_id_unsw,cluster_preserving_scaling_alpha_0.250,adaptive,scaling_drift,0.25,I_Ym,union,120,0,0.0
gate5a_id_unsw,cluster_preserving_scaling_alpha_0.250,adaptive,scaling_drift,0.25,I_Ym,family_v12,120,0,0.0
gate5a_id_unsw,cluster_preserving_scaling_alpha_0.250,adaptive,scaling_drift,0.25,I_Ym,family,120,0,0.0
gate5a_id_unsw,cluster_preserving_scaling_alpha_0.250,adaptive,scaling_drift,0.25,I_XFY,union,120,110,0.9166666666666666
gate5a_id_unsw,cluster_preserving_scaling_alpha_0.250,adaptive,scaling_drift,0.25,I_XFY,family_v12,120,106,0.8833333333333333
gate5a_id_unsw,cluster_preserving_scaling_alpha_0.250,adaptive,scaling_drift,0.25,I_XFY,family,120,106,0.8833333333333333
gate5a_id_unsw,cluster_preserving_scaling_alpha_0.250,adaptive,scaling_drift,0.25,I_XFY_trusted,exact,120,113,0.9416666666666667
gate5a_id_unsw,cluster_preserving_scaling_alpha_0.500,adaptive,scaling_drift,0.5,I_X,union,120,115,0.9583333333333334
gate5a_id_unsw,cluster_preserving_scaling_alpha_0.500,adaptive,scaling_drift,0.5,I_X,family_v12,120,115,0.9583333333333334
gate5a_id_unsw,cluster_preserving_scaling_alpha_0.500,adaptive,scaling_drift,0.5,I_X,family,120,115,0.9583333333333334
gate5a_id_unsw,cluster_preserving_scaling_alpha_0.500,adaptive,scaling_drift,0.5,I_XF,union,120,119,0.9916666666666667
gate5a_id_unsw,cluster_preserving_scaling_alpha_0.500,adaptive,scaling_drift,0.5,I_XF,family_v12,120,119,0.9916666666666667
gate5a_id_unsw,cluster_preserving_scaling_alpha_0.500,adaptive,scaling_drift,0.5,I_XF,family,120,119,0.9916666666666667
gate5a_id_unsw,cluster_preserving_scaling_alpha_0.500,adaptive,scaling_drift,0.5,I_Ym,union,120,0,0.0
gate5a_id_unsw,cluster_preserving_scaling_alpha_0.500,adaptive,scaling_drift,0.5,I_Ym,family_v12,120,0,0.0
gate5a_id_unsw,cluster_preserving_scaling_alpha_0.500,adaptive,scaling_drift,0.5,I_Ym,family,120,0,0.0
gate5a_id_unsw,cluster_preserving_scaling_alpha_0.500,adaptive,scaling_drift,0.5,I_XFY,union,120,119,0.9916666666666667
gate5a_id_unsw,cluster_preserving_scaling_alpha_0.500,adaptive,scaling_drift,0.5,I_XFY,family_v12,120,119,0.9916666666666667
gate5a_id_unsw,cluster_preserving_scaling_alpha_0.500,adaptive,scaling_drift,0.5,I_XFY,family,120,119,0.9916666666666667
gate5a_id_unsw,cluster_preserving_scaling_alpha_0.500,adaptive,scaling_drift,0.5,I_XFY_trusted,exact,120,118,0.9833333333333333
gate5a_id_unsw,mean_shift_pf_delta_0.020,control,mean_shift,0.02,I_X,union,120,120,1.0
gate5a_id_unsw,mean_shift_pf_delta_0.020,control,mean_shift,0.02,I_X,family_v12,120,120,1.0
gate5a_id_unsw,mean_shift_pf_delta_0.020,control,mean_shift,0.02,I_X,family,120,120,1.0
gate5a_id_unsw,mean_shift_pf_delta_0.020,control,mean_shift,0.02,I_XF,union,120,120,1.0
gate5a_id_unsw,mean_shift_pf_delta_0.020,control,mean_shift,0.02,I_XF,family_v12,120,120,1.0
gate5a_id_unsw,mean_shift_pf_delta_0.020,control,mean_shift,0.02,I_XF,family,120,120,1.0
gate5a_id_unsw,mean_shift_pf_delta_0.020,control,mean_shift,0.02,I_Ym,union,120,0,0.0
gate5a_id_unsw,mean_shift_pf_delta_0.020,control,mean_shift,0.02,I_Ym,family_v12,120,0,0.0
gate5a_id_unsw,mean_shift_pf_delta_0.020,control,mean_shift,0.02,I_Ym,family,120,0,0.0
gate5a_id_unsw,mean_shift_pf_delta_0.020,control,mean_shift,0.02,I_XFY,union,120,120,1.0
gate5a_id_unsw,mean_shift_pf_delta_0.020,control,mean_shift,0.02,I_XFY,family_v12,120,120,1.0
gate5a_id_unsw,mean_shift_pf_delta_0.020,control,mean_shift,0.02,I_XFY,family,120,120,1.0
gate5a_id_unsw,mean_shift_pf_delta_0.020,control,mean_shift,0.02,I_XFY_trusted,exact,120,51,0.425
gate5a_id_unsw,mean_shift_pf_delta_0.050,control,mean_shift,0.05,I_X,union,120,120,1.0
gate5a_id_unsw,mean_shift_pf_delta_0.050,control,mean_shift,0.05,I_X,family_v12,120,120,1.0
gate5a_id_unsw,mean_shift_pf_delta_0.050,control,mean_shift,0.05,I_X,family,120,120,1.0
gate5a_id_unsw,mean_shift_pf_delta_0.050,control,mean_shift,0.05,I_XF,union,120,120,1.0
gate5a_id_unsw,mean_shift_pf_delta_0.050,control,mean_shift,0.05,I_XF,family_v12,120,120,1.0
gate5a_id_unsw,mean_shift_pf_delta_0.050,control,mean_shift,0.05,I_XF,family,120,120,1.0
gate5a_id_unsw,mean_shift_pf_delta_0.050,control,mean_shift,0.05,I_Ym,union,120,0,0.0
gate5a_id_unsw,mean_shift_pf_delta_0.050,control,mean_shift,0.05,I_Ym,family_v12,120,0,0.0
gate5a_id_unsw,mean_shift_pf_delta_0.050,control,mean_shift,0.05,I_Ym,family,120,0,0.0
gate5a_id_unsw,mean_shift_pf_delta_0.050,control,mean_shift,0.05,I_XFY,union,120,120,1.0
gate5a_id_unsw,mean_shift_pf_delta_0.050,control,mean_shift,0.05,I_XFY,family_v12,120,120,1.0
gate5a_id_unsw,mean_shift_pf_delta_0.050,control,mean_shift,0.05,I_XFY,family,120,120,1.0
gate5a_id_unsw,mean_shift_pf_delta_0.050,control,mean_shift,0.05,I_XFY_trusted,exact,120,81,0.675
gate5a_id_unsw,mean_shift_pf_delta_0.100,control,mean_shift,0.1,I_X,union,120,120,1.0
gate5a_id_unsw,mean_shift_pf_delta_0.100,control,mean_shift,0.1,I_X,family_v12,120,120,1.0
gate5a_id_unsw,mean_shift_pf_delta_0.100,control,mean_shift,0.1,I_X,family,120,120,1.0
gate5a_id_unsw,mean_shift_pf_delta_0.100,control,mean_shift,0.1,I_XF,union,120,120,1.0
gate5a_id_unsw,mean_shift_pf_delta_0.100,control,mean_shift,0.1,I_XF,family_v12,120,120,1.0
gate5a_id_unsw,mean_shift_pf_delta_0.100,control,mean_shift,0.1,I_XF,family,120,120,1.0
gate5a_id_unsw,mean_shift_pf_delta_0.100,control,mean_shift,0.1,I_Ym,union,120,0,0.0
gate5a_id_unsw,mean_shift_pf_delta_0.100,control,mean_shift,0.1,I_Ym,family_v12,120,0,0.0
gate5a_id_unsw,mean_shift_pf_delta_0.100,control,mean_shift,0.1,I_Ym,family,120,0,0.0
gate5a_id_unsw,mean_shift_pf_delta_0.100,control,mean_shift,0.1,I_XFY,union,120,120,1.0
gate5a_id_unsw,mean_shift_pf_delta_0.100,control,mean_shift,0.1,I_XFY,family_v12,120,120,1.0
gate5a_id_unsw,mean_shift_pf_delta_0.100,control,mean_shift,0.1,I_XFY,family,120,120,1.0
gate5a_id_unsw,mean_shift_pf_delta_0.100,control,mean_shift,0.1,I_XFY_trusted,exact,120,94,0.7833333333333333
gate5a_id_unsw,scaling_drift_alpha_0.020,control,scaling_drift,0.02,I_X,union,120,120,1.0
gate5a_id_unsw,scaling_drift_alpha_0.020,control,scaling_drift,0.02,I_X,family_v12,120,120,1.0
gate5a_id_unsw,scaling_drift_alpha_0.020,control,scaling_drift,0.02,I_X,family,120,120,1.0
gate5a_id_unsw,scaling_drift_alpha_0.020,control,scaling_drift,0.02,I_XF,union,120,120,1.0
gate5a_id_unsw,scaling_drift_alpha_0.020,control,scaling_drift,0.02,I_XF,family_v12,120,120,1.0
gate5a_id_unsw,scaling_drift_alpha_0.020,control,scaling_drift,0.02,I_XF,family,120,119,0.9916666666666667
gate5a_id_unsw,scaling_drift_alpha_0.020,control,scaling_drift,0.02,I_Ym,union,120,0,0.0
gate5a_id_unsw,scaling_drift_alpha_0.020,control,scaling_drift,0.02,I_Ym,family_v12,120,0,0.0
gate5a_id_unsw,scaling_drift_alpha_0.020,control,scaling_drift,0.02,I_Ym,family,120,0,0.0
gate5a_id_unsw,scaling_drift_alpha_0.020,control,scaling_drift,0.02,I_XFY,union,120,120,1.0
gate5a_id_unsw,scaling_drift_alpha_0.020,control,scaling_drift,0.02,I_XFY,family_v12,120,119,0.9916666666666667
gate5a_id_unsw,scaling_drift_alpha_0.020,control,scaling_drift,0.02,I_XFY,family,120,110,0.9166666666666666
gate5a_id_unsw,scaling_drift_alpha_0.020,control,scaling_drift,0.02,I_XFY_trusted,exact,120,83,0.6916666666666667
gate5a_id_unsw,scaling_drift_alpha_0.050,control,scaling_drift,0.05,I_X,union,120,120,1.0
gate5a_id_unsw,scaling_drift_alpha_0.050,control,scaling_drift,0.05,I_X,family_v12,120,120,1.0
gate5a_id_unsw,scaling_drift_alpha_0.050,control,scaling_drift,0.05,I_X,family,120,120,1.0
gate5a_id_unsw,scaling_drift_alpha_0.050,control,scaling_drift,0.05,I_XF,union,120,120,1.0
gate5a_id_unsw,scaling_drift_alpha_0.050,control,scaling_drift,0.05,I_XF,family_v12,120,120,1.0
gate5a_id_unsw,scaling_drift_alpha_0.050,control,scaling_drift,0.05,I_XF,family,120,120,1.0
gate5a_id_unsw,scaling_drift_alpha_0.050,control,scaling_drift,0.05,I_Ym,union,120,0,0.0
gate5a_id_unsw,scaling_drift_alpha_0.050,control,scaling_drift,0.05,I_Ym,family_v12,120,0,0.0
gate5a_id_unsw,scaling_drift_alpha_0.050,control,scaling_drift,0.05,I_Ym,family,120,0,0.0
gate5a_id_unsw,scaling_drift_alpha_0.050,control,scaling_drift,0.05,I_XFY,union,120,120,1.0
gate5a_id_unsw,scaling_drift_alpha_0.050,control,scaling_drift,0.05,I_XFY,family_v12,120,120,1.0
gate5a_id_unsw,scaling_drift_alpha_0.050,control,scaling_drift,0.05,I_XFY,family,120,120,1.0
gate5a_id_unsw,scaling_drift_alpha_0.050,control,scaling_drift,0.05,I_XFY_trusted,exact,120,100,0.8333333333333334
gate5a_id_unsw,scaling_drift_alpha_0.100,control,scaling_drift,0.1,I_X,union,120,120,1.0
gate5a_id_unsw,scaling_drift_alpha_0.100,control,scaling_drift,0.1,I_X,family_v12,120,120,1.0
gate5a_id_unsw,scaling_drift_alpha_0.100,control,scaling_drift,0.1,I_X,family,120,120,1.0
gate5a_id_unsw,scaling_drift_alpha_0.100,control,scaling_drift,0.1,I_XF,union,120,120,1.0
gate5a_id_unsw,scaling_drift_alpha_0.100,control,scaling_drift,0.1,I_XF,family_v12,120,120,1.0
gate5a_id_unsw,scaling_drift_alpha_0.100,control,scaling_drift,0.1,I_XF,family,120,120,1.0
gate5a_id_unsw,scaling_drift_alpha_0.100,control,scaling_drift,0.1,I_Ym,union,120,0,0.0
gate5a_id_unsw,scaling_drift_alpha_0.100,control,scaling_drift,0.1,I_Ym,family_v12,120,0,0.0
gate5a_id_unsw,scaling_drift_alpha_0.100,control,scaling_drift,0.1,I_Ym,family,120,0,0.0
gate5a_id_unsw,scaling_drift_alpha_0.100,control,scaling_drift,0.1,I_XFY,union,120,120,1.0
gate5a_id_unsw,scaling_drift_alpha_0.100,control,scaling_drift,0.1,I_XFY,family_v12,120,120,1.0
gate5a_id_unsw,scaling_drift_alpha_0.100,control,scaling_drift,0.1,I_XFY,family,120,120,1.0
gate5a_id_unsw,scaling_drift_alpha_0.100,control,scaling_drift,0.1,I_XFY_trusted,exact,120,108,0.9
gate5b_id_ton_iot,cluster_preserving_mean_shift_delta_0.020,adaptive,mean_shift,0.02,I_X,union,120,0,0.0
gate5b_id_ton_iot,cluster_preserving_mean_shift_delta_0.020,adaptive,mean_shift,0.02,I_X,family_v12,120,0,0.0
gate5b_id_ton_iot,cluster_preserving_mean_shift_delta_0.020,adaptive,mean_shift,0.02,I_X,family,120,0,0.0
gate5b_id_ton_iot,cluster_preserving_mean_shift_delta_0.020,adaptive,mean_shift,0.02,I_XF,union,120,5,0.041666666666666664
gate5b_id_ton_iot,cluster_preserving_mean_shift_delta_0.020,adaptive,mean_shift,0.02,I_XF,family_v12,120,4,0.03333333333333333
gate5b_id_ton_iot,cluster_preserving_mean_shift_delta_0.020,adaptive,mean_shift,0.02,I_XF,family,120,4,0.03333333333333333
gate5b_id_ton_iot,cluster_preserving_mean_shift_delta_0.020,adaptive,mean_shift,0.02,I_Ym,union,120,0,0.0
gate5b_id_ton_iot,cluster_preserving_mean_shift_delta_0.020,adaptive,mean_shift,0.02,I_Ym,family_v12,120,0,0.0
gate5b_id_ton_iot,cluster_preserving_mean_shift_delta_0.020,adaptive,mean_shift,0.02,I_Ym,family,120,0,0.0
gate5b_id_ton_iot,cluster_preserving_mean_shift_delta_0.020,adaptive,mean_shift,0.02,I_XFY,union,120,5,0.041666666666666664
gate5b_id_ton_iot,cluster_preserving_mean_shift_delta_0.020,adaptive,mean_shift,0.02,I_XFY,family_v12,120,4,0.03333333333333333
gate5b_id_ton_iot,cluster_preserving_mean_shift_delta_0.020,adaptive,mean_shift,0.02,I_XFY,family,120,4,0.03333333333333333
gate5b_id_ton_iot,cluster_preserving_mean_shift_delta_0.020,adaptive,mean_shift,0.02,I_XFY_trusted,exact,120,48,0.4
gate5b_id_ton_iot,cluster_preserving_mean_shift_delta_0.050,adaptive,mean_shift,0.05,I_X,union,120,12,0.1
gate5b_id_ton_iot,cluster_preserving_mean_shift_delta_0.050,adaptive,mean_shift,0.05,I_X,family_v12,120,12,0.1
gate5b_id_ton_iot,cluster_preserving_mean_shift_delta_0.050,adaptive,mean_shift,0.05,I_X,family,120,12,0.1
gate5b_id_ton_iot,cluster_preserving_mean_shift_delta_0.050,adaptive,mean_shift,0.05,I_XF,union,120,36,0.3
gate5b_id_ton_iot,cluster_preserving_mean_shift_delta_0.050,adaptive,mean_shift,0.05,I_XF,family_v12,120,29,0.24166666666666667
gate5b_id_ton_iot,cluster_preserving_mean_shift_delta_0.050,adaptive,mean_shift,0.05,I_XF,family,120,29,0.24166666666666667
gate5b_id_ton_iot,cluster_preserving_mean_shift_delta_0.050,adaptive,mean_shift,0.05,I_Ym,union,120,0,0.0
gate5b_id_ton_iot,cluster_preserving_mean_shift_delta_0.050,adaptive,mean_shift,0.05,I_Ym,family_v12,120,0,0.0
gate5b_id_ton_iot,cluster_preserving_mean_shift_delta_0.050,adaptive,mean_shift,0.05,I_Ym,family,120,0,0.0
gate5b_id_ton_iot,cluster_preserving_mean_shift_delta_0.050,adaptive,mean_shift,0.05,I_XFY,union,120,36,0.3
gate5b_id_ton_iot,cluster_preserving_mean_shift_delta_0.050,adaptive,mean_shift,0.05,I_XFY,family_v12,120,29,0.24166666666666667
gate5b_id_ton_iot,cluster_preserving_mean_shift_delta_0.050,adaptive,mean_shift,0.05,I_XFY,family,120,24,0.2
gate5b_id_ton_iot,cluster_preserving_mean_shift_delta_0.050,adaptive,mean_shift,0.05,I_XFY_trusted,exact,120,69,0.575
gate5b_id_ton_iot,cluster_preserving_mean_shift_delta_0.100,adaptive,mean_shift,0.1,I_X,union,120,48,0.4
gate5b_id_ton_iot,cluster_preserving_mean_shift_delta_0.100,adaptive,mean_shift,0.1,I_X,family_v12,120,35,0.2916666666666667
gate5b_id_ton_iot,cluster_preserving_mean_shift_delta_0.100,adaptive,mean_shift,0.1,I_X,family,120,35,0.2916666666666667
gate5b_id_ton_iot,cluster_preserving_mean_shift_delta_0.100,adaptive,mean_shift,0.1,I_XF,union,120,76,0.6333333333333333
gate5b_id_ton_iot,cluster_preserving_mean_shift_delta_0.100,adaptive,mean_shift,0.1,I_XF,family_v12,120,60,0.5
gate5b_id_ton_iot,cluster_preserving_mean_shift_delta_0.100,adaptive,mean_shift,0.1,I_XF,family,120,56,0.4666666666666667
gate5b_id_ton_iot,cluster_preserving_mean_shift_delta_0.100,adaptive,mean_shift,0.1,I_Ym,union,120,0,0.0
gate5b_id_ton_iot,cluster_preserving_mean_shift_delta_0.100,adaptive,mean_shift,0.1,I_Ym,family_v12,120,0,0.0
gate5b_id_ton_iot,cluster_preserving_mean_shift_delta_0.100,adaptive,mean_shift,0.1,I_Ym,family,120,0,0.0
gate5b_id_ton_iot,cluster_preserving_mean_shift_delta_0.100,adaptive,mean_shift,0.1,I_XFY,union,120,76,0.6333333333333333
gate5b_id_ton_iot,cluster_preserving_mean_shift_delta_0.100,adaptive,mean_shift,0.1,I_XFY,family_v12,120,58,0.48333333333333334
gate5b_id_ton_iot,cluster_preserving_mean_shift_delta_0.100,adaptive,mean_shift,0.1,I_XFY,family,120,49,0.4083333333333333
gate5b_id_ton_iot,cluster_preserving_mean_shift_delta_0.100,adaptive,mean_shift,0.1,I_XFY_trusted,exact,120,86,0.7166666666666667
gate5b_id_ton_iot,cluster_preserving_mean_shift_delta_0.250,adaptive,mean_shift,0.25,I_X,union,120,98,0.8166666666666667
gate5b_id_ton_iot,cluster_preserving_mean_shift_delta_0.250,adaptive,mean_shift,0.25,I_X,family_v12,120,90,0.75
gate5b_id_ton_iot,cluster_preserving_mean_shift_delta_0.250,adaptive,mean_shift,0.25,I_X,family,120,90,0.75
gate5b_id_ton_iot,cluster_preserving_mean_shift_delta_0.250,adaptive,mean_shift,0.25,I_XF,union,120,102,0.85
gate5b_id_ton_iot,cluster_preserving_mean_shift_delta_0.250,adaptive,mean_shift,0.25,I_XF,family_v12,120,94,0.7833333333333333
gate5b_id_ton_iot,cluster_preserving_mean_shift_delta_0.250,adaptive,mean_shift,0.25,I_XF,family,120,92,0.7666666666666667
gate5b_id_ton_iot,cluster_preserving_mean_shift_delta_0.250,adaptive,mean_shift,0.25,I_Ym,union,120,0,0.0
gate5b_id_ton_iot,cluster_preserving_mean_shift_delta_0.250,adaptive,mean_shift,0.25,I_Ym,family_v12,120,0,0.0
gate5b_id_ton_iot,cluster_preserving_mean_shift_delta_0.250,adaptive,mean_shift,0.25,I_Ym,family,120,0,0.0
gate5b_id_ton_iot,cluster_preserving_mean_shift_delta_0.250,adaptive,mean_shift,0.25,I_XFY,union,120,102,0.85
gate5b_id_ton_iot,cluster_preserving_mean_shift_delta_0.250,adaptive,mean_shift,0.25,I_XFY,family_v12,120,93,0.775
gate5b_id_ton_iot,cluster_preserving_mean_shift_delta_0.250,adaptive,mean_shift,0.25,I_XFY,family,120,91,0.7583333333333333
gate5b_id_ton_iot,cluster_preserving_mean_shift_delta_0.250,adaptive,mean_shift,0.25,I_XFY_trusted,exact,120,111,0.925
gate5b_id_ton_iot,cluster_preserving_mean_shift_delta_0.500,adaptive,mean_shift,0.5,I_X,union,120,111,0.925
gate5b_id_ton_iot,cluster_preserving_mean_shift_delta_0.500,adaptive,mean_shift,0.5,I_X,family_v12,120,108,0.9
gate5b_id_ton_iot,cluster_preserving_mean_shift_delta_0.500,adaptive,mean_shift,0.5,I_X,family,120,108,0.9
gate5b_id_ton_iot,cluster_preserving_mean_shift_delta_0.500,adaptive,mean_shift,0.5,I_XF,union,120,112,0.9333333333333333
gate5b_id_ton_iot,cluster_preserving_mean_shift_delta_0.500,adaptive,mean_shift,0.5,I_XF,family_v12,120,110,0.9166666666666666
gate5b_id_ton_iot,cluster_preserving_mean_shift_delta_0.500,adaptive,mean_shift,0.5,I_XF,family,120,110,0.9166666666666666
gate5b_id_ton_iot,cluster_preserving_mean_shift_delta_0.500,adaptive,mean_shift,0.5,I_Ym,union,120,0,0.0
gate5b_id_ton_iot,cluster_preserving_mean_shift_delta_0.500,adaptive,mean_shift,0.5,I_Ym,family_v12,120,0,0.0
gate5b_id_ton_iot,cluster_preserving_mean_shift_delta_0.500,adaptive,mean_shift,0.5,I_Ym,family,120,0,0.0
gate5b_id_ton_iot,cluster_preserving_mean_shift_delta_0.500,adaptive,mean_shift,0.5,I_XFY,union,120,114,0.95
gate5b_id_ton_iot,cluster_preserving_mean_shift_delta_0.500,adaptive,mean_shift,0.5,I_XFY,family_v12,120,112,0.9333333333333333
gate5b_id_ton_iot,cluster_preserving_mean_shift_delta_0.500,adaptive,mean_shift,0.5,I_XFY,family,120,111,0.925
gate5b_id_ton_iot,cluster_preserving_mean_shift_delta_0.500,adaptive,mean_shift,0.5,I_XFY_trusted,exact,120,112,0.9333333333333333
gate5b_id_ton_iot,cluster_preserving_scaling_alpha_0.020,adaptive,scaling_drift,0.02,I_X,union,120,3,0.025
gate5b_id_ton_iot,cluster_preserving_scaling_alpha_0.020,adaptive,scaling_drift,0.02,I_X,family_v12,120,0,0.0
gate5b_id_ton_iot,cluster_preserving_scaling_alpha_0.020,adaptive,scaling_drift,0.02,I_X,family,120,0,0.0
gate5b_id_ton_iot,cluster_preserving_scaling_alpha_0.020,adaptive,scaling_drift,0.02,I_XF,union,120,31,0.25833333333333336
gate5b_id_ton_iot,cluster_preserving_scaling_alpha_0.020,adaptive,scaling_drift,0.02,I_XF,family_v12,120,27,0.225
gate5b_id_ton_iot,cluster_preserving_scaling_alpha_0.020,adaptive,scaling_drift,0.02,I_XF,family,120,24,0.2
gate5b_id_ton_iot,cluster_preserving_scaling_alpha_0.020,adaptive,scaling_drift,0.02,I_Ym,union,120,0,0.0
gate5b_id_ton_iot,cluster_preserving_scaling_alpha_0.020,adaptive,scaling_drift,0.02,I_Ym,family_v12,120,0,0.0
gate5b_id_ton_iot,cluster_preserving_scaling_alpha_0.020,adaptive,scaling_drift,0.02,I_Ym,family,120,0,0.0
gate5b_id_ton_iot,cluster_preserving_scaling_alpha_0.020,adaptive,scaling_drift,0.02,I_XFY,union,120,31,0.25833333333333336
gate5b_id_ton_iot,cluster_preserving_scaling_alpha_0.020,adaptive,scaling_drift,0.02,I_XFY,family_v12,120,24,0.2
gate5b_id_ton_iot,cluster_preserving_scaling_alpha_0.020,adaptive,scaling_drift,0.02,I_XFY,family,120,23,0.19166666666666668
gate5b_id_ton_iot,cluster_preserving_scaling_alpha_0.020,adaptive,scaling_drift,0.02,I_XFY_trusted,exact,120,68,0.5666666666666667
gate5b_id_ton_iot,cluster_preserving_scaling_alpha_0.050,adaptive,scaling_drift,0.05,I_X,union,120,45,0.375
gate5b_id_ton_iot,cluster_preserving_scaling_alpha_0.050,adaptive,scaling_drift,0.05,I_X,family_v12,120,45,0.375
gate5b_id_ton_iot,cluster_preserving_scaling_alpha_0.050,adaptive,scaling_drift,0.05,I_X,family,120,45,0.375
gate5b_id_ton_iot,cluster_preserving_scaling_alpha_0.050,adaptive,scaling_drift,0.05,I_XF,union,120,68,0.5666666666666667
gate5b_id_ton_iot,cluster_preserving_scaling_alpha_0.050,adaptive,scaling_drift,0.05,I_XF,family_v12,120,63,0.525
gate5b_id_ton_iot,cluster_preserving_scaling_alpha_0.050,adaptive,scaling_drift,0.05,I_XF,family,120,51,0.425
gate5b_id_ton_iot,cluster_preserving_scaling_alpha_0.050,adaptive,scaling_drift,0.05,I_Ym,union,120,0,0.0
gate5b_id_ton_iot,cluster_preserving_scaling_alpha_0.050,adaptive,scaling_drift,0.05,I_Ym,family_v12,120,0,0.0
gate5b_id_ton_iot,cluster_preserving_scaling_alpha_0.050,adaptive,scaling_drift,0.05,I_Ym,family,120,0,0.0
gate5b_id_ton_iot,cluster_preserving_scaling_alpha_0.050,adaptive,scaling_drift,0.05,I_XFY,union,120,68,0.5666666666666667
gate5b_id_ton_iot,cluster_preserving_scaling_alpha_0.050,adaptive,scaling_drift,0.05,I_XFY,family_v12,120,55,0.4583333333333333
gate5b_id_ton_iot,cluster_preserving_scaling_alpha_0.050,adaptive,scaling_drift,0.05,I_XFY,family,120,47,0.39166666666666666
gate5b_id_ton_iot,cluster_preserving_scaling_alpha_0.050,adaptive,scaling_drift,0.05,I_XFY_trusted,exact,120,86,0.7166666666666667
gate5b_id_ton_iot,cluster_preserving_scaling_alpha_0.100,adaptive,scaling_drift,0.1,I_X,union,120,71,0.5916666666666667
gate5b_id_ton_iot,cluster_preserving_scaling_alpha_0.100,adaptive,scaling_drift,0.1,I_X,family_v12,120,61,0.5083333333333333
gate5b_id_ton_iot,cluster_preserving_scaling_alpha_0.100,adaptive,scaling_drift,0.1,I_X,family,120,61,0.5083333333333333
gate5b_id_ton_iot,cluster_preserving_scaling_alpha_0.100,adaptive,scaling_drift,0.1,I_XF,union,120,75,0.625
gate5b_id_ton_iot,cluster_preserving_scaling_alpha_0.100,adaptive,scaling_drift,0.1,I_XF,family_v12,120,70,0.5833333333333334
gate5b_id_ton_iot,cluster_preserving_scaling_alpha_0.100,adaptive,scaling_drift,0.1,I_XF,family,120,69,0.575
gate5b_id_ton_iot,cluster_preserving_scaling_alpha_0.100,adaptive,scaling_drift,0.1,I_Ym,union,120,0,0.0
gate5b_id_ton_iot,cluster_preserving_scaling_alpha_0.100,adaptive,scaling_drift,0.1,I_Ym,family_v12,120,0,0.0
gate5b_id_ton_iot,cluster_preserving_scaling_alpha_0.100,adaptive,scaling_drift,0.1,I_Ym,family,120,0,0.0
gate5b_id_ton_iot,cluster_preserving_scaling_alpha_0.100,adaptive,scaling_drift,0.1,I_XFY,union,120,75,0.625
gate5b_id_ton_iot,cluster_preserving_scaling_alpha_0.100,adaptive,scaling_drift,0.1,I_XFY,family_v12,120,69,0.575
gate5b_id_ton_iot,cluster_preserving_scaling_alpha_0.100,adaptive,scaling_drift,0.1,I_XFY,family,120,68,0.5666666666666667
gate5b_id_ton_iot,cluster_preserving_scaling_alpha_0.100,adaptive,scaling_drift,0.1,I_XFY_trusted,exact,120,92,0.7666666666666667
gate5b_id_ton_iot,cluster_preserving_scaling_alpha_0.250,adaptive,scaling_drift,0.25,I_X,union,120,99,0.825
gate5b_id_ton_iot,cluster_preserving_scaling_alpha_0.250,adaptive,scaling_drift,0.25,I_X,family_v12,120,88,0.7333333333333333
gate5b_id_ton_iot,cluster_preserving_scaling_alpha_0.250,adaptive,scaling_drift,0.25,I_X,family,120,88,0.7333333333333333
gate5b_id_ton_iot,cluster_preserving_scaling_alpha_0.250,adaptive,scaling_drift,0.25,I_XF,union,120,103,0.8583333333333333
gate5b_id_ton_iot,cluster_preserving_scaling_alpha_0.250,adaptive,scaling_drift,0.25,I_XF,family_v12,120,94,0.7833333333333333
gate5b_id_ton_iot,cluster_preserving_scaling_alpha_0.250,adaptive,scaling_drift,0.25,I_XF,family,120,90,0.75
gate5b_id_ton_iot,cluster_preserving_scaling_alpha_0.250,adaptive,scaling_drift,0.25,I_Ym,union,120,0,0.0
gate5b_id_ton_iot,cluster_preserving_scaling_alpha_0.250,adaptive,scaling_drift,0.25,I_Ym,family_v12,120,0,0.0
gate5b_id_ton_iot,cluster_preserving_scaling_alpha_0.250,adaptive,scaling_drift,0.25,I_Ym,family,120,0,0.0
gate5b_id_ton_iot,cluster_preserving_scaling_alpha_0.250,adaptive,scaling_drift,0.25,I_XFY,union,120,104,0.8666666666666667
gate5b_id_ton_iot,cluster_preserving_scaling_alpha_0.250,adaptive,scaling_drift,0.25,I_XFY,family_v12,120,92,0.7666666666666667
gate5b_id_ton_iot,cluster_preserving_scaling_alpha_0.250,adaptive,scaling_drift,0.25,I_XFY,family,120,89,0.7416666666666667
gate5b_id_ton_iot,cluster_preserving_scaling_alpha_0.250,adaptive,scaling_drift,0.25,I_XFY_trusted,exact,120,109,0.9083333333333333
gate5b_id_ton_iot,cluster_preserving_scaling_alpha_0.500,adaptive,scaling_drift,0.5,I_X,union,120,109,0.9083333333333333
gate5b_id_ton_iot,cluster_preserving_scaling_alpha_0.500,adaptive,scaling_drift,0.5,I_X,family_v12,120,108,0.9
gate5b_id_ton_iot,cluster_preserving_scaling_alpha_0.500,adaptive,scaling_drift,0.5,I_X,family,120,108,0.9
gate5b_id_ton_iot,cluster_preserving_scaling_alpha_0.500,adaptive,scaling_drift,0.5,I_XF,union,120,112,0.9333333333333333
gate5b_id_ton_iot,cluster_preserving_scaling_alpha_0.500,adaptive,scaling_drift,0.5,I_XF,family_v12,120,108,0.9
gate5b_id_ton_iot,cluster_preserving_scaling_alpha_0.500,adaptive,scaling_drift,0.5,I_XF,family,120,105,0.875
gate5b_id_ton_iot,cluster_preserving_scaling_alpha_0.500,adaptive,scaling_drift,0.5,I_Ym,union,120,0,0.0
gate5b_id_ton_iot,cluster_preserving_scaling_alpha_0.500,adaptive,scaling_drift,0.5,I_Ym,family_v12,120,0,0.0
gate5b_id_ton_iot,cluster_preserving_scaling_alpha_0.500,adaptive,scaling_drift,0.5,I_Ym,family,120,0,0.0
gate5b_id_ton_iot,cluster_preserving_scaling_alpha_0.500,adaptive,scaling_drift,0.5,I_XFY,union,120,112,0.9333333333333333
gate5b_id_ton_iot,cluster_preserving_scaling_alpha_0.500,adaptive,scaling_drift,0.5,I_XFY,family_v12,120,106,0.8833333333333333
gate5b_id_ton_iot,cluster_preserving_scaling_alpha_0.500,adaptive,scaling_drift,0.5,I_XFY,family,120,101,0.8416666666666667
gate5b_id_ton_iot,cluster_preserving_scaling_alpha_0.500,adaptive,scaling_drift,0.5,I_XFY_trusted,exact,120,116,0.9666666666666667
gate5b_id_ton_iot,mean_shift_pf_delta_0.020,control,mean_shift,0.02,I_X,union,120,120,1.0
gate5b_id_ton_iot,mean_shift_pf_delta_0.020,control,mean_shift,0.02,I_X,family_v12,120,120,1.0
gate5b_id_ton_iot,mean_shift_pf_delta_0.020,control,mean_shift,0.02,I_X,family,120,120,1.0
gate5b_id_ton_iot,mean_shift_pf_delta_0.020,control,mean_shift,0.02,I_XF,union,120,120,1.0
gate5b_id_ton_iot,mean_shift_pf_delta_0.020,control,mean_shift,0.02,I_XF,family_v12,120,120,1.0
gate5b_id_ton_iot,mean_shift_pf_delta_0.020,control,mean_shift,0.02,I_XF,family,120,120,1.0
gate5b_id_ton_iot,mean_shift_pf_delta_0.020,control,mean_shift,0.02,I_Ym,union,120,0,0.0
gate5b_id_ton_iot,mean_shift_pf_delta_0.020,control,mean_shift,0.02,I_Ym,family_v12,120,0,0.0
gate5b_id_ton_iot,mean_shift_pf_delta_0.020,control,mean_shift,0.02,I_Ym,family,120,0,0.0
gate5b_id_ton_iot,mean_shift_pf_delta_0.020,control,mean_shift,0.02,I_XFY,union,120,120,1.0
gate5b_id_ton_iot,mean_shift_pf_delta_0.020,control,mean_shift,0.02,I_XFY,family_v12,120,120,1.0
gate5b_id_ton_iot,mean_shift_pf_delta_0.020,control,mean_shift,0.02,I_XFY,family,120,120,1.0
gate5b_id_ton_iot,mean_shift_pf_delta_0.020,control,mean_shift,0.02,I_XFY_trusted,exact,120,63,0.525
gate5b_id_ton_iot,mean_shift_pf_delta_0.050,control,mean_shift,0.05,I_X,union,120,120,1.0
gate5b_id_ton_iot,mean_shift_pf_delta_0.050,control,mean_shift,0.05,I_X,family_v12,120,120,1.0
gate5b_id_ton_iot,mean_shift_pf_delta_0.050,control,mean_shift,0.05,I_X,family,120,120,1.0
gate5b_id_ton_iot,mean_shift_pf_delta_0.050,control,mean_shift,0.05,I_XF,union,120,120,1.0
gate5b_id_ton_iot,mean_shift_pf_delta_0.050,control,mean_shift,0.05,I_XF,family_v12,120,120,1.0
gate5b_id_ton_iot,mean_shift_pf_delta_0.050,control,mean_shift,0.05,I_XF,family,120,120,1.0
gate5b_id_ton_iot,mean_shift_pf_delta_0.050,control,mean_shift,0.05,I_Ym,union,120,0,0.0
gate5b_id_ton_iot,mean_shift_pf_delta_0.050,control,mean_shift,0.05,I_Ym,family_v12,120,0,0.0
gate5b_id_ton_iot,mean_shift_pf_delta_0.050,control,mean_shift,0.05,I_Ym,family,120,0,0.0
gate5b_id_ton_iot,mean_shift_pf_delta_0.050,control,mean_shift,0.05,I_XFY,union,120,120,1.0
gate5b_id_ton_iot,mean_shift_pf_delta_0.050,control,mean_shift,0.05,I_XFY,family_v12,120,120,1.0
gate5b_id_ton_iot,mean_shift_pf_delta_0.050,control,mean_shift,0.05,I_XFY,family,120,120,1.0
gate5b_id_ton_iot,mean_shift_pf_delta_0.050,control,mean_shift,0.05,I_XFY_trusted,exact,120,76,0.6333333333333333
gate5b_id_ton_iot,mean_shift_pf_delta_0.100,control,mean_shift,0.1,I_X,union,120,120,1.0
gate5b_id_ton_iot,mean_shift_pf_delta_0.100,control,mean_shift,0.1,I_X,family_v12,120,120,1.0
gate5b_id_ton_iot,mean_shift_pf_delta_0.100,control,mean_shift,0.1,I_X,family,120,120,1.0
gate5b_id_ton_iot,mean_shift_pf_delta_0.100,control,mean_shift,0.1,I_XF,union,120,120,1.0
gate5b_id_ton_iot,mean_shift_pf_delta_0.100,control,mean_shift,0.1,I_XF,family_v12,120,120,1.0
gate5b_id_ton_iot,mean_shift_pf_delta_0.100,control,mean_shift,0.1,I_XF,family,120,120,1.0
gate5b_id_ton_iot,mean_shift_pf_delta_0.100,control,mean_shift,0.1,I_Ym,union,120,0,0.0
gate5b_id_ton_iot,mean_shift_pf_delta_0.100,control,mean_shift,0.1,I_Ym,family_v12,120,0,0.0
gate5b_id_ton_iot,mean_shift_pf_delta_0.100,control,mean_shift,0.1,I_Ym,family,120,0,0.0
gate5b_id_ton_iot,mean_shift_pf_delta_0.100,control,mean_shift,0.1,I_XFY,union,120,120,1.0
gate5b_id_ton_iot,mean_shift_pf_delta_0.100,control,mean_shift,0.1,I_XFY,family_v12,120,120,1.0
gate5b_id_ton_iot,mean_shift_pf_delta_0.100,control,mean_shift,0.1,I_XFY,family,120,120,1.0
gate5b_id_ton_iot,mean_shift_pf_delta_0.100,control,mean_shift,0.1,I_XFY_trusted,exact,120,93,0.775
gate5b_id_ton_iot,scaling_drift_alpha_0.020,control,scaling_drift,0.02,I_X,union,120,120,1.0
gate5b_id_ton_iot,scaling_drift_alpha_0.020,control,scaling_drift,0.02,I_X,family_v12,120,120,1.0
gate5b_id_ton_iot,scaling_drift_alpha_0.020,control,scaling_drift,0.02,I_X,family,120,120,1.0
gate5b_id_ton_iot,scaling_drift_alpha_0.020,control,scaling_drift,0.02,I_XF,union,120,120,1.0
gate5b_id_ton_iot,scaling_drift_alpha_0.020,control,scaling_drift,0.02,I_XF,family_v12,120,120,1.0
gate5b_id_ton_iot,scaling_drift_alpha_0.020,control,scaling_drift,0.02,I_XF,family,120,120,1.0
gate5b_id_ton_iot,scaling_drift_alpha_0.020,control,scaling_drift,0.02,I_Ym,union,120,0,0.0
gate5b_id_ton_iot,scaling_drift_alpha_0.020,control,scaling_drift,0.02,I_Ym,family_v12,120,0,0.0
gate5b_id_ton_iot,scaling_drift_alpha_0.020,control,scaling_drift,0.02,I_Ym,family,120,0,0.0
gate5b_id_ton_iot,scaling_drift_alpha_0.020,control,scaling_drift,0.02,I_XFY,union,120,120,1.0
gate5b_id_ton_iot,scaling_drift_alpha_0.020,control,scaling_drift,0.02,I_XFY,family_v12,120,120,1.0
gate5b_id_ton_iot,scaling_drift_alpha_0.020,control,scaling_drift,0.02,I_XFY,family,120,120,1.0
gate5b_id_ton_iot,scaling_drift_alpha_0.020,control,scaling_drift,0.02,I_XFY_trusted,exact,120,77,0.6416666666666667
gate5b_id_ton_iot,scaling_drift_alpha_0.050,control,scaling_drift,0.05,I_X,union,120,120,1.0
gate5b_id_ton_iot,scaling_drift_alpha_0.050,control,scaling_drift,0.05,I_X,family_v12,120,120,1.0
gate5b_id_ton_iot,scaling_drift_alpha_0.050,control,scaling_drift,0.05,I_X,family,120,120,1.0
gate5b_id_ton_iot,scaling_drift_alpha_0.050,control,scaling_drift,0.05,I_XF,union,120,120,1.0
gate5b_id_ton_iot,scaling_drift_alpha_0.050,control,scaling_drift,0.05,I_XF,family_v12,120,120,1.0
gate5b_id_ton_iot,scaling_drift_alpha_0.050,control,scaling_drift,0.05,I_XF,family,120,120,1.0
gate5b_id_ton_iot,scaling_drift_alpha_0.050,control,scaling_drift,0.05,I_Ym,union,120,0,0.0
gate5b_id_ton_iot,scaling_drift_alpha_0.050,control,scaling_drift,0.05,I_Ym,family_v12,120,0,0.0
gate5b_id_ton_iot,scaling_drift_alpha_0.050,control,scaling_drift,0.05,I_Ym,family,120,0,0.0
gate5b_id_ton_iot,scaling_drift_alpha_0.050,control,scaling_drift,0.05,I_XFY,union,120,120,1.0
gate5b_id_ton_iot,scaling_drift_alpha_0.050,control,scaling_drift,0.05,I_XFY,family_v12,120,120,1.0
gate5b_id_ton_iot,scaling_drift_alpha_0.050,control,scaling_drift,0.05,I_XFY,family,120,120,1.0
gate5b_id_ton_iot,scaling_drift_alpha_0.050,control,scaling_drift,0.05,I_XFY_trusted,exact,120,90,0.75
gate5b_id_ton_iot,scaling_drift_alpha_0.100,control,scaling_drift,0.1,I_X,union,120,120,1.0
gate5b_id_ton_iot,scaling_drift_alpha_0.100,control,scaling_drift,0.1,I_X,family_v12,120,120,1.0
gate5b_id_ton_iot,scaling_drift_alpha_0.100,control,scaling_drift,0.1,I_X,family,120,120,1.0
gate5b_id_ton_iot,scaling_drift_alpha_0.100,control,scaling_drift,0.1,I_XF,union,120,120,1.0
gate5b_id_ton_iot,scaling_drift_alpha_0.100,control,scaling_drift,0.1,I_XF,family_v12,120,120,1.0
gate5b_id_ton_iot,scaling_drift_alpha_0.100,control,scaling_drift,0.1,I_XF,family,120,120,1.0
gate5b_id_ton_iot,scaling_drift_alpha_0.100,control,scaling_drift,0.1,I_Ym,union,120,0,0.0
gate5b_id_ton_iot,scaling_drift_alpha_0.100,control,scaling_drift,0.1,I_Ym,family_v12,120,0,0.0
gate5b_id_ton_iot,scaling_drift_alpha_0.100,control,scaling_drift,0.1,I_Ym,family,120,0,0.0
gate5b_id_ton_iot,scaling_drift_alpha_0.100,control,scaling_drift,0.1,I_XFY,union,120,120,1.0
gate5b_id_ton_iot,scaling_drift_alpha_0.100,control,scaling_drift,0.1,I_XFY,family_v12,120,120,1.0
gate5b_id_ton_iot,scaling_drift_alpha_0.100,control,scaling_drift,0.1,I_XFY,family,120,120,1.0
gate5b_id_ton_iot,scaling_drift_alpha_0.100,control,scaling_drift,0.1,I_XFY_trusted,exact,120,99,0.825
gate6_ood_unsw,cluster_preserving_mean_shift_delta_0.020,adaptive,mean_shift,0.02,I_X,union,60,0,0.0
gate6_ood_unsw,cluster_preserving_mean_shift_delta_0.020,adaptive,mean_shift,0.02,I_X,family_v12,60,0,0.0
gate6_ood_unsw,cluster_preserving_mean_shift_delta_0.020,adaptive,mean_shift,0.02,I_X,family,60,0,0.0
gate6_ood_unsw,cluster_preserving_mean_shift_delta_0.020,adaptive,mean_shift,0.02,I_XF,union,60,15,0.25
gate6_ood_unsw,cluster_preserving_mean_shift_delta_0.020,adaptive,mean_shift,0.02,I_XF,family_v12,60,11,0.18333333333333332
gate6_ood_unsw,cluster_preserving_mean_shift_delta_0.020,adaptive,mean_shift,0.02,I_XF,family,60,11,0.18333333333333332
gate6_ood_unsw,cluster_preserving_mean_shift_delta_0.020,adaptive,mean_shift,0.02,I_Ym,union,60,0,0.0
gate6_ood_unsw,cluster_preserving_mean_shift_delta_0.020,adaptive,mean_shift,0.02,I_Ym,family_v12,60,0,0.0
gate6_ood_unsw,cluster_preserving_mean_shift_delta_0.020,adaptive,mean_shift,0.02,I_Ym,family,60,0,0.0
gate6_ood_unsw,cluster_preserving_mean_shift_delta_0.020,adaptive,mean_shift,0.02,I_XFY,union,60,15,0.25
gate6_ood_unsw,cluster_preserving_mean_shift_delta_0.020,adaptive,mean_shift,0.02,I_XFY,family_v12,60,11,0.18333333333333332
gate6_ood_unsw,cluster_preserving_mean_shift_delta_0.020,adaptive,mean_shift,0.02,I_XFY,family,60,10,0.16666666666666666
gate6_ood_unsw,cluster_preserving_mean_shift_delta_0.020,adaptive,mean_shift,0.02,I_XFY_trusted,exact,60,21,0.35
gate6_ood_unsw,cluster_preserving_mean_shift_delta_0.050,adaptive,mean_shift,0.05,I_X,union,60,2,0.03333333333333333
gate6_ood_unsw,cluster_preserving_mean_shift_delta_0.050,adaptive,mean_shift,0.05,I_X,family_v12,60,2,0.03333333333333333
gate6_ood_unsw,cluster_preserving_mean_shift_delta_0.050,adaptive,mean_shift,0.05,I_X,family,60,2,0.03333333333333333
gate6_ood_unsw,cluster_preserving_mean_shift_delta_0.050,adaptive,mean_shift,0.05,I_XF,union,60,27,0.45
gate6_ood_unsw,cluster_preserving_mean_shift_delta_0.050,adaptive,mean_shift,0.05,I_XF,family_v12,60,26,0.43333333333333335
gate6_ood_unsw,cluster_preserving_mean_shift_delta_0.050,adaptive,mean_shift,0.05,I_XF,family,60,26,0.43333333333333335
gate6_ood_unsw,cluster_preserving_mean_shift_delta_0.050,adaptive,mean_shift,0.05,I_Ym,union,60,0,0.0
gate6_ood_unsw,cluster_preserving_mean_shift_delta_0.050,adaptive,mean_shift,0.05,I_Ym,family_v12,60,0,0.0
gate6_ood_unsw,cluster_preserving_mean_shift_delta_0.050,adaptive,mean_shift,0.05,I_Ym,family,60,0,0.0
gate6_ood_unsw,cluster_preserving_mean_shift_delta_0.050,adaptive,mean_shift,0.05,I_XFY,union,60,27,0.45
gate6_ood_unsw,cluster_preserving_mean_shift_delta_0.050,adaptive,mean_shift,0.05,I_XFY,family_v12,60,26,0.43333333333333335
gate6_ood_unsw,cluster_preserving_mean_shift_delta_0.050,adaptive,mean_shift,0.05,I_XFY,family,60,26,0.43333333333333335
gate6_ood_unsw,cluster_preserving_mean_shift_delta_0.050,adaptive,mean_shift,0.05,I_XFY_trusted,exact,60,30,0.5
gate6_ood_unsw,cluster_preserving_mean_shift_delta_0.100,adaptive,mean_shift,0.1,I_X,union,60,14,0.23333333333333334
gate6_ood_unsw,cluster_preserving_mean_shift_delta_0.100,adaptive,mean_shift,0.1,I_X,family_v12,60,14,0.23333333333333334
gate6_ood_unsw,cluster_preserving_mean_shift_delta_0.100,adaptive,mean_shift,0.1,I_X,family,60,14,0.23333333333333334
gate6_ood_unsw,cluster_preserving_mean_shift_delta_0.100,adaptive,mean_shift,0.1,I_XF,union,60,42,0.7
gate6_ood_unsw,cluster_preserving_mean_shift_delta_0.100,adaptive,mean_shift,0.1,I_XF,family_v12,60,39,0.65
gate6_ood_unsw,cluster_preserving_mean_shift_delta_0.100,adaptive,mean_shift,0.1,I_XF,family,60,36,0.6
gate6_ood_unsw,cluster_preserving_mean_shift_delta_0.100,adaptive,mean_shift,0.1,I_Ym,union,60,0,0.0
gate6_ood_unsw,cluster_preserving_mean_shift_delta_0.100,adaptive,mean_shift,0.1,I_Ym,family_v12,60,0,0.0
gate6_ood_unsw,cluster_preserving_mean_shift_delta_0.100,adaptive,mean_shift,0.1,I_Ym,family,60,0,0.0
gate6_ood_unsw,cluster_preserving_mean_shift_delta_0.100,adaptive,mean_shift,0.1,I_XFY,union,60,42,0.7
gate6_ood_unsw,cluster_preserving_mean_shift_delta_0.100,adaptive,mean_shift,0.1,I_XFY,family_v12,60,38,0.6333333333333333
gate6_ood_unsw,cluster_preserving_mean_shift_delta_0.100,adaptive,mean_shift,0.1,I_XFY,family,60,36,0.6
gate6_ood_unsw,cluster_preserving_mean_shift_delta_0.100,adaptive,mean_shift,0.1,I_XFY_trusted,exact,60,45,0.75
gate6_ood_unsw,cluster_preserving_mean_shift_delta_0.250,adaptive,mean_shift,0.25,I_X,union,60,45,0.75
gate6_ood_unsw,cluster_preserving_mean_shift_delta_0.250,adaptive,mean_shift,0.25,I_X,family_v12,60,43,0.7166666666666667
gate6_ood_unsw,cluster_preserving_mean_shift_delta_0.250,adaptive,mean_shift,0.25,I_X,family,60,43,0.7166666666666667
gate6_ood_unsw,cluster_preserving_mean_shift_delta_0.250,adaptive,mean_shift,0.25,I_XF,union,60,53,0.8833333333333333
gate6_ood_unsw,cluster_preserving_mean_shift_delta_0.250,adaptive,mean_shift,0.25,I_XF,family_v12,60,50,0.8333333333333334
gate6_ood_unsw,cluster_preserving_mean_shift_delta_0.250,adaptive,mean_shift,0.25,I_XF,family,60,47,0.7833333333333333
gate6_ood_unsw,cluster_preserving_mean_shift_delta_0.250,adaptive,mean_shift,0.25,I_Ym,union,60,0,0.0
gate6_ood_unsw,cluster_preserving_mean_shift_delta_0.250,adaptive,mean_shift,0.25,I_Ym,family_v12,60,0,0.0
gate6_ood_unsw,cluster_preserving_mean_shift_delta_0.250,adaptive,mean_shift,0.25,I_Ym,family,60,0,0.0
gate6_ood_unsw,cluster_preserving_mean_shift_delta_0.250,adaptive,mean_shift,0.25,I_XFY,union,60,53,0.8833333333333333
gate6_ood_unsw,cluster_preserving_mean_shift_delta_0.250,adaptive,mean_shift,0.25,I_XFY,family_v12,60,50,0.8333333333333334
gate6_ood_unsw,cluster_preserving_mean_shift_delta_0.250,adaptive,mean_shift,0.25,I_XFY,family,60,47,0.7833333333333333
gate6_ood_unsw,cluster_preserving_mean_shift_delta_0.250,adaptive,mean_shift,0.25,I_XFY_trusted,exact,60,51,0.85
gate6_ood_unsw,cluster_preserving_mean_shift_delta_0.500,adaptive,mean_shift,0.5,I_X,union,60,57,0.95
gate6_ood_unsw,cluster_preserving_mean_shift_delta_0.500,adaptive,mean_shift,0.5,I_X,family_v12,60,55,0.9166666666666666
gate6_ood_unsw,cluster_preserving_mean_shift_delta_0.500,adaptive,mean_shift,0.5,I_X,family,60,55,0.9166666666666666
gate6_ood_unsw,cluster_preserving_mean_shift_delta_0.500,adaptive,mean_shift,0.5,I_XF,union,60,60,1.0
gate6_ood_unsw,cluster_preserving_mean_shift_delta_0.500,adaptive,mean_shift,0.5,I_XF,family_v12,60,60,1.0
gate6_ood_unsw,cluster_preserving_mean_shift_delta_0.500,adaptive,mean_shift,0.5,I_XF,family,60,60,1.0
gate6_ood_unsw,cluster_preserving_mean_shift_delta_0.500,adaptive,mean_shift,0.5,I_Ym,union,60,0,0.0
gate6_ood_unsw,cluster_preserving_mean_shift_delta_0.500,adaptive,mean_shift,0.5,I_Ym,family_v12,60,0,0.0
gate6_ood_unsw,cluster_preserving_mean_shift_delta_0.500,adaptive,mean_shift,0.5,I_Ym,family,60,0,0.0
gate6_ood_unsw,cluster_preserving_mean_shift_delta_0.500,adaptive,mean_shift,0.5,I_XFY,union,60,60,1.0
gate6_ood_unsw,cluster_preserving_mean_shift_delta_0.500,adaptive,mean_shift,0.5,I_XFY,family_v12,60,60,1.0
gate6_ood_unsw,cluster_preserving_mean_shift_delta_0.500,adaptive,mean_shift,0.5,I_XFY,family,60,59,0.9833333333333333
gate6_ood_unsw,cluster_preserving_mean_shift_delta_0.500,adaptive,mean_shift,0.5,I_XFY_trusted,exact,60,58,0.9666666666666667
gate6_ood_unsw,cluster_preserving_scaling_alpha_0.020,adaptive,scaling_drift,0.02,I_X,union,60,0,0.0
gate6_ood_unsw,cluster_preserving_scaling_alpha_0.020,adaptive,scaling_drift,0.02,I_X,family_v12,60,0,0.0
gate6_ood_unsw,cluster_preserving_scaling_alpha_0.020,adaptive,scaling_drift,0.02,I_X,family,60,0,0.0
gate6_ood_unsw,cluster_preserving_scaling_alpha_0.020,adaptive,scaling_drift,0.02,I_XF,union,60,28,0.4666666666666667
gate6_ood_unsw,cluster_preserving_scaling_alpha_0.020,adaptive,scaling_drift,0.02,I_XF,family_v12,60,25,0.4166666666666667
gate6_ood_unsw,cluster_preserving_scaling_alpha_0.020,adaptive,scaling_drift,0.02,I_XF,family,60,25,0.4166666666666667
gate6_ood_unsw,cluster_preserving_scaling_alpha_0.020,adaptive,scaling_drift,0.02,I_Ym,union,60,0,0.0
gate6_ood_unsw,cluster_preserving_scaling_alpha_0.020,adaptive,scaling_drift,0.02,I_Ym,family_v12,60,0,0.0
gate6_ood_unsw,cluster_preserving_scaling_alpha_0.020,adaptive,scaling_drift,0.02,I_Ym,family,60,0,0.0
gate6_ood_unsw,cluster_preserving_scaling_alpha_0.020,adaptive,scaling_drift,0.02,I_XFY,union,60,28,0.4666666666666667
gate6_ood_unsw,cluster_preserving_scaling_alpha_0.020,adaptive,scaling_drift,0.02,I_XFY,family_v12,60,25,0.4166666666666667
gate6_ood_unsw,cluster_preserving_scaling_alpha_0.020,adaptive,scaling_drift,0.02,I_XFY,family,60,25,0.4166666666666667
gate6_ood_unsw,cluster_preserving_scaling_alpha_0.020,adaptive,scaling_drift,0.02,I_XFY_trusted,exact,60,34,0.5666666666666667
gate6_ood_unsw,cluster_preserving_scaling_alpha_0.050,adaptive,scaling_drift,0.05,I_X,union,60,6,0.1
gate6_ood_unsw,cluster_preserving_scaling_alpha_0.050,adaptive,scaling_drift,0.05,I_X,family_v12,60,6,0.1
gate6_ood_unsw,cluster_preserving_scaling_alpha_0.050,adaptive,scaling_drift,0.05,I_X,family,60,6,0.1
gate6_ood_unsw,cluster_preserving_scaling_alpha_0.050,adaptive,scaling_drift,0.05,I_XF,union,60,31,0.5166666666666667
gate6_ood_unsw,cluster_preserving_scaling_alpha_0.050,adaptive,scaling_drift,0.05,I_XF,family_v12,60,30,0.5
gate6_ood_unsw,cluster_preserving_scaling_alpha_0.050,adaptive,scaling_drift,0.05,I_XF,family,60,30,0.5
gate6_ood_unsw,cluster_preserving_scaling_alpha_0.050,adaptive,scaling_drift,0.05,I_Ym,union,60,0,0.0
gate6_ood_unsw,cluster_preserving_scaling_alpha_0.050,adaptive,scaling_drift,0.05,I_Ym,family_v12,60,0,0.0
gate6_ood_unsw,cluster_preserving_scaling_alpha_0.050,adaptive,scaling_drift,0.05,I_Ym,family,60,0,0.0
gate6_ood_unsw,cluster_preserving_scaling_alpha_0.050,adaptive,scaling_drift,0.05,I_XFY,union,60,31,0.5166666666666667
gate6_ood_unsw,cluster_preserving_scaling_alpha_0.050,adaptive,scaling_drift,0.05,I_XFY,family_v12,60,30,0.5
gate6_ood_unsw,cluster_preserving_scaling_alpha_0.050,adaptive,scaling_drift,0.05,I_XFY,family,60,30,0.5
gate6_ood_unsw,cluster_preserving_scaling_alpha_0.050,adaptive,scaling_drift,0.05,I_XFY_trusted,exact,60,39,0.65
gate6_ood_unsw,cluster_preserving_scaling_alpha_0.100,adaptive,scaling_drift,0.1,I_X,union,60,16,0.26666666666666666
gate6_ood_unsw,cluster_preserving_scaling_alpha_0.100,adaptive,scaling_drift,0.1,I_X,family_v12,60,11,0.18333333333333332
gate6_ood_unsw,cluster_preserving_scaling_alpha_0.100,adaptive,scaling_drift,0.1,I_X,family,60,11,0.18333333333333332
gate6_ood_unsw,cluster_preserving_scaling_alpha_0.100,adaptive,scaling_drift,0.1,I_XF,union,60,41,0.6833333333333333
gate6_ood_unsw,cluster_preserving_scaling_alpha_0.100,adaptive,scaling_drift,0.1,I_XF,family_v12,60,34,0.5666666666666667
gate6_ood_unsw,cluster_preserving_scaling_alpha_0.100,adaptive,scaling_drift,0.1,I_XF,family,60,34,0.5666666666666667
gate6_ood_unsw,cluster_preserving_scaling_alpha_0.100,adaptive,scaling_drift,0.1,I_Ym,union,60,0,0.0
gate6_ood_unsw,cluster_preserving_scaling_alpha_0.100,adaptive,scaling_drift,0.1,I_Ym,family_v12,60,0,0.0
gate6_ood_unsw,cluster_preserving_scaling_alpha_0.100,adaptive,scaling_drift,0.1,I_Ym,family,60,0,0.0
gate6_ood_unsw,cluster_preserving_scaling_alpha_0.100,adaptive,scaling_drift,0.1,I_XFY,union,60,41,0.6833333333333333
gate6_ood_unsw,cluster_preserving_scaling_alpha_0.100,adaptive,scaling_drift,0.1,I_XFY,family_v12,60,34,0.5666666666666667
gate6_ood_unsw,cluster_preserving_scaling_alpha_0.100,adaptive,scaling_drift,0.1,I_XFY,family,60,34,0.5666666666666667
gate6_ood_unsw,cluster_preserving_scaling_alpha_0.100,adaptive,scaling_drift,0.1,I_XFY_trusted,exact,60,43,0.7166666666666667
gate6_ood_unsw,cluster_preserving_scaling_alpha_0.250,adaptive,scaling_drift,0.25,I_X,union,60,34,0.5666666666666667
gate6_ood_unsw,cluster_preserving_scaling_alpha_0.250,adaptive,scaling_drift,0.25,I_X,family_v12,60,34,0.5666666666666667
gate6_ood_unsw,cluster_preserving_scaling_alpha_0.250,adaptive,scaling_drift,0.25,I_X,family,60,34,0.5666666666666667
gate6_ood_unsw,cluster_preserving_scaling_alpha_0.250,adaptive,scaling_drift,0.25,I_XF,union,60,48,0.8
gate6_ood_unsw,cluster_preserving_scaling_alpha_0.250,adaptive,scaling_drift,0.25,I_XF,family_v12,60,43,0.7166666666666667
gate6_ood_unsw,cluster_preserving_scaling_alpha_0.250,adaptive,scaling_drift,0.25,I_XF,family,60,42,0.7
gate6_ood_unsw,cluster_preserving_scaling_alpha_0.250,adaptive,scaling_drift,0.25,I_Ym,union,60,0,0.0
gate6_ood_unsw,cluster_preserving_scaling_alpha_0.250,adaptive,scaling_drift,0.25,I_Ym,family_v12,60,0,0.0
gate6_ood_unsw,cluster_preserving_scaling_alpha_0.250,adaptive,scaling_drift,0.25,I_Ym,family,60,0,0.0
gate6_ood_unsw,cluster_preserving_scaling_alpha_0.250,adaptive,scaling_drift,0.25,I_XFY,union,60,48,0.8
gate6_ood_unsw,cluster_preserving_scaling_alpha_0.250,adaptive,scaling_drift,0.25,I_XFY,family_v12,60,43,0.7166666666666667
gate6_ood_unsw,cluster_preserving_scaling_alpha_0.250,adaptive,scaling_drift,0.25,I_XFY,family,60,42,0.7
gate6_ood_unsw,cluster_preserving_scaling_alpha_0.250,adaptive,scaling_drift,0.25,I_XFY_trusted,exact,60,50,0.8333333333333334
gate6_ood_unsw,cluster_preserving_scaling_alpha_0.500,adaptive,scaling_drift,0.5,I_X,union,60,55,0.9166666666666666
gate6_ood_unsw,cluster_preserving_scaling_alpha_0.500,adaptive,scaling_drift,0.5,I_X,family_v12,60,49,0.8166666666666667
gate6_ood_unsw,cluster_preserving_scaling_alpha_0.500,adaptive,scaling_drift,0.5,I_X,family,60,49,0.8166666666666667
gate6_ood_unsw,cluster_preserving_scaling_alpha_0.500,adaptive,scaling_drift,0.5,I_XF,union,60,59,0.9833333333333333
gate6_ood_unsw,cluster_preserving_scaling_alpha_0.500,adaptive,scaling_drift,0.5,I_XF,family_v12,60,55,0.9166666666666666
gate6_ood_unsw,cluster_preserving_scaling_alpha_0.500,adaptive,scaling_drift,0.5,I_XF,family,60,54,0.9
gate6_ood_unsw,cluster_preserving_scaling_alpha_0.500,adaptive,scaling_drift,0.5,I_Ym,union,60,0,0.0
gate6_ood_unsw,cluster_preserving_scaling_alpha_0.500,adaptive,scaling_drift,0.5,I_Ym,family_v12,60,0,0.0
gate6_ood_unsw,cluster_preserving_scaling_alpha_0.500,adaptive,scaling_drift,0.5,I_Ym,family,60,0,0.0
gate6_ood_unsw,cluster_preserving_scaling_alpha_0.500,adaptive,scaling_drift,0.5,I_XFY,union,60,59,0.9833333333333333
gate6_ood_unsw,cluster_preserving_scaling_alpha_0.500,adaptive,scaling_drift,0.5,I_XFY,family_v12,60,55,0.9166666666666666
gate6_ood_unsw,cluster_preserving_scaling_alpha_0.500,adaptive,scaling_drift,0.5,I_XFY,family,60,52,0.8666666666666667
gate6_ood_unsw,cluster_preserving_scaling_alpha_0.500,adaptive,scaling_drift,0.5,I_XFY_trusted,exact,60,56,0.9333333333333333
gate6_ood_unsw,mean_shift_pf_delta_0.020,control,mean_shift,0.02,I_X,union,60,60,1.0
gate6_ood_unsw,mean_shift_pf_delta_0.020,control,mean_shift,0.02,I_X,family_v12,60,60,1.0
gate6_ood_unsw,mean_shift_pf_delta_0.020,control,mean_shift,0.02,I_X,family,60,60,1.0
gate6_ood_unsw,mean_shift_pf_delta_0.020,control,mean_shift,0.02,I_XF,union,60,60,1.0
gate6_ood_unsw,mean_shift_pf_delta_0.020,control,mean_shift,0.02,I_XF,family_v12,60,58,0.9666666666666667
gate6_ood_unsw,mean_shift_pf_delta_0.020,control,mean_shift,0.02,I_XF,family,60,44,0.7333333333333333
gate6_ood_unsw,mean_shift_pf_delta_0.020,control,mean_shift,0.02,I_Ym,union,60,0,0.0
gate6_ood_unsw,mean_shift_pf_delta_0.020,control,mean_shift,0.02,I_Ym,family_v12,60,0,0.0
gate6_ood_unsw,mean_shift_pf_delta_0.020,control,mean_shift,0.02,I_Ym,family,60,0,0.0
gate6_ood_unsw,mean_shift_pf_delta_0.020,control,mean_shift,0.02,I_XFY,union,60,60,1.0
gate6_ood_unsw,mean_shift_pf_delta_0.020,control,mean_shift,0.02,I_XFY,family_v12,60,57,0.95
gate6_ood_unsw,mean_shift_pf_delta_0.020,control,mean_shift,0.02,I_XFY,family,60,44,0.7333333333333333
gate6_ood_unsw,mean_shift_pf_delta_0.020,control,mean_shift,0.02,I_XFY_trusted,exact,60,25,0.4166666666666667
gate6_ood_unsw,mean_shift_pf_delta_0.050,control,mean_shift,0.05,I_X,union,60,60,1.0
gate6_ood_unsw,mean_shift_pf_delta_0.050,control,mean_shift,0.05,I_X,family_v12,60,60,1.0
gate6_ood_unsw,mean_shift_pf_delta_0.050,control,mean_shift,0.05,I_X,family,60,60,1.0
gate6_ood_unsw,mean_shift_pf_delta_0.050,control,mean_shift,0.05,I_XF,union,60,60,1.0
gate6_ood_unsw,mean_shift_pf_delta_0.050,control,mean_shift,0.05,I_XF,family_v12,60,60,1.0
gate6_ood_unsw,mean_shift_pf_delta_0.050,control,mean_shift,0.05,I_XF,family,60,60,1.0
gate6_ood_unsw,mean_shift_pf_delta_0.050,control,mean_shift,0.05,I_Ym,union,60,0,0.0
gate6_ood_unsw,mean_shift_pf_delta_0.050,control,mean_shift,0.05,I_Ym,family_v12,60,0,0.0
gate6_ood_unsw,mean_shift_pf_delta_0.050,control,mean_shift,0.05,I_Ym,family,60,0,0.0
gate6_ood_unsw,mean_shift_pf_delta_0.050,control,mean_shift,0.05,I_XFY,union,60,60,1.0
gate6_ood_unsw,mean_shift_pf_delta_0.050,control,mean_shift,0.05,I_XFY,family_v12,60,60,1.0
gate6_ood_unsw,mean_shift_pf_delta_0.050,control,mean_shift,0.05,I_XFY,family,60,59,0.9833333333333333
gate6_ood_unsw,mean_shift_pf_delta_0.050,control,mean_shift,0.05,I_XFY_trusted,exact,60,37,0.6166666666666667
gate6_ood_unsw,mean_shift_pf_delta_0.100,control,mean_shift,0.1,I_X,union,60,60,1.0
gate6_ood_unsw,mean_shift_pf_delta_0.100,control,mean_shift,0.1,I_X,family_v12,60,60,1.0
gate6_ood_unsw,mean_shift_pf_delta_0.100,control,mean_shift,0.1,I_X,family,60,60,1.0
gate6_ood_unsw,mean_shift_pf_delta_0.100,control,mean_shift,0.1,I_XF,union,60,60,1.0
gate6_ood_unsw,mean_shift_pf_delta_0.100,control,mean_shift,0.1,I_XF,family_v12,60,60,1.0
gate6_ood_unsw,mean_shift_pf_delta_0.100,control,mean_shift,0.1,I_XF,family,60,60,1.0
gate6_ood_unsw,mean_shift_pf_delta_0.100,control,mean_shift,0.1,I_Ym,union,60,0,0.0
gate6_ood_unsw,mean_shift_pf_delta_0.100,control,mean_shift,0.1,I_Ym,family_v12,60,0,0.0
gate6_ood_unsw,mean_shift_pf_delta_0.100,control,mean_shift,0.1,I_Ym,family,60,0,0.0
gate6_ood_unsw,mean_shift_pf_delta_0.100,control,mean_shift,0.1,I_XFY,union,60,60,1.0
gate6_ood_unsw,mean_shift_pf_delta_0.100,control,mean_shift,0.1,I_XFY,family_v12,60,60,1.0
gate6_ood_unsw,mean_shift_pf_delta_0.100,control,mean_shift,0.1,I_XFY,family,60,60,1.0
gate6_ood_unsw,mean_shift_pf_delta_0.100,control,mean_shift,0.1,I_XFY_trusted,exact,60,46,0.7666666666666667
gate6_ood_unsw,scaling_drift_alpha_0.020,control,scaling_drift,0.02,I_X,union,60,60,1.0
gate6_ood_unsw,scaling_drift_alpha_0.020,control,scaling_drift,0.02,I_X,family_v12,60,57,0.95
gate6_ood_unsw,scaling_drift_alpha_0.020,control,scaling_drift,0.02,I_X,family,60,57,0.95
gate6_ood_unsw,scaling_drift_alpha_0.020,control,scaling_drift,0.02,I_XF,union,60,60,1.0
gate6_ood_unsw,scaling_drift_alpha_0.020,control,scaling_drift,0.02,I_XF,family_v12,60,52,0.8666666666666667
gate6_ood_unsw,scaling_drift_alpha_0.020,control,scaling_drift,0.02,I_XF,family,60,39,0.65
gate6_ood_unsw,scaling_drift_alpha_0.020,control,scaling_drift,0.02,I_Ym,union,60,0,0.0
gate6_ood_unsw,scaling_drift_alpha_0.020,control,scaling_drift,0.02,I_Ym,family_v12,60,0,0.0
gate6_ood_unsw,scaling_drift_alpha_0.020,control,scaling_drift,0.02,I_Ym,family,60,0,0.0
gate6_ood_unsw,scaling_drift_alpha_0.020,control,scaling_drift,0.02,I_XFY,union,60,60,1.0
gate6_ood_unsw,scaling_drift_alpha_0.020,control,scaling_drift,0.02,I_XFY,family_v12,60,52,0.8666666666666667
gate6_ood_unsw,scaling_drift_alpha_0.020,control,scaling_drift,0.02,I_XFY,family,60,39,0.65
gate6_ood_unsw,scaling_drift_alpha_0.020,control,scaling_drift,0.02,I_XFY_trusted,exact,60,32,0.5333333333333333
gate6_ood_unsw,scaling_drift_alpha_0.050,control,scaling_drift,0.05,I_X,union,60,60,1.0
gate6_ood_unsw,scaling_drift_alpha_0.050,control,scaling_drift,0.05,I_X,family_v12,60,60,1.0
gate6_ood_unsw,scaling_drift_alpha_0.050,control,scaling_drift,0.05,I_X,family,60,60,1.0
gate6_ood_unsw,scaling_drift_alpha_0.050,control,scaling_drift,0.05,I_XF,union,60,60,1.0
gate6_ood_unsw,scaling_drift_alpha_0.050,control,scaling_drift,0.05,I_XF,family_v12,60,60,1.0
gate6_ood_unsw,scaling_drift_alpha_0.050,control,scaling_drift,0.05,I_XF,family,60,57,0.95
gate6_ood_unsw,scaling_drift_alpha_0.050,control,scaling_drift,0.05,I_Ym,union,60,0,0.0
gate6_ood_unsw,scaling_drift_alpha_0.050,control,scaling_drift,0.05,I_Ym,family_v12,60,0,0.0
gate6_ood_unsw,scaling_drift_alpha_0.050,control,scaling_drift,0.05,I_Ym,family,60,0,0.0
gate6_ood_unsw,scaling_drift_alpha_0.050,control,scaling_drift,0.05,I_XFY,union,60,60,1.0
gate6_ood_unsw,scaling_drift_alpha_0.050,control,scaling_drift,0.05,I_XFY,family_v12,60,60,1.0
gate6_ood_unsw,scaling_drift_alpha_0.050,control,scaling_drift,0.05,I_XFY,family,60,54,0.9
gate6_ood_unsw,scaling_drift_alpha_0.050,control,scaling_drift,0.05,I_XFY_trusted,exact,60,35,0.5833333333333334
gate6_ood_unsw,scaling_drift_alpha_0.100,control,scaling_drift,0.1,I_X,union,60,60,1.0
gate6_ood_unsw,scaling_drift_alpha_0.100,control,scaling_drift,0.1,I_X,family_v12,60,60,1.0
gate6_ood_unsw,scaling_drift_alpha_0.100,control,scaling_drift,0.1,I_X,family,60,60,1.0
gate6_ood_unsw,scaling_drift_alpha_0.100,control,scaling_drift,0.1,I_XF,union,60,60,1.0
gate6_ood_unsw,scaling_drift_alpha_0.100,control,scaling_drift,0.1,I_XF,family_v12,60,60,1.0
gate6_ood_unsw,scaling_drift_alpha_0.100,control,scaling_drift,0.1,I_XF,family,60,60,1.0
gate6_ood_unsw,scaling_drift_alpha_0.100,control,scaling_drift,0.1,I_Ym,union,60,0,0.0
gate6_ood_unsw,scaling_drift_alpha_0.100,control,scaling_drift,0.1,I_Ym,family_v12,60,0,0.0
gate6_ood_unsw,scaling_drift_alpha_0.100,control,scaling_drift,0.1,I_Ym,family,60,0,0.0
gate6_ood_unsw,scaling_drift_alpha_0.100,control,scaling_drift,0.1,I_XFY,union,60,60,1.0
gate6_ood_unsw,scaling_drift_alpha_0.100,control,scaling_drift,0.1,I_XFY,family_v12,60,60,1.0
gate6_ood_unsw,scaling_drift_alpha_0.100,control,scaling_drift,0.1,I_XFY,family,60,60,1.0
gate6_ood_unsw,scaling_drift_alpha_0.100,control,scaling_drift,0.1,I_XFY_trusted,exact,60,39,0.65
