scope_type,scope,attack,attack_class,mechanism,strength,regime,rule,n,n_fire,response_rate,clean_n_fire,paired_clean_false_action_rate,attack_only,clean_only,both_fire,neither_fire,n_material_tau0,material_fraction_tau0,material_fraction_tau002,material_fraction_tau005,mean_signed_delta_bal_acc,prediction_change_rate
pooled,all_environments,cluster_preserving_mean_shift_delta_0.020,adaptive,mean_shift,0.02,I_X,union,600,176,0.29333333333333333,98,0.16333333333333333,80,2,96,422,157,0.26166666666666666,0.03833333333333333,0.005,0.001024105935028098,0.2733333333333333
pooled,all_environments,cluster_preserving_mean_shift_delta_0.020,adaptive,mean_shift,0.02,I_X,family,600,111,0.185,37,0.06166666666666667,74,0,37,489,157,0.26166666666666666,0.03833333333333333,0.005,0.001024105935028098,0.2733333333333333
pooled,all_environments,cluster_preserving_mean_shift_delta_0.020,adaptive,mean_shift,0.02,I_XF,union,600,330,0.55,149,0.24833333333333332,188,7,142,263,157,0.26166666666666666,0.03833333333333333,0.005,0.001024105935028098,0.2733333333333333
pooled,all_environments,cluster_preserving_mean_shift_delta_0.020,adaptive,mean_shift,0.02,I_XF,family,600,179,0.29833333333333334,43,0.07166666666666667,141,5,38,416,157,0.26166666666666666,0.03833333333333333,0.005,0.001024105935028098,0.2733333333333333
pooled,all_environments,cluster_preserving_mean_shift_delta_0.050,adaptive,mean_shift,0.05,I_X,union,600,295,0.49166666666666664,98,0.16333333333333333,204,7,91,298,269,0.4483333333333333,0.09,0.015,0.0004862836958236542,0.4716666666666667
pooled,all_environments,cluster_preserving_mean_shift_delta_0.050,adaptive,mean_shift,0.05,I_X,family,600,235,0.39166666666666666,37,0.06166666666666667,198,0,37,365,269,0.4483333333333333,0.09,0.015,0.0004862836958236542,0.4716666666666667
pooled,all_environments,cluster_preserving_mean_shift_delta_0.050,adaptive,mean_shift,0.05,I_XF,union,600,432,0.72,149,0.24833333333333332,295,12,137,156,269,0.4483333333333333,0.09,0.015,0.0004862836958236542,0.4716666666666667
pooled,all_environments,cluster_preserving_mean_shift_delta_0.050,adaptive,mean_shift,0.05,I_XF,family,600,321,0.535,43,0.07166666666666667,281,3,40,276,269,0.4483333333333333,0.09,0.015,0.0004862836958236542,0.4716666666666667
pooled,all_environments,cluster_preserving_mean_shift_delta_0.100,adaptive,mean_shift,0.1,I_X,union,600,441,0.735,98,0.16333333333333333,348,5,93,154,356,0.5933333333333334,0.215,0.06,0.0029911618672668443,0.6066666666666667
pooled,all_environments,cluster_preserving_mean_shift_delta_0.100,adaptive,mean_shift,0.1,I_X,family,600,372,0.62,37,0.06166666666666667,335,0,37,228,356,0.5933333333333334,0.215,0.06,0.0029911618672668443,0.6066666666666667
pooled,all_environments,cluster_preserving_mean_shift_delta_0.100,adaptive,mean_shift,0.1,I_XF,union,600,518,0.8633333333333333,149,0.24833333333333332,374,5,144,77,356,0.5933333333333334,0.215,0.06,0.0029911618672668443,0.6066666666666667
pooled,all_environments,cluster_preserving_mean_shift_delta_0.100,adaptive,mean_shift,0.1,I_XF,family,600,434,0.7233333333333334,43,0.07166666666666667,392,1,42,165,356,0.5933333333333334,0.215,0.06,0.0029911618672668443,0.6066666666666667
pooled,all_environments,cluster_preserving_mean_shift_delta_0.250,adaptive,mean_shift,0.25,I_X,union,600,576,0.96,98,0.16333333333333333,478,0,98,24,414,0.69,0.38666666666666666,0.19666666666666666,0.011540515278411906,0.7016666666666667
pooled,all_environments,cluster_preserving_mean_shift_delta_0.250,adaptive,mean_shift,0.25,I_X,family,600,546,0.91,37,0.06166666666666667,509,0,37,54,414,0.69,0.38666666666666666,0.19666666666666666,0.011540515278411906,0.7016666666666667
pooled,all_environments,cluster_preserving_mean_shift_delta_0.250,adaptive,mean_shift,0.25,I_XF,union,600,590,0.9833333333333333,149,0.24833333333333332,441,0,149,10,414,0.69,0.38666666666666666,0.19666666666666666,0.011540515278411906,0.7016666666666667
pooled,all_environments,cluster_preserving_mean_shift_delta_0.250,adaptive,mean_shift,0.25,I_XF,family,600,567,0.945,43,0.07166666666666667,525,1,42,32,414,0.69,0.38666666666666666,0.19666666666666666,0.011540515278411906,0.7016666666666667
pooled,all_environments,cluster_preserving_mean_shift_delta_0.500,adaptive,mean_shift,0.5,I_X,union,600,598,0.9966666666666667,98,0.16333333333333333,500,0,98,2,475,0.7916666666666666,0.5083333333333333,0.34833333333333333,0.030540740016285876,0.81
pooled,all_environments,cluster_preserving_mean_shift_delta_0.500,adaptive,mean_shift,0.5,I_X,family,600,592,0.9866666666666667,37,0.06166666666666667,555,0,37,8,475,0.7916666666666666,0.5083333333333333,0.34833333333333333,0.030540740016285876,0.81
pooled,all_environments,cluster_preserving_mean_shift_delta_0.500,adaptive,mean_shift,0.5,I_XF,union,600,600,1.0,149,0.24833333333333332,451,0,149,0,475,0.7916666666666666,0.5083333333333333,0.34833333333333333,0.030540740016285876,0.81
pooled,all_environments,cluster_preserving_mean_shift_delta_0.500,adaptive,mean_shift,0.5,I_XF,family,600,594,0.99,43,0.07166666666666667,551,0,43,6,475,0.7916666666666666,0.5083333333333333,0.34833333333333333,0.030540740016285876,0.81
pooled,all_environments,cluster_preserving_scaling_alpha_0.020,adaptive,scaling_drift,0.02,I_X,union,600,265,0.44166666666666665,98,0.16333333333333333,170,3,95,332,250,0.4166666666666667,0.09833333333333333,0.015,0.0009304065595527328,0.44
pooled,all_environments,cluster_preserving_scaling_alpha_0.020,adaptive,scaling_drift,0.02,I_X,family,600,198,0.33,37,0.06166666666666667,162,1,36,401,250,0.4166666666666667,0.09833333333333333,0.015,0.0009304065595527328,0.44
pooled,all_environments,cluster_preserving_scaling_alpha_0.020,adaptive,scaling_drift,0.02,I_XF,union,600,386,0.6433333333333333,149,0.24833333333333332,241,4,145,210,250,0.4166666666666667,0.09833333333333333,0.015,0.0009304065595527328,0.44
pooled,all_environments,cluster_preserving_scaling_alpha_0.020,adaptive,scaling_drift,0.02,I_XF,family,600,293,0.48833333333333334,43,0.07166666666666667,251,1,42,306,250,0.4166666666666667,0.09833333333333333,0.015,0.0009304065595527328,0.44
pooled,all_environments,cluster_preserving_scaling_alpha_0.050,adaptive,scaling_drift,0.05,I_X,union,600,403,0.6716666666666666,98,0.16333333333333333,306,1,97,196,335,0.5583333333333333,0.24166666666666667,0.09833333333333333,0.002023037656893643,0.5766666666666667
pooled,all_environments,cluster_preserving_scaling_alpha_0.050,adaptive,scaling_drift,0.05,I_X,family,600,352,0.5866666666666667,37,0.06166666666666667,315,0,37,248,335,0.5583333333333333,0.24166666666666667,0.09833333333333333,0.002023037656893643,0.5766666666666667
pooled,all_environments,cluster_preserving_scaling_alpha_0.050,adaptive,scaling_drift,0.05,I_XF,union,600,482,0.8033333333333333,149,0.24833333333333332,334,1,148,117,335,0.5583333333333333,0.24166666666666667,0.09833333333333333,0.002023037656893643,0.5766666666666667
pooled,all_environments,cluster_preserving_scaling_alpha_0.050,adaptive,scaling_drift,0.05,I_XF,family,600,416,0.6933333333333334,43,0.07166666666666667,374,1,42,183,335,0.5583333333333333,0.24166666666666667,0.09833333333333333,0.002023037656893643,0.5766666666666667
pooled,all_environments,cluster_preserving_scaling_alpha_0.100,adaptive,scaling_drift,0.1,I_X,union,600,496,0.8266666666666667,98,0.16333333333333333,398,0,98,104,400,0.6666666666666666,0.35833333333333334,0.18666666666666668,0.006033216404946872,0.675
pooled,all_environments,cluster_preserving_scaling_alpha_0.100,adaptive,scaling_drift,0.1,I_X,family,600,450,0.75,37,0.06166666666666667,413,0,37,150,400,0.6666666666666666,0.35833333333333334,0.18666666666666668,0.006033216404946872,0.675
pooled,all_environments,cluster_preserving_scaling_alpha_0.100,adaptive,scaling_drift,0.1,I_XF,union,600,536,0.8933333333333333,149,0.24833333333333332,389,2,147,62,400,0.6666666666666666,0.35833333333333334,0.18666666666666668,0.006033216404946872,0.675
pooled,all_environments,cluster_preserving_scaling_alpha_0.100,adaptive,scaling_drift,0.1,I_XF,family,600,494,0.8233333333333334,43,0.07166666666666667,452,1,42,105,400,0.6666666666666666,0.35833333333333334,0.18666666666666668,0.006033216404946872,0.675
pooled,all_environments,cluster_preserving_scaling_alpha_0.250,adaptive,scaling_drift,0.25,I_X,union,600,534,0.89,98,0.16333333333333333,436,0,98,66,441,0.735,0.43,0.285,0.01956630083211435,0.765
pooled,all_environments,cluster_preserving_scaling_alpha_0.250,adaptive,scaling_drift,0.25,I_X,family,600,513,0.855,37,0.06166666666666667,476,0,37,87,441,0.735,0.43,0.285,0.01956630083211435,0.765
pooled,all_environments,cluster_preserving_scaling_alpha_0.250,adaptive,scaling_drift,0.25,I_XF,union,600,570,0.95,149,0.24833333333333332,421,0,149,30,441,0.735,0.43,0.285,0.01956630083211435,0.765
pooled,all_environments,cluster_preserving_scaling_alpha_0.250,adaptive,scaling_drift,0.25,I_XF,family,600,537,0.895,43,0.07166666666666667,494,0,43,63,441,0.735,0.43,0.285,0.01956630083211435,0.765
pooled,all_environments,cluster_preserving_scaling_alpha_0.500,adaptive,scaling_drift,0.5,I_X,union,600,568,0.9466666666666667,98,0.16333333333333333,470,0,98,32,515,0.8583333333333333,0.52,0.3516666666666667,0.035611970608704246,0.8783333333333333
pooled,all_environments,cluster_preserving_scaling_alpha_0.500,adaptive,scaling_drift,0.5,I_X,family,600,547,0.9116666666666666,37,0.06166666666666667,510,0,37,53,515,0.8583333333333333,0.52,0.3516666666666667,0.035611970608704246,0.8783333333333333
pooled,all_environments,cluster_preserving_scaling_alpha_0.500,adaptive,scaling_drift,0.5,I_XF,union,600,583,0.9716666666666667,149,0.24833333333333332,434,0,149,17,515,0.8583333333333333,0.52,0.3516666666666667,0.035611970608704246,0.8783333333333333
pooled,all_environments,cluster_preserving_scaling_alpha_0.500,adaptive,scaling_drift,0.5,I_XF,family,600,556,0.9266666666666666,43,0.07166666666666667,514,1,42,43,515,0.8583333333333333,0.52,0.3516666666666667,0.035611970608704246,0.8783333333333333
pooled,all_environments,mean_shift_pf_delta_0.020,control,mean_shift,0.02,I_X,union,600,600,1.0,98,0.16333333333333333,502,0,98,0,218,0.36333333333333334,0.095,0.04666666666666667,0.004218155671211959,0.38166666666666665
pooled,all_environments,mean_shift_pf_delta_0.020,control,mean_shift,0.02,I_X,family,600,600,1.0,37,0.06166666666666667,563,0,37,0,218,0.36333333333333334,0.095,0.04666666666666667,0.004218155671211959,0.38166666666666665
pooled,all_environments,mean_shift_pf_delta_0.020,control,mean_shift,0.02,I_XF,union,600,600,1.0,149,0.24833333333333332,451,0,149,0,218,0.36333333333333334,0.095,0.04666666666666667,0.004218155671211959,0.38166666666666665
pooled,all_environments,mean_shift_pf_delta_0.020,control,mean_shift,0.02,I_XF,family,600,596,0.9933333333333333,43,0.07166666666666667,553,0,43,4,218,0.36333333333333334,0.095,0.04666666666666667,0.004218155671211959,0.38166666666666665
pooled,all_environments,mean_shift_pf_delta_0.050,control,mean_shift,0.05,I_X,union,600,600,1.0,98,0.16333333333333333,502,0,98,0,305,0.5083333333333333,0.19833333333333333,0.11166666666666666,0.015348979904332918,0.5233333333333333
pooled,all_environments,mean_shift_pf_delta_0.050,control,mean_shift,0.05,I_X,family,600,600,1.0,37,0.06166666666666667,563,0,37,0,305,0.5083333333333333,0.19833333333333333,0.11166666666666666,0.015348979904332918,0.5233333333333333
pooled,all_environments,mean_shift_pf_delta_0.050,control,mean_shift,0.05,I_XF,union,600,600,1.0,149,0.24833333333333332,451,0,149,0,305,0.5083333333333333,0.19833333333333333,0.11166666666666666,0.015348979904332918,0.5233333333333333
pooled,all_environments,mean_shift_pf_delta_0.050,control,mean_shift,0.05,I_XF,family,600,600,1.0,43,0.07166666666666667,557,0,43,0,305,0.5083333333333333,0.19833333333333333,0.11166666666666666,0.015348979904332918,0.5233333333333333
pooled,all_environments,mean_shift_pf_delta_0.100,control,mean_shift,0.1,I_X,union,600,600,1.0,98,0.16333333333333333,502,0,98,0,373,0.6216666666666667,0.355,0.235,0.030788314558760237,0.6266666666666667
pooled,all_environments,mean_shift_pf_delta_0.100,control,mean_shift,0.1,I_X,family,600,600,1.0,37,0.06166666666666667,563,0,37,0,373,0.6216666666666667,0.355,0.235,0.030788314558760237,0.6266666666666667
pooled,all_environments,mean_shift_pf_delta_0.100,control,mean_shift,0.1,I_XF,union,600,600,1.0,149,0.24833333333333332,451,0,149,0,373,0.6216666666666667,0.355,0.235,0.030788314558760237,0.6266666666666667
pooled,all_environments,mean_shift_pf_delta_0.100,control,mean_shift,0.1,I_XF,family,600,600,1.0,43,0.07166666666666667,557,0,43,0,373,0.6216666666666667,0.355,0.235,0.030788314558760237,0.6266666666666667
pooled,all_environments,scaling_drift_alpha_0.020,control,scaling_drift,0.02,I_X,union,600,600,1.0,98,0.16333333333333333,502,0,98,0,307,0.5116666666666667,0.24166666666666667,0.13333333333333333,0.015925279517749403,0.5216666666666666
pooled,all_environments,scaling_drift_alpha_0.020,control,scaling_drift,0.02,I_X,family,600,600,1.0,37,0.06166666666666667,563,0,37,0,307,0.5116666666666667,0.24166666666666667,0.13333333333333333,0.015925279517749403,0.5216666666666666
pooled,all_environments,scaling_drift_alpha_0.020,control,scaling_drift,0.02,I_XF,union,600,600,1.0,149,0.24833333333333332,451,0,149,0,307,0.5116666666666667,0.24166666666666667,0.13333333333333333,0.015925279517749403,0.5216666666666666
pooled,all_environments,scaling_drift_alpha_0.020,control,scaling_drift,0.02,I_XF,family,600,598,0.9966666666666667,43,0.07166666666666667,555,0,43,2,307,0.5116666666666667,0.24166666666666667,0.13333333333333333,0.015925279517749403,0.5216666666666666
pooled,all_environments,scaling_drift_alpha_0.050,control,scaling_drift,0.05,I_X,union,600,600,1.0,98,0.16333333333333333,502,0,98,0,367,0.6116666666666667,0.4166666666666667,0.3016666666666667,0.04055098716812453,0.6216666666666667
pooled,all_environments,scaling_drift_alpha_0.050,control,scaling_drift,0.05,I_X,family,600,600,1.0,37,0.06166666666666667,563,0,37,0,367,0.6116666666666667,0.4166666666666667,0.3016666666666667,0.04055098716812453,0.6216666666666667
pooled,all_environments,scaling_drift_alpha_0.050,control,scaling_drift,0.05,I_XF,union,600,600,1.0,149,0.24833333333333332,451,0,149,0,367,0.6116666666666667,0.4166666666666667,0.3016666666666667,0.04055098716812453,0.6216666666666667
pooled,all_environments,scaling_drift_alpha_0.050,control,scaling_drift,0.05,I_XF,family,600,600,1.0,43,0.07166666666666667,557,0,43,0,367,0.6116666666666667,0.4166666666666667,0.3016666666666667,0.04055098716812453,0.6216666666666667
pooled,all_environments,scaling_drift_alpha_0.100,control,scaling_drift,0.1,I_X,union,600,600,1.0,98,0.16333333333333333,502,0,98,0,408,0.68,0.49,0.3983333333333333,0.07235337761735887,0.6916666666666667
pooled,all_environments,scaling_drift_alpha_0.100,control,scaling_drift,0.1,I_X,family,600,600,1.0,37,0.06166666666666667,563,0,37,0,408,0.68,0.49,0.3983333333333333,0.07235337761735887,0.6916666666666667
pooled,all_environments,scaling_drift_alpha_0.100,control,scaling_drift,0.1,I_XF,union,600,600,1.0,149,0.24833333333333332,451,0,149,0,408,0.68,0.49,0.3983333333333333,0.07235337761735887,0.6916666666666667
pooled,all_environments,scaling_drift_alpha_0.100,control,scaling_drift,0.1,I_XF,family,600,600,1.0,43,0.07166666666666667,557,0,43,0,408,0.68,0.49,0.3983333333333333,0.07235337761735887,0.6916666666666667
environment,gate2_id_256,cluster_preserving_mean_shift_delta_0.020,adaptive,mean_shift,0.02,I_X,union,60,24,0.4,13,0.21666666666666667,11,0,13,36,18,0.3,0.0,0.0,0.00057370046331971,0.31666666666666665
environment,gate2_id_256,cluster_preserving_mean_shift_delta_0.020,adaptive,mean_shift,0.02,I_X,family,60,22,0.36666666666666664,10,0.16666666666666666,12,0,10,38,18,0.3,0.0,0.0,0.00057370046331971,0.31666666666666665
environment,gate2_id_256,cluster_preserving_mean_shift_delta_0.020,adaptive,mean_shift,0.02,I_XF,union,60,35,0.5833333333333334,14,0.23333333333333334,21,0,14,25,18,0.3,0.0,0.0,0.00057370046331971,0.31666666666666665
environment,gate2_id_256,cluster_preserving_mean_shift_delta_0.020,adaptive,mean_shift,0.02,I_XF,family,60,26,0.43333333333333335,6,0.1,21,1,5,33,18,0.3,0.0,0.0,0.00057370046331971,0.31666666666666665
environment,gate2_id_256,cluster_preserving_mean_shift_delta_0.050,adaptive,mean_shift,0.05,I_X,union,60,48,0.8,13,0.21666666666666667,35,0,13,12,26,0.43333333333333335,0.05,0.0,0.0022964833330064017,0.4666666666666667
environment,gate2_id_256,cluster_preserving_mean_shift_delta_0.050,adaptive,mean_shift,0.05,I_X,family,60,48,0.8,10,0.16666666666666666,38,0,10,12,26,0.43333333333333335,0.05,0.0,0.0022964833330064017,0.4666666666666667
environment,gate2_id_256,cluster_preserving_mean_shift_delta_0.050,adaptive,mean_shift,0.05,I_XF,union,60,54,0.9,14,0.23333333333333334,40,0,14,6,26,0.43333333333333335,0.05,0.0,0.0022964833330064017,0.4666666666666667
environment,gate2_id_256,cluster_preserving_mean_shift_delta_0.050,adaptive,mean_shift,0.05,I_XF,family,60,53,0.8833333333333333,6,0.1,47,0,6,7,26,0.43333333333333335,0.05,0.0,0.0022964833330064017,0.4666666666666667
environment,gate2_id_256,cluster_preserving_mean_shift_delta_0.100,adaptive,mean_shift,0.1,I_X,union,60,60,1.0,13,0.21666666666666667,47,0,13,0,39,0.65,0.21666666666666667,0.03333333333333333,0.0074464571309594985,0.65
environment,gate2_id_256,cluster_preserving_mean_shift_delta_0.100,adaptive,mean_shift,0.1,I_X,family,60,60,1.0,10,0.16666666666666666,50,0,10,0,39,0.65,0.21666666666666667,0.03333333333333333,0.0074464571309594985,0.65
environment,gate2_id_256,cluster_preserving_mean_shift_delta_0.100,adaptive,mean_shift,0.1,I_XF,union,60,60,1.0,14,0.23333333333333334,46,0,14,0,39,0.65,0.21666666666666667,0.03333333333333333,0.0074464571309594985,0.65
environment,gate2_id_256,cluster_preserving_mean_shift_delta_0.100,adaptive,mean_shift,0.1,I_XF,family,60,60,1.0,6,0.1,54,0,6,0,39,0.65,0.21666666666666667,0.03333333333333333,0.0074464571309594985,0.65
environment,gate2_id_256,cluster_preserving_mean_shift_delta_0.250,adaptive,mean_shift,0.25,I_X,union,60,60,1.0,13,0.21666666666666667,47,0,13,0,38,0.6333333333333333,0.5,0.35,0.03563843777805615,0.65
environment,gate2_id_256,cluster_preserving_mean_shift_delta_0.250,adaptive,mean_shift,0.25,I_X,family,60,60,1.0,10,0.16666666666666666,50,0,10,0,38,0.6333333333333333,0.5,0.35,0.03563843777805615,0.65
environment,gate2_id_256,cluster_preserving_mean_shift_delta_0.250,adaptive,mean_shift,0.25,I_XF,union,60,60,1.0,14,0.23333333333333334,46,0,14,0,38,0.6333333333333333,0.5,0.35,0.03563843777805615,0.65
environment,gate2_id_256,cluster_preserving_mean_shift_delta_0.250,adaptive,mean_shift,0.25,I_XF,family,60,60,1.0,6,0.1,54,0,6,0,38,0.6333333333333333,0.5,0.35,0.03563843777805615,0.65
environment,gate2_id_256,cluster_preserving_mean_shift_delta_0.500,adaptive,mean_shift,0.5,I_X,union,60,60,1.0,13,0.21666666666666667,47,0,13,0,57,0.95,0.5833333333333334,0.43333333333333335,0.051632444583288487,0.9666666666666667
environment,gate2_id_256,cluster_preserving_mean_shift_delta_0.500,adaptive,mean_shift,0.5,I_X,family,60,60,1.0,10,0.16666666666666666,50,0,10,0,57,0.95,0.5833333333333334,0.43333333333333335,0.051632444583288487,0.9666666666666667
environment,gate2_id_256,cluster_preserving_mean_shift_delta_0.500,adaptive,mean_shift,0.5,I_XF,union,60,60,1.0,14,0.23333333333333334,46,0,14,0,57,0.95,0.5833333333333334,0.43333333333333335,0.051632444583288487,0.9666666666666667
environment,gate2_id_256,cluster_preserving_mean_shift_delta_0.500,adaptive,mean_shift,0.5,I_XF,family,60,60,1.0,6,0.1,54,0,6,0,57,0.95,0.5833333333333334,0.43333333333333335,0.051632444583288487,0.9666666666666667
environment,gate2_id_256,cluster_preserving_scaling_alpha_0.020,adaptive,scaling_drift,0.02,I_X,union,60,44,0.7333333333333333,13,0.21666666666666667,32,1,12,15,30,0.5,0.13333333333333333,0.016666666666666666,0.00499922033132506,0.5
environment,gate2_id_256,cluster_preserving_scaling_alpha_0.020,adaptive,scaling_drift,0.02,I_X,family,60,42,0.7,10,0.16666666666666666,32,0,10,18,30,0.5,0.13333333333333333,0.016666666666666666,0.00499922033132506,0.5
environment,gate2_id_256,cluster_preserving_scaling_alpha_0.020,adaptive,scaling_drift,0.02,I_XF,union,60,45,0.75,14,0.23333333333333334,32,1,13,14,30,0.5,0.13333333333333333,0.016666666666666666,0.00499922033132506,0.5
environment,gate2_id_256,cluster_preserving_scaling_alpha_0.020,adaptive,scaling_drift,0.02,I_XF,family,60,41,0.6833333333333333,6,0.1,35,0,6,19,30,0.5,0.13333333333333333,0.016666666666666666,0.00499922033132506,0.5
environment,gate2_id_256,cluster_preserving_scaling_alpha_0.050,adaptive,scaling_drift,0.05,I_X,union,60,60,1.0,13,0.21666666666666667,47,0,13,0,40,0.6666666666666666,0.4166666666666667,0.21666666666666667,0.02458497309329676,0.6666666666666666
environment,gate2_id_256,cluster_preserving_scaling_alpha_0.050,adaptive,scaling_drift,0.05,I_X,family,60,60,1.0,10,0.16666666666666666,50,0,10,0,40,0.6666666666666666,0.4166666666666667,0.21666666666666667,0.02458497309329676,0.6666666666666666
environment,gate2_id_256,cluster_preserving_scaling_alpha_0.050,adaptive,scaling_drift,0.05,I_XF,union,60,60,1.0,14,0.23333333333333334,46,0,14,0,40,0.6666666666666666,0.4166666666666667,0.21666666666666667,0.02458497309329676,0.6666666666666666
environment,gate2_id_256,cluster_preserving_scaling_alpha_0.050,adaptive,scaling_drift,0.05,I_XF,family,60,60,1.0,6,0.1,54,0,6,0,40,0.6666666666666666,0.4166666666666667,0.21666666666666667,0.02458497309329676,0.6666666666666666
environment,gate2_id_256,cluster_preserving_scaling_alpha_0.100,adaptive,scaling_drift,0.1,I_X,union,60,60,1.0,13,0.21666666666666667,47,0,13,0,46,0.7666666666666667,0.5,0.38333333333333336,0.03705674382550656,0.7666666666666667
environment,gate2_id_256,cluster_preserving_scaling_alpha_0.100,adaptive,scaling_drift,0.1,I_X,family,60,60,1.0,10,0.16666666666666666,50,0,10,0,46,0.7666666666666667,0.5,0.38333333333333336,0.03705674382550656,0.7666666666666667
environment,gate2_id_256,cluster_preserving_scaling_alpha_0.100,adaptive,scaling_drift,0.1,I_XF,union,60,60,1.0,14,0.23333333333333334,46,0,14,0,46,0.7666666666666667,0.5,0.38333333333333336,0.03705674382550656,0.7666666666666667
environment,gate2_id_256,cluster_preserving_scaling_alpha_0.100,adaptive,scaling_drift,0.1,I_XF,family,60,60,1.0,6,0.1,54,0,6,0,46,0.7666666666666667,0.5,0.38333333333333336,0.03705674382550656,0.7666666666666667
environment,gate2_id_256,cluster_preserving_scaling_alpha_0.250,adaptive,scaling_drift,0.25,I_X,union,60,60,1.0,13,0.21666666666666667,47,0,13,0,53,0.8833333333333333,0.5,0.43333333333333335,0.042498546583987044,0.8833333333333333
environment,gate2_id_256,cluster_preserving_scaling_alpha_0.250,adaptive,scaling_drift,0.25,I_X,family,60,60,1.0,10,0.16666666666666666,50,0,10,0,53,0.8833333333333333,0.5,0.43333333333333335,0.042498546583987044,0.8833333333333333
environment,gate2_id_256,cluster_preserving_scaling_alpha_0.250,adaptive,scaling_drift,0.25,I_XF,union,60,60,1.0,14,0.23333333333333334,46,0,14,0,53,0.8833333333333333,0.5,0.43333333333333335,0.042498546583987044,0.8833333333333333
environment,gate2_id_256,cluster_preserving_scaling_alpha_0.250,adaptive,scaling_drift,0.25,I_XF,family,60,60,1.0,6,0.1,54,0,6,0,53,0.8833333333333333,0.5,0.43333333333333335,0.042498546583987044,0.8833333333333333
environment,gate2_id_256,cluster_preserving_scaling_alpha_0.500,adaptive,scaling_drift,0.5,I_X,union,60,60,1.0,13,0.21666666666666667,47,0,13,0,55,0.9166666666666666,0.5,0.45,0.0469909459580504,0.9666666666666667
environment,gate2_id_256,cluster_preserving_scaling_alpha_0.500,adaptive,scaling_drift,0.5,I_X,family,60,60,1.0,10,0.16666666666666666,50,0,10,0,55,0.9166666666666666,0.5,0.45,0.0469909459580504,0.9666666666666667
environment,gate2_id_256,cluster_preserving_scaling_alpha_0.500,adaptive,scaling_drift,0.5,I_XF,union,60,60,1.0,14,0.23333333333333334,46,0,14,0,55,0.9166666666666666,0.5,0.45,0.0469909459580504,0.9666666666666667
environment,gate2_id_256,cluster_preserving_scaling_alpha_0.500,adaptive,scaling_drift,0.5,I_XF,family,60,60,1.0,6,0.1,54,0,6,0,55,0.9166666666666666,0.5,0.45,0.0469909459580504,0.9666666666666667
environment,gate2_id_256,mean_shift_pf_delta_0.020,control,mean_shift,0.02,I_X,union,60,60,1.0,13,0.21666666666666667,47,0,13,0,25,0.4166666666666667,0.0,0.0,0.0007682173394247316,0.43333333333333335
environment,gate2_id_256,mean_shift_pf_delta_0.020,control,mean_shift,0.02,I_X,family,60,60,1.0,10,0.16666666666666666,50,0,10,0,25,0.4166666666666667,0.0,0.0,0.0007682173394247316,0.43333333333333335
environment,gate2_id_256,mean_shift_pf_delta_0.020,control,mean_shift,0.02,I_XF,union,60,60,1.0,14,0.23333333333333334,46,0,14,0,25,0.4166666666666667,0.0,0.0,0.0007682173394247316,0.43333333333333335
environment,gate2_id_256,mean_shift_pf_delta_0.020,control,mean_shift,0.02,I_XF,family,60,60,1.0,6,0.1,54,0,6,0,25,0.4166666666666667,0.0,0.0,0.0007682173394247316,0.43333333333333335
environment,gate2_id_256,mean_shift_pf_delta_0.050,control,mean_shift,0.05,I_X,union,60,60,1.0,13,0.21666666666666667,47,0,13,0,28,0.4666666666666667,0.08333333333333333,0.08333333333333333,0.014606947116129339,0.48333333333333334
environment,gate2_id_256,mean_shift_pf_delta_0.050,control,mean_shift,0.05,I_X,family,60,60,1.0,10,0.16666666666666666,50,0,10,0,28,0.4666666666666667,0.08333333333333333,0.08333333333333333,0.014606947116129339,0.48333333333333334
environment,gate2_id_256,mean_shift_pf_delta_0.050,control,mean_shift,0.05,I_XF,union,60,60,1.0,14,0.23333333333333334,46,0,14,0,28,0.4666666666666667,0.08333333333333333,0.08333333333333333,0.014606947116129339,0.48333333333333334
environment,gate2_id_256,mean_shift_pf_delta_0.050,control,mean_shift,0.05,I_XF,family,60,60,1.0,6,0.1,54,0,6,0,28,0.4666666666666667,0.08333333333333333,0.08333333333333333,0.014606947116129339,0.48333333333333334
environment,gate2_id_256,mean_shift_pf_delta_0.100,control,mean_shift,0.1,I_X,union,60,60,1.0,13,0.21666666666666667,47,0,13,0,37,0.6166666666666667,0.31666666666666665,0.23333333333333334,0.03724276694755688,0.6333333333333333
environment,gate2_id_256,mean_shift_pf_delta_0.100,control,mean_shift,0.1,I_X,family,60,60,1.0,10,0.16666666666666666,50,0,10,0,37,0.6166666666666667,0.31666666666666665,0.23333333333333334,0.03724276694755688,0.6333333333333333
environment,gate2_id_256,mean_shift_pf_delta_0.100,control,mean_shift,0.1,I_XF,union,60,60,1.0,14,0.23333333333333334,46,0,14,0,37,0.6166666666666667,0.31666666666666665,0.23333333333333334,0.03724276694755688,0.6333333333333333
environment,gate2_id_256,mean_shift_pf_delta_0.100,control,mean_shift,0.1,I_XF,family,60,60,1.0,6,0.1,54,0,6,0,37,0.6166666666666667,0.31666666666666665,0.23333333333333334,0.03724276694755688,0.6333333333333333
environment,gate2_id_256,scaling_drift_alpha_0.020,control,scaling_drift,0.02,I_X,union,60,60,1.0,13,0.21666666666666667,47,0,13,0,29,0.48333333333333334,0.15,0.1,0.02155130714632447,0.5
environment,gate2_id_256,scaling_drift_alpha_0.020,control,scaling_drift,0.02,I_X,family,60,60,1.0,10,0.16666666666666666,50,0,10,0,29,0.48333333333333334,0.15,0.1,0.02155130714632447,0.5
environment,gate2_id_256,scaling_drift_alpha_0.020,control,scaling_drift,0.02,I_XF,union,60,60,1.0,14,0.23333333333333334,46,0,14,0,29,0.48333333333333334,0.15,0.1,0.02155130714632447,0.5
environment,gate2_id_256,scaling_drift_alpha_0.020,control,scaling_drift,0.02,I_XF,family,60,60,1.0,6,0.1,54,0,6,0,29,0.48333333333333334,0.15,0.1,0.02155130714632447,0.5
environment,gate2_id_256,scaling_drift_alpha_0.050,control,scaling_drift,0.05,I_X,union,60,60,1.0,13,0.21666666666666667,47,0,13,0,39,0.65,0.45,0.38333333333333336,0.08856941069664197,0.6666666666666666
environment,gate2_id_256,scaling_drift_alpha_0.050,control,scaling_drift,0.05,I_X,family,60,60,1.0,10,0.16666666666666666,50,0,10,0,39,0.65,0.45,0.38333333333333336,0.08856941069664197,0.6666666666666666
environment,gate2_id_256,scaling_drift_alpha_0.050,control,scaling_drift,0.05,I_XF,union,60,60,1.0,14,0.23333333333333334,46,0,14,0,39,0.65,0.45,0.38333333333333336,0.08856941069664197,0.6666666666666666
environment,gate2_id_256,scaling_drift_alpha_0.050,control,scaling_drift,0.05,I_XF,family,60,60,1.0,6,0.1,54,0,6,0,39,0.65,0.45,0.38333333333333336,0.08856941069664197,0.6666666666666666
environment,gate2_id_256,scaling_drift_alpha_0.100,control,scaling_drift,0.1,I_X,union,60,60,1.0,13,0.21666666666666667,47,0,13,0,46,0.7666666666666667,0.5,0.5,0.12308712770975062,0.7666666666666667
environment,gate2_id_256,scaling_drift_alpha_0.100,control,scaling_drift,0.1,I_X,family,60,60,1.0,10,0.16666666666666666,50,0,10,0,46,0.7666666666666667,0.5,0.5,0.12308712770975062,0.7666666666666667
environment,gate2_id_256,scaling_drift_alpha_0.100,control,scaling_drift,0.1,I_XF,union,60,60,1.0,14,0.23333333333333334,46,0,14,0,46,0.7666666666666667,0.5,0.5,0.12308712770975062,0.7666666666666667
environment,gate2_id_256,scaling_drift_alpha_0.100,control,scaling_drift,0.1,I_XF,family,60,60,1.0,6,0.1,54,0,6,0,46,0.7666666666666667,0.5,0.5,0.12308712770975062,0.7666666666666667
environment,gate3a_ood_tue_wed,cluster_preserving_mean_shift_delta_0.020,adaptive,mean_shift,0.02,I_X,union,60,12,0.2,12,0.2,0,0,12,48,15,0.25,0.06666666666666667,0.0,8.394221666218504e-05,0.26666666666666666
environment,gate3a_ood_tue_wed,cluster_preserving_mean_shift_delta_0.020,adaptive,mean_shift,0.02,I_X,family,60,6,0.1,2,0.03333333333333333,4,0,2,54,15,0.25,0.06666666666666667,0.0,8.394221666218504e-05,0.26666666666666666
environment,gate3a_ood_tue_wed,cluster_preserving_mean_shift_delta_0.020,adaptive,mean_shift,0.02,I_XF,union,60,18,0.3,17,0.2833333333333333,2,1,16,41,15,0.25,0.06666666666666667,0.0,8.394221666218504e-05,0.26666666666666666
environment,gate3a_ood_tue_wed,cluster_preserving_mean_shift_delta_0.020,adaptive,mean_shift,0.02,I_XF,family,60,2,0.03333333333333333,2,0.03333333333333333,1,1,1,57,15,0.25,0.06666666666666667,0.0,8.394221666218504e-05,0.26666666666666666
environment,gate3a_ood_tue_wed,cluster_preserving_mean_shift_delta_0.050,adaptive,mean_shift,0.05,I_X,union,60,13,0.21666666666666667,12,0.2,3,2,10,45,19,0.31666666666666665,0.016666666666666666,0.0,-0.000804737419810715,0.31666666666666665
environment,gate3a_ood_tue_wed,cluster_preserving_mean_shift_delta_0.050,adaptive,mean_shift,0.05,I_X,family,60,6,0.1,2,0.03333333333333333,4,0,2,54,19,0.31666666666666665,0.016666666666666666,0.0,-0.000804737419810715,0.31666666666666665
environment,gate3a_ood_tue_wed,cluster_preserving_mean_shift_delta_0.050,adaptive,mean_shift,0.05,I_XF,union,60,19,0.31666666666666665,17,0.2833333333333333,4,2,15,39,19,0.31666666666666665,0.016666666666666666,0.0,-0.000804737419810715,0.31666666666666665
environment,gate3a_ood_tue_wed,cluster_preserving_mean_shift_delta_0.050,adaptive,mean_shift,0.05,I_XF,family,60,2,0.03333333333333333,2,0.03333333333333333,1,1,1,57,19,0.31666666666666665,0.016666666666666666,0.0,-0.000804737419810715,0.31666666666666665
environment,gate3a_ood_tue_wed,cluster_preserving_mean_shift_delta_0.100,adaptive,mean_shift,0.1,I_X,union,60,19,0.31666666666666665,12,0.2,7,0,12,41,29,0.48333333333333334,0.13333333333333333,0.0,-0.0014413916600455748,0.48333333333333334
environment,gate3a_ood_tue_wed,cluster_preserving_mean_shift_delta_0.100,adaptive,mean_shift,0.1,I_X,family,60,16,0.26666666666666666,2,0.03333333333333333,14,0,2,44,29,0.48333333333333334,0.13333333333333333,0.0,-0.0014413916600455748,0.48333333333333334
environment,gate3a_ood_tue_wed,cluster_preserving_mean_shift_delta_0.100,adaptive,mean_shift,0.1,I_XF,union,60,27,0.45,17,0.2833333333333333,10,0,17,33,29,0.48333333333333334,0.13333333333333333,0.0,-0.0014413916600455748,0.48333333333333334
environment,gate3a_ood_tue_wed,cluster_preserving_mean_shift_delta_0.100,adaptive,mean_shift,0.1,I_XF,family,60,15,0.25,2,0.03333333333333333,14,1,1,44,29,0.48333333333333334,0.13333333333333333,0.0,-0.0014413916600455748,0.48333333333333334
environment,gate3a_ood_tue_wed,cluster_preserving_mean_shift_delta_0.250,adaptive,mean_shift,0.25,I_X,union,60,51,0.85,12,0.2,39,0,12,9,40,0.6666666666666666,0.2,0.03333333333333333,-0.0077333272950902325,0.7166666666666667
environment,gate3a_ood_tue_wed,cluster_preserving_mean_shift_delta_0.250,adaptive,mean_shift,0.25,I_X,family,60,47,0.7833333333333333,2,0.03333333333333333,45,0,2,13,40,0.6666666666666666,0.2,0.03333333333333333,-0.0077333272950902325,0.7166666666666667
environment,gate3a_ood_tue_wed,cluster_preserving_mean_shift_delta_0.250,adaptive,mean_shift,0.25,I_XF,union,60,54,0.9,17,0.2833333333333333,37,0,17,6,40,0.6666666666666666,0.2,0.03333333333333333,-0.0077333272950902325,0.7166666666666667
environment,gate3a_ood_tue_wed,cluster_preserving_mean_shift_delta_0.250,adaptive,mean_shift,0.25,I_XF,family,60,45,0.75,2,0.03333333333333333,44,1,1,14,40,0.6666666666666666,0.2,0.03333333333333333,-0.0077333272950902325,0.7166666666666667
environment,gate3a_ood_tue_wed,cluster_preserving_mean_shift_delta_0.500,adaptive,mean_shift,0.5,I_X,union,60,59,0.9833333333333333,12,0.2,47,0,12,1,38,0.6333333333333333,0.2,0.05,0.0027971023278902316,0.7333333333333333
environment,gate3a_ood_tue_wed,cluster_preserving_mean_shift_delta_0.500,adaptive,mean_shift,0.5,I_X,family,60,57,0.95,2,0.03333333333333333,55,0,2,3,38,0.6333333333333333,0.2,0.05,0.0027971023278902316,0.7333333333333333
environment,gate3a_ood_tue_wed,cluster_preserving_mean_shift_delta_0.500,adaptive,mean_shift,0.5,I_XF,union,60,60,1.0,17,0.2833333333333333,43,0,17,0,38,0.6333333333333333,0.2,0.05,0.0027971023278902316,0.7333333333333333
environment,gate3a_ood_tue_wed,cluster_preserving_mean_shift_delta_0.500,adaptive,mean_shift,0.5,I_XF,family,60,57,0.95,2,0.03333333333333333,55,0,2,3,38,0.6333333333333333,0.2,0.05,0.0027971023278902316,0.7333333333333333
environment,gate3a_ood_tue_wed,cluster_preserving_scaling_alpha_0.020,adaptive,scaling_drift,0.02,I_X,union,60,38,0.6333333333333333,12,0.2,26,0,12,22,9,0.15,0.016666666666666666,0.0,-0.0006362193219264267,0.15
environment,gate3a_ood_tue_wed,cluster_preserving_scaling_alpha_0.020,adaptive,scaling_drift,0.02,I_X,family,60,29,0.48333333333333334,2,0.03333333333333333,27,0,2,31,9,0.15,0.016666666666666666,0.0,-0.0006362193219264267,0.15
environment,gate3a_ood_tue_wed,cluster_preserving_scaling_alpha_0.020,adaptive,scaling_drift,0.02,I_XF,union,60,40,0.6666666666666666,17,0.2833333333333333,24,1,16,19,9,0.15,0.016666666666666666,0.0,-0.0006362193219264267,0.15
environment,gate3a_ood_tue_wed,cluster_preserving_scaling_alpha_0.020,adaptive,scaling_drift,0.02,I_XF,family,60,25,0.4166666666666667,2,0.03333333333333333,24,1,1,34,9,0.15,0.016666666666666666,0.0,-0.0006362193219264267,0.15
environment,gate3a_ood_tue_wed,cluster_preserving_scaling_alpha_0.050,adaptive,scaling_drift,0.05,I_X,union,60,60,1.0,12,0.2,48,0,12,0,9,0.15,0.016666666666666666,0.0,-0.00025505134998023496,0.18333333333333332
environment,gate3a_ood_tue_wed,cluster_preserving_scaling_alpha_0.050,adaptive,scaling_drift,0.05,I_X,family,60,60,1.0,2,0.03333333333333333,58,0,2,0,9,0.15,0.016666666666666666,0.0,-0.00025505134998023496,0.18333333333333332
environment,gate3a_ood_tue_wed,cluster_preserving_scaling_alpha_0.050,adaptive,scaling_drift,0.05,I_XF,union,60,60,1.0,17,0.2833333333333333,43,0,17,0,9,0.15,0.016666666666666666,0.0,-0.00025505134998023496,0.18333333333333332
environment,gate3a_ood_tue_wed,cluster_preserving_scaling_alpha_0.050,adaptive,scaling_drift,0.05,I_XF,family,60,60,1.0,2,0.03333333333333333,58,0,2,0,9,0.15,0.016666666666666666,0.0,-0.00025505134998023496,0.18333333333333332
environment,gate3a_ood_tue_wed,cluster_preserving_scaling_alpha_0.100,adaptive,scaling_drift,0.1,I_X,union,60,60,1.0,12,0.2,48,0,12,0,29,0.48333333333333334,0.0,0.0,0.0012453872599490848,0.5166666666666667
environment,gate3a_ood_tue_wed,cluster_preserving_scaling_alpha_0.100,adaptive,scaling_drift,0.1,I_X,family,60,60,1.0,2,0.03333333333333333,58,0,2,0,29,0.48333333333333334,0.0,0.0,0.0012453872599490848,0.5166666666666667
environment,gate3a_ood_tue_wed,cluster_preserving_scaling_alpha_0.100,adaptive,scaling_drift,0.1,I_XF,union,60,60,1.0,17,0.2833333333333333,43,0,17,0,29,0.48333333333333334,0.0,0.0,0.0012453872599490848,0.5166666666666667
environment,gate3a_ood_tue_wed,cluster_preserving_scaling_alpha_0.100,adaptive,scaling_drift,0.1,I_XF,family,60,60,1.0,2,0.03333333333333333,58,0,2,0,29,0.48333333333333334,0.0,0.0,0.0012453872599490848,0.5166666666666667
environment,gate3a_ood_tue_wed,cluster_preserving_scaling_alpha_0.250,adaptive,scaling_drift,0.25,I_X,union,60,60,1.0,12,0.2,48,0,12,0,30,0.5,0.0,0.0,-1.3277157883056663e-05,0.6
environment,gate3a_ood_tue_wed,cluster_preserving_scaling_alpha_0.250,adaptive,scaling_drift,0.25,I_X,family,60,60,1.0,2,0.03333333333333333,58,0,2,0,30,0.5,0.0,0.0,-1.3277157883056663e-05,0.6
environment,gate3a_ood_tue_wed,cluster_preserving_scaling_alpha_0.250,adaptive,scaling_drift,0.25,I_XF,union,60,60,1.0,17,0.2833333333333333,43,0,17,0,30,0.5,0.0,0.0,-1.3277157883056663e-05,0.6
environment,gate3a_ood_tue_wed,cluster_preserving_scaling_alpha_0.250,adaptive,scaling_drift,0.25,I_XF,family,60,60,1.0,2,0.03333333333333333,58,0,2,0,30,0.5,0.0,0.0,-1.3277157883056663e-05,0.6
environment,gate3a_ood_tue_wed,cluster_preserving_scaling_alpha_0.500,adaptive,scaling_drift,0.5,I_X,union,60,60,1.0,12,0.2,48,0,12,0,42,0.7,0.1,0.016666666666666666,0.002385319272847025,0.7833333333333333
environment,gate3a_ood_tue_wed,cluster_preserving_scaling_alpha_0.500,adaptive,scaling_drift,0.5,I_X,family,60,60,1.0,2,0.03333333333333333,58,0,2,0,42,0.7,0.1,0.016666666666666666,0.002385319272847025,0.7833333333333333
environment,gate3a_ood_tue_wed,cluster_preserving_scaling_alpha_0.500,adaptive,scaling_drift,0.5,I_XF,union,60,60,1.0,17,0.2833333333333333,43,0,17,0,42,0.7,0.1,0.016666666666666666,0.002385319272847025,0.7833333333333333
environment,gate3a_ood_tue_wed,cluster_preserving_scaling_alpha_0.500,adaptive,scaling_drift,0.5,I_XF,family,60,60,1.0,2,0.03333333333333333,58,0,2,0,42,0.7,0.1,0.016666666666666666,0.002385319272847025,0.7833333333333333
environment,gate3a_ood_tue_wed,mean_shift_pf_delta_0.020,control,mean_shift,0.02,I_X,union,60,60,1.0,12,0.2,48,0,12,0,16,0.26666666666666666,0.05,0.016666666666666666,0.0003475789226796185,0.2833333333333333
environment,gate3a_ood_tue_wed,mean_shift_pf_delta_0.020,control,mean_shift,0.02,I_X,family,60,60,1.0,2,0.03333333333333333,58,0,2,0,16,0.26666666666666666,0.05,0.016666666666666666,0.0003475789226796185,0.2833333333333333
environment,gate3a_ood_tue_wed,mean_shift_pf_delta_0.020,control,mean_shift,0.02,I_XF,union,60,60,1.0,17,0.2833333333333333,43,0,17,0,16,0.26666666666666666,0.05,0.016666666666666666,0.0003475789226796185,0.2833333333333333
environment,gate3a_ood_tue_wed,mean_shift_pf_delta_0.020,control,mean_shift,0.02,I_XF,family,60,60,1.0,2,0.03333333333333333,58,0,2,0,16,0.26666666666666666,0.05,0.016666666666666666,0.0003475789226796185,0.2833333333333333
environment,gate3a_ood_tue_wed,mean_shift_pf_delta_0.050,control,mean_shift,0.05,I_X,union,60,60,1.0,12,0.2,48,0,12,0,20,0.3333333333333333,0.23333333333333334,0.06666666666666667,-0.0030235408774871454,0.3333333333333333
environment,gate3a_ood_tue_wed,mean_shift_pf_delta_0.050,control,mean_shift,0.05,I_X,family,60,60,1.0,2,0.03333333333333333,58,0,2,0,20,0.3333333333333333,0.23333333333333334,0.06666666666666667,-0.0030235408774871454,0.3333333333333333
environment,gate3a_ood_tue_wed,mean_shift_pf_delta_0.050,control,mean_shift,0.05,I_XF,union,60,60,1.0,17,0.2833333333333333,43,0,17,0,20,0.3333333333333333,0.23333333333333334,0.06666666666666667,-0.0030235408774871454,0.3333333333333333
environment,gate3a_ood_tue_wed,mean_shift_pf_delta_0.050,control,mean_shift,0.05,I_XF,family,60,60,1.0,2,0.03333333333333333,58,0,2,0,20,0.3333333333333333,0.23333333333333334,0.06666666666666667,-0.0030235408774871454,0.3333333333333333
environment,gate3a_ood_tue_wed,mean_shift_pf_delta_0.100,control,mean_shift,0.1,I_X,union,60,60,1.0,12,0.2,48,0,12,0,29,0.48333333333333334,0.23333333333333334,0.05,-0.003197484289704596,0.48333333333333334
environment,gate3a_ood_tue_wed,mean_shift_pf_delta_0.100,control,mean_shift,0.1,I_X,family,60,60,1.0,2,0.03333333333333333,58,0,2,0,29,0.48333333333333334,0.23333333333333334,0.05,-0.003197484289704596,0.48333333333333334
environment,gate3a_ood_tue_wed,mean_shift_pf_delta_0.100,control,mean_shift,0.1,I_XF,union,60,60,1.0,17,0.2833333333333333,43,0,17,0,29,0.48333333333333334,0.23333333333333334,0.05,-0.003197484289704596,0.48333333333333334
environment,gate3a_ood_tue_wed,mean_shift_pf_delta_0.100,control,mean_shift,0.1,I_XF,family,60,60,1.0,2,0.03333333333333333,58,0,2,0,29,0.48333333333333334,0.23333333333333334,0.05,-0.003197484289704596,0.48333333333333334
environment,gate3a_ood_tue_wed,scaling_drift_alpha_0.020,control,scaling_drift,0.02,I_X,union,60,60,1.0,12,0.2,48,0,12,0,26,0.43333333333333335,0.25,0.06666666666666667,-0.0017038247435275287,0.43333333333333335
environment,gate3a_ood_tue_wed,scaling_drift_alpha_0.020,control,scaling_drift,0.02,I_X,family,60,60,1.0,2,0.03333333333333333,58,0,2,0,26,0.43333333333333335,0.25,0.06666666666666667,-0.0017038247435275287,0.43333333333333335
environment,gate3a_ood_tue_wed,scaling_drift_alpha_0.020,control,scaling_drift,0.02,I_XF,union,60,60,1.0,17,0.2833333333333333,43,0,17,0,26,0.43333333333333335,0.25,0.06666666666666667,-0.0017038247435275287,0.43333333333333335
environment,gate3a_ood_tue_wed,scaling_drift_alpha_0.020,control,scaling_drift,0.02,I_XF,family,60,60,1.0,2,0.03333333333333333,58,0,2,0,26,0.43333333333333335,0.25,0.06666666666666667,-0.0017038247435275287,0.43333333333333335
environment,gate3a_ood_tue_wed,scaling_drift_alpha_0.050,control,scaling_drift,0.05,I_X,union,60,60,1.0,12,0.2,48,0,12,0,30,0.5,0.21666666666666667,0.05,-0.004130350430314233,0.5166666666666667
environment,gate3a_ood_tue_wed,scaling_drift_alpha_0.050,control,scaling_drift,0.05,I_X,family,60,60,1.0,2,0.03333333333333333,58,0,2,0,30,0.5,0.21666666666666667,0.05,-0.004130350430314233,0.5166666666666667
environment,gate3a_ood_tue_wed,scaling_drift_alpha_0.050,control,scaling_drift,0.05,I_XF,union,60,60,1.0,17,0.2833333333333333,43,0,17,0,30,0.5,0.21666666666666667,0.05,-0.004130350430314233,0.5166666666666667
environment,gate3a_ood_tue_wed,scaling_drift_alpha_0.050,control,scaling_drift,0.05,I_XF,family,60,60,1.0,2,0.03333333333333333,58,0,2,0,30,0.5,0.21666666666666667,0.05,-0.004130350430314233,0.5166666666666667
environment,gate3a_ood_tue_wed,scaling_drift_alpha_0.100,control,scaling_drift,0.1,I_X,union,60,60,1.0,12,0.2,48,0,12,0,33,0.55,0.23333333333333334,0.03333333333333333,-0.004719295379579987,0.6
environment,gate3a_ood_tue_wed,scaling_drift_alpha_0.100,control,scaling_drift,0.1,I_X,family,60,60,1.0,2,0.03333333333333333,58,0,2,0,33,0.55,0.23333333333333334,0.03333333333333333,-0.004719295379579987,0.6
environment,gate3a_ood_tue_wed,scaling_drift_alpha_0.100,control,scaling_drift,0.1,I_XF,union,60,60,1.0,17,0.2833333333333333,43,0,17,0,33,0.55,0.23333333333333334,0.03333333333333333,-0.004719295379579987,0.6
environment,gate3a_ood_tue_wed,scaling_drift_alpha_0.100,control,scaling_drift,0.1,I_XF,family,60,60,1.0,2,0.03333333333333333,58,0,2,0,33,0.55,0.23333333333333334,0.03333333333333333,-0.004719295379579987,0.6
environment,gate3b_ood_tue_fri_portscan,cluster_preserving_mean_shift_delta_0.020,adaptive,mean_shift,0.02,I_X,union,60,19,0.31666666666666665,11,0.18333333333333332,8,0,11,41,13,0.21666666666666667,0.1,0.05,0.008315922669868876,0.21666666666666667
environment,gate3b_ood_tue_fri_portscan,cluster_preserving_mean_shift_delta_0.020,adaptive,mean_shift,0.02,I_X,family,60,13,0.21666666666666667,6,0.1,7,0,6,47,13,0.21666666666666667,0.1,0.05,0.008315922669868876,0.21666666666666667
environment,gate3b_ood_tue_fri_portscan,cluster_preserving_mean_shift_delta_0.020,adaptive,mean_shift,0.02,I_XF,union,60,31,0.5166666666666667,12,0.2,19,0,12,29,13,0.21666666666666667,0.1,0.05,0.008315922669868876,0.21666666666666667
environment,gate3b_ood_tue_fri_portscan,cluster_preserving_mean_shift_delta_0.020,adaptive,mean_shift,0.02,I_XF,family,60,11,0.18333333333333332,6,0.1,5,0,6,49,13,0.21666666666666667,0.1,0.05,0.008315922669868876,0.21666666666666667
environment,gate3b_ood_tue_fri_portscan,cluster_preserving_mean_shift_delta_0.050,adaptive,mean_shift,0.05,I_X,union,60,24,0.4,11,0.18333333333333332,13,0,11,36,11,0.18333333333333332,0.08333333333333333,0.05,0.006107190943142314,0.18333333333333332
environment,gate3b_ood_tue_fri_portscan,cluster_preserving_mean_shift_delta_0.050,adaptive,mean_shift,0.05,I_X,family,60,13,0.21666666666666667,6,0.1,7,0,6,47,11,0.18333333333333332,0.08333333333333333,0.05,0.006107190943142314,0.18333333333333332
environment,gate3b_ood_tue_fri_portscan,cluster_preserving_mean_shift_delta_0.050,adaptive,mean_shift,0.05,I_XF,union,60,32,0.5333333333333333,12,0.2,20,0,12,28,11,0.18333333333333332,0.08333333333333333,0.05,0.006107190943142314,0.18333333333333332
environment,gate3b_ood_tue_fri_portscan,cluster_preserving_mean_shift_delta_0.050,adaptive,mean_shift,0.05,I_XF,family,60,15,0.25,6,0.1,9,0,6,45,11,0.18333333333333332,0.08333333333333333,0.05,0.006107190943142314,0.18333333333333332
environment,gate3b_ood_tue_fri_portscan,cluster_preserving_mean_shift_delta_0.100,adaptive,mean_shift,0.1,I_X,union,60,41,0.6833333333333333,11,0.18333333333333332,35,5,6,14,21,0.35,0.18333333333333332,0.1,0.019225079824730287,0.35
environment,gate3b_ood_tue_fri_portscan,cluster_preserving_mean_shift_delta_0.100,adaptive,mean_shift,0.1,I_X,family,60,27,0.45,6,0.1,21,0,6,33,21,0.35,0.18333333333333332,0.1,0.019225079824730287,0.35
environment,gate3b_ood_tue_fri_portscan,cluster_preserving_mean_shift_delta_0.100,adaptive,mean_shift,0.1,I_XF,union,60,44,0.7333333333333333,12,0.2,36,4,8,12,21,0.35,0.18333333333333332,0.1,0.019225079824730287,0.35
environment,gate3b_ood_tue_fri_portscan,cluster_preserving_mean_shift_delta_0.100,adaptive,mean_shift,0.1,I_XF,family,60,23,0.38333333333333336,6,0.1,17,0,6,37,21,0.35,0.18333333333333332,0.1,0.019225079824730287,0.35
environment,gate3b_ood_tue_fri_portscan,cluster_preserving_mean_shift_delta_0.250,adaptive,mean_shift,0.25,I_X,union,60,55,0.9166666666666666,11,0.18333333333333332,44,0,11,5,28,0.4666666666666667,0.21666666666666667,0.16666666666666666,0.027066414630062895,0.4666666666666667
environment,gate3b_ood_tue_fri_portscan,cluster_preserving_mean_shift_delta_0.250,adaptive,mean_shift,0.25,I_X,family,60,50,0.8333333333333334,6,0.1,44,0,6,10,28,0.4666666666666667,0.21666666666666667,0.16666666666666666,0.027066414630062895,0.4666666666666667
environment,gate3b_ood_tue_fri_portscan,cluster_preserving_mean_shift_delta_0.250,adaptive,mean_shift,0.25,I_XF,union,60,58,0.9666666666666667,12,0.2,46,0,12,2,28,0.4666666666666667,0.21666666666666667,0.16666666666666666,0.027066414630062895,0.4666666666666667
environment,gate3b_ood_tue_fri_portscan,cluster_preserving_mean_shift_delta_0.250,adaptive,mean_shift,0.25,I_XF,family,60,51,0.85,6,0.1,45,0,6,9,28,0.4666666666666667,0.21666666666666667,0.16666666666666666,0.027066414630062895,0.4666666666666667
environment,gate3b_ood_tue_fri_portscan,cluster_preserving_mean_shift_delta_0.500,adaptive,mean_shift,0.5,I_X,union,60,59,0.9833333333333333,11,0.18333333333333332,48,0,11,1,27,0.45,0.21666666666666667,0.13333333333333333,0.025014255128473883,0.45
environment,gate3b_ood_tue_fri_portscan,cluster_preserving_mean_shift_delta_0.500,adaptive,mean_shift,0.5,I_X,family,60,58,0.9666666666666667,6,0.1,52,0,6,2,27,0.45,0.21666666666666667,0.13333333333333333,0.025014255128473883,0.45
environment,gate3b_ood_tue_fri_portscan,cluster_preserving_mean_shift_delta_0.500,adaptive,mean_shift,0.5,I_XF,union,60,60,1.0,12,0.2,48,0,12,0,27,0.45,0.21666666666666667,0.13333333333333333,0.025014255128473883,0.45
environment,gate3b_ood_tue_fri_portscan,cluster_preserving_mean_shift_delta_0.500,adaptive,mean_shift,0.5,I_XF,family,60,58,0.9666666666666667,6,0.1,52,0,6,2,27,0.45,0.21666666666666667,0.13333333333333333,0.025014255128473883,0.45
environment,gate3b_ood_tue_fri_portscan,cluster_preserving_scaling_alpha_0.020,adaptive,scaling_drift,0.02,I_X,union,60,21,0.35,11,0.18333333333333332,10,0,11,39,13,0.21666666666666667,0.05,0.03333333333333333,0.0023101492703484516,0.21666666666666667
environment,gate3b_ood_tue_fri_portscan,cluster_preserving_scaling_alpha_0.020,adaptive,scaling_drift,0.02,I_X,family,60,10,0.16666666666666666,6,0.1,4,0,6,50,13,0.21666666666666667,0.05,0.03333333333333333,0.0023101492703484516,0.21666666666666667
environment,gate3b_ood_tue_fri_portscan,cluster_preserving_scaling_alpha_0.020,adaptive,scaling_drift,0.02,I_XF,union,60,24,0.4,12,0.2,12,0,12,36,13,0.21666666666666667,0.05,0.03333333333333333,0.0023101492703484516,0.21666666666666667
environment,gate3b_ood_tue_fri_portscan,cluster_preserving_scaling_alpha_0.020,adaptive,scaling_drift,0.02,I_XF,family,60,14,0.23333333333333334,6,0.1,8,0,6,46,13,0.21666666666666667,0.05,0.03333333333333333,0.0023101492703484516,0.21666666666666667
environment,gate3b_ood_tue_fri_portscan,cluster_preserving_scaling_alpha_0.050,adaptive,scaling_drift,0.05,I_X,union,60,28,0.4666666666666667,11,0.18333333333333332,17,0,11,32,15,0.25,0.1,0.0,0.0013238758924232318,0.26666666666666666
environment,gate3b_ood_tue_fri_portscan,cluster_preserving_scaling_alpha_0.050,adaptive,scaling_drift,0.05,I_X,family,60,22,0.36666666666666664,6,0.1,16,0,6,38,15,0.25,0.1,0.0,0.0013238758924232318,0.26666666666666666
environment,gate3b_ood_tue_fri_portscan,cluster_preserving_scaling_alpha_0.050,adaptive,scaling_drift,0.05,I_XF,union,60,33,0.55,12,0.2,21,0,12,27,15,0.25,0.1,0.0,0.0013238758924232318,0.26666666666666666
environment,gate3b_ood_tue_fri_portscan,cluster_preserving_scaling_alpha_0.050,adaptive,scaling_drift,0.05,I_XF,family,60,24,0.4,6,0.1,18,0,6,36,15,0.25,0.1,0.0,0.0013238758924232318,0.26666666666666666
environment,gate3b_ood_tue_fri_portscan,cluster_preserving_scaling_alpha_0.100,adaptive,scaling_drift,0.1,I_X,union,60,35,0.5833333333333334,11,0.18333333333333332,24,0,11,25,17,0.2833333333333333,0.1,0.0,-4.9019953377618435e-05,0.31666666666666665
environment,gate3b_ood_tue_fri_portscan,cluster_preserving_scaling_alpha_0.100,adaptive,scaling_drift,0.1,I_X,family,60,31,0.5166666666666667,6,0.1,25,0,6,29,17,0.2833333333333333,0.1,0.0,-4.9019953377618435e-05,0.31666666666666665
environment,gate3b_ood_tue_fri_portscan,cluster_preserving_scaling_alpha_0.100,adaptive,scaling_drift,0.1,I_XF,union,60,40,0.6666666666666666,12,0.2,28,0,12,20,17,0.2833333333333333,0.1,0.0,-4.9019953377618435e-05,0.31666666666666665
environment,gate3b_ood_tue_fri_portscan,cluster_preserving_scaling_alpha_0.100,adaptive,scaling_drift,0.1,I_XF,family,60,29,0.48333333333333334,6,0.1,23,0,6,31,17,0.2833333333333333,0.1,0.0,-4.9019953377618435e-05,0.31666666666666665
environment,gate3b_ood_tue_fri_portscan,cluster_preserving_scaling_alpha_0.250,adaptive,scaling_drift,0.25,I_X,union,60,42,0.7,11,0.18333333333333332,31,0,11,18,21,0.35,0.1,0.05,0.00039809443192696456,0.4
environment,gate3b_ood_tue_fri_portscan,cluster_preserving_scaling_alpha_0.250,adaptive,scaling_drift,0.25,I_X,family,60,36,0.6,6,0.1,30,0,6,24,21,0.35,0.1,0.05,0.00039809443192696456,0.4
environment,gate3b_ood_tue_fri_portscan,cluster_preserving_scaling_alpha_0.250,adaptive,scaling_drift,0.25,I_XF,union,60,48,0.8,12,0.2,36,0,12,12,21,0.35,0.1,0.05,0.00039809443192696456,0.4
environment,gate3b_ood_tue_fri_portscan,cluster_preserving_scaling_alpha_0.250,adaptive,scaling_drift,0.25,I_XF,family,60,38,0.6333333333333333,6,0.1,32,0,6,22,21,0.35,0.1,0.05,0.00039809443192696456,0.4
environment,gate3b_ood_tue_fri_portscan,cluster_preserving_scaling_alpha_0.500,adaptive,scaling_drift,0.5,I_X,union,60,46,0.7666666666666667,11,0.18333333333333332,35,0,11,14,39,0.65,0.15,0.05,0.003942261581758356,0.6833333333333333
environment,gate3b_ood_tue_fri_portscan,cluster_preserving_scaling_alpha_0.500,adaptive,scaling_drift,0.5,I_X,family,60,41,0.6833333333333333,6,0.1,35,0,6,19,39,0.65,0.15,0.05,0.003942261581758356,0.6833333333333333
environment,gate3b_ood_tue_fri_portscan,cluster_preserving_scaling_alpha_0.500,adaptive,scaling_drift,0.5,I_XF,union,60,52,0.8666666666666667,12,0.2,40,0,12,8,39,0.65,0.15,0.05,0.003942261581758356,0.6833333333333333
environment,gate3b_ood_tue_fri_portscan,cluster_preserving_scaling_alpha_0.500,adaptive,scaling_drift,0.5,I_XF,family,60,45,0.75,6,0.1,40,1,5,14,39,0.65,0.15,0.05,0.003942261581758356,0.6833333333333333
environment,gate3b_ood_tue_fri_portscan,mean_shift_pf_delta_0.020,control,mean_shift,0.02,I_X,union,60,60,1.0,11,0.18333333333333332,49,0,11,0,17,0.2833333333333333,0.18333333333333332,0.13333333333333333,0.020384908661209327,0.3
environment,gate3b_ood_tue_fri_portscan,mean_shift_pf_delta_0.020,control,mean_shift,0.02,I_X,family,60,60,1.0,6,0.1,54,0,6,0,17,0.2833333333333333,0.18333333333333332,0.13333333333333333,0.020384908661209327,0.3
environment,gate3b_ood_tue_fri_portscan,mean_shift_pf_delta_0.020,control,mean_shift,0.02,I_XF,union,60,60,1.0,12,0.2,48,0,12,0,17,0.2833333333333333,0.18333333333333332,0.13333333333333333,0.020384908661209327,0.3
environment,gate3b_ood_tue_fri_portscan,mean_shift_pf_delta_0.020,control,mean_shift,0.02,I_XF,family,60,60,1.0,6,0.1,54,0,6,0,17,0.2833333333333333,0.18333333333333332,0.13333333333333333,0.020384908661209327,0.3
environment,gate3b_ood_tue_fri_portscan,mean_shift_pf_delta_0.050,control,mean_shift,0.05,I_X,union,60,60,1.0,11,0.18333333333333332,49,0,11,0,17,0.2833333333333333,0.25,0.25,0.08416512913102596,0.31666666666666665
environment,gate3b_ood_tue_fri_portscan,mean_shift_pf_delta_0.050,control,mean_shift,0.05,I_X,family,60,60,1.0,6,0.1,54,0,6,0,17,0.2833333333333333,0.25,0.25,0.08416512913102596,0.31666666666666665
environment,gate3b_ood_tue_fri_portscan,mean_shift_pf_delta_0.050,control,mean_shift,0.05,I_XF,union,60,60,1.0,12,0.2,48,0,12,0,17,0.2833333333333333,0.25,0.25,0.08416512913102596,0.31666666666666665
environment,gate3b_ood_tue_fri_portscan,mean_shift_pf_delta_0.050,control,mean_shift,0.05,I_XF,family,60,60,1.0,6,0.1,54,0,6,0,17,0.2833333333333333,0.25,0.25,0.08416512913102596,0.31666666666666665
environment,gate3b_ood_tue_fri_portscan,mean_shift_pf_delta_0.100,control,mean_shift,0.1,I_X,union,60,60,1.0,11,0.18333333333333332,49,0,11,0,25,0.4166666666666667,0.2833333333333333,0.2833333333333333,0.09552420421920498,0.4166666666666667
environment,gate3b_ood_tue_fri_portscan,mean_shift_pf_delta_0.100,control,mean_shift,0.1,I_X,family,60,60,1.0,6,0.1,54,0,6,0,25,0.4166666666666667,0.2833333333333333,0.2833333333333333,0.09552420421920498,0.4166666666666667
environment,gate3b_ood_tue_fri_portscan,mean_shift_pf_delta_0.100,control,mean_shift,0.1,I_XF,union,60,60,1.0,12,0.2,48,0,12,0,25,0.4166666666666667,0.2833333333333333,0.2833333333333333,0.09552420421920498,0.4166666666666667
environment,gate3b_ood_tue_fri_portscan,mean_shift_pf_delta_0.100,control,mean_shift,0.1,I_XF,family,60,60,1.0,6,0.1,54,0,6,0,25,0.4166666666666667,0.2833333333333333,0.2833333333333333,0.09552420421920498,0.4166666666666667
environment,gate3b_ood_tue_fri_portscan,scaling_drift_alpha_0.020,control,scaling_drift,0.02,I_X,union,60,60,1.0,11,0.18333333333333332,49,0,11,0,22,0.36666666666666664,0.2833333333333333,0.2833333333333333,0.07180585283730266,0.36666666666666664
environment,gate3b_ood_tue_fri_portscan,scaling_drift_alpha_0.020,control,scaling_drift,0.02,I_X,family,60,60,1.0,6,0.1,54,0,6,0,22,0.36666666666666664,0.2833333333333333,0.2833333333333333,0.07180585283730266,0.36666666666666664
environment,gate3b_ood_tue_fri_portscan,scaling_drift_alpha_0.020,control,scaling_drift,0.02,I_XF,union,60,60,1.0,12,0.2,48,0,12,0,22,0.36666666666666664,0.2833333333333333,0.2833333333333333,0.07180585283730266,0.36666666666666664
environment,gate3b_ood_tue_fri_portscan,scaling_drift_alpha_0.020,control,scaling_drift,0.02,I_XF,family,60,60,1.0,6,0.1,54,0,6,0,22,0.36666666666666664,0.2833333333333333,0.2833333333333333,0.07180585283730266,0.36666666666666664
environment,gate3b_ood_tue_fri_portscan,scaling_drift_alpha_0.050,control,scaling_drift,0.05,I_X,union,60,60,1.0,11,0.18333333333333332,49,0,11,0,23,0.38333333333333336,0.3,0.3,0.10522660062605113,0.38333333333333336
environment,gate3b_ood_tue_fri_portscan,scaling_drift_alpha_0.050,control,scaling_drift,0.05,I_X,family,60,60,1.0,6,0.1,54,0,6,0,23,0.38333333333333336,0.3,0.3,0.10522660062605113,0.38333333333333336
environment,gate3b_ood_tue_fri_portscan,scaling_drift_alpha_0.050,control,scaling_drift,0.05,I_XF,union,60,60,1.0,12,0.2,48,0,12,0,23,0.38333333333333336,0.3,0.3,0.10522660062605113,0.38333333333333336
environment,gate3b_ood_tue_fri_portscan,scaling_drift_alpha_0.050,control,scaling_drift,0.05,I_XF,family,60,60,1.0,6,0.1,54,0,6,0,23,0.38333333333333336,0.3,0.3,0.10522660062605113,0.38333333333333336
environment,gate3b_ood_tue_fri_portscan,scaling_drift_alpha_0.100,control,scaling_drift,0.1,I_X,union,60,60,1.0,11,0.18333333333333332,49,0,11,0,23,0.38333333333333336,0.3,0.3,0.10547169866526682,0.38333333333333336
environment,gate3b_ood_tue_fri_portscan,scaling_drift_alpha_0.100,control,scaling_drift,0.1,I_X,family,60,60,1.0,6,0.1,54,0,6,0,23,0.38333333333333336,0.3,0.3,0.10547169866526682,0.38333333333333336
environment,gate3b_ood_tue_fri_portscan,scaling_drift_alpha_0.100,control,scaling_drift,0.1,I_XF,union,60,60,1.0,12,0.2,48,0,12,0,23,0.38333333333333336,0.3,0.3,0.10547169866526682,0.38333333333333336
environment,gate3b_ood_tue_fri_portscan,scaling_drift_alpha_0.100,control,scaling_drift,0.1,I_XF,family,60,60,1.0,6,0.1,54,0,6,0,23,0.38333333333333336,0.3,0.3,0.10547169866526682,0.38333333333333336
environment,gate3c_ood_wed_thu_webattacks,cluster_preserving_mean_shift_delta_0.020,adaptive,mean_shift,0.02,I_X,union,60,23,0.38333333333333336,5,0.08333333333333333,18,0,5,37,13,0.21666666666666667,0.06666666666666667,0.0,-0.001323465212532325,0.23333333333333334
environment,gate3c_ood_wed_thu_webattacks,cluster_preserving_mean_shift_delta_0.020,adaptive,mean_shift,0.02,I_X,family,60,17,0.2833333333333333,2,0.03333333333333333,15,0,2,43,13,0.21666666666666667,0.06666666666666667,0.0,-0.001323465212532325,0.23333333333333334
environment,gate3c_ood_wed_thu_webattacks,cluster_preserving_mean_shift_delta_0.020,adaptive,mean_shift,0.02,I_XF,union,60,31,0.5166666666666667,11,0.18333333333333332,21,1,10,28,13,0.21666666666666667,0.06666666666666667,0.0,-0.001323465212532325,0.23333333333333334
environment,gate3c_ood_wed_thu_webattacks,cluster_preserving_mean_shift_delta_0.020,adaptive,mean_shift,0.02,I_XF,family,60,10,0.16666666666666666,0,0.0,10,0,0,50,13,0.21666666666666667,0.06666666666666667,0.0,-0.001323465212532325,0.23333333333333334
environment,gate3c_ood_wed_thu_webattacks,cluster_preserving_mean_shift_delta_0.050,adaptive,mean_shift,0.05,I_X,union,60,39,0.65,5,0.08333333333333333,34,0,5,21,23,0.38333333333333336,0.13333333333333333,0.016666666666666666,0.0015010483954479002,0.38333333333333336
environment,gate3c_ood_wed_thu_webattacks,cluster_preserving_mean_shift_delta_0.050,adaptive,mean_shift,0.05,I_X,family,60,30,0.5,2,0.03333333333333333,28,0,2,30,23,0.38333333333333336,0.13333333333333333,0.016666666666666666,0.0015010483954479002,0.38333333333333336
environment,gate3c_ood_wed_thu_webattacks,cluster_preserving_mean_shift_delta_0.050,adaptive,mean_shift,0.05,I_XF,union,60,51,0.85,11,0.18333333333333332,41,1,10,8,23,0.38333333333333336,0.13333333333333333,0.016666666666666666,0.0015010483954479002,0.38333333333333336
environment,gate3c_ood_wed_thu_webattacks,cluster_preserving_mean_shift_delta_0.050,adaptive,mean_shift,0.05,I_XF,family,60,32,0.5333333333333333,0,0.0,32,0,0,28,23,0.38333333333333336,0.13333333333333333,0.016666666666666666,0.0015010483954479002,0.38333333333333336
environment,gate3c_ood_wed_thu_webattacks,cluster_preserving_mean_shift_delta_0.100,adaptive,mean_shift,0.1,I_X,union,60,55,0.9166666666666666,5,0.08333333333333333,50,0,5,5,27,0.45,0.25,0.08333333333333333,-0.004864383760705789,0.45
environment,gate3c_ood_wed_thu_webattacks,cluster_preserving_mean_shift_delta_0.100,adaptive,mean_shift,0.1,I_X,family,60,53,0.8833333333333333,2,0.03333333333333333,51,0,2,7,27,0.45,0.25,0.08333333333333333,-0.004864383760705789,0.45
environment,gate3c_ood_wed_thu_webattacks,cluster_preserving_mean_shift_delta_0.100,adaptive,mean_shift,0.1,I_XF,union,60,59,0.9833333333333333,11,0.18333333333333332,48,0,11,1,27,0.45,0.25,0.08333333333333333,-0.004864383760705789,0.45
environment,gate3c_ood_wed_thu_webattacks,cluster_preserving_mean_shift_delta_0.100,adaptive,mean_shift,0.1,I_XF,family,60,55,0.9166666666666666,0,0.0,55,0,0,5,27,0.45,0.25,0.08333333333333333,-0.004864383760705789,0.45
environment,gate3c_ood_wed_thu_webattacks,cluster_preserving_mean_shift_delta_0.250,adaptive,mean_shift,0.25,I_X,union,60,60,1.0,5,0.08333333333333333,55,0,5,0,29,0.48333333333333334,0.3,0.23333333333333334,-0.046127227391214436,0.48333333333333334
environment,gate3c_ood_wed_thu_webattacks,cluster_preserving_mean_shift_delta_0.250,adaptive,mean_shift,0.25,I_X,family,60,60,1.0,2,0.03333333333333333,58,0,2,0,29,0.48333333333333334,0.3,0.23333333333333334,-0.046127227391214436,0.48333333333333334
environment,gate3c_ood_wed_thu_webattacks,cluster_preserving_mean_shift_delta_0.250,adaptive,mean_shift,0.25,I_XF,union,60,60,1.0,11,0.18333333333333332,49,0,11,0,29,0.48333333333333334,0.3,0.23333333333333334,-0.046127227391214436,0.48333333333333334
environment,gate3c_ood_wed_thu_webattacks,cluster_preserving_mean_shift_delta_0.250,adaptive,mean_shift,0.25,I_XF,family,60,60,1.0,0,0.0,60,0,0,0,29,0.48333333333333334,0.3,0.23333333333333334,-0.046127227391214436,0.48333333333333334
environment,gate3c_ood_wed_thu_webattacks,cluster_preserving_mean_shift_delta_0.500,adaptive,mean_shift,0.5,I_X,union,60,60,1.0,5,0.08333333333333333,55,0,5,0,40,0.6666666666666666,0.4,0.35,-0.060499322405642784,0.6666666666666666
environment,gate3c_ood_wed_thu_webattacks,cluster_preserving_mean_shift_delta_0.500,adaptive,mean_shift,0.5,I_X,family,60,60,1.0,2,0.03333333333333333,58,0,2,0,40,0.6666666666666666,0.4,0.35,-0.060499322405642784,0.6666666666666666
environment,gate3c_ood_wed_thu_webattacks,cluster_preserving_mean_shift_delta_0.500,adaptive,mean_shift,0.5,I_XF,union,60,60,1.0,11,0.18333333333333332,49,0,11,0,40,0.6666666666666666,0.4,0.35,-0.060499322405642784,0.6666666666666666
environment,gate3c_ood_wed_thu_webattacks,cluster_preserving_mean_shift_delta_0.500,adaptive,mean_shift,0.5,I_XF,family,60,60,1.0,0,0.0,60,0,0,0,40,0.6666666666666666,0.4,0.35,-0.060499322405642784,0.6666666666666666
environment,gate3c_ood_wed_thu_webattacks,cluster_preserving_scaling_alpha_0.020,adaptive,scaling_drift,0.02,I_X,union,60,31,0.5166666666666667,5,0.08333333333333333,26,0,5,29,25,0.4166666666666667,0.16666666666666666,0.06666666666666667,-0.00141901619849184,0.43333333333333335
environment,gate3c_ood_wed_thu_webattacks,cluster_preserving_scaling_alpha_0.020,adaptive,scaling_drift,0.02,I_X,family,60,26,0.43333333333333335,2,0.03333333333333333,25,1,1,33,25,0.4166666666666667,0.16666666666666666,0.06666666666666667,-0.00141901619849184,0.43333333333333335
environment,gate3c_ood_wed_thu_webattacks,cluster_preserving_scaling_alpha_0.020,adaptive,scaling_drift,0.02,I_XF,union,60,39,0.65,11,0.18333333333333332,28,0,11,21,25,0.4166666666666667,0.16666666666666666,0.06666666666666667,-0.00141901619849184,0.43333333333333335
environment,gate3c_ood_wed_thu_webattacks,cluster_preserving_scaling_alpha_0.020,adaptive,scaling_drift,0.02,I_XF,family,60,29,0.48333333333333334,0,0.0,29,0,0,31,25,0.4166666666666667,0.16666666666666666,0.06666666666666667,-0.00141901619849184,0.43333333333333335
environment,gate3c_ood_wed_thu_webattacks,cluster_preserving_scaling_alpha_0.050,adaptive,scaling_drift,0.05,I_X,union,60,42,0.7,5,0.08333333333333333,37,0,5,18,30,0.5,0.3333333333333333,0.2833333333333333,-0.04978359524297962,0.5
environment,gate3c_ood_wed_thu_webattacks,cluster_preserving_scaling_alpha_0.050,adaptive,scaling_drift,0.05,I_X,family,60,39,0.65,2,0.03333333333333333,37,0,2,21,30,0.5,0.3333333333333333,0.2833333333333333,-0.04978359524297962,0.5
environment,gate3c_ood_wed_thu_webattacks,cluster_preserving_scaling_alpha_0.050,adaptive,scaling_drift,0.05,I_XF,union,60,45,0.75,11,0.18333333333333332,34,0,11,15,30,0.5,0.3333333333333333,0.2833333333333333,-0.04978359524297962,0.5
environment,gate3c_ood_wed_thu_webattacks,cluster_preserving_scaling_alpha_0.050,adaptive,scaling_drift,0.05,I_XF,family,60,37,0.6166666666666667,0,0.0,37,0,0,23,30,0.5,0.3333333333333333,0.2833333333333333,-0.04978359524297962,0.5
environment,gate3c_ood_wed_thu_webattacks,cluster_preserving_scaling_alpha_0.100,adaptive,scaling_drift,0.1,I_X,union,60,60,1.0,5,0.08333333333333333,55,0,5,0,31,0.5166666666666667,0.43333333333333335,0.4,-0.0776804786673872,0.5166666666666667
environment,gate3c_ood_wed_thu_webattacks,cluster_preserving_scaling_alpha_0.100,adaptive,scaling_drift,0.1,I_X,family,60,59,0.9833333333333333,2,0.03333333333333333,57,0,2,1,31,0.5166666666666667,0.43333333333333335,0.4,-0.0776804786673872,0.5166666666666667
environment,gate3c_ood_wed_thu_webattacks,cluster_preserving_scaling_alpha_0.100,adaptive,scaling_drift,0.1,I_XF,union,60,60,1.0,11,0.18333333333333332,49,0,11,0,31,0.5166666666666667,0.43333333333333335,0.4,-0.0776804786673872,0.5166666666666667
environment,gate3c_ood_wed_thu_webattacks,cluster_preserving_scaling_alpha_0.100,adaptive,scaling_drift,0.1,I_XF,family,60,53,0.8833333333333333,0,0.0,53,0,0,7,31,0.5166666666666667,0.43333333333333335,0.4,-0.0776804786673872,0.5166666666666667
environment,gate3c_ood_wed_thu_webattacks,cluster_preserving_scaling_alpha_0.250,adaptive,scaling_drift,0.25,I_X,union,60,60,1.0,5,0.08333333333333333,55,0,5,0,40,0.6666666666666666,0.45,0.4166666666666667,-0.08315674373874926,0.6666666666666666
environment,gate3c_ood_wed_thu_webattacks,cluster_preserving_scaling_alpha_0.250,adaptive,scaling_drift,0.25,I_X,family,60,60,1.0,2,0.03333333333333333,58,0,2,0,40,0.6666666666666666,0.45,0.4166666666666667,-0.08315674373874926,0.6666666666666666
environment,gate3c_ood_wed_thu_webattacks,cluster_preserving_scaling_alpha_0.250,adaptive,scaling_drift,0.25,I_XF,union,60,60,1.0,11,0.18333333333333332,49,0,11,0,40,0.6666666666666666,0.45,0.4166666666666667,-0.08315674373874926,0.6666666666666666
environment,gate3c_ood_wed_thu_webattacks,cluster_preserving_scaling_alpha_0.250,adaptive,scaling_drift,0.25,I_XF,family,60,60,1.0,0,0.0,60,0,0,0,40,0.6666666666666666,0.45,0.4166666666666667,-0.08315674373874926,0.6666666666666666
environment,gate3c_ood_wed_thu_webattacks,cluster_preserving_scaling_alpha_0.500,adaptive,scaling_drift,0.5,I_X,union,60,60,1.0,5,0.08333333333333333,55,0,5,0,45,0.75,0.6,0.5,-0.08139236374426016,0.75
environment,gate3c_ood_wed_thu_webattacks,cluster_preserving_scaling_alpha_0.500,adaptive,scaling_drift,0.5,I_X,family,60,60,1.0,2,0.03333333333333333,58,0,2,0,45,0.75,0.6,0.5,-0.08139236374426016,0.75
environment,gate3c_ood_wed_thu_webattacks,cluster_preserving_scaling_alpha_0.500,adaptive,scaling_drift,0.5,I_XF,union,60,60,1.0,11,0.18333333333333332,49,0,11,0,45,0.75,0.6,0.5,-0.08139236374426016,0.75
environment,gate3c_ood_wed_thu_webattacks,cluster_preserving_scaling_alpha_0.500,adaptive,scaling_drift,0.5,I_XF,family,60,60,1.0,0,0.0,60,0,0,0,45,0.75,0.6,0.5,-0.08139236374426016,0.75
environment,gate3c_ood_wed_thu_webattacks,mean_shift_pf_delta_0.020,control,mean_shift,0.02,I_X,union,60,60,1.0,5,0.08333333333333333,55,0,5,0,16,0.26666666666666666,0.11666666666666667,0.03333333333333333,-0.0024812429559670046,0.3
environment,gate3c_ood_wed_thu_webattacks,mean_shift_pf_delta_0.020,control,mean_shift,0.02,I_X,family,60,60,1.0,2,0.03333333333333333,58,0,2,0,16,0.26666666666666666,0.11666666666666667,0.03333333333333333,-0.0024812429559670046,0.3
environment,gate3c_ood_wed_thu_webattacks,mean_shift_pf_delta_0.020,control,mean_shift,0.02,I_XF,union,60,60,1.0,11,0.18333333333333332,49,0,11,0,16,0.26666666666666666,0.11666666666666667,0.03333333333333333,-0.0024812429559670046,0.3
environment,gate3c_ood_wed_thu_webattacks,mean_shift_pf_delta_0.020,control,mean_shift,0.02,I_XF,family,60,60,1.0,0,0.0,60,0,0,0,16,0.26666666666666666,0.11666666666666667,0.03333333333333333,-0.0024812429559670046,0.3
environment,gate3c_ood_wed_thu_webattacks,mean_shift_pf_delta_0.050,control,mean_shift,0.05,I_X,union,60,60,1.0,5,0.08333333333333333,55,0,5,0,19,0.31666666666666665,0.18333333333333332,0.1,0.00453784324701592,0.3333333333333333
environment,gate3c_ood_wed_thu_webattacks,mean_shift_pf_delta_0.050,control,mean_shift,0.05,I_X,family,60,60,1.0,2,0.03333333333333333,58,0,2,0,19,0.31666666666666665,0.18333333333333332,0.1,0.00453784324701592,0.3333333333333333
environment,gate3c_ood_wed_thu_webattacks,mean_shift_pf_delta_0.050,control,mean_shift,0.05,I_XF,union,60,60,1.0,11,0.18333333333333332,49,0,11,0,19,0.31666666666666665,0.18333333333333332,0.1,0.00453784324701592,0.3333333333333333
environment,gate3c_ood_wed_thu_webattacks,mean_shift_pf_delta_0.050,control,mean_shift,0.05,I_XF,family,60,60,1.0,0,0.0,60,0,0,0,19,0.31666666666666665,0.18333333333333332,0.1,0.00453784324701592,0.3333333333333333
environment,gate3c_ood_wed_thu_webattacks,mean_shift_pf_delta_0.100,control,mean_shift,0.1,I_X,union,60,60,1.0,5,0.08333333333333333,55,0,5,0,27,0.45,0.35,0.2833333333333333,-0.047902522664129754,0.45
environment,gate3c_ood_wed_thu_webattacks,mean_shift_pf_delta_0.100,control,mean_shift,0.1,I_X,family,60,60,1.0,2,0.03333333333333333,58,0,2,0,27,0.45,0.35,0.2833333333333333,-0.047902522664129754,0.45
environment,gate3c_ood_wed_thu_webattacks,mean_shift_pf_delta_0.100,control,mean_shift,0.1,I_XF,union,60,60,1.0,11,0.18333333333333332,49,0,11,0,27,0.45,0.35,0.2833333333333333,-0.047902522664129754,0.45
environment,gate3c_ood_wed_thu_webattacks,mean_shift_pf_delta_0.100,control,mean_shift,0.1,I_XF,family,60,60,1.0,0,0.0,60,0,0,0,27,0.45,0.35,0.2833333333333333,-0.047902522664129754,0.45
environment,gate3c_ood_wed_thu_webattacks,scaling_drift_alpha_0.020,control,scaling_drift,0.02,I_X,union,60,60,1.0,5,0.08333333333333333,55,0,5,0,25,0.4166666666666667,0.3,0.2,0.008220197266587669,0.43333333333333335
environment,gate3c_ood_wed_thu_webattacks,scaling_drift_alpha_0.020,control,scaling_drift,0.02,I_X,family,60,60,1.0,2,0.03333333333333333,58,0,2,0,25,0.4166666666666667,0.3,0.2,0.008220197266587669,0.43333333333333335
environment,gate3c_ood_wed_thu_webattacks,scaling_drift_alpha_0.020,control,scaling_drift,0.02,I_XF,union,60,60,1.0,11,0.18333333333333332,49,0,11,0,25,0.4166666666666667,0.3,0.2,0.008220197266587669,0.43333333333333335
environment,gate3c_ood_wed_thu_webattacks,scaling_drift_alpha_0.020,control,scaling_drift,0.02,I_XF,family,60,60,1.0,0,0.0,60,0,0,0,25,0.4166666666666667,0.3,0.2,0.008220197266587669,0.43333333333333335
environment,gate3c_ood_wed_thu_webattacks,scaling_drift_alpha_0.050,control,scaling_drift,0.05,I_X,union,60,60,1.0,5,0.08333333333333333,55,0,5,0,30,0.5,0.38333333333333336,0.31666666666666665,-0.03495009807675,0.5
environment,gate3c_ood_wed_thu_webattacks,scaling_drift_alpha_0.050,control,scaling_drift,0.05,I_X,family,60,60,1.0,2,0.03333333333333333,58,0,2,0,30,0.5,0.38333333333333336,0.31666666666666665,-0.03495009807675,0.5
environment,gate3c_ood_wed_thu_webattacks,scaling_drift_alpha_0.050,control,scaling_drift,0.05,I_XF,union,60,60,1.0,11,0.18333333333333332,49,0,11,0,30,0.5,0.38333333333333336,0.31666666666666665,-0.03495009807675,0.5
environment,gate3c_ood_wed_thu_webattacks,scaling_drift_alpha_0.050,control,scaling_drift,0.05,I_XF,family,60,60,1.0,0,0.0,60,0,0,0,30,0.5,0.38333333333333336,0.31666666666666665,-0.03495009807675,0.5
environment,gate3c_ood_wed_thu_webattacks,scaling_drift_alpha_0.100,control,scaling_drift,0.1,I_X,union,60,60,1.0,5,0.08333333333333333,55,0,5,0,32,0.5333333333333333,0.43333333333333335,0.35,-0.021437300004948815,0.5333333333333333
environment,gate3c_ood_wed_thu_webattacks,scaling_drift_alpha_0.100,control,scaling_drift,0.1,I_X,family,60,60,1.0,2,0.03333333333333333,58,0,2,0,32,0.5333333333333333,0.43333333333333335,0.35,-0.021437300004948815,0.5333333333333333
environment,gate3c_ood_wed_thu_webattacks,scaling_drift_alpha_0.100,control,scaling_drift,0.1,I_XF,union,60,60,1.0,11,0.18333333333333332,49,0,11,0,32,0.5333333333333333,0.43333333333333335,0.35,-0.021437300004948815,0.5333333333333333
environment,gate3c_ood_wed_thu_webattacks,scaling_drift_alpha_0.100,control,scaling_drift,0.1,I_XF,family,60,60,1.0,0,0.0,60,0,0,0,32,0.5333333333333333,0.43333333333333335,0.35,-0.021437300004948815,0.5333333333333333
environment,gate3d_ood_wed_fri_morning,cluster_preserving_mean_shift_delta_0.020,adaptive,mean_shift,0.02,I_X,union,60,8,0.13333333333333333,2,0.03333333333333333,6,0,2,52,10,0.16666666666666666,0.0,0.0,0.00018368944504081833,0.16666666666666666
environment,gate3d_ood_wed_fri_morning,cluster_preserving_mean_shift_delta_0.020,adaptive,mean_shift,0.02,I_X,family,60,6,0.1,0,0.0,6,0,0,54,10,0.16666666666666666,0.0,0.0,0.00018368944504081833,0.16666666666666666
environment,gate3d_ood_wed_fri_morning,cluster_preserving_mean_shift_delta_0.020,adaptive,mean_shift,0.02,I_XF,union,60,19,0.31666666666666665,13,0.21666666666666667,7,1,12,40,10,0.16666666666666666,0.0,0.0,0.00018368944504081833,0.16666666666666666
environment,gate3d_ood_wed_fri_morning,cluster_preserving_mean_shift_delta_0.020,adaptive,mean_shift,0.02,I_XF,family,60,6,0.1,3,0.05,3,0,3,54,10,0.16666666666666666,0.0,0.0,0.00018368944504081833,0.16666666666666666
environment,gate3d_ood_wed_fri_morning,cluster_preserving_mean_shift_delta_0.050,adaptive,mean_shift,0.05,I_X,union,60,37,0.6166666666666667,2,0.03333333333333333,35,0,2,23,20,0.3333333333333333,0.08333333333333333,0.016666666666666666,0.0015729444631258766,0.36666666666666664
environment,gate3d_ood_wed_fri_morning,cluster_preserving_mean_shift_delta_0.050,adaptive,mean_shift,0.05,I_X,family,60,29,0.48333333333333334,0,0.0,29,0,0,31,20,0.3333333333333333,0.08333333333333333,0.016666666666666666,0.0015729444631258766,0.36666666666666664
environment,gate3d_ood_wed_fri_morning,cluster_preserving_mean_shift_delta_0.050,adaptive,mean_shift,0.05,I_XF,union,60,43,0.7166666666666667,13,0.21666666666666667,32,2,11,15,20,0.3333333333333333,0.08333333333333333,0.016666666666666666,0.0015729444631258766,0.36666666666666664
environment,gate3d_ood_wed_fri_morning,cluster_preserving_mean_shift_delta_0.050,adaptive,mean_shift,0.05,I_XF,family,60,23,0.38333333333333336,3,0.05,21,1,2,36,20,0.3333333333333333,0.08333333333333333,0.016666666666666666,0.0015729444631258766,0.36666666666666664
environment,gate3d_ood_wed_fri_morning,cluster_preserving_mean_shift_delta_0.100,adaptive,mean_shift,0.1,I_X,union,60,46,0.7666666666666667,2,0.03333333333333333,44,0,2,14,28,0.4666666666666667,0.15,0.03333333333333333,0.0031969322360776097,0.48333333333333334
environment,gate3d_ood_wed_fri_morning,cluster_preserving_mean_shift_delta_0.100,adaptive,mean_shift,0.1,I_X,family,60,36,0.6,0,0.0,36,0,0,24,28,0.4666666666666667,0.15,0.03333333333333333,0.0031969322360776097,0.48333333333333334
environment,gate3d_ood_wed_fri_morning,cluster_preserving_mean_shift_delta_0.100,adaptive,mean_shift,0.1,I_XF,union,60,51,0.85,13,0.21666666666666667,38,0,13,9,28,0.4666666666666667,0.15,0.03333333333333333,0.0031969322360776097,0.48333333333333334
environment,gate3d_ood_wed_fri_morning,cluster_preserving_mean_shift_delta_0.100,adaptive,mean_shift,0.1,I_XF,family,60,36,0.6,3,0.05,33,0,3,24,28,0.4666666666666667,0.15,0.03333333333333333,0.0031969322360776097,0.48333333333333334
environment,gate3d_ood_wed_fri_morning,cluster_preserving_mean_shift_delta_0.250,adaptive,mean_shift,0.25,I_X,union,60,56,0.9333333333333333,2,0.03333333333333333,54,0,2,4,29,0.48333333333333334,0.26666666666666666,0.15,0.016348008140017342,0.5
environment,gate3d_ood_wed_fri_morning,cluster_preserving_mean_shift_delta_0.250,adaptive,mean_shift,0.25,I_X,family,60,54,0.9,0,0.0,54,0,0,6,29,0.48333333333333334,0.26666666666666666,0.15,0.016348008140017342,0.5
environment,gate3d_ood_wed_fri_morning,cluster_preserving_mean_shift_delta_0.250,adaptive,mean_shift,0.25,I_XF,union,60,58,0.9666666666666667,13,0.21666666666666667,45,0,13,2,29,0.48333333333333334,0.26666666666666666,0.15,0.016348008140017342,0.5
environment,gate3d_ood_wed_fri_morning,cluster_preserving_mean_shift_delta_0.250,adaptive,mean_shift,0.25,I_XF,family,60,57,0.95,3,0.05,54,0,3,3,29,0.48333333333333334,0.26666666666666666,0.15,0.016348008140017342,0.5
environment,gate3d_ood_wed_fri_morning,cluster_preserving_mean_shift_delta_0.500,adaptive,mean_shift,0.5,I_X,union,60,60,1.0,2,0.03333333333333333,58,0,2,0,34,0.5666666666666667,0.31666666666666665,0.2,0.022625009917243453,0.5833333333333334
environment,gate3d_ood_wed_fri_morning,cluster_preserving_mean_shift_delta_0.500,adaptive,mean_shift,0.5,I_X,family,60,57,0.95,0,0.0,57,0,0,3,34,0.5666666666666667,0.31666666666666665,0.2,0.022625009917243453,0.5833333333333334
environment,gate3d_ood_wed_fri_morning,cluster_preserving_mean_shift_delta_0.500,adaptive,mean_shift,0.5,I_XF,union,60,60,1.0,13,0.21666666666666667,47,0,13,0,34,0.5666666666666667,0.31666666666666665,0.2,0.022625009917243453,0.5833333333333334
environment,gate3d_ood_wed_fri_morning,cluster_preserving_mean_shift_delta_0.500,adaptive,mean_shift,0.5,I_XF,family,60,59,0.9833333333333333,3,0.05,56,0,3,1,34,0.5666666666666667,0.31666666666666665,0.2,0.022625009917243453,0.5833333333333334
environment,gate3d_ood_wed_fri_morning,cluster_preserving_scaling_alpha_0.020,adaptive,scaling_drift,0.02,I_X,union,60,25,0.4166666666666667,2,0.03333333333333333,23,0,2,35,22,0.36666666666666664,0.08333333333333333,0.0,0.0021123918425656517,0.4
environment,gate3d_ood_wed_fri_morning,cluster_preserving_scaling_alpha_0.020,adaptive,scaling_drift,0.02,I_X,family,60,19,0.31666666666666665,0,0.0,19,0,0,41,22,0.36666666666666664,0.08333333333333333,0.0,0.0021123918425656517,0.4
environment,gate3d_ood_wed_fri_morning,cluster_preserving_scaling_alpha_0.020,adaptive,scaling_drift,0.02,I_XF,union,60,34,0.5666666666666667,13,0.21666666666666667,21,0,13,26,22,0.36666666666666664,0.08333333333333333,0.0,0.0021123918425656517,0.4
environment,gate3d_ood_wed_fri_morning,cluster_preserving_scaling_alpha_0.020,adaptive,scaling_drift,0.02,I_XF,family,60,19,0.31666666666666665,3,0.05,16,0,3,41,22,0.36666666666666664,0.08333333333333333,0.0,0.0021123918425656517,0.4
environment,gate3d_ood_wed_fri_morning,cluster_preserving_scaling_alpha_0.050,adaptive,scaling_drift,0.05,I_X,union,60,30,0.5,2,0.03333333333333333,28,0,2,30,28,0.4666666666666667,0.18333333333333332,0.03333333333333333,0.00713862380803007,0.48333333333333334
environment,gate3d_ood_wed_fri_morning,cluster_preserving_scaling_alpha_0.050,adaptive,scaling_drift,0.05,I_X,family,60,25,0.4166666666666667,0,0.0,25,0,0,35,28,0.4666666666666667,0.18333333333333332,0.03333333333333333,0.00713862380803007,0.48333333333333334
environment,gate3d_ood_wed_fri_morning,cluster_preserving_scaling_alpha_0.050,adaptive,scaling_drift,0.05,I_XF,union,60,37,0.6166666666666667,13,0.21666666666666667,25,1,12,22,28,0.4666666666666667,0.18333333333333332,0.03333333333333333,0.00713862380803007,0.48333333333333334
environment,gate3d_ood_wed_fri_morning,cluster_preserving_scaling_alpha_0.050,adaptive,scaling_drift,0.05,I_XF,family,60,29,0.48333333333333334,3,0.05,26,0,3,31,28,0.4666666666666667,0.18333333333333332,0.03333333333333333,0.00713862380803007,0.48333333333333334
environment,gate3d_ood_wed_fri_morning,cluster_preserving_scaling_alpha_0.100,adaptive,scaling_drift,0.1,I_X,union,60,35,0.5833333333333334,2,0.03333333333333333,33,0,2,25,30,0.5,0.26666666666666666,0.11666666666666667,0.013824120840342473,0.5166666666666667
environment,gate3d_ood_wed_fri_morning,cluster_preserving_scaling_alpha_0.100,adaptive,scaling_drift,0.1,I_X,family,60,26,0.43333333333333335,0,0.0,26,0,0,34,30,0.5,0.26666666666666666,0.11666666666666667,0.013824120840342473,0.5166666666666667
environment,gate3d_ood_wed_fri_morning,cluster_preserving_scaling_alpha_0.100,adaptive,scaling_drift,0.1,I_XF,union,60,39,0.65,13,0.21666666666666667,28,2,11,19,30,0.5,0.26666666666666666,0.11666666666666667,0.013824120840342473,0.5166666666666667
environment,gate3d_ood_wed_fri_morning,cluster_preserving_scaling_alpha_0.100,adaptive,scaling_drift,0.1,I_XF,family,60,32,0.5333333333333333,3,0.05,29,0,3,28,30,0.5,0.26666666666666666,0.11666666666666667,0.013824120840342473,0.5166666666666667
environment,gate3d_ood_wed_fri_morning,cluster_preserving_scaling_alpha_0.250,adaptive,scaling_drift,0.25,I_X,union,60,38,0.6333333333333333,2,0.03333333333333333,36,0,2,22,34,0.5666666666666667,0.31666666666666665,0.21666666666666667,0.023321290305461657,0.6166666666666667
environment,gate3d_ood_wed_fri_morning,cluster_preserving_scaling_alpha_0.250,adaptive,scaling_drift,0.25,I_X,family,60,34,0.5666666666666667,0,0.0,34,0,0,26,34,0.5666666666666667,0.31666666666666665,0.21666666666666667,0.023321290305461657,0.6166666666666667
environment,gate3d_ood_wed_fri_morning,cluster_preserving_scaling_alpha_0.250,adaptive,scaling_drift,0.25,I_XF,union,60,47,0.7833333333333333,13,0.21666666666666667,34,0,13,13,34,0.5666666666666667,0.31666666666666665,0.21666666666666667,0.023321290305461657,0.6166666666666667
environment,gate3d_ood_wed_fri_morning,cluster_preserving_scaling_alpha_0.250,adaptive,scaling_drift,0.25,I_XF,family,60,36,0.6,3,0.05,33,0,3,24,34,0.5666666666666667,0.31666666666666665,0.21666666666666667,0.023321290305461657,0.6166666666666667
environment,gate3d_ood_wed_fri_morning,cluster_preserving_scaling_alpha_0.500,adaptive,scaling_drift,0.5,I_X,union,60,53,0.8833333333333333,2,0.03333333333333333,51,0,2,7,45,0.75,0.5,0.23333333333333334,0.03182883012830488,0.75
environment,gate3d_ood_wed_fri_morning,cluster_preserving_scaling_alpha_0.500,adaptive,scaling_drift,0.5,I_X,family,60,43,0.7166666666666667,0,0.0,43,0,0,17,45,0.75,0.5,0.23333333333333334,0.03182883012830488,0.75
environment,gate3d_ood_wed_fri_morning,cluster_preserving_scaling_alpha_0.500,adaptive,scaling_drift,0.5,I_XF,union,60,56,0.9333333333333333,13,0.21666666666666667,43,0,13,4,45,0.75,0.5,0.23333333333333334,0.03182883012830488,0.75
environment,gate3d_ood_wed_fri_morning,cluster_preserving_scaling_alpha_0.500,adaptive,scaling_drift,0.5,I_XF,family,60,36,0.6,3,0.05,33,0,3,24,45,0.75,0.5,0.23333333333333334,0.03182883012830488,0.75
environment,gate3d_ood_wed_fri_morning,mean_shift_pf_delta_0.020,control,mean_shift,0.02,I_X,union,60,60,1.0,2,0.03333333333333333,58,0,2,0,10,0.16666666666666666,0.03333333333333333,0.0,-0.000941596436548465,0.16666666666666666
environment,gate3d_ood_wed_fri_morning,mean_shift_pf_delta_0.020,control,mean_shift,0.02,I_X,family,60,60,1.0,0,0.0,60,0,0,0,10,0.16666666666666666,0.03333333333333333,0.0,-0.000941596436548465,0.16666666666666666
environment,gate3d_ood_wed_fri_morning,mean_shift_pf_delta_0.020,control,mean_shift,0.02,I_XF,union,60,60,1.0,13,0.21666666666666667,47,0,13,0,10,0.16666666666666666,0.03333333333333333,0.0,-0.000941596436548465,0.16666666666666666
environment,gate3d_ood_wed_fri_morning,mean_shift_pf_delta_0.020,control,mean_shift,0.02,I_XF,family,60,60,1.0,3,0.05,57,0,3,0,10,0.16666666666666666,0.03333333333333333,0.0,-0.000941596436548465,0.16666666666666666
environment,gate3d_ood_wed_fri_morning,mean_shift_pf_delta_0.050,control,mean_shift,0.05,I_X,union,60,60,1.0,2,0.03333333333333333,58,0,2,0,17,0.2833333333333333,0.11666666666666667,0.06666666666666667,-0.00011981803029137799,0.31666666666666665
environment,gate3d_ood_wed_fri_morning,mean_shift_pf_delta_0.050,control,mean_shift,0.05,I_X,family,60,60,1.0,0,0.0,60,0,0,0,17,0.2833333333333333,0.11666666666666667,0.06666666666666667,-0.00011981803029137799,0.31666666666666665
environment,gate3d_ood_wed_fri_morning,mean_shift_pf_delta_0.050,control,mean_shift,0.05,I_XF,union,60,60,1.0,13,0.21666666666666667,47,0,13,0,17,0.2833333333333333,0.11666666666666667,0.06666666666666667,-0.00011981803029137799,0.31666666666666665
environment,gate3d_ood_wed_fri_morning,mean_shift_pf_delta_0.050,control,mean_shift,0.05,I_XF,family,60,60,1.0,3,0.05,57,0,3,0,17,0.2833333333333333,0.11666666666666667,0.06666666666666667,-0.00011981803029137799,0.31666666666666665
environment,gate3d_ood_wed_fri_morning,mean_shift_pf_delta_0.100,control,mean_shift,0.1,I_X,union,60,60,1.0,2,0.03333333333333333,58,0,2,0,27,0.45,0.2833333333333333,0.1,-0.0019459317112614292,0.45
environment,gate3d_ood_wed_fri_morning,mean_shift_pf_delta_0.100,control,mean_shift,0.1,I_X,family,60,60,1.0,0,0.0,60,0,0,0,27,0.45,0.2833333333333333,0.1,-0.0019459317112614292,0.45
environment,gate3d_ood_wed_fri_morning,mean_shift_pf_delta_0.100,control,mean_shift,0.1,I_XF,union,60,60,1.0,13,0.21666666666666667,47,0,13,0,27,0.45,0.2833333333333333,0.1,-0.0019459317112614292,0.45
environment,gate3d_ood_wed_fri_morning,mean_shift_pf_delta_0.100,control,mean_shift,0.1,I_XF,family,60,60,1.0,3,0.05,57,0,3,0,27,0.45,0.2833333333333333,0.1,-0.0019459317112614292,0.45
environment,gate3d_ood_wed_fri_morning,scaling_drift_alpha_0.020,control,scaling_drift,0.02,I_X,union,60,60,1.0,2,0.03333333333333333,58,0,2,0,23,0.38333333333333336,0.21666666666666667,0.11666666666666667,-0.0017239235735900568,0.4
environment,gate3d_ood_wed_fri_morning,scaling_drift_alpha_0.020,control,scaling_drift,0.02,I_X,family,60,60,1.0,0,0.0,60,0,0,0,23,0.38333333333333336,0.21666666666666667,0.11666666666666667,-0.0017239235735900568,0.4
environment,gate3d_ood_wed_fri_morning,scaling_drift_alpha_0.020,control,scaling_drift,0.02,I_XF,union,60,60,1.0,13,0.21666666666666667,47,0,13,0,23,0.38333333333333336,0.21666666666666667,0.11666666666666667,-0.0017239235735900568,0.4
environment,gate3d_ood_wed_fri_morning,scaling_drift_alpha_0.020,control,scaling_drift,0.02,I_XF,family,60,60,1.0,3,0.05,57,0,3,0,23,0.38333333333333336,0.21666666666666667,0.11666666666666667,-0.0017239235735900568,0.4
environment,gate3d_ood_wed_fri_morning,scaling_drift_alpha_0.050,control,scaling_drift,0.05,I_X,union,60,60,1.0,2,0.03333333333333333,58,0,2,0,28,0.4666666666666667,0.36666666666666664,0.3,-0.02298943059883883,0.4666666666666667
environment,gate3d_ood_wed_fri_morning,scaling_drift_alpha_0.050,control,scaling_drift,0.05,I_X,family,60,60,1.0,0,0.0,60,0,0,0,28,0.4666666666666667,0.36666666666666664,0.3,-0.02298943059883883,0.4666666666666667
environment,gate3d_ood_wed_fri_morning,scaling_drift_alpha_0.050,control,scaling_drift,0.05,I_XF,union,60,60,1.0,13,0.21666666666666667,47,0,13,0,28,0.4666666666666667,0.36666666666666664,0.3,-0.02298943059883883,0.4666666666666667
environment,gate3d_ood_wed_fri_morning,scaling_drift_alpha_0.050,control,scaling_drift,0.05,I_XF,family,60,60,1.0,3,0.05,57,0,3,0,28,0.4666666666666667,0.36666666666666664,0.3,-0.02298943059883883,0.4666666666666667
environment,gate3d_ood_wed_fri_morning,scaling_drift_alpha_0.100,control,scaling_drift,0.1,I_X,union,60,60,1.0,2,0.03333333333333333,58,0,2,0,29,0.48333333333333334,0.4166666666666667,0.36666666666666664,-0.023858802284819104,0.5
environment,gate3d_ood_wed_fri_morning,scaling_drift_alpha_0.100,control,scaling_drift,0.1,I_X,family,60,60,1.0,0,0.0,60,0,0,0,29,0.48333333333333334,0.4166666666666667,0.36666666666666664,-0.023858802284819104,0.5
environment,gate3d_ood_wed_fri_morning,scaling_drift_alpha_0.100,control,scaling_drift,0.1,I_XF,union,60,60,1.0,13,0.21666666666666667,47,0,13,0,29,0.48333333333333334,0.4166666666666667,0.36666666666666664,-0.023858802284819104,0.5
environment,gate3d_ood_wed_fri_morning,scaling_drift_alpha_0.100,control,scaling_drift,0.1,I_XF,family,60,60,1.0,3,0.05,57,0,3,0,29,0.48333333333333334,0.4166666666666667,0.36666666666666664,-0.023858802284819104,0.5
environment,gate5a_id_unsw,cluster_preserving_mean_shift_delta_0.020,adaptive,mean_shift,0.02,I_X,union,120,31,0.25833333333333336,11,0.09166666666666666,21,1,10,88,44,0.36666666666666664,0.008333333333333333,0.0,0.000848118355459735,0.38333333333333336
environment,gate5a_id_unsw,cluster_preserving_mean_shift_delta_0.020,adaptive,mean_shift,0.02,I_X,family,120,9,0.075,0,0.0,9,0,0,111,44,0.36666666666666664,0.008333333333333333,0.0,0.000848118355459735,0.38333333333333336
environment,gate5a_id_unsw,cluster_preserving_mean_shift_delta_0.020,adaptive,mean_shift,0.02,I_XF,union,120,72,0.6,24,0.2,51,3,21,45,44,0.36666666666666664,0.008333333333333333,0.0,0.000848118355459735,0.38333333333333336
environment,gate5a_id_unsw,cluster_preserving_mean_shift_delta_0.020,adaptive,mean_shift,0.02,I_XF,family,120,39,0.325,7,0.058333333333333334,34,2,5,79,44,0.36666666666666664,0.008333333333333333,0.0,0.000848118355459735,0.38333333333333336
environment,gate5a_id_unsw,cluster_preserving_mean_shift_delta_0.050,adaptive,mean_shift,0.05,I_X,union,120,62,0.5166666666666667,11,0.09166666666666666,55,4,7,54,73,0.6083333333333333,0.125,0.0,0.00014181081139413553,0.65
environment,gate5a_id_unsw,cluster_preserving_mean_shift_delta_0.050,adaptive,mean_shift,0.05,I_X,family,120,58,0.48333333333333334,0,0.0,58,0,0,62,73,0.6083333333333333,0.125,0.0,0.00014181081139413553,0.65
environment,gate5a_id_unsw,cluster_preserving_mean_shift_delta_0.050,adaptive,mean_shift,0.05,I_XF,union,120,90,0.75,24,0.2,70,4,20,26,73,0.6083333333333333,0.125,0.0,0.00014181081139413553,0.65
environment,gate5a_id_unsw,cluster_preserving_mean_shift_delta_0.050,adaptive,mean_shift,0.05,I_XF,family,120,81,0.675,7,0.058333333333333334,74,0,7,39,73,0.6083333333333333,0.125,0.0,0.00014181081139413553,0.65
environment,gate5a_id_unsw,cluster_preserving_mean_shift_delta_0.100,adaptive,mean_shift,0.1,I_X,union,120,90,0.75,11,0.09166666666666666,79,0,11,30,87,0.725,0.225,0.03333333333333333,0.0018413160107180403,0.775
environment,gate5a_id_unsw,cluster_preserving_mean_shift_delta_0.100,adaptive,mean_shift,0.1,I_X,family,120,81,0.675,0,0.0,81,0,0,39,87,0.725,0.225,0.03333333333333333,0.0018413160107180403,0.775
environment,gate5a_id_unsw,cluster_preserving_mean_shift_delta_0.100,adaptive,mean_shift,0.1,I_XF,union,120,109,0.9083333333333333,24,0.2,85,0,24,11,87,0.725,0.225,0.03333333333333333,0.0018413160107180403,0.775
environment,gate5a_id_unsw,cluster_preserving_mean_shift_delta_0.100,adaptive,mean_shift,0.1,I_XF,family,120,97,0.8083333333333333,7,0.058333333333333334,90,0,7,23,87,0.725,0.225,0.03333333333333333,0.0018413160107180403,0.775
environment,gate5a_id_unsw,cluster_preserving_mean_shift_delta_0.250,adaptive,mean_shift,0.25,I_X,union,120,120,1.0,11,0.09166666666666666,109,0,11,0,101,0.8416666666666667,0.4083333333333333,0.16666666666666666,0.015241085607904263,0.8416666666666667
environment,gate5a_id_unsw,cluster_preserving_mean_shift_delta_0.250,adaptive,mean_shift,0.25,I_X,family,120,120,1.0,0,0.0,120,0,0,0,101,0.8416666666666667,0.4083333333333333,0.16666666666666666,0.015241085607904263,0.8416666666666667
environment,gate5a_id_unsw,cluster_preserving_mean_shift_delta_0.250,adaptive,mean_shift,0.25,I_XF,union,120,120,1.0,24,0.2,96,0,24,0,101,0.8416666666666667,0.4083333333333333,0.16666666666666666,0.015241085607904263,0.8416666666666667
environment,gate5a_id_unsw,cluster_preserving_mean_shift_delta_0.250,adaptive,mean_shift,0.25,I_XF,family,120,120,1.0,7,0.058333333333333334,113,0,7,0,101,0.8416666666666667,0.4083333333333333,0.16666666666666666,0.015241085607904263,0.8416666666666667
environment,gate5a_id_unsw,cluster_preserving_mean_shift_delta_0.500,adaptive,mean_shift,0.5,I_X,union,120,120,1.0,11,0.09166666666666666,109,0,11,0,114,0.95,0.6,0.38333333333333336,0.040865823555740075,0.9666666666666667
environment,gate5a_id_unsw,cluster_preserving_mean_shift_delta_0.500,adaptive,mean_shift,0.5,I_X,family,120,120,1.0,0,0.0,120,0,0,0,114,0.95,0.6,0.38333333333333336,0.040865823555740075,0.9666666666666667
environment,gate5a_id_unsw,cluster_preserving_mean_shift_delta_0.500,adaptive,mean_shift,0.5,I_XF,union,120,120,1.0,24,0.2,96,0,24,0,114,0.95,0.6,0.38333333333333336,0.040865823555740075,0.9666666666666667
environment,gate5a_id_unsw,cluster_preserving_mean_shift_delta_0.500,adaptive,mean_shift,0.5,I_XF,family,120,120,1.0,7,0.058333333333333334,113,0,7,0,114,0.95,0.6,0.38333333333333336,0.040865823555740075,0.9666666666666667
environment,gate5a_id_unsw,cluster_preserving_scaling_alpha_0.020,adaptive,scaling_drift,0.02,I_X,union,120,39,0.325,11,0.09166666666666666,28,0,11,81,63,0.525,0.14166666666666666,0.0,6.484367865551658e-05,0.5833333333333334
environment,gate5a_id_unsw,cluster_preserving_scaling_alpha_0.020,adaptive,scaling_drift,0.02,I_X,family,120,27,0.225,0,0.0,27,0,0,93,63,0.525,0.14166666666666666,0.0,6.484367865551658e-05,0.5833333333333334
environment,gate5a_id_unsw,cluster_preserving_scaling_alpha_0.020,adaptive,scaling_drift,0.02,I_XF,union,120,77,0.6416666666666667,24,0.2,54,1,23,42,63,0.525,0.14166666666666666,0.0,6.484367865551658e-05,0.5833333333333334
environment,gate5a_id_unsw,cluster_preserving_scaling_alpha_0.020,adaptive,scaling_drift,0.02,I_XF,family,120,66,0.55,7,0.058333333333333334,59,0,7,54,63,0.525,0.14166666666666666,0.0,6.484367865551658e-05,0.5833333333333334
environment,gate5a_id_unsw,cluster_preserving_scaling_alpha_0.050,adaptive,scaling_drift,0.05,I_X,union,120,87,0.725,11,0.09166666666666666,76,0,11,33,89,0.7416666666666667,0.25833333333333336,0.041666666666666664,0.004194188477742853,0.7833333333333333
environment,gate5a_id_unsw,cluster_preserving_scaling_alpha_0.050,adaptive,scaling_drift,0.05,I_X,family,120,77,0.6416666666666667,0,0.0,77,0,0,43,89,0.7416666666666667,0.25833333333333336,0.041666666666666664,0.004194188477742853,0.7833333333333333
environment,gate5a_id_unsw,cluster_preserving_scaling_alpha_0.050,adaptive,scaling_drift,0.05,I_XF,union,120,103,0.8583333333333333,24,0.2,79,0,24,17,89,0.7416666666666667,0.25833333333333336,0.041666666666666664,0.004194188477742853,0.7833333333333333
environment,gate5a_id_unsw,cluster_preserving_scaling_alpha_0.050,adaptive,scaling_drift,0.05,I_XF,family,120,88,0.7333333333333333,7,0.058333333333333334,82,1,6,31,89,0.7416666666666667,0.25833333333333336,0.041666666666666664,0.004194188477742853,0.7833333333333333
environment,gate5a_id_unsw,cluster_preserving_scaling_alpha_0.100,adaptive,scaling_drift,0.1,I_X,union,120,106,0.8833333333333333,11,0.09166666666666666,95,0,11,14,106,0.8833333333333333,0.48333333333333334,0.15833333333333333,0.010220125203213448,0.8833333333333333
environment,gate5a_id_unsw,cluster_preserving_scaling_alpha_0.100,adaptive,scaling_drift,0.1,I_X,family,120,102,0.85,0,0.0,102,0,0,18,106,0.8833333333333333,0.48333333333333334,0.15833333333333333,0.010220125203213448,0.8833333333333333
environment,gate5a_id_unsw,cluster_preserving_scaling_alpha_0.100,adaptive,scaling_drift,0.1,I_XF,union,120,112,0.9333333333333333,24,0.2,88,0,24,8,106,0.8833333333333333,0.48333333333333334,0.15833333333333333,0.010220125203213448,0.8833333333333333
environment,gate5a_id_unsw,cluster_preserving_scaling_alpha_0.100,adaptive,scaling_drift,0.1,I_XF,family,120,107,0.8916666666666667,7,0.058333333333333334,100,0,7,13,106,0.8833333333333333,0.48333333333333334,0.15833333333333333,0.010220125203213448,0.8833333333333333
environment,gate5a_id_unsw,cluster_preserving_scaling_alpha_0.250,adaptive,scaling_drift,0.25,I_X,union,120,116,0.9666666666666667,11,0.09166666666666666,105,0,11,4,108,0.9,0.5666666666666667,0.25833333333333336,0.03224730997941378,0.9416666666666667
environment,gate5a_id_unsw,cluster_preserving_scaling_alpha_0.250,adaptive,scaling_drift,0.25,I_X,family,120,113,0.9416666666666667,0,0.0,113,0,0,7,108,0.9,0.5666666666666667,0.25833333333333336,0.03224730997941378,0.9416666666666667
environment,gate5a_id_unsw,cluster_preserving_scaling_alpha_0.250,adaptive,scaling_drift,0.25,I_XF,union,120,120,1.0,24,0.2,96,0,24,0,108,0.9,0.5666666666666667,0.25833333333333336,0.03224730997941378,0.9416666666666667
environment,gate5a_id_unsw,cluster_preserving_scaling_alpha_0.250,adaptive,scaling_drift,0.25,I_XF,family,120,117,0.975,7,0.058333333333333334,110,0,7,3,108,0.9,0.5666666666666667,0.25833333333333336,0.03224730997941378,0.9416666666666667
environment,gate5a_id_unsw,cluster_preserving_scaling_alpha_0.500,adaptive,scaling_drift,0.5,I_X,union,120,119,0.9916666666666667,11,0.09166666666666666,108,0,11,1,116,0.9666666666666667,0.675,0.5416666666666666,0.08480963626448358,0.9833333333333333
environment,gate5a_id_unsw,cluster_preserving_scaling_alpha_0.500,adaptive,scaling_drift,0.5,I_X,family,120,118,0.9833333333333333,0,0.0,118,0,0,2,116,0.9666666666666667,0.675,0.5416666666666666,0.08480963626448358,0.9833333333333333
environment,gate5a_id_unsw,cluster_preserving_scaling_alpha_0.500,adaptive,scaling_drift,0.5,I_XF,union,120,119,0.9916666666666667,24,0.2,95,0,24,1,116,0.9666666666666667,0.675,0.5416666666666666,0.08480963626448358,0.9833333333333333
environment,gate5a_id_unsw,cluster_preserving_scaling_alpha_0.500,adaptive,scaling_drift,0.5,I_XF,family,120,119,0.9916666666666667,7,0.058333333333333334,112,0,7,1,116,0.9666666666666667,0.675,0.5416666666666666,0.08480963626448358,0.9833333333333333
environment,gate5a_id_unsw,mean_shift_pf_delta_0.020,control,mean_shift,0.02,I_X,union,120,120,1.0,11,0.09166666666666666,109,0,11,0,48,0.4,0.025,0.008333333333333333,-0.0004838281279377117,0.425
environment,gate5a_id_unsw,mean_shift_pf_delta_0.020,control,mean_shift,0.02,I_X,family,120,120,1.0,0,0.0,120,0,0,0,48,0.4,0.025,0.008333333333333333,-0.0004838281279377117,0.425
environment,gate5a_id_unsw,mean_shift_pf_delta_0.020,control,mean_shift,0.02,I_XF,union,120,120,1.0,24,0.2,96,0,24,0,48,0.4,0.025,0.008333333333333333,-0.0004838281279377117,0.425
environment,gate5a_id_unsw,mean_shift_pf_delta_0.020,control,mean_shift,0.02,I_XF,family,120,120,1.0,7,0.058333333333333334,113,0,7,0,48,0.4,0.025,0.008333333333333333,-0.0004838281279377117,0.425
environment,gate5a_id_unsw,mean_shift_pf_delta_0.050,control,mean_shift,0.05,I_X,union,120,120,1.0,11,0.09166666666666666,109,0,11,0,82,0.6833333333333333,0.14166666666666666,0.008333333333333333,-0.0028728037209904797,0.7
environment,gate5a_id_unsw,mean_shift_pf_delta_0.050,control,mean_shift,0.05,I_X,family,120,120,1.0,0,0.0,120,0,0,0,82,0.6833333333333333,0.14166666666666666,0.008333333333333333,-0.0028728037209904797,0.7
environment,gate5a_id_unsw,mean_shift_pf_delta_0.050,control,mean_shift,0.05,I_XF,union,120,120,1.0,24,0.2,96,0,24,0,82,0.6833333333333333,0.14166666666666666,0.008333333333333333,-0.0028728037209904797,0.7
environment,gate5a_id_unsw,mean_shift_pf_delta_0.050,control,mean_shift,0.05,I_XF,family,120,120,1.0,7,0.058333333333333334,113,0,7,0,82,0.6833333333333333,0.14166666666666666,0.008333333333333333,-0.0028728037209904797,0.7
environment,gate5a_id_unsw,mean_shift_pf_delta_0.100,control,mean_shift,0.1,I_X,union,120,120,1.0,11,0.09166666666666666,109,0,11,0,94,0.7833333333333333,0.3333333333333333,0.15833333333333333,0.02945655886782094,0.8
environment,gate5a_id_unsw,mean_shift_pf_delta_0.100,control,mean_shift,0.1,I_X,family,120,120,1.0,0,0.0,120,0,0,0,94,0.7833333333333333,0.3333333333333333,0.15833333333333333,0.02945655886782094,0.8
environment,gate5a_id_unsw,mean_shift_pf_delta_0.100,control,mean_shift,0.1,I_XF,union,120,120,1.0,24,0.2,96,0,24,0,94,0.7833333333333333,0.3333333333333333,0.15833333333333333,0.02945655886782094,0.8
environment,gate5a_id_unsw,mean_shift_pf_delta_0.100,control,mean_shift,0.1,I_XF,family,120,120,1.0,7,0.058333333333333334,113,0,7,0,94,0.7833333333333333,0.3333333333333333,0.15833333333333333,0.02945655886782094,0.8
environment,gate5a_id_unsw,scaling_drift_alpha_0.020,control,scaling_drift,0.02,I_X,union,120,120,1.0,11,0.09166666666666666,109,0,11,0,76,0.6333333333333333,0.15833333333333333,0.0,0.00047937108743102697,0.65
environment,gate5a_id_unsw,scaling_drift_alpha_0.020,control,scaling_drift,0.02,I_X,family,120,120,1.0,0,0.0,120,0,0,0,76,0.6333333333333333,0.15833333333333333,0.0,0.00047937108743102697,0.65
environment,gate5a_id_unsw,scaling_drift_alpha_0.020,control,scaling_drift,0.02,I_XF,union,120,120,1.0,24,0.2,96,0,24,0,76,0.6333333333333333,0.15833333333333333,0.0,0.00047937108743102697,0.65
environment,gate5a_id_unsw,scaling_drift_alpha_0.020,control,scaling_drift,0.02,I_XF,family,120,120,1.0,7,0.058333333333333334,113,0,7,0,76,0.6333333333333333,0.15833333333333333,0.0,0.00047937108743102697,0.65
environment,gate5a_id_unsw,scaling_drift_alpha_0.050,control,scaling_drift,0.05,I_X,union,120,120,1.0,11,0.09166666666666666,109,0,11,0,88,0.7333333333333333,0.425,0.16666666666666666,0.018287417199968813,0.7666666666666667
environment,gate5a_id_unsw,scaling_drift_alpha_0.050,control,scaling_drift,0.05,I_X,family,120,120,1.0,0,0.0,120,0,0,0,88,0.7333333333333333,0.425,0.16666666666666666,0.018287417199968813,0.7666666666666667
environment,gate5a_id_unsw,scaling_drift_alpha_0.050,control,scaling_drift,0.05,I_XF,union,120,120,1.0,24,0.2,96,0,24,0,88,0.7333333333333333,0.425,0.16666666666666666,0.018287417199968813,0.7666666666666667
environment,gate5a_id_unsw,scaling_drift_alpha_0.050,control,scaling_drift,0.05,I_XF,family,120,120,1.0,7,0.058333333333333334,113,0,7,0,88,0.7333333333333333,0.425,0.16666666666666666,0.018287417199968813,0.7666666666666667
environment,gate5a_id_unsw,scaling_drift_alpha_0.100,control,scaling_drift,0.1,I_X,union,120,120,1.0,11,0.09166666666666666,109,0,11,0,104,0.8666666666666667,0.5583333333333333,0.3333333333333333,0.05722507543923926,0.8833333333333333
environment,gate5a_id_unsw,scaling_drift_alpha_0.100,control,scaling_drift,0.1,I_X,family,120,120,1.0,0,0.0,120,0,0,0,104,0.8666666666666667,0.5583333333333333,0.3333333333333333,0.05722507543923926,0.8833333333333333
environment,gate5a_id_unsw,scaling_drift_alpha_0.100,control,scaling_drift,0.1,I_XF,union,120,120,1.0,24,0.2,96,0,24,0,104,0.8666666666666667,0.5583333333333333,0.3333333333333333,0.05722507543923926,0.8833333333333333
environment,gate5a_id_unsw,scaling_drift_alpha_0.100,control,scaling_drift,0.1,I_XF,family,120,120,1.0,7,0.058333333333333334,113,0,7,0,104,0.8666666666666667,0.5583333333333333,0.3333333333333333,0.05722507543923926,0.8833333333333333
environment,gate5b_id_ton_iot,cluster_preserving_mean_shift_delta_0.020,adaptive,mean_shift,0.02,I_X,union,120,51,0.425,35,0.2916666666666667,16,0,35,69,30,0.25,0.058333333333333334,0.0,0.0006176290051629576,0.26666666666666666
environment,gate5b_id_ton_iot,cluster_preserving_mean_shift_delta_0.020,adaptive,mean_shift,0.02,I_X,family,120,32,0.26666666666666666,12,0.1,20,0,12,88,30,0.25,0.058333333333333334,0.0,0.0006176290051629576,0.26666666666666666
environment,gate5b_id_ton_iot,cluster_preserving_mean_shift_delta_0.020,adaptive,mean_shift,0.02,I_XF,union,120,81,0.675,43,0.35833333333333334,38,0,43,39,30,0.25,0.058333333333333334,0.0,0.0006176290051629576,0.26666666666666666
environment,gate5b_id_ton_iot,cluster_preserving_mean_shift_delta_0.020,adaptive,mean_shift,0.02,I_XF,family,120,56,0.4666666666666667,14,0.11666666666666667,42,0,14,64,30,0.25,0.058333333333333334,0.0,0.0006176290051629576,0.26666666666666666
environment,gate5b_id_ton_iot,cluster_preserving_mean_shift_delta_0.050,adaptive,mean_shift,0.05,I_X,union,120,62,0.5166666666666667,35,0.2916666666666667,27,0,35,58,64,0.5333333333333333,0.13333333333333333,0.03333333333333333,-0.0027161586945334314,0.5583333333333333
environment,gate5b_id_ton_iot,cluster_preserving_mean_shift_delta_0.050,adaptive,mean_shift,0.05,I_X,family,120,41,0.3416666666666667,12,0.1,29,0,12,79,64,0.5333333333333333,0.13333333333333333,0.03333333333333333,-0.0027161586945334314,0.5583333333333333
environment,gate5b_id_ton_iot,cluster_preserving_mean_shift_delta_0.050,adaptive,mean_shift,0.05,I_XF,union,120,100,0.8333333333333334,43,0.35833333333333334,58,1,42,19,64,0.5333333333333333,0.13333333333333333,0.03333333333333333,-0.0027161586945334314,0.5583333333333333
environment,gate5b_id_ton_iot,cluster_preserving_mean_shift_delta_0.050,adaptive,mean_shift,0.05,I_XF,family,120,79,0.6583333333333333,14,0.11666666666666667,65,0,14,41,64,0.5333333333333333,0.13333333333333333,0.03333333333333333,-0.0027161586945334314,0.5583333333333333
environment,gate5b_id_ton_iot,cluster_preserving_mean_shift_delta_0.100,adaptive,mean_shift,0.1,I_X,union,120,99,0.825,35,0.2916666666666667,64,0,35,21,76,0.6333333333333333,0.325,0.13333333333333333,0.00035852781557978695,0.6416666666666667
environment,gate5b_id_ton_iot,cluster_preserving_mean_shift_delta_0.100,adaptive,mean_shift,0.1,I_X,family,120,73,0.6083333333333333,12,0.1,61,0,12,47,76,0.6333333333333333,0.325,0.13333333333333333,0.00035852781557978695,0.6416666666666667
environment,gate5b_id_ton_iot,cluster_preserving_mean_shift_delta_0.100,adaptive,mean_shift,0.1,I_XF,union,120,111,0.925,43,0.35833333333333334,68,0,43,9,76,0.6333333333333333,0.325,0.13333333333333333,0.00035852781557978695,0.6416666666666667
environment,gate5b_id_ton_iot,cluster_preserving_mean_shift_delta_0.100,adaptive,mean_shift,0.1,I_XF,family,120,95,0.7916666666666666,14,0.11666666666666667,81,0,14,25,76,0.6333333333333333,0.325,0.13333333333333333,0.00035852781557978695,0.6416666666666667
environment,gate5b_id_ton_iot,cluster_preserving_mean_shift_delta_0.250,adaptive,mean_shift,0.25,I_X,union,120,119,0.9916666666666667,35,0.2916666666666667,84,0,35,1,101,0.8416666666666667,0.55,0.24166666666666667,0.01622963755524188,0.85
environment,gate5b_id_ton_iot,cluster_preserving_mean_shift_delta_0.250,adaptive,mean_shift,0.25,I_X,family,120,103,0.8583333333333333,12,0.1,91,0,12,17,101,0.8416666666666667,0.55,0.24166666666666667,0.01622963755524188,0.85
environment,gate5b_id_ton_iot,cluster_preserving_mean_shift_delta_0.250,adaptive,mean_shift,0.25,I_XF,union,120,120,1.0,43,0.35833333333333334,77,0,43,0,101,0.8416666666666667,0.55,0.24166666666666667,0.01622963755524188,0.85
environment,gate5b_id_ton_iot,cluster_preserving_mean_shift_delta_0.250,adaptive,mean_shift,0.25,I_XF,family,120,116,0.9666666666666667,14,0.11666666666666667,102,0,14,4,101,0.8416666666666667,0.55,0.24166666666666667,0.01622963755524188,0.85
environment,gate5b_id_ton_iot,cluster_preserving_mean_shift_delta_0.500,adaptive,mean_shift,0.5,I_X,union,120,120,1.0,35,0.2916666666666667,85,0,35,0,108,0.9,0.675,0.4166666666666667,0.038945724329942054,0.9083333333333333
environment,gate5b_id_ton_iot,cluster_preserving_mean_shift_delta_0.500,adaptive,mean_shift,0.5,I_X,family,120,120,1.0,12,0.1,108,0,12,0,108,0.9,0.675,0.4166666666666667,0.038945724329942054,0.9083333333333333
environment,gate5b_id_ton_iot,cluster_preserving_mean_shift_delta_0.500,adaptive,mean_shift,0.5,I_XF,union,120,120,1.0,43,0.35833333333333334,77,0,43,0,108,0.9,0.675,0.4166666666666667,0.038945724329942054,0.9083333333333333
environment,gate5b_id_ton_iot,cluster_preserving_mean_shift_delta_0.500,adaptive,mean_shift,0.5,I_XF,family,120,120,1.0,14,0.11666666666666667,106,0,14,0,108,0.9,0.675,0.4166666666666667,0.038945724329942054,0.9083333333333333
environment,gate5b_id_ton_iot,cluster_preserving_scaling_alpha_0.020,adaptive,scaling_drift,0.02,I_X,union,120,56,0.4666666666666667,35,0.2916666666666667,21,0,35,64,64,0.5333333333333333,0.09166666666666666,0.016666666666666666,0.00045029679675241083,0.5416666666666666
environment,gate5b_id_ton_iot,cluster_preserving_scaling_alpha_0.020,adaptive,scaling_drift,0.02,I_X,family,120,37,0.30833333333333335,12,0.1,25,0,12,83,64,0.5333333333333333,0.09166666666666666,0.016666666666666666,0.00045029679675241083,0.5416666666666666
environment,gate5b_id_ton_iot,cluster_preserving_scaling_alpha_0.020,adaptive,scaling_drift,0.02,I_XF,union,120,85,0.7083333333333334,43,0.35833333333333334,43,1,42,34,64,0.5333333333333333,0.09166666666666666,0.016666666666666666,0.00045029679675241083,0.5416666666666666
environment,gate5b_id_ton_iot,cluster_preserving_scaling_alpha_0.020,adaptive,scaling_drift,0.02,I_XF,family,120,64,0.5333333333333333,14,0.11666666666666667,50,0,14,56,64,0.5333333333333333,0.09166666666666666,0.016666666666666666,0.00045029679675241083,0.5416666666666666
environment,gate5b_id_ton_iot,cluster_preserving_scaling_alpha_0.050,adaptive,scaling_drift,0.05,I_X,union,120,74,0.6166666666666667,35,0.2916666666666667,39,0,35,46,84,0.7,0.3333333333333333,0.16666666666666666,0.010715862337125537,0.7083333333333334
environment,gate5b_id_ton_iot,cluster_preserving_scaling_alpha_0.050,adaptive,scaling_drift,0.05,I_X,family,120,49,0.4083333333333333,12,0.1,37,0,12,71,84,0.7,0.3333333333333333,0.16666666666666666,0.010715862337125537,0.7083333333333334
environment,gate5b_id_ton_iot,cluster_preserving_scaling_alpha_0.050,adaptive,scaling_drift,0.05,I_XF,union,120,99,0.825,43,0.35833333333333334,56,0,43,21,84,0.7,0.3333333333333333,0.16666666666666666,0.010715862337125537,0.7083333333333334
environment,gate5b_id_ton_iot,cluster_preserving_scaling_alpha_0.050,adaptive,scaling_drift,0.05,I_XF,family,120,79,0.6583333333333333,14,0.11666666666666667,65,0,14,41,84,0.7,0.3333333333333333,0.16666666666666666,0.010715862337125537,0.7083333333333334
environment,gate5b_id_ton_iot,cluster_preserving_scaling_alpha_0.100,adaptive,scaling_drift,0.1,I_X,union,120,106,0.8833333333333333,35,0.2916666666666667,71,0,35,14,95,0.7916666666666666,0.45,0.23333333333333334,0.022978800082886164,0.7916666666666666
environment,gate5b_id_ton_iot,cluster_preserving_scaling_alpha_0.100,adaptive,scaling_drift,0.1,I_X,family,120,87,0.725,12,0.1,75,0,12,33,95,0.7916666666666666,0.45,0.23333333333333334,0.022978800082886164,0.7916666666666666
environment,gate5b_id_ton_iot,cluster_preserving_scaling_alpha_0.100,adaptive,scaling_drift,0.1,I_XF,union,120,110,0.9166666666666666,43,0.35833333333333334,67,0,43,10,95,0.7916666666666666,0.45,0.23333333333333334,0.022978800082886164,0.7916666666666666
environment,gate5b_id_ton_iot,cluster_preserving_scaling_alpha_0.100,adaptive,scaling_drift,0.1,I_XF,family,120,103,0.8583333333333333,14,0.11666666666666667,89,0,14,17,95,0.7916666666666666,0.45,0.23333333333333334,0.022978800082886164,0.7916666666666666
environment,gate5b_id_ton_iot,cluster_preserving_scaling_alpha_0.250,adaptive,scaling_drift,0.25,I_X,union,120,113,0.9416666666666667,35,0.2916666666666667,78,0,35,7,107,0.8916666666666667,0.625,0.39166666666666666,0.039108608971379036,0.8916666666666667
environment,gate5b_id_ton_iot,cluster_preserving_scaling_alpha_0.250,adaptive,scaling_drift,0.25,I_X,family,120,107,0.8916666666666667,12,0.1,95,0,12,13,107,0.8916666666666667,0.625,0.39166666666666666,0.039108608971379036,0.8916666666666667
environment,gate5b_id_ton_iot,cluster_preserving_scaling_alpha_0.250,adaptive,scaling_drift,0.25,I_XF,union,120,116,0.9666666666666667,43,0.35833333333333334,73,0,43,4,107,0.8916666666666667,0.625,0.39166666666666666,0.039108608971379036,0.8916666666666667
environment,gate5b_id_ton_iot,cluster_preserving_scaling_alpha_0.250,adaptive,scaling_drift,0.25,I_XF,family,120,112,0.9333333333333333,14,0.11666666666666667,98,0,14,8,107,0.8916666666666667,0.625,0.39166666666666666,0.039108608971379036,0.8916666666666667
environment,gate5b_id_ton_iot,cluster_preserving_scaling_alpha_0.500,adaptive,scaling_drift,0.5,I_X,union,120,114,0.95,35,0.2916666666666667,79,0,35,6,117,0.975,0.6416666666666667,0.3333333333333333,0.03753151053494553,0.975
environment,gate5b_id_ton_iot,cluster_preserving_scaling_alpha_0.500,adaptive,scaling_drift,0.5,I_X,family,120,113,0.9416666666666667,12,0.1,101,0,12,7,117,0.975,0.6416666666666667,0.3333333333333333,0.03753151053494553,0.975
environment,gate5b_id_ton_iot,cluster_preserving_scaling_alpha_0.500,adaptive,scaling_drift,0.5,I_XF,union,120,116,0.9666666666666667,43,0.35833333333333334,73,0,43,4,117,0.975,0.6416666666666667,0.3333333333333333,0.03753151053494553,0.975
environment,gate5b_id_ton_iot,cluster_preserving_scaling_alpha_0.500,adaptive,scaling_drift,0.5,I_XF,family,120,116,0.9666666666666667,14,0.11666666666666667,102,0,14,4,117,0.975,0.6416666666666667,0.3333333333333333,0.03753151053494553,0.975
environment,gate5b_id_ton_iot,mean_shift_pf_delta_0.020,control,mean_shift,0.02,I_X,union,120,120,1.0,35,0.2916666666666667,85,0,35,0,60,0.5,0.25,0.13333333333333333,0.013041755257248431,0.5083333333333333
environment,gate5b_id_ton_iot,mean_shift_pf_delta_0.020,control,mean_shift,0.02,I_X,family,120,120,1.0,12,0.1,108,0,12,0,60,0.5,0.25,0.13333333333333333,0.013041755257248431,0.5083333333333333
environment,gate5b_id_ton_iot,mean_shift_pf_delta_0.020,control,mean_shift,0.02,I_XF,union,120,120,1.0,43,0.35833333333333334,77,0,43,0,60,0.5,0.25,0.13333333333333333,0.013041755257248431,0.5083333333333333
environment,gate5b_id_ton_iot,mean_shift_pf_delta_0.020,control,mean_shift,0.02,I_XF,family,120,120,1.0,14,0.11666666666666667,106,0,14,0,60,0.5,0.25,0.13333333333333333,0.013041755257248431,0.5083333333333333
environment,gate5b_id_ton_iot,mean_shift_pf_delta_0.050,control,mean_shift,0.05,I_X,union,120,120,1.0,35,0.2916666666666667,85,0,35,0,79,0.6583333333333333,0.35833333333333334,0.26666666666666666,0.028963999862743842,0.6583333333333333
environment,gate5b_id_ton_iot,mean_shift_pf_delta_0.050,control,mean_shift,0.05,I_X,family,120,120,1.0,12,0.1,108,0,12,0,79,0.6583333333333333,0.35833333333333334,0.26666666666666666,0.028963999862743842,0.6583333333333333
environment,gate5b_id_ton_iot,mean_shift_pf_delta_0.050,control,mean_shift,0.05,I_XF,union,120,120,1.0,43,0.35833333333333334,77,0,43,0,79,0.6583333333333333,0.35833333333333334,0.26666666666666666,0.028963999862743842,0.6583333333333333
environment,gate5b_id_ton_iot,mean_shift_pf_delta_0.050,control,mean_shift,0.05,I_XF,family,120,120,1.0,14,0.11666666666666667,106,0,14,0,79,0.6583333333333333,0.35833333333333334,0.26666666666666666,0.028963999862743842,0.6583333333333333
environment,gate5b_id_ton_iot,mean_shift_pf_delta_0.100,control,mean_shift,0.1,I_X,union,120,120,1.0,35,0.2916666666666667,85,0,35,0,85,0.7083333333333334,0.49166666666666664,0.39166666666666666,0.06055904997516333,0.7083333333333334
environment,gate5b_id_ton_iot,mean_shift_pf_delta_0.100,control,mean_shift,0.1,I_X,family,120,120,1.0,12,0.1,108,0,12,0,85,0.7083333333333334,0.49166666666666664,0.39166666666666666,0.06055904997516333,0.7083333333333334
environment,gate5b_id_ton_iot,mean_shift_pf_delta_0.100,control,mean_shift,0.1,I_XF,union,120,120,1.0,43,0.35833333333333334,77,0,43,0,85,0.7083333333333334,0.49166666666666664,0.39166666666666666,0.06055904997516333,0.7083333333333334
environment,gate5b_id_ton_iot,mean_shift_pf_delta_0.100,control,mean_shift,0.1,I_XF,family,120,120,1.0,14,0.11666666666666667,106,0,14,0,85,0.7083333333333334,0.49166666666666664,0.39166666666666666,0.06055904997516333,0.7083333333333334
environment,gate5b_id_ton_iot,scaling_drift_alpha_0.020,control,scaling_drift,0.02,I_X,union,120,120,1.0,35,0.2916666666666667,85,0,35,0,74,0.6166666666666667,0.38333333333333336,0.275,0.028551746582618075,0.6166666666666667
environment,gate5b_id_ton_iot,scaling_drift_alpha_0.020,control,scaling_drift,0.02,I_X,family,120,120,1.0,12,0.1,108,0,12,0,74,0.6166666666666667,0.38333333333333336,0.275,0.028551746582618075,0.6166666666666667
environment,gate5b_id_ton_iot,scaling_drift_alpha_0.020,control,scaling_drift,0.02,I_XF,union,120,120,1.0,43,0.35833333333333334,77,0,43,0,74,0.6166666666666667,0.38333333333333336,0.275,0.028551746582618075,0.6166666666666667
environment,gate5b_id_ton_iot,scaling_drift_alpha_0.020,control,scaling_drift,0.02,I_XF,family,120,120,1.0,14,0.11666666666666667,106,0,14,0,74,0.6166666666666667,0.38333333333333336,0.275,0.028551746582618075,0.6166666666666667
environment,gate5b_id_ton_iot,scaling_drift_alpha_0.050,control,scaling_drift,0.05,I_X,union,120,120,1.0,35,0.2916666666666667,85,0,35,0,91,0.7583333333333333,0.5916666666666667,0.49166666666666664,0.09016140461169807,0.7583333333333333
environment,gate5b_id_ton_iot,scaling_drift_alpha_0.050,control,scaling_drift,0.05,I_X,family,120,120,1.0,12,0.1,108,0,12,0,91,0.7583333333333333,0.5916666666666667,0.49166666666666664,0.09016140461169807,0.7583333333333333
environment,gate5b_id_ton_iot,scaling_drift_alpha_0.050,control,scaling_drift,0.05,I_XF,union,120,120,1.0,43,0.35833333333333334,77,0,43,0,91,0.7583333333333333,0.5916666666666667,0.49166666666666664,0.09016140461169807,0.7583333333333333
environment,gate5b_id_ton_iot,scaling_drift_alpha_0.050,control,scaling_drift,0.05,I_XF,family,120,120,1.0,14,0.11666666666666667,106,0,14,0,91,0.7583333333333333,0.5916666666666667,0.49166666666666664,0.09016140461169807,0.7583333333333333
environment,gate5b_id_ton_iot,scaling_drift_alpha_0.100,control,scaling_drift,0.1,I_X,union,120,120,1.0,35,0.2916666666666667,85,0,35,0,99,0.825,0.6916666666666667,0.65,0.15933688664463846,0.825
environment,gate5b_id_ton_iot,scaling_drift_alpha_0.100,control,scaling_drift,0.1,I_X,family,120,120,1.0,12,0.1,108,0,12,0,99,0.825,0.6916666666666667,0.65,0.15933688664463846,0.825
environment,gate5b_id_ton_iot,scaling_drift_alpha_0.100,control,scaling_drift,0.1,I_XF,union,120,120,1.0,43,0.35833333333333334,77,0,43,0,99,0.825,0.6916666666666667,0.65,0.15933688664463846,0.825
environment,gate5b_id_ton_iot,scaling_drift_alpha_0.100,control,scaling_drift,0.1,I_XF,family,120,120,1.0,14,0.11666666666666667,106,0,14,0,99,0.825,0.6916666666666667,0.65,0.15933688664463846,0.825
environment,gate6_ood_unsw,cluster_preserving_mean_shift_delta_0.020,adaptive,mean_shift,0.02,I_X,union,60,8,0.13333333333333333,9,0.15,0,1,8,51,14,0.23333333333333334,0.016666666666666666,0.0,-0.0005242249533236684,0.23333333333333334
environment,gate6_ood_unsw,cluster_preserving_mean_shift_delta_0.020,adaptive,mean_shift,0.02,I_X,family,60,6,0.1,5,0.08333333333333333,1,0,5,54,14,0.23333333333333334,0.016666666666666666,0.0,-0.0005242249533236684,0.23333333333333334
environment,gate6_ood_unsw,cluster_preserving_mean_shift_delta_0.020,adaptive,mean_shift,0.02,I_XF,union,60,43,0.7166666666666667,15,0.25,29,1,14,16,14,0.23333333333333334,0.016666666666666666,0.0,-0.0005242249533236684,0.23333333333333334
environment,gate6_ood_unsw,cluster_preserving_mean_shift_delta_0.020,adaptive,mean_shift,0.02,I_XF,family,60,29,0.48333333333333334,5,0.08333333333333333,25,1,4,30,14,0.23333333333333334,0.016666666666666666,0.0,-0.0005242249533236684,0.23333333333333334
environment,gate6_ood_unsw,cluster_preserving_mean_shift_delta_0.050,adaptive,mean_shift,0.05,I_X,union,60,10,0.16666666666666666,9,0.15,2,1,8,49,33,0.55,0.016666666666666666,0.0,-0.0006613969903966467,0.5833333333333334
environment,gate6_ood_unsw,cluster_preserving_mean_shift_delta_0.050,adaptive,mean_shift,0.05,I_X,family,60,10,0.16666666666666666,5,0.08333333333333333,5,0,5,50,33,0.55,0.016666666666666666,0.0,-0.0006613969903966467,0.5833333333333334
environment,gate6_ood_unsw,cluster_preserving_mean_shift_delta_0.050,adaptive,mean_shift,0.05,I_XF,union,60,43,0.7166666666666667,15,0.25,30,2,13,15,33,0.55,0.016666666666666666,0.0,-0.0006613969903966467,0.5833333333333334
environment,gate6_ood_unsw,cluster_preserving_mean_shift_delta_0.050,adaptive,mean_shift,0.05,I_XF,family,60,36,0.6,5,0.08333333333333333,32,1,4,23,33,0.55,0.016666666666666666,0.0,-0.0006613969903966467,0.5833333333333334
environment,gate6_ood_unsw,cluster_preserving_mean_shift_delta_0.100,adaptive,mean_shift,0.1,I_X,union,60,31,0.5166666666666667,9,0.15,22,0,9,29,49,0.8166666666666667,0.11666666666666667,0.016666666666666666,0.0019492372490567584,0.8166666666666667
environment,gate6_ood_unsw,cluster_preserving_mean_shift_delta_0.100,adaptive,mean_shift,0.1,I_X,family,60,26,0.43333333333333335,5,0.08333333333333333,21,0,5,34,49,0.8166666666666667,0.11666666666666667,0.016666666666666666,0.0019492372490567584,0.8166666666666667
environment,gate6_ood_unsw,cluster_preserving_mean_shift_delta_0.100,adaptive,mean_shift,0.1,I_XF,union,60,57,0.95,15,0.25,43,1,14,2,49,0.8166666666666667,0.11666666666666667,0.016666666666666666,0.0019492372490567584,0.8166666666666667
environment,gate6_ood_unsw,cluster_preserving_mean_shift_delta_0.100,adaptive,mean_shift,0.1,I_XF,family,60,53,0.8833333333333333,5,0.08333333333333333,48,0,5,7,49,0.8166666666666667,0.11666666666666667,0.016666666666666666,0.0019492372490567584,0.8166666666666667
environment,gate6_ood_unsw,cluster_preserving_mean_shift_delta_0.250,adaptive,mean_shift,0.25,I_X,union,60,55,0.9166666666666666,9,0.15,46,0,9,5,48,0.8,0.4666666666666667,0.21666666666666667,0.027271400595995057,0.8166666666666667
environment,gate6_ood_unsw,cluster_preserving_mean_shift_delta_0.250,adaptive,mean_shift,0.25,I_X,family,60,52,0.8666666666666667,5,0.08333333333333333,47,0,5,8,48,0.8,0.4666666666666667,0.21666666666666667,0.027271400595995057,0.8166666666666667
environment,gate6_ood_unsw,cluster_preserving_mean_shift_delta_0.250,adaptive,mean_shift,0.25,I_XF,union,60,60,1.0,15,0.25,45,0,15,0,48,0.8,0.4666666666666667,0.21666666666666667,0.027271400595995057,0.8166666666666667
environment,gate6_ood_unsw,cluster_preserving_mean_shift_delta_0.250,adaptive,mean_shift,0.25,I_XF,family,60,58,0.9666666666666667,5,0.08333333333333333,53,0,5,2,48,0.8,0.4666666666666667,0.21666666666666667,0.027271400595995057,0.8166666666666667
environment,gate6_ood_unsw,cluster_preserving_mean_shift_delta_0.500,adaptive,mean_shift,0.5,I_X,union,60,60,1.0,9,0.15,51,0,9,0,57,0.95,0.8166666666666667,0.7166666666666667,0.10421481484024125,0.95
environment,gate6_ood_unsw,cluster_preserving_mean_shift_delta_0.500,adaptive,mean_shift,0.5,I_X,family,60,60,1.0,5,0.08333333333333333,55,0,5,0,57,0.95,0.8166666666666667,0.7166666666666667,0.10421481484024125,0.95
environment,gate6_ood_unsw,cluster_preserving_mean_shift_delta_0.500,adaptive,mean_shift,0.5,I_XF,union,60,60,1.0,15,0.25,45,0,15,0,57,0.95,0.8166666666666667,0.7166666666666667,0.10421481484024125,0.95
environment,gate6_ood_unsw,cluster_preserving_mean_shift_delta_0.500,adaptive,mean_shift,0.5,I_XF,family,60,60,1.0,5,0.08333333333333333,55,0,5,0,57,0.95,0.8166666666666667,0.7166666666666667,0.10421481484024125,0.95
environment,gate6_ood_unsw,cluster_preserving_scaling_alpha_0.020,adaptive,scaling_drift,0.02,I_X,union,60,11,0.18333333333333332,9,0.15,4,2,7,47,24,0.4,0.06666666666666667,0.0,0.000907258720890575,0.45
environment,gate6_ood_unsw,cluster_preserving_scaling_alpha_0.020,adaptive,scaling_drift,0.02,I_X,family,60,8,0.13333333333333333,5,0.08333333333333333,3,0,5,52,24,0.4,0.06666666666666667,0.0,0.000907258720890575,0.45
environment,gate6_ood_unsw,cluster_preserving_scaling_alpha_0.020,adaptive,scaling_drift,0.02,I_XF,union,60,42,0.7,15,0.25,27,0,15,18,24,0.4,0.06666666666666667,0.0,0.000907258720890575,0.45
environment,gate6_ood_unsw,cluster_preserving_scaling_alpha_0.020,adaptive,scaling_drift,0.02,I_XF,family,60,35,0.5833333333333334,5,0.08333333333333333,30,0,5,25,24,0.4,0.06666666666666667,0.0,0.000907258720890575,0.45
environment,gate6_ood_unsw,cluster_preserving_scaling_alpha_0.050,adaptive,scaling_drift,0.05,I_X,union,60,22,0.36666666666666664,9,0.15,14,1,8,37,40,0.6666666666666666,0.18333333333333332,0.03333333333333333,0.007401448738409446,0.6833333333333333
environment,gate6_ood_unsw,cluster_preserving_scaling_alpha_0.050,adaptive,scaling_drift,0.05,I_X,family,60,20,0.3333333333333333,5,0.08333333333333333,15,0,5,40,40,0.6666666666666666,0.18333333333333332,0.03333333333333333,0.007401448738409446,0.6833333333333333
environment,gate6_ood_unsw,cluster_preserving_scaling_alpha_0.050,adaptive,scaling_drift,0.05,I_XF,union,60,45,0.75,15,0.25,30,0,15,15,40,0.6666666666666666,0.18333333333333332,0.03333333333333333,0.007401448738409446,0.6833333333333333
environment,gate6_ood_unsw,cluster_preserving_scaling_alpha_0.050,adaptive,scaling_drift,0.05,I_XF,family,60,39,0.65,5,0.08333333333333333,34,0,5,21,40,0.6666666666666666,0.18333333333333332,0.03333333333333333,0.007401448738409446,0.6833333333333333
environment,gate6_ood_unsw,cluster_preserving_scaling_alpha_0.100,adaptive,scaling_drift,0.1,I_X,union,60,34,0.5666666666666667,9,0.15,25,0,9,26,46,0.7666666666666667,0.4166666666666667,0.18333333333333332,0.019537560172236186,0.7666666666666667
environment,gate6_ood_unsw,cluster_preserving_scaling_alpha_0.100,adaptive,scaling_drift,0.1,I_X,family,60,25,0.4166666666666667,5,0.08333333333333333,20,0,5,35,46,0.7666666666666667,0.4166666666666667,0.18333333333333332,0.019537560172236186,0.7666666666666667
environment,gate6_ood_unsw,cluster_preserving_scaling_alpha_0.100,adaptive,scaling_drift,0.1,I_XF,union,60,55,0.9166666666666666,15,0.25,40,0,15,5,46,0.7666666666666667,0.4166666666666667,0.18333333333333332,0.019537560172236186,0.7666666666666667
environment,gate6_ood_unsw,cluster_preserving_scaling_alpha_0.100,adaptive,scaling_drift,0.1,I_XF,family,60,50,0.8333333333333334,5,0.08333333333333333,46,1,4,9,46,0.7666666666666667,0.4166666666666667,0.18333333333333332,0.019537560172236186,0.7666666666666667
environment,gate6_ood_unsw,cluster_preserving_scaling_alpha_0.250,adaptive,scaling_drift,0.25,I_X,union,60,45,0.75,9,0.15,36,0,9,15,48,0.8,0.55,0.43333333333333335,0.06990325999481453,0.8166666666666667
environment,gate6_ood_unsw,cluster_preserving_scaling_alpha_0.250,adaptive,scaling_drift,0.25,I_X,family,60,43,0.7166666666666667,5,0.08333333333333333,38,0,5,17,48,0.8,0.55,0.43333333333333335,0.06990325999481453,0.8166666666666667
environment,gate6_ood_unsw,cluster_preserving_scaling_alpha_0.250,adaptive,scaling_drift,0.25,I_XF,union,60,59,0.9833333333333333,15,0.25,44,0,15,1,48,0.8,0.55,0.43333333333333335,0.06990325999481453,0.8166666666666667
environment,gate6_ood_unsw,cluster_preserving_scaling_alpha_0.250,adaptive,scaling_drift,0.25,I_XF,family,60,54,0.9,5,0.08333333333333333,49,0,5,6,48,0.8,0.55,0.43333333333333335,0.06990325999481453,0.8166666666666667
environment,gate6_ood_unsw,cluster_preserving_scaling_alpha_0.500,adaptive,scaling_drift,0.5,I_X,union,60,56,0.9333333333333333,9,0.15,47,0,9,4,56,0.9333333333333333,0.7166666666666667,0.5166666666666667,0.10768241929148376,0.9333333333333333
environment,gate6_ood_unsw,cluster_preserving_scaling_alpha_0.500,adaptive,scaling_drift,0.5,I_X,family,60,52,0.8666666666666667,5,0.08333333333333333,47,0,5,8,56,0.9333333333333333,0.7166666666666667,0.5166666666666667,0.10768241929148376,0.9333333333333333
environment,gate6_ood_unsw,cluster_preserving_scaling_alpha_0.500,adaptive,scaling_drift,0.5,I_XF,union,60,60,1.0,15,0.25,45,0,15,0,56,0.9333333333333333,0.7166666666666667,0.5166666666666667,0.10768241929148376,0.9333333333333333
environment,gate6_ood_unsw,cluster_preserving_scaling_alpha_0.500,adaptive,scaling_drift,0.5,I_XF,family,60,60,1.0,5,0.08333333333333333,55,0,5,0,56,0.9333333333333333,0.7166666666666667,0.5166666666666667,0.10768241929148376,0.9333333333333333
environment,gate6_ood_unsw,mean_shift_pf_delta_0.020,control,mean_shift,0.02,I_X,union,60,60,1.0,9,0.15,51,0,9,0,26,0.43333333333333335,0.016666666666666666,0.0,-0.001012163077300062,0.4666666666666667
environment,gate6_ood_unsw,mean_shift_pf_delta_0.020,control,mean_shift,0.02,I_X,family,60,60,1.0,5,0.08333333333333333,55,0,5,0,26,0.43333333333333335,0.016666666666666666,0.0,-0.001012163077300062,0.4666666666666667
environment,gate6_ood_unsw,mean_shift_pf_delta_0.020,control,mean_shift,0.02,I_XF,union,60,60,1.0,15,0.25,45,0,15,0,26,0.43333333333333335,0.016666666666666666,0.0,-0.001012163077300062,0.4666666666666667
environment,gate6_ood_unsw,mean_shift_pf_delta_0.020,control,mean_shift,0.02,I_XF,family,60,56,0.9333333333333333,5,0.08333333333333333,51,0,5,4,26,0.43333333333333335,0.016666666666666666,0.0,-0.001012163077300062,0.4666666666666667
environment,gate6_ood_unsw,mean_shift_pf_delta_0.050,control,mean_shift,0.05,I_X,union,60,60,1.0,9,0.15,51,0,9,0,43,0.7166666666666667,0.11666666666666667,0.0,0.0011408461734297465,0.7333333333333333
environment,gate6_ood_unsw,mean_shift_pf_delta_0.050,control,mean_shift,0.05,I_X,family,60,60,1.0,5,0.08333333333333333,55,0,5,0,43,0.7166666666666667,0.11666666666666667,0.0,0.0011408461734297465,0.7333333333333333
environment,gate6_ood_unsw,mean_shift_pf_delta_0.050,control,mean_shift,0.05,I_XF,union,60,60,1.0,15,0.25,45,0,15,0,43,0.7166666666666667,0.11666666666666667,0.0,0.0011408461734297465,0.7333333333333333
environment,gate6_ood_unsw,mean_shift_pf_delta_0.050,control,mean_shift,0.05,I_XF,family,60,60,1.0,5,0.08333333333333333,55,0,5,0,43,0.7166666666666667,0.11666666666666667,0.0,0.0011408461734297465,0.7333333333333333
environment,gate6_ood_unsw,mean_shift_pf_delta_0.100,control,mean_shift,0.1,I_X,union,60,60,1.0,9,0.15,51,0,9,0,49,0.8166666666666667,0.43333333333333335,0.3,0.048130895399967774,0.8166666666666667
environment,gate6_ood_unsw,mean_shift_pf_delta_0.100,control,mean_shift,0.1,I_X,family,60,60,1.0,5,0.08333333333333333,55,0,5,0,49,0.8166666666666667,0.43333333333333335,0.3,0.048130895399967774,0.8166666666666667
environment,gate6_ood_unsw,mean_shift_pf_delta_0.100,control,mean_shift,0.1,I_XF,union,60,60,1.0,15,0.25,45,0,15,0,49,0.8166666666666667,0.43333333333333335,0.3,0.048130895399967774,0.8166666666666667
environment,gate6_ood_unsw,mean_shift_pf_delta_0.100,control,mean_shift,0.1,I_XF,family,60,60,1.0,5,0.08333333333333333,55,0,5,0,49,0.8166666666666667,0.43333333333333335,0.3,0.048130895399967774,0.8166666666666667
environment,gate6_ood_unsw,scaling_drift_alpha_0.020,control,scaling_drift,0.02,I_X,union,60,60,1.0,9,0.15,51,0,9,0,32,0.5333333333333333,0.13333333333333333,0.016666666666666666,0.003040950904298592,0.55
environment,gate6_ood_unsw,scaling_drift_alpha_0.020,control,scaling_drift,0.02,I_X,family,60,60,1.0,5,0.08333333333333333,55,0,5,0,32,0.5333333333333333,0.13333333333333333,0.016666666666666666,0.003040950904298592,0.55
environment,gate6_ood_unsw,scaling_drift_alpha_0.020,control,scaling_drift,0.02,I_XF,union,60,60,1.0,15,0.25,45,0,15,0,32,0.5333333333333333,0.13333333333333333,0.016666666666666666,0.003040950904298592,0.55
environment,gate6_ood_unsw,scaling_drift_alpha_0.020,control,scaling_drift,0.02,I_XF,family,60,58,0.9666666666666667,5,0.08333333333333333,53,0,5,2,32,0.5333333333333333,0.13333333333333333,0.016666666666666666,0.003040950904298592,0.55
environment,gate6_ood_unsw,scaling_drift_alpha_0.050,control,scaling_drift,0.05,I_X,union,60,60,1.0,9,0.15,51,0,9,0,38,0.6333333333333333,0.4166666666666667,0.35,0.05688609584112155,0.6333333333333333
environment,gate6_ood_unsw,scaling_drift_alpha_0.050,control,scaling_drift,0.05,I_X,family,60,60,1.0,5,0.08333333333333333,55,0,5,0,38,0.6333333333333333,0.4166666666666667,0.35,0.05688609584112155,0.6333333333333333
environment,gate6_ood_unsw,scaling_drift_alpha_0.050,control,scaling_drift,0.05,I_XF,union,60,60,1.0,15,0.25,45,0,15,0,38,0.6333333333333333,0.4166666666666667,0.35,0.05688609584112155,0.6333333333333333
environment,gate6_ood_unsw,scaling_drift_alpha_0.050,control,scaling_drift,0.05,I_XF,family,60,60,1.0,5,0.08333333333333333,55,0,5,0,38,0.6333333333333333,0.4166666666666667,0.35,0.05688609584112155,0.6333333333333333
environment,gate6_ood_unsw,scaling_drift_alpha_0.100,control,scaling_drift,0.1,I_X,union,60,60,1.0,9,0.15,51,0,9,0,42,0.7,0.5166666666666667,0.4666666666666667,0.11186642330016364,0.7166666666666667
environment,gate6_ood_unsw,scaling_drift_alpha_0.100,control,scaling_drift,0.1,I_X,family,60,60,1.0,5,0.08333333333333333,55,0,5,0,42,0.7,0.5166666666666667,0.4666666666666667,0.11186642330016364,0.7166666666666667
environment,gate6_ood_unsw,scaling_drift_alpha_0.100,control,scaling_drift,0.1,I_XF,union,60,60,1.0,15,0.25,45,0,15,0,42,0.7,0.5166666666666667,0.4666666666666667,0.11186642330016364,0.7166666666666667
environment,gate6_ood_unsw,scaling_drift_alpha_0.100,control,scaling_drift,0.1,I_XF,family,60,60,1.0,5,0.08333333333333333,55,0,5,0,42,0.7,0.5166666666666667,0.4666666666666667,0.11186642330016364,0.7166666666666667
branch,classical,cluster_preserving_mean_shift_delta_0.020,adaptive,mean_shift,0.02,I_X,union,240,60,0.25,35,0.14583333333333334,26,1,34,179,15,0.0625,0.004166666666666667,0.0,0.00013179299738987833,0.0625
branch,classical,cluster_preserving_mean_shift_delta_0.020,adaptive,mean_shift,0.02,I_X,family,240,40,0.16666666666666666,16,0.06666666666666667,24,0,16,200,15,0.0625,0.004166666666666667,0.0,0.00013179299738987833,0.0625
branch,classical,cluster_preserving_mean_shift_delta_0.020,adaptive,mean_shift,0.02,I_XF,union,240,97,0.4041666666666667,61,0.25416666666666665,40,4,57,139,15,0.0625,0.004166666666666667,0.0,0.00013179299738987833,0.0625
branch,classical,cluster_preserving_mean_shift_delta_0.020,adaptive,mean_shift,0.02,I_XF,family,240,42,0.175,21,0.0875,24,3,18,195,15,0.0625,0.004166666666666667,0.0,0.00013179299738987833,0.0625
branch,classical,cluster_preserving_mean_shift_delta_0.050,adaptive,mean_shift,0.05,I_X,union,240,106,0.44166666666666665,35,0.14583333333333334,73,2,33,132,39,0.1625,0.016666666666666666,0.0,-0.0003629599745362845,0.1625
branch,classical,cluster_preserving_mean_shift_delta_0.050,adaptive,mean_shift,0.05,I_X,family,240,83,0.3458333333333333,16,0.06666666666666667,67,0,16,157,39,0.1625,0.016666666666666666,0.0,-0.0003629599745362845,0.1625
branch,classical,cluster_preserving_mean_shift_delta_0.050,adaptive,mean_shift,0.05,I_XF,union,240,143,0.5958333333333333,61,0.25416666666666665,88,6,55,91,39,0.1625,0.016666666666666666,0.0,-0.0003629599745362845,0.1625
branch,classical,cluster_preserving_mean_shift_delta_0.050,adaptive,mean_shift,0.05,I_XF,family,240,86,0.35833333333333334,21,0.0875,67,2,19,152,39,0.1625,0.016666666666666666,0.0,-0.0003629599745362845,0.1625
branch,classical,cluster_preserving_mean_shift_delta_0.100,adaptive,mean_shift,0.1,I_X,union,240,160,0.6666666666666666,35,0.14583333333333334,127,2,33,78,54,0.225,0.029166666666666667,0.008333333333333333,0.0008019129451640096,0.225
branch,classical,cluster_preserving_mean_shift_delta_0.100,adaptive,mean_shift,0.1,I_X,family,240,137,0.5708333333333333,16,0.06666666666666667,121,0,16,103,54,0.225,0.029166666666666667,0.008333333333333333,0.0008019129451640096,0.225
branch,classical,cluster_preserving_mean_shift_delta_0.100,adaptive,mean_shift,0.1,I_XF,union,240,193,0.8041666666666667,61,0.25416666666666665,134,2,59,45,54,0.225,0.029166666666666667,0.008333333333333333,0.0008019129451640096,0.225
branch,classical,cluster_preserving_mean_shift_delta_0.100,adaptive,mean_shift,0.1,I_XF,family,240,154,0.6416666666666667,21,0.0875,134,1,20,85,54,0.225,0.029166666666666667,0.008333333333333333,0.0008019129451640096,0.225
branch,classical,cluster_preserving_mean_shift_delta_0.250,adaptive,mean_shift,0.25,I_X,union,240,222,0.925,35,0.14583333333333334,187,0,35,18,84,0.35,0.07916666666666666,0.0125,-0.002024326391787714,0.35833333333333334
branch,classical,cluster_preserving_mean_shift_delta_0.250,adaptive,mean_shift,0.25,I_X,family,240,208,0.8666666666666667,16,0.06666666666666667,192,0,16,32,84,0.35,0.07916666666666666,0.0125,-0.002024326391787714,0.35833333333333334
branch,classical,cluster_preserving_mean_shift_delta_0.250,adaptive,mean_shift,0.25,I_XF,union,240,231,0.9625,61,0.25416666666666665,170,0,61,9,84,0.35,0.07916666666666666,0.0125,-0.002024326391787714,0.35833333333333334
branch,classical,cluster_preserving_mean_shift_delta_0.250,adaptive,mean_shift,0.25,I_XF,family,240,212,0.8833333333333333,21,0.0875,192,1,20,27,84,0.35,0.07916666666666666,0.0125,-0.002024326391787714,0.35833333333333334
branch,classical,cluster_preserving_mean_shift_delta_0.500,adaptive,mean_shift,0.5,I_X,union,240,238,0.9916666666666667,35,0.14583333333333334,203,0,35,2,144,0.6,0.19583333333333333,0.10833333333333334,0.010092673110600747,0.6125
branch,classical,cluster_preserving_mean_shift_delta_0.500,adaptive,mean_shift,0.5,I_X,family,240,234,0.975,16,0.06666666666666667,218,0,16,6,144,0.6,0.19583333333333333,0.10833333333333334,0.010092673110600747,0.6125
branch,classical,cluster_preserving_mean_shift_delta_0.500,adaptive,mean_shift,0.5,I_XF,union,240,240,1.0,61,0.25416666666666665,179,0,61,0,144,0.6,0.19583333333333333,0.10833333333333334,0.010092673110600747,0.6125
branch,classical,cluster_preserving_mean_shift_delta_0.500,adaptive,mean_shift,0.5,I_XF,family,240,235,0.9791666666666666,21,0.0875,214,0,21,5,144,0.6,0.19583333333333333,0.10833333333333334,0.010092673110600747,0.6125
branch,classical,cluster_preserving_scaling_alpha_0.020,adaptive,scaling_drift,0.02,I_X,union,240,55,0.22916666666666666,35,0.14583333333333334,22,2,33,183,14,0.058333333333333334,0.0,0.0,-8.60641135041442e-05,0.058333333333333334
branch,classical,cluster_preserving_scaling_alpha_0.020,adaptive,scaling_drift,0.02,I_X,family,240,32,0.13333333333333333,16,0.06666666666666667,17,1,15,207,14,0.058333333333333334,0.0,0.0,-8.60641135041442e-05,0.058333333333333334
branch,classical,cluster_preserving_scaling_alpha_0.020,adaptive,scaling_drift,0.02,I_XF,union,240,89,0.37083333333333335,61,0.25416666666666665,31,3,58,148,14,0.058333333333333334,0.0,0.0,-8.60641135041442e-05,0.058333333333333334
branch,classical,cluster_preserving_scaling_alpha_0.020,adaptive,scaling_drift,0.02,I_XF,family,240,43,0.17916666666666667,21,0.0875,23,1,20,196,14,0.058333333333333334,0.0,0.0,-8.60641135041442e-05,0.058333333333333334
branch,classical,cluster_preserving_scaling_alpha_0.050,adaptive,scaling_drift,0.05,I_X,union,240,107,0.44583333333333336,35,0.14583333333333334,73,1,34,132,44,0.18333333333333332,0.004166666666666667,0.0,0.00010855114634306498,0.1875
branch,classical,cluster_preserving_scaling_alpha_0.050,adaptive,scaling_drift,0.05,I_X,family,240,91,0.37916666666666665,16,0.06666666666666667,75,0,16,149,44,0.18333333333333332,0.004166666666666667,0.0,0.00010855114634306498,0.1875
branch,classical,cluster_preserving_scaling_alpha_0.050,adaptive,scaling_drift,0.05,I_XF,union,240,141,0.5875,61,0.25416666666666665,81,1,60,98,44,0.18333333333333332,0.004166666666666667,0.0,0.00010855114634306498,0.1875
branch,classical,cluster_preserving_scaling_alpha_0.050,adaptive,scaling_drift,0.05,I_XF,family,240,102,0.425,21,0.0875,82,1,20,137,44,0.18333333333333332,0.004166666666666667,0.0,0.00010855114634306498,0.1875
branch,classical,cluster_preserving_scaling_alpha_0.100,adaptive,scaling_drift,0.1,I_X,union,240,142,0.5916666666666667,35,0.14583333333333334,107,0,35,98,72,0.3,0.025,0.0,0.00038958690963965546,0.30833333333333335
branch,classical,cluster_preserving_scaling_alpha_0.100,adaptive,scaling_drift,0.1,I_X,family,240,118,0.49166666666666664,16,0.06666666666666667,102,0,16,122,72,0.3,0.025,0.0,0.00038958690963965546,0.30833333333333335
branch,classical,cluster_preserving_scaling_alpha_0.100,adaptive,scaling_drift,0.1,I_XF,union,240,177,0.7375,61,0.25416666666666665,118,2,59,61,72,0.3,0.025,0.0,0.00038958690963965546,0.30833333333333335
branch,classical,cluster_preserving_scaling_alpha_0.100,adaptive,scaling_drift,0.1,I_XF,family,240,142,0.5916666666666667,21,0.0875,122,1,20,97,72,0.3,0.025,0.0,0.00038958690963965546,0.30833333333333335
branch,classical,cluster_preserving_scaling_alpha_0.250,adaptive,scaling_drift,0.25,I_X,union,240,175,0.7291666666666666,35,0.14583333333333334,140,0,35,65,118,0.49166666666666664,0.07083333333333333,0.008333333333333333,0.0010922023754462093,0.5208333333333334
branch,classical,cluster_preserving_scaling_alpha_0.250,adaptive,scaling_drift,0.25,I_X,family,240,157,0.6541666666666667,16,0.06666666666666667,141,0,16,83,118,0.49166666666666664,0.07083333333333333,0.008333333333333333,0.0010922023754462093,0.5208333333333334
branch,classical,cluster_preserving_scaling_alpha_0.250,adaptive,scaling_drift,0.25,I_XF,union,240,210,0.875,61,0.25416666666666665,149,0,61,30,118,0.49166666666666664,0.07083333333333333,0.008333333333333333,0.0010922023754462093,0.5208333333333334
branch,classical,cluster_preserving_scaling_alpha_0.250,adaptive,scaling_drift,0.25,I_XF,family,240,180,0.75,21,0.0875,159,0,21,60,118,0.49166666666666664,0.07083333333333333,0.008333333333333333,0.0010922023754462093,0.5208333333333334
branch,classical,cluster_preserving_scaling_alpha_0.500,adaptive,scaling_drift,0.5,I_X,union,240,208,0.8666666666666667,35,0.14583333333333334,173,0,35,32,173,0.7208333333333333,0.2,0.041666666666666664,0.005634743025720811,0.7541666666666667
branch,classical,cluster_preserving_scaling_alpha_0.500,adaptive,scaling_drift,0.5,I_X,family,240,187,0.7791666666666667,16,0.06666666666666667,171,0,16,53,173,0.7208333333333333,0.2,0.041666666666666664,0.005634743025720811,0.7541666666666667
branch,classical,cluster_preserving_scaling_alpha_0.500,adaptive,scaling_drift,0.5,I_XF,union,240,223,0.9291666666666667,61,0.25416666666666665,162,0,61,17,173,0.7208333333333333,0.2,0.041666666666666664,0.005634743025720811,0.7541666666666667
branch,classical,cluster_preserving_scaling_alpha_0.500,adaptive,scaling_drift,0.5,I_XF,family,240,196,0.8166666666666667,21,0.0875,176,1,20,43,173,0.7208333333333333,0.2,0.041666666666666664,0.005634743025720811,0.7541666666666667
branch,classical,mean_shift_pf_delta_0.020,control,mean_shift,0.02,I_X,union,240,240,1.0,35,0.14583333333333334,205,0,35,0,23,0.09583333333333334,0.016666666666666666,0.004166666666666667,-0.00044078945167142007,0.09583333333333334
branch,classical,mean_shift_pf_delta_0.020,control,mean_shift,0.02,I_X,family,240,240,1.0,16,0.06666666666666667,224,0,16,0,23,0.09583333333333334,0.016666666666666666,0.004166666666666667,-0.00044078945167142007,0.09583333333333334
branch,classical,mean_shift_pf_delta_0.020,control,mean_shift,0.02,I_XF,union,240,240,1.0,61,0.25416666666666665,179,0,61,0,23,0.09583333333333334,0.016666666666666666,0.004166666666666667,-0.00044078945167142007,0.09583333333333334
branch,classical,mean_shift_pf_delta_0.020,control,mean_shift,0.02,I_XF,family,240,237,0.9875,21,0.0875,216,0,21,3,23,0.09583333333333334,0.016666666666666666,0.004166666666666667,-0.00044078945167142007,0.09583333333333334
branch,classical,mean_shift_pf_delta_0.050,control,mean_shift,0.05,I_X,union,240,240,1.0,35,0.14583333333333334,205,0,35,0,35,0.14583333333333334,0.025,0.004166666666666667,-3.665955404793416e-05,0.14583333333333334
branch,classical,mean_shift_pf_delta_0.050,control,mean_shift,0.05,I_X,family,240,240,1.0,16,0.06666666666666667,224,0,16,0,35,0.14583333333333334,0.025,0.004166666666666667,-3.665955404793416e-05,0.14583333333333334
branch,classical,mean_shift_pf_delta_0.050,control,mean_shift,0.05,I_XF,union,240,240,1.0,61,0.25416666666666665,179,0,61,0,35,0.14583333333333334,0.025,0.004166666666666667,-3.665955404793416e-05,0.14583333333333334
branch,classical,mean_shift_pf_delta_0.050,control,mean_shift,0.05,I_XF,family,240,240,1.0,21,0.0875,219,0,21,0,35,0.14583333333333334,0.025,0.004166666666666667,-3.665955404793416e-05,0.14583333333333334
branch,classical,mean_shift_pf_delta_0.100,control,mean_shift,0.1,I_X,union,240,240,1.0,35,0.14583333333333334,205,0,35,0,62,0.25833333333333336,0.058333333333333334,0.029166666666666667,0.00020021102770167702,0.2625
branch,classical,mean_shift_pf_delta_0.100,control,mean_shift,0.1,I_X,family,240,240,1.0,16,0.06666666666666667,224,0,16,0,62,0.25833333333333336,0.058333333333333334,0.029166666666666667,0.00020021102770167702,0.2625
branch,classical,mean_shift_pf_delta_0.100,control,mean_shift,0.1,I_XF,union,240,240,1.0,61,0.25416666666666665,179,0,61,0,62,0.25833333333333336,0.058333333333333334,0.029166666666666667,0.00020021102770167702,0.2625
branch,classical,mean_shift_pf_delta_0.100,control,mean_shift,0.1,I_XF,family,240,240,1.0,21,0.0875,219,0,21,0,62,0.25833333333333336,0.058333333333333334,0.029166666666666667,0.00020021102770167702,0.2625
branch,classical,scaling_drift_alpha_0.020,control,scaling_drift,0.02,I_X,union,240,240,1.0,35,0.14583333333333334,205,0,35,0,16,0.06666666666666667,0.0,0.0,-7.767710330554003e-05,0.06666666666666667
branch,classical,scaling_drift_alpha_0.020,control,scaling_drift,0.02,I_X,family,240,240,1.0,16,0.06666666666666667,224,0,16,0,16,0.06666666666666667,0.0,0.0,-7.767710330554003e-05,0.06666666666666667
branch,classical,scaling_drift_alpha_0.020,control,scaling_drift,0.02,I_XF,union,240,240,1.0,61,0.25416666666666665,179,0,61,0,16,0.06666666666666667,0.0,0.0,-7.767710330554003e-05,0.06666666666666667
branch,classical,scaling_drift_alpha_0.020,control,scaling_drift,0.02,I_XF,family,240,238,0.9916666666666667,21,0.0875,217,0,21,2,16,0.06666666666666667,0.0,0.0,-7.767710330554003e-05,0.06666666666666667
branch,classical,scaling_drift_alpha_0.050,control,scaling_drift,0.05,I_X,union,240,240,1.0,35,0.14583333333333334,205,0,35,0,40,0.16666666666666666,0.0125,0.004166666666666667,1.738200184349375e-05,0.17083333333333334
branch,classical,scaling_drift_alpha_0.050,control,scaling_drift,0.05,I_X,family,240,240,1.0,16,0.06666666666666667,224,0,16,0,40,0.16666666666666666,0.0125,0.004166666666666667,1.738200184349375e-05,0.17083333333333334
branch,classical,scaling_drift_alpha_0.050,control,scaling_drift,0.05,I_XF,union,240,240,1.0,61,0.25416666666666665,179,0,61,0,40,0.16666666666666666,0.0125,0.004166666666666667,1.738200184349375e-05,0.17083333333333334
branch,classical,scaling_drift_alpha_0.050,control,scaling_drift,0.05,I_XF,family,240,240,1.0,21,0.0875,219,0,21,0,40,0.16666666666666666,0.0125,0.004166666666666667,1.738200184349375e-05,0.17083333333333334
branch,classical,scaling_drift_alpha_0.100,control,scaling_drift,0.1,I_X,union,240,240,1.0,35,0.14583333333333334,205,0,35,0,70,0.2916666666666667,0.029166666666666667,0.0,0.00023555792031194252,0.30416666666666664
branch,classical,scaling_drift_alpha_0.100,control,scaling_drift,0.1,I_X,family,240,240,1.0,16,0.06666666666666667,224,0,16,0,70,0.2916666666666667,0.029166666666666667,0.0,0.00023555792031194252,0.30416666666666664
branch,classical,scaling_drift_alpha_0.100,control,scaling_drift,0.1,I_XF,union,240,240,1.0,61,0.25416666666666665,179,0,61,0,70,0.2916666666666667,0.029166666666666667,0.0,0.00023555792031194252,0.30416666666666664
branch,classical,scaling_drift_alpha_0.100,control,scaling_drift,0.1,I_XF,family,240,240,1.0,21,0.0875,219,0,21,0,70,0.2916666666666667,0.029166666666666667,0.0,0.00023555792031194252,0.30416666666666664
branch,quantum,cluster_preserving_mean_shift_delta_0.020,adaptive,mean_shift,0.02,I_X,union,360,116,0.32222222222222224,63,0.175,54,1,62,243,142,0.39444444444444443,0.06111111111111111,0.008333333333333333,0.001618981226786911,0.41388888888888886
branch,quantum,cluster_preserving_mean_shift_delta_0.020,adaptive,mean_shift,0.02,I_X,family,360,71,0.19722222222222222,21,0.058333333333333334,50,0,21,289,142,0.39444444444444443,0.06111111111111111,0.008333333333333333,0.001618981226786911,0.41388888888888886
branch,quantum,cluster_preserving_mean_shift_delta_0.020,adaptive,mean_shift,0.02,I_XF,union,360,233,0.6472222222222223,88,0.24444444444444444,148,3,85,124,142,0.39444444444444443,0.06111111111111111,0.008333333333333333,0.001618981226786911,0.41388888888888886
branch,quantum,cluster_preserving_mean_shift_delta_0.020,adaptive,mean_shift,0.02,I_XF,family,360,137,0.38055555555555554,22,0.06111111111111111,117,2,20,221,142,0.39444444444444443,0.06111111111111111,0.008333333333333333,0.001618981226786911,0.41388888888888886
branch,quantum,cluster_preserving_mean_shift_delta_0.050,adaptive,mean_shift,0.05,I_X,union,360,189,0.525,63,0.175,131,5,58,166,230,0.6388888888888888,0.1388888888888889,0.025,0.0010524461427302795,0.6777777777777778
branch,quantum,cluster_preserving_mean_shift_delta_0.050,adaptive,mean_shift,0.05,I_X,family,360,152,0.4222222222222222,21,0.058333333333333334,131,0,21,208,230,0.6388888888888888,0.1388888888888889,0.025,0.0010524461427302795,0.6777777777777778
branch,quantum,cluster_preserving_mean_shift_delta_0.050,adaptive,mean_shift,0.05,I_XF,union,360,289,0.8027777777777778,88,0.24444444444444444,207,6,82,65,230,0.6388888888888888,0.1388888888888889,0.025,0.0010524461427302795,0.6777777777777778
branch,quantum,cluster_preserving_mean_shift_delta_0.050,adaptive,mean_shift,0.05,I_XF,family,360,235,0.6527777777777778,22,0.06111111111111111,214,1,21,124,230,0.6388888888888888,0.1388888888888889,0.025,0.0010524461427302795,0.6777777777777778
branch,quantum,cluster_preserving_mean_shift_delta_0.100,adaptive,mean_shift,0.1,I_X,union,360,281,0.7805555555555556,63,0.175,221,3,60,76,302,0.8388888888888889,0.3388888888888889,0.09444444444444444,0.004450661148668734,0.8611111111111112
branch,quantum,cluster_preserving_mean_shift_delta_0.100,adaptive,mean_shift,0.1,I_X,family,360,235,0.6527777777777778,21,0.058333333333333334,214,0,21,125,302,0.8388888888888889,0.3388888888888889,0.09444444444444444,0.004450661148668734,0.8611111111111112
branch,quantum,cluster_preserving_mean_shift_delta_0.100,adaptive,mean_shift,0.1,I_XF,union,360,325,0.9027777777777778,88,0.24444444444444444,240,3,85,32,302,0.8388888888888889,0.3388888888888889,0.09444444444444444,0.004450661148668734,0.8611111111111112
branch,quantum,cluster_preserving_mean_shift_delta_0.100,adaptive,mean_shift,0.1,I_XF,family,360,280,0.7777777777777778,22,0.06111111111111111,258,0,22,80,302,0.8388888888888889,0.3388888888888889,0.09444444444444444,0.004450661148668734,0.8611111111111112
branch,quantum,cluster_preserving_mean_shift_delta_0.250,adaptive,mean_shift,0.25,I_X,union,360,354,0.9833333333333333,63,0.175,291,0,63,6,330,0.9166666666666666,0.5916666666666667,0.3194444444444444,0.020583743058544983,0.9305555555555556
branch,quantum,cluster_preserving_mean_shift_delta_0.250,adaptive,mean_shift,0.25,I_X,family,360,338,0.9388888888888889,21,0.058333333333333334,317,0,21,22,330,0.9166666666666666,0.5916666666666667,0.3194444444444444,0.020583743058544983,0.9305555555555556
branch,quantum,cluster_preserving_mean_shift_delta_0.250,adaptive,mean_shift,0.25,I_XF,union,360,359,0.9972222222222222,88,0.24444444444444444,271,0,88,1,330,0.9166666666666666,0.5916666666666667,0.3194444444444444,0.020583743058544983,0.9305555555555556
branch,quantum,cluster_preserving_mean_shift_delta_0.250,adaptive,mean_shift,0.25,I_XF,family,360,355,0.9861111111111112,22,0.06111111111111111,333,0,22,5,330,0.9166666666666666,0.5916666666666667,0.3194444444444444,0.020583743058544983,0.9305555555555556
branch,quantum,cluster_preserving_mean_shift_delta_0.500,adaptive,mean_shift,0.5,I_X,union,360,360,1.0,63,0.175,297,0,63,0,331,0.9194444444444444,0.7166666666666667,0.5083333333333333,0.044172784620075976,0.9416666666666667
branch,quantum,cluster_preserving_mean_shift_delta_0.500,adaptive,mean_shift,0.5,I_X,family,360,358,0.9944444444444445,21,0.058333333333333334,337,0,21,2,331,0.9194444444444444,0.7166666666666667,0.5083333333333333,0.044172784620075976,0.9416666666666667
branch,quantum,cluster_preserving_mean_shift_delta_0.500,adaptive,mean_shift,0.5,I_XF,union,360,360,1.0,88,0.24444444444444444,272,0,88,0,331,0.9194444444444444,0.7166666666666667,0.5083333333333333,0.044172784620075976,0.9416666666666667
branch,quantum,cluster_preserving_mean_shift_delta_0.500,adaptive,mean_shift,0.5,I_XF,family,360,359,0.9972222222222222,22,0.06111111111111111,337,0,22,1,331,0.9194444444444444,0.7166666666666667,0.5083333333333333,0.044172784620075976,0.9416666666666667
branch,quantum,cluster_preserving_scaling_alpha_0.020,adaptive,scaling_drift,0.02,I_X,union,360,210,0.5833333333333334,63,0.175,148,1,62,149,236,0.6555555555555556,0.1638888888888889,0.025,0.0016080536749239838,0.6944444444444444
branch,quantum,cluster_preserving_scaling_alpha_0.020,adaptive,scaling_drift,0.02,I_X,family,360,166,0.46111111111111114,21,0.058333333333333334,145,0,21,194,236,0.6555555555555556,0.1638888888888889,0.025,0.0016080536749239838,0.6944444444444444
branch,quantum,cluster_preserving_scaling_alpha_0.020,adaptive,scaling_drift,0.02,I_XF,union,360,297,0.825,88,0.24444444444444444,210,1,87,62,236,0.6555555555555556,0.1638888888888889,0.025,0.0016080536749239838,0.6944444444444444
branch,quantum,cluster_preserving_scaling_alpha_0.020,adaptive,scaling_drift,0.02,I_XF,family,360,250,0.6944444444444444,22,0.06111111111111111,228,0,22,110,236,0.6555555555555556,0.1638888888888889,0.025,0.0016080536749239838,0.6944444444444444
branch,quantum,cluster_preserving_scaling_alpha_0.050,adaptive,scaling_drift,0.05,I_X,union,360,296,0.8222222222222222,63,0.175,233,0,63,64,291,0.8083333333333333,0.4,0.1638888888888889,0.0032993619972606957,0.8361111111111111
branch,quantum,cluster_preserving_scaling_alpha_0.050,adaptive,scaling_drift,0.05,I_X,family,360,261,0.725,21,0.058333333333333334,240,0,21,99,291,0.8083333333333333,0.4,0.1638888888888889,0.0032993619972606957,0.8361111111111111
branch,quantum,cluster_preserving_scaling_alpha_0.050,adaptive,scaling_drift,0.05,I_XF,union,360,341,0.9472222222222222,88,0.24444444444444444,253,0,88,19,291,0.8083333333333333,0.4,0.1638888888888889,0.0032993619972606957,0.8361111111111111
branch,quantum,cluster_preserving_scaling_alpha_0.050,adaptive,scaling_drift,0.05,I_XF,family,360,314,0.8722222222222222,22,0.06111111111111111,292,0,22,46,291,0.8083333333333333,0.4,0.1638888888888889,0.0032993619972606957,0.8361111111111111
branch,quantum,cluster_preserving_scaling_alpha_0.100,adaptive,scaling_drift,0.1,I_X,union,360,354,0.9833333333333333,63,0.175,291,0,63,6,328,0.9111111111111111,0.5805555555555556,0.3111111111111111,0.009795636068485016,0.9194444444444444
branch,quantum,cluster_preserving_scaling_alpha_0.100,adaptive,scaling_drift,0.1,I_X,family,360,332,0.9222222222222223,21,0.058333333333333334,311,0,21,28,328,0.9111111111111111,0.5805555555555556,0.3111111111111111,0.009795636068485016,0.9194444444444444
branch,quantum,cluster_preserving_scaling_alpha_0.100,adaptive,scaling_drift,0.1,I_XF,union,360,359,0.9972222222222222,88,0.24444444444444444,271,0,88,1,328,0.9111111111111111,0.5805555555555556,0.3111111111111111,0.009795636068485016,0.9194444444444444
branch,quantum,cluster_preserving_scaling_alpha_0.100,adaptive,scaling_drift,0.1,I_XF,family,360,352,0.9777777777777777,22,0.06111111111111111,330,0,22,8,328,0.9111111111111111,0.5805555555555556,0.3111111111111111,0.009795636068485016,0.9194444444444444
branch,quantum,cluster_preserving_scaling_alpha_0.250,adaptive,scaling_drift,0.25,I_X,union,360,359,0.9972222222222222,63,0.175,296,0,63,1,323,0.8972222222222223,0.6694444444444444,0.46944444444444444,0.03188236646989311,0.9277777777777778
branch,quantum,cluster_preserving_scaling_alpha_0.250,adaptive,scaling_drift,0.25,I_X,family,360,356,0.9888888888888889,21,0.058333333333333334,335,0,21,4,323,0.8972222222222223,0.6694444444444444,0.46944444444444444,0.03188236646989311,0.9277777777777778
branch,quantum,cluster_preserving_scaling_alpha_0.250,adaptive,scaling_drift,0.25,I_XF,union,360,360,1.0,88,0.24444444444444444,272,0,88,0,323,0.8972222222222223,0.6694444444444444,0.46944444444444444,0.03188236646989311,0.9277777777777778
branch,quantum,cluster_preserving_scaling_alpha_0.250,adaptive,scaling_drift,0.25,I_XF,family,360,357,0.9916666666666667,22,0.06111111111111111,335,0,22,3,323,0.8972222222222223,0.6694444444444444,0.46944444444444444,0.03188236646989311,0.9277777777777778
branch,quantum,cluster_preserving_scaling_alpha_0.500,adaptive,scaling_drift,0.5,I_X,union,360,360,1.0,63,0.175,297,0,63,0,342,0.95,0.7333333333333333,0.5583333333333333,0.05559678899735986,0.9611111111111111
branch,quantum,cluster_preserving_scaling_alpha_0.500,adaptive,scaling_drift,0.5,I_X,family,360,360,1.0,21,0.058333333333333334,339,0,21,0,342,0.95,0.7333333333333333,0.5583333333333333,0.05559678899735986,0.9611111111111111
branch,quantum,cluster_preserving_scaling_alpha_0.500,adaptive,scaling_drift,0.5,I_XF,union,360,360,1.0,88,0.24444444444444444,272,0,88,0,342,0.95,0.7333333333333333,0.5583333333333333,0.05559678899735986,0.9611111111111111
branch,quantum,cluster_preserving_scaling_alpha_0.500,adaptive,scaling_drift,0.5,I_XF,family,360,360,1.0,22,0.06111111111111111,338,0,22,0,342,0.95,0.7333333333333333,0.5583333333333333,0.05559678899735986,0.9611111111111111
branch,quantum,mean_shift_pf_delta_0.020,control,mean_shift,0.02,I_X,union,360,360,1.0,63,0.175,297,0,63,0,195,0.5416666666666666,0.14722222222222223,0.075,0.007324119086467544,0.5722222222222222
branch,quantum,mean_shift_pf_delta_0.020,control,mean_shift,0.02,I_X,family,360,360,1.0,21,0.058333333333333334,339,0,21,0,195,0.5416666666666666,0.14722222222222223,0.075,0.007324119086467544,0.5722222222222222
branch,quantum,mean_shift_pf_delta_0.020,control,mean_shift,0.02,I_XF,union,360,360,1.0,88,0.24444444444444444,272,0,88,0,195,0.5416666666666666,0.14722222222222223,0.075,0.007324119086467544,0.5722222222222222
branch,quantum,mean_shift_pf_delta_0.020,control,mean_shift,0.02,I_XF,family,360,359,0.9972222222222222,22,0.06111111111111111,337,0,22,1,195,0.5416666666666666,0.14722222222222223,0.075,0.007324119086467544,0.5722222222222222
branch,quantum,mean_shift_pf_delta_0.050,control,mean_shift,0.05,I_X,union,360,360,1.0,63,0.175,297,0,63,0,270,0.75,0.3138888888888889,0.18333333333333332,0.025606072876586818,0.775
branch,quantum,mean_shift_pf_delta_0.050,control,mean_shift,0.05,I_X,family,360,360,1.0,21,0.058333333333333334,339,0,21,0,270,0.75,0.3138888888888889,0.18333333333333332,0.025606072876586818,0.775
branch,quantum,mean_shift_pf_delta_0.050,control,mean_shift,0.05,I_XF,union,360,360,1.0,88,0.24444444444444444,272,0,88,0,270,0.75,0.3138888888888889,0.18333333333333332,0.025606072876586818,0.775
branch,quantum,mean_shift_pf_delta_0.050,control,mean_shift,0.05,I_XF,family,360,360,1.0,22,0.06111111111111111,338,0,22,0,270,0.75,0.3138888888888889,0.18333333333333332,0.025606072876586818,0.775
branch,quantum,mean_shift_pf_delta_0.100,control,mean_shift,0.1,I_X,union,360,360,1.0,63,0.175,297,0,63,0,311,0.8638888888888889,0.5527777777777778,0.37222222222222223,0.05118038357946594,0.8694444444444445
branch,quantum,mean_shift_pf_delta_0.100,control,mean_shift,0.1,I_X,family,360,360,1.0,21,0.058333333333333334,339,0,21,0,311,0.8638888888888889,0.5527777777777778,0.37222222222222223,0.05118038357946594,0.8694444444444445
branch,quantum,mean_shift_pf_delta_0.100,control,mean_shift,0.1,I_XF,union,360,360,1.0,88,0.24444444444444444,272,0,88,0,311,0.8638888888888889,0.5527777777777778,0.37222222222222223,0.05118038357946594,0.8694444444444445
branch,quantum,mean_shift_pf_delta_0.100,control,mean_shift,0.1,I_XF,family,360,360,1.0,22,0.06111111111111111,338,0,22,0,311,0.8638888888888889,0.5527777777777778,0.37222222222222223,0.05118038357946594,0.8694444444444445
branch,quantum,scaling_drift_alpha_0.020,control,scaling_drift,0.02,I_X,union,360,360,1.0,63,0.175,297,0,63,0,291,0.8083333333333333,0.4027777777777778,0.2222222222222222,0.026593917265119362,0.825
branch,quantum,scaling_drift_alpha_0.020,control,scaling_drift,0.02,I_X,family,360,360,1.0,21,0.058333333333333334,339,0,21,0,291,0.8083333333333333,0.4027777777777778,0.2222222222222222,0.026593917265119362,0.825
branch,quantum,scaling_drift_alpha_0.020,control,scaling_drift,0.02,I_XF,union,360,360,1.0,88,0.24444444444444444,272,0,88,0,291,0.8083333333333333,0.4027777777777778,0.2222222222222222,0.026593917265119362,0.825
branch,quantum,scaling_drift_alpha_0.020,control,scaling_drift,0.02,I_XF,family,360,360,1.0,22,0.06111111111111111,338,0,22,0,291,0.8083333333333333,0.4027777777777778,0.2222222222222222,0.026593917265119362,0.825
branch,quantum,scaling_drift_alpha_0.050,control,scaling_drift,0.05,I_X,union,360,360,1.0,63,0.175,297,0,63,0,327,0.9083333333333333,0.6861111111111111,0.5,0.0675733906123119,0.9222222222222223
branch,quantum,scaling_drift_alpha_0.050,control,scaling_drift,0.05,I_X,family,360,360,1.0,21,0.058333333333333334,339,0,21,0,327,0.9083333333333333,0.6861111111111111,0.5,0.0675733906123119,0.9222222222222223
branch,quantum,scaling_drift_alpha_0.050,control,scaling_drift,0.05,I_XF,union,360,360,1.0,88,0.24444444444444444,272,0,88,0,327,0.9083333333333333,0.6861111111111111,0.5,0.0675733906123119,0.9222222222222223
branch,quantum,scaling_drift_alpha_0.050,control,scaling_drift,0.05,I_XF,family,360,360,1.0,22,0.06111111111111111,338,0,22,0,327,0.9083333333333333,0.6861111111111111,0.5,0.0675733906123119,0.9222222222222223
branch,quantum,scaling_drift_alpha_0.100,control,scaling_drift,0.1,I_X,union,360,360,1.0,63,0.175,297,0,63,0,338,0.9388888888888889,0.7972222222222223,0.6638888888888889,0.12043192408205682,0.95
branch,quantum,scaling_drift_alpha_0.100,control,scaling_drift,0.1,I_X,family,360,360,1.0,21,0.058333333333333334,339,0,21,0,338,0.9388888888888889,0.7972222222222223,0.6638888888888889,0.12043192408205682,0.95
branch,quantum,scaling_drift_alpha_0.100,control,scaling_drift,0.1,I_XF,union,360,360,1.0,88,0.24444444444444444,272,0,88,0,338,0.9388888888888889,0.7972222222222223,0.6638888888888889,0.12043192408205682,0.95
branch,quantum,scaling_drift_alpha_0.100,control,scaling_drift,0.1,I_XF,family,360,360,1.0,22,0.06111111111111111,338,0,22,0,338,0.9388888888888889,0.7972222222222223,0.6638888888888889,0.12043192408205682,0.95
